id,english_name,korean_name,chunil_name,code,category,usage_standard,purpose,usage_availability,documents
1,CHICKEN PROTEIN POWDER,닭고기단백분말,,A2000049070045,식품원료,원료이기에 사용기준 없음,,사용가능,
2,"1-OCTANESULFONIC ACIDS, SODIUM SALT",1-옥탄설폰산나트륨,,B3000056000000,식품첨가물,"사용기준 못찾음, 별도 확인 필요",,"기타, 별도 확인 필요",
3,"1-hydroxyethylidene-1,1-diphosphonic acid(HEDP)","1-하이드록시에틸리덴-1,1-디포스포닌산","1-hydroxyethylidene-1,1-diphosphonic acid(HEDP),1-diphosphonic acid",B3001161000000,식품첨가물,"사용기준 못찾음, 별도 확인 필요",,"기타, 별도 확인 필요",
4,2'-O-FUCOSYLLACOTSE,2'-O-푸코실락토오스,,B9000008000000,식품첨가물,"사용기준 못찾음, 별도 확인 필요",,사용불가,
5,2'-FUCOSYLLACTOSE,2'-푸코실락토오스(외화획득용),,BZ000094000000,식품첨가물,"사용기준 못찾음, 별도 확인 필요",,사용불가,
6,2-HEXEN-1-OL,2-Hexen-1-ol,,B1004625000000,식품첨가물,"사용기준 못찾음, 별도 확인 필요",,"기타, 별도 확인 필요",
7,3-Hydroxy-3-MethylButyric Acid(HMB) [개별인정형 신청을 위한 연구조사용에 한함],3-Hydroxy-3-MethylButyric Acid(HMB)(연구조사용),3-Hydroxy-3-MethylButyric Acid(HMB),BZ000015000000,식품첨가물,"사용기준 못찾음, 별도 확인 필요 [개별인정형 신청을 위한 연구조사용에 한함]",,사용불가,
8,DISODIUM 5'-RIBONUCLEOTIDE,5'-리보뉴클레오티드이나트륨,"Disodium 5'-Ribonucleotides, DISODIUM 5’-RIBONUCLEOTIDE",B1000050000000,식품첨가물,II. 2. 1)의 규정에 따라 사용하여야 한다.,영양강화제,"기타, 별도 확인 필요",
9,5'-Inosinic acid,5'-이노신산,,B1062572000000,식품첨가물,II. 2. 1)의 규정에 따라 사용하여야 한다.,향미증진제,사용가능,
10,5-HYDROXY-L-TRYPTOPHAN,5'-히드록시트립토판,,BZ000052000000,식품첨가물,"사용기준 못찾음, 별도 확인 필요",,사용불가,
11,DISODIUM 5'-GUANYLATE,5-구아닐산이나트륨,,B1000015000000,식품첨가물,II. 2. 1)의 규정에 따라 사용하여야 한다.,영양강화제,"기타, 별도 확인 필요",
12,5'-DEAMINASE,5-디아미나아제,,B2000209000000,식품첨가물,II. 2. 1)의 규정에 따라 사용하여야 한다.,효소제,"기타, 별도 확인 필요",
13,CALCIUM 5'-RIBONUCLEOTIDE,5-리보뉴클레오티드칼슘,,B1000051000000,식품첨가물,II. 2. 1)의 규정에 따라 사용하여야 한다.,영양강화제,"기타, 별도 확인 필요",
14,5′-CYTIDYLIC ACID,5-시티딜산,,B2000176000000,식품첨가물,"사용기준 찾음, 별도 확인 필요",영양강화제,"기타, 별도 확인 필요",
15,DISODIUM 5'-CYTIDYLATE,5-시티딜산이나트륨,,B1000383000000,식품첨가물,"사용기준 찾음, 별도 확인 필요",영양강화제,"기타, 별도 확인 필요",
16,5′-ADENYLIC ACID,5-아데닐산,,B2000175000000,식품첨가물,"사용기준 찾음, 별도 확인 필요",영양강화제,"기타, 별도 확인 필요",
17,DISODIUM 5'-URIDYLATE,5-우리딜산이나트륨,,B1000384000000,식품첨가물,"사용기준 찾음, 별도 확인 필요",영양강화제,"기타, 별도 확인 필요",
18,DISODIUM 5'-INOSINATE,5-이노신산이나트륨,,B1000182000000,식품첨가물,II. 2. 1)의 규정에 따라 사용하여야 한다.,영양강화제,"기타, 별도 확인 필요",
19,8-METHYL-6-NONENOIC ACID(외화획득용 등),8-METHYL-6-NONENOIC ACID(외화획득용 등),8-METHYL-6-NONENOIC ACID,BZ000107000000,식품첨가물,"사용기준 못찾음, 별도 확인 필요",,사용가능,
20,8-METHYLNONANOIC ACID(외화획득용 등),8-METHYLNONANOIC ACID(외화획득용 등),8-METHYLNONANOIC ACID,BZ000106000000,식품첨가물,"사용기준 못찾음, 별도 확인 필요",,사용불가,
21,ACHIRA STARCH,ACHIRA전분,,A1054149000038,식품원료,원료이기에 사용기준 없음,,사용가능,
22,ACHROMOPEPTIDASE,ACHROMOPEPTIDASE(외화획득용),,BZ000041000000,식품첨가물,"사용기준 못찾음, 별도 확인 필요",,사용불가,
23,ALGINATE OLIGOSACCHARIDE(전량수출용),ALGINATE OLIGOSACCHARIDE(외화획득용),ALGINATE OLIGOSACCHARIDE,BZ000034000000,식품첨가물,"사용기준 못찾음, 별도 확인 필요",,사용불가,
24,ALPHA LIPOIC ACID-외화획득용,ALPHA LIPOIC ACID(외화획득용),,BZ000010000000,식품첨가물,"사용기준 못찾음, 별도 확인 필요",,사용불가,
25,ARTIFICIAL BITTER BLOCKER FLAVOR,ARTIFICIAL BITTER BLOCKER FLAVOR(외화획득용),,BZ000047000000,식품첨가물,"사용기준 못찾음, 별도 확인 필요",,사용불가,
26,AZORUBINE,AZORUBINE(외화획득용),,BZ000042000000,식품첨가물,"사용기준 못찾음, 별도 확인 필요",,사용불가,
27,ABIU,Abiu열매,,A1000001230000,식품원료,원료이기에 사용기준 없음,,사용가능,
28,ACETOBACTER ACETI,Acetobacter aceti,,A5000142000000,식품원료,원료이기에 사용기준 없음,,"제한적사용가능, 별도 확인 필요",
29,Acetobacter pasteurianus,Acetobacter pasteurianus,,A5000001000000,식품원료,원료이기에 사용기준 없음,,"제한적사용가능, 별도 확인 필요",
30,ACETOBACTER XYLINUM,Acetobacter xylinum,,A5000002000000,식품원료,원료이기에 사용기준 없음,,"제한적사용가능, 별도 확인 필요",
31,Achira(ROOT),Achira뿌리,Achira ROOT,A1003184610000,식품원료,원료이기에 사용기준 없음,,사용가능,
32,Adiporin,Adiporin(외화획득용 등),,AZ000058000000,식품원료,원료이기에 사용기준 없음,,사용불가,
33,Agathi,Agathi,,A1000002000000,식품원료,원료이기에 사용기준 없음,,사용가능,
34,,Agathi잎추출분말,,A1000002384501,식품원료,원료이기에 사용기준 없음,,사용가능,
35,AIRBREATHING CATFISH,Airbreathing catfish,,A3011938000000,식품원료,원료이기에 사용기준 없음,,사용가능,
36,Alexanders,Alexanders,,A1003235000000,식품원료,원료이기에 사용기준 없음,,사용가능,
37,Algarrobo blanco power(Argentine mesquite Powder),Algarrobo blanco열매분말,"Algarrobo blanco power,Argentine mesquite Powder",A1000004230001,식품원료,원료이기에 사용기준 없음,,사용가능,
38,ALLEGHENY BARBERRY,Allegheny barberry열매,,A1003238230000,식품원료,원료이기에 사용기준 없음,,사용가능,
39,ALOE GEL,Aloe gel(고시형),,C2000131000000,건강기능식품,"사용기준 못찾음, 별도 확인 필요",,"기타, 별도 확인 필요",
40,AMBARELLA,Ambarella,,A1000006000000,식품원료,원료이기에 사용기준 없음,,사용가능,
41,,American hazelnut열매,,A1003274230000,식품원료,원료이기에 사용기준 없음,,사용가능,
42,,Andigena뿌리,,A1003283610000,식품원료,원료이기에 사용기준 없음,,사용가능,
43,,Antrodia cinnamomea 균사체 고체배양물 분말,,A9000033000000,식품원료,원료이기에 사용기준 없음,,사용불가,
44,,Argentineshortfin squid,,A3001179000000,식품원료,원료이기에 사용기준 없음,,사용가능,
45,ARTEMISIA INDICA,Artemisia indica잎,,A1000010380000,식품원료,원료이기에 사용기준 없음,,사용가능,
46,,Arthrobacter globiformis,,A5000004000000,식품원료,원료이기에 사용기준 없음,,"제한적사용가능, 별도 확인 필요",
47,ASAFETIDA,Asafoetida,,A1003162000000,식품원료,원료이기에 사용기준 없음,,사용가능,
48,ASAFOETIDA,Asafoetida잎,,A1003162380000,식품원료,원료이기에 사용기준 없음,,사용가능,
49,ASAFOETIDA LEAF EXTRACT,Asafoetida잎추출물,,A1003162384500,식품원료,원료이기에 사용기준 없음,,사용가능,
50,ASPERGILLUS AWAMORI,Aspergillus luchuensis,,A5001542000000,식품원료,원료이기에 사용기준 없음,,사용가능,
51,ASPERGILLUS NIGER,Aspergillus niger,,A5000007000000,식품원료,원료이기에 사용기준 없음,,사용가능,
52,,Aspergillus niger배양물,,A5000007007712,식품원료,원료이기에 사용기준 없음,,사용가능,
53,,Aspergillus oryzae,,A5000008000000,식품원료,원료이기에 사용기준 없음,,사용가능,
54,,Aspergillus oryzae발효,,A5000008001900,식품원료,원료이기에 사용기준 없음,,사용가능,
55,,Aspergillus oryzae발효분말,,A5000008001901,식품원료,원료이기에 사용기준 없음,,사용가능,
56,,Aspergillus oryzae분말,,A5000008000001,식품원료,원료이기에 사용기준 없음,,사용가능,
57,ASPERGILLUS USAMII,Aspergillus usamii,,A5000011000000,식품원료,원료이기에 사용기준 없음,,사용가능,
58,ATLANTIC CHUB MACKEREL,Atlantic chub mackerel,,A3012018000000,식품원료,원료이기에 사용기준 없음,,사용가능,
59,,BACILLUS NATTO배양물,,A5000018007700,식품원료,원료이기에 사용기준 없음,,사용가능,
60,,BACILLUS NATTO배양액,,A5000018007714,식품원료,원료이기에 사용기준 없음,,사용가능,
61,,BACILLUS NATTO추출물,,A5000018004500,식품원료,원료이기에 사용기준 없음,,사용가능,
62,,BLACK CARAWAY,,A1054198000000,식품원료,원료이기에 사용기준 없음,,사용가능,
63,BRILLIANT BLACK BN,BRILLIANT BLACK BN(외화획득용),,BZ000055000000,식품첨가물,"사용기준 못찾음, 별도 확인 필요",,사용불가,
64,BUTTERFLY PEA FLOWER,BUTTERFLY PEA FLOWER(외화획득용),,AZ000024000000,식품원료,원료이기에 사용기준 없음,,사용불가,
65,Bacillus amyloliquefaciens,Bacillus amyloliquefaciens,,A5000013000000,식품원료,원료이기에 사용기준 없음,,사용가능,
66,LACTOBACILLUS SPOROGENES,Bacillus coagulans,,A5000016000000,식품원료,원료이기에 사용기준 없음,,사용가능,
67,Bacillus coagulans SNZ 1969 Probiotics,Bacillus coagulans SNZ 1969 프로바이오틱스(기능성원료인정제2023-34호),,C9001032000000,건강기능식품,"사용기준 못찾음, 별도 확인 필요",,사용가능,
68,BACILLUS COAGULANS UNIQUE IS-2 PROBIOTICS,Bacillus coagulans Unique IS-2 프로바이오틱스(기능성원료인정제2022-45호),,C9001021000000,건강기능식품,"사용기준 못찾음, 별도 확인 필요",,사용가능,
69,BACILLUS NATTO GUM,Bacillus natto,,A5000018000000,식품원료,원료이기에 사용기준 없음,,사용가능,
70,BACILLUS NATTO POWDER,Bacillus natto 분말,,A5000018000001,식품원료,원료이기에 사용기준 없음,,사용가능,
71,BACILLUS SUBTILIS,Bacillus subtilis,,A5000020000000,식품원료,원료이기에 사용기준 없음,,사용가능,
72,BACOPA MONNIERI EXTRACT(외화획득용),Bacopa monnieri(외화획득용),"Bacopa monnieri,BACOPA MONNIERI EXTRACT",AZ000005000000,식품원료,원료이기에 사용기준 없음,,사용불가,
73,BEAR'S GARLIC(ALLIUM URSINUM),Bears Garlic잎,"BEAR'S GARLIC,ALLIUM URSINUM",A1000017380000,식품원료,원료이기에 사용기준 없음,,사용가능,
74,Bifidobacterium adolescentis,Bifidobacterium adolescentis,,A5000021000000,식품원료,원료이기에 사용기준 없음,,사용가능,
75,BIFIDOBACTERIUM ANIMALIS,Bifidobacterium animalis,,A5000022000000,식품원료,원료이기에 사용기준 없음,,사용가능,
76,,Bifidobacterium animalis ssp lactis분말,,A5000022000001,식품원료,원료이기에 사용기준 없음,,사용가능,
77,BIFIDOBACTERIUM ANIMALIS SSP.LACTIS,Bifidobacterium animalis ssp. lactis(고시형),,C2000165000000,건강기능식품,"사용기준 못찾음, 별도 확인 필요",,"기타, 별도 확인 필요",
78,BIFIDOBACTERIUM BIFIDUM,Bifidobacterium bifidum,,A5000023000000,식품원료,원료이기에 사용기준 없음,,사용가능,
79,BIFIDOBACTERIUM BREVE,Bifidobacterium breve,,A5000024000000,식품원료,원료이기에 사용기준 없음,,사용가능,
80,Bifidobacterium breve B-3 Probiotics,Bifidobacterium breve B-3 프로바이오틱스(기능성원료제2023-2호),,C9001028000000,건강기능식품,"사용기준 못찾음, 별도 확인 필요",,"기타, 별도 확인 필요",
81,Bifidobacterium longum subsp. infantis,Bifidobacterium infantis,,A5000025000000,식품원료,원료이기에 사용기준 없음,,사용가능,
82,Bifidobacterium lactis,Bifidobacterium lactis,,A5000026000000,식품원료,원료이기에 사용기준 없음,,사용가능,
83,BIFIDOBACTERIUM LONGUM,Bifidobacterium longum,,A5000027000000,식품원료,원료이기에 사용기준 없음,,사용가능,
84,,Bifidobacterium longum분말,,A5000027000001,식품원료,원료이기에 사용기준 없음,,사용가능,
85,BIGHEAD CATFISH,Bighead catfish,,A3011953000000,식품원료,원료이기에 사용기준 없음,,사용가능,
86,,Birch잎,,A1000018380000,식품원료,원료이기에 사용기준 없음,,사용가능,
87,,Black caraway뿌리,,A1003347610000,식품원료,원료이기에 사용기준 없음,,사용가능,
88,BLACK GRAM,Black gram씨앗,,A1000023320000,식품원료,원료이기에 사용기준 없음,,사용가능,
89,BLACK GRAM SEED POWDER,Black gram씨앗분말,,A1054165320001,식품원료,원료이기에 사용기준 없음,,사용가능,
90,BLACK MUSTARD,Black mustard,,A1003353000000,식품원료,원료이기에 사용기준 없음,,사용가능,
91,BLACK MUSTARD SEED,Black mustard씨앗,,A1003353320000,식품원료,원료이기에 사용기준 없음,,"제한적사용가능, 별도 확인 필요",
92,BLACK MUSTARD SEED OIL,Black mustard씨앗유,,A1003353320020,식품원료,원료이기에 사용기준 없음,,"제한적사용가능, 별도 확인 필요",
93,BLUE TILAPIA,Blue tilapia,,A3012023000000,식품원료,원료이기에 사용기준 없음,,사용가능,
94,BOLDO,Boldo,,A1000029000000,식품원료,원료이기에 사용기준 없음,,사용가능,
95,BREAD FRUIT,Bread fruit열매,,A1000032230000,식품원료,원료이기에 사용기준 없음,,사용가능,
96,Brevibacterium linens,Brevibacterium linens,,A5000144000000,식품원료,원료이기에 사용기준 없음,,"제한적사용가능, 별도 확인 필요",
97,,Brittle bush줄기,,A1003380490000,식품원료,원료이기에 사용기준 없음,,사용가능,
98,CALCIUM ALPHA-KETOGLUTARATE,CALCIUM ALPHA KETO-GLUTARATE(외화획득용 등),,BZ000105000000,식품첨가물,"사용기준 못찾음, 별도 확인 필요",,사용불가,
99,CALCIUM L-THREONATE(외화획득용),CALCIUM L-THREONATE(외화획득용),,BZ000012000000,식품첨가물,"사용기준 못찾음, 별도 확인 필요",,사용불가,
100,CETYL MYRISTOLEATE POWDER-외화획득용,CETYL MYRISTOLEATE POWDER-외화획득용,,BZ000009000000,식품첨가물,"사용기준 못찾음, 별도 확인 필요",,사용불가,
101,CETYL MYRISTOLEATE(연구·조사용에 한함),CETYL MYRISTOLEATE(연구조사용),,BZ000002000000,식품첨가물,"사용기준 못찾음, 별도 확인 필요",,사용불가,
102,,CHROMIUM AMINO ACID CHELATE(외화획득용 등),,BZ000127000000,식품첨가물,"사용기준 못찾음, 별도 확인 필요",,사용불가,
103,CROSCARMELLOSE SODIUM(외화획득용에 한함),CROSCARMELLOSE SODIUM(외화획득용에 한함),,BZ000003000000,식품첨가물,"사용기준 못찾음, 별도 확인 필요",,사용불가,
104,CaHMB(Calcium β-Hydroxy-β-methylbutyrate),CaHMB(Calcium β-Hydroxy-β-methylbutyrate)(기능성원료인정제2023-26호),"CaHMB,Calcium β-Hydroxy-β-methylbutyrate",C9001046000000,건강기능식품,"사용기준 못찾음, 별도 확인 필요",,사용가능,
105,"Calcium 3-Hydroxy-3-MethylButyrate, Monodydrate(CaHMB) CAS NO.13526-72-5 [개별인정형 신청을 위한 연구조사용에 한함]","Calcium 3-Hydroxy-3-MethylButyrate, Monodydrate(CaHMB) CAS NO.13526-72-5(연구조사용)","Calcium 3-Hydroxy-3-MethylButyrate, Monodydrate(CaHMB) CAS NO.13526-72-5",BZ000011000000,식품첨가물,"사용기준 못찾음, 별도 확인 필요  [개별인정형 신청을 위한 연구조사용에 한함]",,사용불가,
106,,Callorhinchus milii,,A3012007000000,식품원료,원료이기에 사용기준 없음,,사용가능,
107,Candida utilis,Candida utilis,,A5000031000000,식품원료,원료이기에 사용기준 없음,,사용가능,
108,CANDIDA UTILIS(TORULA YEAST) EXTRACT,Candida utilis추출물,,A5000031004500,식품원료,원료이기에 사용기준 없음,,사용가능,
109,,Cape barren tea잎,,A1003432380000,식품원료,원료이기에 사용기준 없음,,사용가능,
110,CARALLUMA FIMBRIATA,Caralluma fimbriata(외화획득용 등),,AZ000069000000,식품원료,원료이기에 사용기준 없음,,사용불가,
111,,Cassava잎,,A1003454380000,식품원료,원료이기에 사용기준 없음,,사용가능,
112,,Catla,,A3001036000000,식품원료,원료이기에 사용기준 없음,,사용가능,
113,,Ceylon cinnamon줄기껍질,,A1003476600000,식품원료,원료이기에 사용기준 없음,,"제한적사용가능, 별도 확인 필요",
114,CEYLON CINNAMON EXTRACT,Ceylon cinnamon줄기껍질추출물,,A1003476604500,식품원료,원료이기에 사용기준 없음,,"제한적사용가능, 별도 확인 필요",
115,CHAMELEA GALLINA EXTRACT,Chamelea gallina추출물,,A3012025004500,식품원료,원료이기에 사용기준 없음,,사용가능,
116,CHILEAN JACK MACKEREL,Chilean jack mackerel,,A3012019000000,식품원료,원료이기에 사용기준 없음,,사용가능,
117,CHILEAN SEA URCHIN PUREE,Chilean sea urchin퓨레,,A3011992000034,식품원료,원료이기에 사용기준 없음,,사용가능,
118,,Chinese cabbage잎,,A1003489380000,식품원료,원료이기에 사용기준 없음,,사용가능,
119,,Chinese chestnut열매,,A1003490230000,식품원료,원료이기에 사용기준 없음,,사용가능,
120,,Choy sum,,A1003074380000,식품원료,원료이기에 사용기준 없음,,사용가능,
121,CLOSTRIDIUM BUTYRICUM,Clostridium butyricum strain Miyairi,,A5000035000000,식품원료,원료이기에 사용기준 없음,,사용가능,
122,COMMERSON'S ANCHOVY,Commerson's anchovy,,A3011954000000,식품원료,원료이기에 사용기준 없음,,사용가능,
123,COMMON SPEEDWELL,Common speedwell잎,,A1000049380000,식품원료,원료이기에 사용기준 없음,,사용가능,
124,Corynebacterium ammoniagenes,Corynebacterium ammomiagenes,,A5000127000000,식품원료,원료이기에 사용기준 없음,,"제한적사용가능, 별도 확인 필요",
125,Corynebacterium glutamicum,Corynebacterium glutamicum,,A5000126000000,식품원료,원료이기에 사용기준 없음,,"제한적사용가능, 별도 확인 필요",
126,CRICKET BAT WILLOW SPROUT EXTRACT,Cricket bat willow순추출물,,A1003624884500,식품원료,원료이기에 사용기준 없음,,사용가능,
127,Crypthecodinium Cohnii Oil,Crypthecodinium cohnii 오일,,A6000140000020,식품원료,원료이기에 사용기준 없음,,사용가능,
128,CUPUACU,Cupuacu,,A1003087000000,식품원료,원료이기에 사용기준 없음,,사용가능,
129,CUPUACU JUICE CONCENTRATE,Cupuacu주스농축,,A1003087230825,식품원료,원료이기에 사용기준 없음,,사용가능,
130,CUPUACU PUREE,Cupuacu퓌레,,A1003087230034,식품원료,원료이기에 사용기준 없음,,사용가능,
131,CURLED MINT,Curled Mint잎,,A1000057380000,식품원료,원료이기에 사용기준 없음,,사용가능,
132,CURRY PLANT LEAF OIL,Curry plant잎오일,,A1005390380020,식품원료,원료이기에 사용기준 없음,,사용가능,
133,CURRY LEAF,Curry-Leaf Tree잎,,A1000058380000,식품원료,원료이기에 사용기준 없음,,사용가능,
134,CURRY EXTRACT,Curry-Leaf Tree잎추출물,,A1000058384500,식품원료,원료이기에 사용기준 없음,,사용가능,
135,커리잎추출분말,Curry-Leaf Tree잎추출분말,,A1000058384501,식품원료,원료이기에 사용기준 없음,,사용가능,
136,D-GAMMA-TOCOPHEROL CONCENTRATE(외확획득용에 한함),D-감마-토코페롤(외화획득용),,BZ000021000000,식품첨가물,"사용기준 못찾음, 별도 확인 필요",,사용불가,
137,D-RIBOSE,D-리보오스,,B2000127000000,식품첨가물,II. 2. 1)의 규정에 따라 사용하여야 한다.,감미료,"기타, 별도 확인 필요",
138,D-MANNOSE,D-만노스,,A6001451000000,식품원료,원료이기에 사용기준 없음,,사용가능,
139,D-MALTITOL,D-말티톨,,B1000053000000,식품첨가물,II. 2. 1)의 규정에 따라 사용하여야 한다.,감미료,"기타, 별도 확인 필요",
140,D-SORBITOL,D-소비톨,"sorbitoL,Sorbit,E420(i)",B1003604000000,식품첨가물,II. 2. 1)의 규정에 따라 사용하여야 한다.,감미료,"기타, 별도 확인 필요",
141,D-SORBITOL SYRUP,D-소비톨액,sorbitol syrup,B1003584000000,식품첨가물,II. 2. 1)의 규정에 따라 사용하여야 한다.,감미료,"기타, 별도 확인 필요",
142,D-Allulose-3-epimerase,D-알룰로오스-3-에피머라제(한시적 인정 식품첨가물),,B9000007000000,식품첨가물,"사용기준 못찾음, 별도 확인 필요",,사용불가,
143,D-XYLOSE,D-자일로오스,,B2000069000000,식품첨가물,II. 2. 1)의 규정에 따라 사용하여야 한다.,감미료,"기타, 별도 확인 필요",
144,,DHA(고시형),,C2000047000000,건강기능식품,"사용기준 못찾음, 별도 확인 필요",,"기타, 별도 확인 필요",
145,,DHA분말(고시형),,C2000047000001,건강기능식품,"사용기준 못찾음, 별도 확인 필요",,"기타, 별도 확인 필요",
146,,DHA오일(고시형),,C2000047000020,건강기능식품,"사용기준 못찾음, 별도 확인 필요",,"기타, 별도 확인 필요",
147,DHEA(외화획득용),DHEA(외화획득용),,BZ000007000000,식품첨가물,"사용기준 못찾음, 별도 확인 필요",,사용불가,
148,DL-METHIONINE,DL-메티오닌,,B1000057000000,식품첨가물,II. 2. 1)의 규정에 따라 사용하여야 한다.,영양강화제,"기타, 별도 확인 필요",
149,DL-MALIC ACID,DL-사과산,,B1000093000000,식품첨가물,II. 2. 1)의 규정에 따라 사용하여야 한다.,산도조절제,"기타, 별도 확인 필요",
150,,DL-알라닌,,B1000158000000,식품첨가물,II. 2. 1)의 규정에 따라 사용하여야 한다.,영양강화제,"기타, 별도 확인 필요",
151,DL-TARTARIC ACID,DL-주석산,,B1000220000000,식품첨가물,II. 2. 1)의 규정에 따라 사용하여야 한다.,산도조절제,"기타, 별도 확인 필요",
152,DISODIUM DL- TARTRATE,DL-주석산나트륨,,B1000222000000,식품첨가물,II. 2. 1)의 규정에 따라 사용하여야 한다.,산도조절제,"기타, 별도 확인 필요",
153,POTASSIUM DL-BITARTRATE,DL-주석산수소칼륨,E336(i),B1000224000000,식품첨가물,II. 2. 1)의 규정에 따라 사용하여야 한다.,산도조절제,"기타, 별도 확인 필요",
154,DL-THREONINE,DL-트레오닌,,B1000267000000,식품첨가물,II. 2. 1)의 규정에 따라 사용하여야 한다.,영양강화제,"기타, 별도 확인 필요",
155,DL-TRYPTOPHAN,DL-트립토판,,B1000269000000,식품첨가물,II. 2. 1)의 규정에 따라 사용하여야 한다.,영양강화제,"기타, 별도 확인 필요",
156,DL-PHENYLALANINE,DL-페닐알라닌,,B1000282000000,식품첨가물,II. 2. 1)의 규정에 따라 사용하여야 한다.,영양강화제,"기타, 별도 확인 필요",
157,,Damask rose열매,,A1003637230000,식품원료,원료이기에 사용기준 없음,,사용가능,
158,DAMIANA EXTRACT,Damiana잎추출물,,A1000059384500,식품원료,원료이기에 사용기준 없음,,"제한적사용가능, 별도 확인 필요",
159,DAVANA OIL,Davana oil,,A1002861000000,식품원료,원료이기에 사용기준 없음,,사용불가,
160,,Debaryomyces hansenii,,A5000129000000,식품원료,원료이기에 사용기준 없음,,"제한적사용가능, 별도 확인 필요",
161,DEEP-WATER ROSE SHRIMP,Deep-water rose shrimp,,A3012011000000,식품원료,원료이기에 사용기준 없음,,사용가능,
162,Deobetide,Deobetide(외화획득용 등),,AZ000057000000,식품원료,원료이기에 사용기준 없음,,사용불가,
163,Disodium Citrate,Disodium Citrate(외화획득용 등),,BZ000112000000,식품첨가물,"사용기준 못찾음, 별도 확인 필요",,사용불가,
164,,Downy wood-mint잎,,A1003661380000,식품원료,원료이기에 사용기준 없음,,사용가능,
165,,Dwarf bilberry열매,,A1003668230000,식품원료,원료이기에 사용기준 없음,,사용가능,
166,EPA,EPA(고시형),,C2000046000000,건강기능식품,"사용기준 못찾음, 별도 확인 필요",,"기타, 별도 확인 필요",
167,,EPA오일(고시형),,C2000046000020,건강기능식품,"사용기준 못찾음, 별도 확인 필요",,"기타, 별도 확인 필요",
168,ECHINACEA PURPUREA,Echinacea,,A1000068010000,식품원료,원료이기에 사용기준 없음,,사용불가,
169,에머밀,Emmer씨앗,,A1003708320000,식품원료,원료이기에 사용기준 없음,,사용가능,
170,에머밀,Emmer플레이크분말,,A1054143322351,식품원료,원료이기에 사용기준 없음,,사용가능,
171,,Encrasicholina devisi,,A3012009000000,식품원료,원료이기에 사용기준 없음,,사용가능,
172,ENGRAULIS ANCHOITA,Engraulis anchoita,,A3011984000000,식품원료,원료이기에 사용기준 없음,,사용가능,
173,Enterococcus faecalis,Enterococcus faecalis,,A5000039000000,식품원료,원료이기에 사용기준 없음,,"제한적사용가능, 별도 확인 필요",
174,,Enterococcus faecalis분말,,A5000039000001,식품원료,원료이기에 사용기준 없음,,"제한적사용가능, 별도 확인 필요",
175,ENTEROCOCCUS FAECIUM,Enterococcus faecium,,A5000040000000,식품원료,원료이기에 사용기준 없음,,사용불가,
176,,Enterococcus faecium(고시형),,C2000209000000,건강기능식품,"사용기준 못찾음, 별도 확인 필요",,"기타, 별도 확인 필요",
177,EUROPEAN ANCHOVY,European anchovy,,A3001046000000,식품원료,원료이기에 사용기준 없음,,사용가능,
178,EUROPEAN SPRAT,European sprat,,A3011934000000,식품원료,원료이기에 사용기준 없음,,사용가능,
179,,FERROUS BISGLYCINATE(외화획득용 등),,BZ000123000000,식품첨가물,"사용기준 못찾음, 별도 확인 필요",,사용불가,
180,FIELD ERYNGO,FIELD ERYNGO,,A1002732000000,식품원료,원료이기에 사용기준 없음,,사용가능,
181,,False roselle추출물,,A1000071004500,식품원료,원료이기에 사용기준 없음,,사용가능,
182,Farrer’s scallop,Farrer’s scallop,,A3012027000000,식품원료,원료이기에 사용기준 없음,,사용가능,
183,,Filbert씨앗,,A1000072320000,식품원료,원료이기에 사용기준 없음,,사용가능,
184,FINGER MILLET,Finger millet,,A1054166000000,식품원료,원료이기에 사용기준 없음,,사용가능,
185,FINGER MILLET FLOUR,Finger millet분말,,A1003166000001,식품원료,원료이기에 사용기준 없음,,사용가능,
186,Freshwater bream,Freshwater bream,,A3012014000000,식품원료,원료이기에 사용기준 없음,,사용가능,
187,FRUCTILACTOBACILLUS SANFRANCISCENSIS,Fructilactobacillus sanfranciscensis,,A5000140000000,식품원료,원료이기에 사용기준 없음,,"제한적사용가능, 별도 확인 필요",
188,Fructose calcium borate,Fructose calcium borate(외화획득용 등),,BZ000110000000,식품첨가물,"사용기준 못찾음, 별도 확인 필요",,사용불가,
189,"Fructose-1,6-diphosphate trisodium salt","Fructose-1,6-diphosphate trisodium salt(외화획득용 등)",,BZ000114000000,식품첨가물,"사용기준 못찾음, 별도 확인 필요",,사용불가,
190,FURFURILACTOBACILLUS ROSSIAE,Furfurilactobacillus rossiae,,A5000154000000,식품원료,원료이기에 사용기준 없음,,"제한적사용가능, 별도 확인 필요",
191,Fusarium venenatum ATCC PTA-2684,Fusarium venenatum A 3/5,,A5001546000000,식품원료,원료이기에 사용기준 없음,,사용가능,
192,,G4 생성효소,,B2000105000000,식품첨가물,"사용기준 못찾음, 별도 확인 필요",,"기타, 별도 확인 필요",
193,GAMMA AMINO BUTYRIC ACID,"GABA, Gamma amino butyric acid(외화획득용)",,BZ000001000000,식품첨가물,"사용기준 못찾음, 별도 확인 필요",,사용불가,
194,,GABA분말,,A6000143000001,식품원료,원료이기에 사용기준 없음,,사용불가,
195,,Galanga Galangal뿌리줄기,,A1000074620000,식품원료,원료이기에 사용기준 없음,,사용가능,
196,,Galanga뿌리줄기,,A1000073620000,식품원료,원료이기에 사용기준 없음,,사용가능,
197,GALANGA EXTRACT,Galanga추출물,,A1053960624500,식품원료,원료이기에 사용기준 없음,,사용가능,
198,GALBANUM OIL,Galbanum뿌리오일,,A1003789610020,식품원료,원료이기에 사용기준 없음,,사용가능,
199,Genipa americana L.,Genipap열매,,A1000078230000,식품원료,원료이기에 사용기준 없음,,사용가능,
200,게니팹쥬스,Genipap주스,,A1000078000025,식품원료,원료이기에 사용기준 없음,,사용가능,
201,GENIPAP JUICE CONCENTRATE,Genipap주스농축,,A1000078000825,식품원료,원료이기에 사용기준 없음,,사용가능,
202,Geotrichum candidum,Geotrichum candidum,,A5000043000000,식품원료,원료이기에 사용기준 없음,,"제한적사용가능, 별도 확인 필요",
203,Giant red shrimp,Giant red shrimp,,A3012010000000,식품원료,원료이기에 사용기준 없음,,사용가능,
204,Gluconacetobacter europaeus,Gluconacetobacter europaeus,,A5000153000000,,,,미확정,
205,,Golden evergreen raspberry열매,,A1003824230000,식품원료,원료이기에 사용기준 없음,,사용가능,
206,,Golden samphire잎,,A1003827380000,식품원료,원료이기에 사용기준 없음,,사용가능,
207,GOLDEN WILLOW EXRACT POWDER,Golden willow순추출분말,,A1003069884501,식품원료,원료이기에 사용기준 없음,,사용가능,
208,,Goldstripe sardinella,,A3001166000000,식품원료,원료이기에 사용기준 없음,,사용가능,
209,Goumi,Goumi열매,,A1003831230000,식품원료,원료이기에 사용기준 없음,,사용가능,
210,GREATER LIZARDFISH,Greater lizardfish,,A3011986000000,식품원료,원료이기에 사용기준 없음,,사용가능,
211,"SAGE, GREEK EXTRACT",Greek sage잎추출물,,A1003849384500,식품원료,원료이기에 사용기준 없음,,사용가능,
212,,Green strawberry열매분말,,A1003852230001,식품원료,원료이기에 사용기준 없음,,사용가능,
213,GREEN STRAWBERRY JUICE CONCENTRATE,Green strawberry열매주스농축,,A1003852230825,식품원료,원료이기에 사용기준 없음,,사용가능,
214,,Greenlip abalone,,A3012006000000,식품원료,원료이기에 사용기준 없음,,사용가능,
215,Guaiacwood,Guaiac wood심재,,A1000074700000,식품원료,원료이기에 사용기준 없음,,사용가능,
216,,HYDROXYPROLINE(외화획득용 등),,BZ000124000000,식품첨가물,"사용기준 못찾음, 별도 확인 필요",,사용불가,
217,,Haematococcus pluvialis,,A6000141000000,식품원료,원료이기에 사용기준 없음,,사용가능,
218,,Haematococcus pluvialis추출물,,A6000141004512,식품원료,원료이기에 사용기준 없음,,사용가능,
219,HAEMATOCOCCUS ALGAE EXTRACT POWDER,Haematococcus pluvialis추출분말,,A6000141004501,식품원료,원료이기에 사용기준 없음,,사용가능,
220,,Hairy yerba santa잎,,A1003871380000,식품원료,원료이기에 사용기준 없음,,사용가능,
221,HEATHER,Heater,,A1000084000000,식품원료,원료이기에 사용기준 없음,,"제한적사용가능, 별도 확인 필요",
222,,Heather꽃,,A1000084140000,식품원료,원료이기에 사용기준 없음,,"제한적사용가능, 별도 확인 필요",
223,,Heather꽃줄기,,A1000084310000,식품원료,원료이기에 사용기준 없음,,"제한적사용가능, 별도 확인 필요",
224,HEATHER EXTRACT,Heather추출물,,A1054094004500,식품원료,원료이기에 사용기준 없음,,"제한적사용가능, 별도 확인 필요",
225,HIGH-BUSH BLUEBERRY,High-bush blueberry,,A1000085000000,식품원료,원료이기에 사용기준 없음,,사용가능,
226,HYPHOMICROBIUM DENITRIFICANS,Hyphomicrobium denitrificans(외화획득용 등),,AZ000047000000,식품원료,원료이기에 사용기준 없음,,사용불가,
227,IRON OXIDE BLACK,IRON OXIDE BLACK(외화획득용 등),,BZ000056000000,식품첨가물,"사용기준 못찾음, 별도 확인 필요",,사용불가,
228,IRON OXIDE RED(외화획득용 등),IRON OXIDE RED(외화획득용 등),,BZ000066000000,식품첨가물,"사용기준 못찾음, 별도 확인 필요",,사용불가,
229,IRON OXIDE YELLOW,IRON OXIDE YELLOW(외화획득용),,BZ000059000000,식품첨가물,"사용기준 못찾음, 별도 확인 필요",,사용불가,
230,,Ialian aster잎,,A1003917380000,식품원료,원료이기에 사용기준 없음,,사용가능,
231,,Ice-plant추출액,,A1003175004514,식품원료,원료이기에 사용기준 없음,,사용가능,
232,,Incense cedar잎,,A1003920380000,식품원료,원료이기에 사용기준 없음,,사용가능,
233,INDIAN ANCHOVY,Indian anchovy,,A3012004000000,식품원료,원료이기에 사용기준 없음,,사용가능,
234,INDIAN BARBERRY FRUIT,Indian barberry열매,,A1003922230000,식품원료,원료이기에 사용기준 없음,,사용가능,
235,INDIAN BARBERRY FRUIT EXTRACT,Indian barberry열매추출물,,A1003922234500,식품원료,원료이기에 사용기준 없음,,사용가능,
236,INDIAN OIL SARDINE,Indian oil sardine,,A3012020000000,식품원료,원료이기에 사용기준 없음,,사용가능,
237,INDIAN SCAD,Indian scad,,A3011991000000,식품원료,원료이기에 사용기준 없음,,사용가능,
238,Indian spinach,Indian spinach,,A1003930000000,식품원료,원료이기에 사용기준 없음,,사용가능,
239,,Indonesian cinnamon줄기껍질,,A1003933600000,식품원료,원료이기에 사용기준 없음,,사용가능,
240,JABOTICABA,Jaboticabas열매,,A1003089230000,식품원료,원료이기에 사용기준 없음,,사용가능,
241,JABOTICABA PEEL EXTRACT,Jaboticabas열매껍질추출물,,A1003089244500,식품원료,원료이기에 사용기준 없음,,사용가능,
242,JABOTICABA JUICE,Jaboticabas열매주스,,A1003089230025,식품원료,원료이기에 사용기준 없음,,사용가능,
243,JABOTICABA JUICE POWDER,Jaboticabas열매주스분말,,A1003089230069,식품원료,원료이기에 사용기준 없음,,사용가능,
244,,Jaboticabas퓌레,,A1003089230034,식품원료,원료이기에 사용기준 없음,,사용가능,
245,Japanese snake gourd,Japanese snake gourd,,A1003941000000,식품원료,원료이기에 사용기준 없음,,사용가능,
246,JAPANESE THREADFIN BREAM,Japanese threadfin bream,,A3011985000000,식품원료,원료이기에 사용기준 없음,,사용가능,
247,Java Apple(Wax Jambu),Java Apple열매,Java Apple,A1000091230000,식품원료,원료이기에 사용기준 없음,,사용가능,
248,JICAMA(YAM BEAN),Jicama덩이뿌리,"JICAMA,YAM BEAN",A1000092630000,식품원료,원료이기에 사용기준 없음,,사용가능,
249,JICAMA(YAM BEAN) JUICE CONCENTRATE,Jicama주스농축,"JICAMA JUICE CONCENTRATE,YAM BEAN JUICE CONCENTRATE",A1000092630825,식품원료,원료이기에 사용기준 없음,,사용가능,
250,,Juneberry열매,,A1003950230000,식품원료,원료이기에 사용기준 없음,,사용가능,
251,,Khorasan wheat 분말,,A1003969320001,식품원료,원료이기에 사용기준 없음,,사용가능,
252,,Khorasan wheat씨앗,,A1003969320000,식품원료,원료이기에 사용기준 없음,,사용가능,
253,SACCHAROMYCES MARXIANUS,Kluyveromyces marxianus,,A5000143000000,식품원료,원료이기에 사용기준 없음,,사용가능,
254,,Kohila잎,,A1003977380000,식품원료,원료이기에 사용기준 없음,,사용가능,
255,KULTHI,Kulthi,,A1003980000000,식품원료,원료이기에 사용기준 없음,,사용가능,
256,,L-5-메틸테트라하이드로포레이트칼슘(외화획득용 등),,BZ000128000000,식품첨가물,"사용기준 못찾음, 별도 확인 필요",,사용불가,
257,L-CYSTINE HYDROCHLORIDE,L-CYSTINE HYDROCHLORIDE(선천성대사이상질환자용),,BZ000043000000,식품첨가물,"사용기준 못찾음, 별도 확인 필요",,사용불가,
258,L-CYSTINE 2-HCI(L-CYSTINE DIHYDROCHLORIDE),L-Cystine dihydrochloride(선천성대사이상질환자용),,BZ000037000000,식품첨가물,"사용기준 못찾음, 별도 확인 필요",,사용불가,
259,L-LYSINE L-ASPARTATE,L-LYSINE L-ASPARTATE(선천성대사이상질환자용),,BZ000049000000,식품첨가물,"사용기준 못찾음, 별도 확인 필요",,사용불가,
260,L-LYSINE ACETATE,L-Lysine acetate(선천성대사이상질환자용),,BZ000006000000,식품첨가물,"사용기준 못찾음, 별도 확인 필요",,사용불가,
261,L-SELENOMETHIONINE,L-SELENOMETHIONINE(외화획득용),,BZ000050000000,식품첨가물,"사용기준 못찾음, 별도 확인 필요",,사용불가,
262,L-GLUTAMINE,L-글루타민,,B1000387000000,식품첨가물,II. 2. 1)의 규정에 따라 사용하여야 한다.,영양강화제,"기타, 별도 확인 필요",
263,L-GLUTAMIC ACID,L-글루탐산,,B1003586000000,식품첨가물,II. 2. 1)의 규정에 따라 사용하여야 한다.,향미증진제,"기타, 별도 확인 필요",
264,MONOSODIUM L-GLUTAMATE(MSG),L-글루탐산나트륨,"Monosodium glutamate,MONOSODIUM L-GLUTAMATE",B1003585000000,식품첨가물,II. 2. 1)의 규정에 따라 사용하여야 한다.,향미증진제,"기타, 별도 확인 필요",
265,MONOAMMONIUM L-GLUTAMATE,L-글루탐산암모늄,,B1003587000000,식품첨가물,II. 2. 1)의 규정에 따라 사용하여야 한다.,향미증진제,"기타, 별도 확인 필요",
266,MONOPOTASSIUM L-GLUTAMATE,L-글루탐산칼륨,,B1003588000000,식품첨가물,II. 2. 1)의 규정에 따라 사용하여야 한다.,향미증진제,"기타, 별도 확인 필요",
267,L-LYSINE,L-라이신,,B1000398000000,식품첨가물,II. 2. 1)의 규정에 따라 사용하여야 한다.,영양강화제,"기타, 별도 확인 필요",
268,L-lysine L-glutamate(선천성대사질환자용 등),L-라이신 L-글루탐산(선천성대사질환자용 등),,BZ000071000000,식품첨가물,"사용기준 못찾음, 별도 확인 필요",,사용불가,
269,L-LYSINE ACETATE(외화획득용 등),L-라이신 아세테이트(외화획득용 등),,BZ000073000000,식품첨가물,"사용기준 못찾음, 별도 확인 필요",,사용불가,
270,L-LYSINE MONOHYDROCHLORIDE,L-라이신염산염,,B1000047000000,식품첨가물,II. 2. 1)의 규정에 따라 사용하여야 한다.,영양강화제,"기타, 별도 확인 필요",
271,L-LEUCINE,L-로이신,,B1000353000000,식품첨가물,II. 2. 1)의 규정에 따라 사용하여야 한다.,영양강화제,"기타, 별도 확인 필요",
272,L- METHIONINE,L-메티오닌,,B1000058000000,식품첨가물,II. 2. 1)의 규정에 따라 사용하여야 한다.,영양강화제,"기타, 별도 확인 필요",
273,L-VALINE,L-발린,,B1000068000000,식품첨가물,II. 2. 1)의 규정에 따라 사용하여야 한다.,영양강화제,"기타, 별도 확인 필요",
274,L-MALIC ACID,L-사과산(외화획득용 등),,BZ000120000000,식품첨가물,"사용기준 못찾음, 별도 확인 필요",,사용불가,
275,L-SERINE,L-세린,,B1000357000000,식품첨가물,II. 2. 1)의 규정에 따라 사용하여야 한다.,영양강화제,"기타, 별도 확인 필요",
276,L-CYSTEINE,L-시스테인(외화획득용 등),,BZ000119000000,식품첨가물,"사용기준 못찾음, 별도 확인 필요",,사용불가,
277,L- CYSTEINE MONO HYDROCHLORIDE,L-시스테인염산염,L-Cysteine Monohydrochloride,B1000115000000,식품첨가물,"사용기준 찾음, 별도 확인 필요",밀가루개량제,"기타, 별도 확인 필요",
278,L- CYSTINE,L-시스틴,,B1000116000000,식품첨가물,II. 2. 1)의 규정에 따라 사용하여야 한다.,영양강화제,"기타, 별도 확인 필요",
279,L-CITRULLINE,L-시트룰린(외화획득용 등),,BZ000062000000,식품첨가물,"사용기준 못찾음, 별도 확인 필요",,사용불가,
280,,L-아르기닌(기능성원료인정제2015-19호),,C9000926000000,건강기능식품,"사용기준 못찾음, 별도 확인 필요",,"기타, 별도 확인 필요",
281,L-ARGININE,L-아르지닌,,B1003609000000,식품첨가물,II. 2. 1)의 규정에 따라 사용하여야 한다.,영양강화제,"기타, 별도 확인 필요",
282,L-ARGININE L-ASPARTIC ACID,L-아르지닌 L-아스파트산(선천성대사이상질환자용),,BZ000076000000,식품첨가물,"사용기준 못찾음, 별도 확인 필요",,사용불가,
283,L-ARGININE MONOHYDROCHLORIDE,L-아르지닌염산염(외화획득용 등),,BZ000077000000,식품첨가물,"사용기준 못찾음, 별도 확인 필요",,사용불가,
284,SODIUM L-ASCORBATE,L-아스코브산나트륨,"Sodium ascorbate, E301",B1003625000000,식품첨가물,II. 2. 1)의 규정에 따라 사용하여야 한다.,영양강화제,"기타, 별도 확인 필요",
285,CALCIUM L-ASCORBATE,L-아스코브산칼슘,"calcium ascorbate, E302",B1003611000000,식품첨가물,II. 2. 1)의 규정에 따라 사용하여야 한다.,영양강화제,"기타, 별도 확인 필요",
286,L-ASCORBYL STEARATE,L-아스코빌스테아레이트,,B1003613000000,산화방지제,"기타, 별도 확인 필요",,미확정,
287,ASCORBYL PALMITATE,L-아스코빌팔미테이트,,B1003640000000,식품첨가물,"사용기준 찾음, 별도 확인 필요",산화방지제,"기타, 별도 확인 필요",
288,L-ASPARAGINE,L-아스파라진,,B1003614000000,식품첨가물,II. 2. 1)의 규정에 따라 사용하여야 한다.,영양강화제,"기타, 별도 확인 필요",
289,L-ASPARTIC ACID,L-아스파트산,,B1003616000000,식품첨가물,II. 2. 1)의 규정에 따라 사용하여야 한다.,영양강화제,"기타, 별도 확인 필요",
290,L-ALANINE,L-알라닌,,B1000366000000,식품첨가물,II. 2. 1)의 규정에 따라 사용하여야 한다.,영양강화제,"기타, 별도 확인 필요",
291,L-ORNITHINE HYDROCHLORIDE(외화획득용 등),L-오르니틴염산염(외화획득용 등),,BZ000070000000,식품첨가물,"사용기준 못찾음, 별도 확인 필요",,사용불가,
292,L-ISOLEUCINE,L-이소로이신,,B1000191000000,식품첨가물,II. 2. 1)의 규정에 따라 사용하여야 한다.,영양강화제,"기타, 별도 확인 필요",
293,"MAGNESIUM L-LACTATE, MAGNESIUM DI-L-LACTATE",L-젖산마그네슘,,B1000422000000,식품첨가물,II. 2. 1)의 규정에 따라 사용하여야 한다.,산도조절제,"기타, 별도 확인 필요",
294,L-TARTARIC ACID,L-주석산,,B1000221000000,식품첨가물,II. 2. 1)의 규정에 따라 사용하여야 한다.,산도조절제,"기타, 별도 확인 필요",
295,DISODIUM L- TARTRATE,L-주석산나트륨,,B1000223000000,식품첨가물,II. 2. 1)의 규정에 따라 사용하여야 한다.,산도조절제,"기타, 별도 확인 필요",
296,POTASSIUM L-BITARTRATE,L-주석산수소칼륨,E336(i),B1000225000000,식품첨가물,II. 2. 1)의 규정에 따라 사용하여야 한다.,산도조절제,"기타, 별도 확인 필요",
297,L-CARNOSINE,L-카르노신(외화획득용 등),,BZ000113000000,식품첨가물,"사용기준 못찾음, 별도 확인 필요",,사용불가,
298,L-CARNITINE,L-카르니틴,,B1000391000000,식품첨가물,II. 2. 1)의 규정에 따라 사용하여야 한다.,영양강화제,"기타, 별도 확인 필요",
299,L-CARNITINE TARTRATE,L-카르니틴 타르트레이트(기능성원료인정제2012-19호),,C9000407000000,건강기능식품,"사용기준 못찾음, 별도 확인 필요",,"기타, 별도 확인 필요",
300,L-CARNITINE TARTRATE(연구조사용 등),L-카르니틴 타르트레이트(연구조사용 등),,BZ000067000000,식품첨가물,"사용기준 못찾음, 별도 확인 필요",,사용불가,
301,L-THREONINE,L-트레오닌,,B1000268000000,식품첨가물,II. 2. 1)의 규정에 따라 사용하여야 한다.,영양강화제,"기타, 별도 확인 필요",
302,L-TRYPTOPHAN,L-트립토판,,B1000270000000,식품첨가물,II. 2. 1)의 규정에 따라 사용하여야 한다.,영양강화제,"기타, 별도 확인 필요",
303,L-TYROSINE,L-티로신,,B1000271000000,식품첨가물,II. 2. 1)의 규정에 따라 사용하여야 한다.,영양강화제,"기타, 별도 확인 필요",
304,L-PHENYLALANINE,L-페닐알라닌,,B1000283000000,식품첨가물,II. 2. 1)의 규정에 따라 사용하여야 한다.,영양강화제,"기타, 별도 확인 필요",
305,L-PROLINE,L-프롤린,,B1000377000000,식품첨가물,II. 2. 1)의 규정에 따라 사용하여야 한다.,영양강화제,"기타, 별도 확인 필요",
306,L-HISTIDINE,L-히스티딘,,B1000382000000,식품첨가물,II. 2. 1)의 규정에 따라 사용하여야 한다.,영양강화제,"기타, 별도 확인 필요",
307,L-HISTIDINE MONOHYDROCHLORIDE,L-히스티딘염산염,,B1000329000000,식품첨가물,II. 2. 1)의 규정에 따라 사용하여야 한다.,영양강화제,"기타, 별도 확인 필요",
308,LACTICASEIBACILLUS CASEI,Lacticaseibacillus casei,,A5000050000000,식품원료,원료이기에 사용기준 없음,,사용가능,
309,,Lacticaseibacillus casei분말,,A5000050000001,식품원료,원료이기에 사용기준 없음,,사용가능,
310,LACTICASEIBACILLUS PARACASEI,Lacticaseibacillus paracasei,,A5000062000000,식품원료,원료이기에 사용기준 없음,,사용가능,
311,,Lacticaseibacillus paracasei분말,,A5000062000001,식품원료,원료이기에 사용기준 없음,,사용가능,
312,L.RHAMNOSUS,Lacticaseibacillus rhamnosus,,A5000068000000,식품원료,원료이기에 사용기준 없음,,사용가능,
313,,Lacticaseibacillus rhamnosus배양고형분,,A5000068007704,식품원료,원료이기에 사용기준 없음,,사용가능,
314,LACTIPLANTIBACILLUS PENTOSUS,Lactiplantibacillus pentosus,,A5000064000000,식품원료,원료이기에 사용기준 없음,,사용가능,
315,LACTIPLANTIBACILLUS PLANTARUM,Lactiplantibacillus plantarum,"Lactobacillus plantarum, Lactobacillus arizonensis",A5000066000000,식품원료,원료이기에 사용기준 없음,,사용가능,
316,Lactiplantibacillus plantarum TWK10 Probiotics,Lactiplantibacillus plantarum TWK10 프로바이오틱스(기능성원료인정제2022-32호),,C9001020000000,건강기능식품,"사용기준 못찾음, 별도 확인 필요",,사용가능,
317,,Lactiplantibacillus plantarum분말,,A5000066000001,식품원료,원료이기에 사용기준 없음,,사용가능,
318,LACTO-N-NEOTETRAOSE,Lacto-N-neotetraose(외화획득용 등),,BZ000117000000,식품첨가물,"사용기준 못찾음, 별도 확인 필요",,사용불가,
319,LACTOBACILLUS ACIDOPHILUS,Lactobacillus acidophilus,,A5000047000000,식품원료,원료이기에 사용기준 없음,,사용가능,
320,,Lactobacillus acidophilus분말,,A5000047000001,식품원료,원료이기에 사용기준 없음,,사용가능,
321,Lactobacillus bulgaricus,Lactobacillus bulgaricus,,A5000049000000,식품원료,원료이기에 사용기준 없음,,사용가능,
322,,Lactobacillus bulgaricus분말,,A5000049000001,식품원료,원료이기에 사용기준 없음,,사용가능,
323,,Lactobacillus caucasicus,,A5000051000000,식품원료,원료이기에 사용기준 없음,,사용가능,
324,LACTOBACILLUS CRISPATUS,Lactobacillus crispatus,,A5000052000000,식품원료,원료이기에 사용기준 없음,,사용가능,
325,LACTOBACILLUS DELBRUECKII,Lactobacillus delbrueckii,,A5000054000000,식품원료,원료이기에 사용기준 없음,,사용가능,
326,Lactobacillus delbrueckii ssp. bulgaricus,Lactobacillus delbrueckii ssp. bulgaricus(고시형),,C2002425000000,건강기능식품,"사용기준 못찾음, 별도 확인 필요",,사용가능,
327,LACTOBACILLUS LACTIS,Lactobacillus delbrueckii subsp. Lactis,,A5000060000000,식품원료,원료이기에 사용기준 없음,,사용가능,
328,Lactobacillus delbrueckii ssp. lactis,Lactobacillus delbrueckii subsp. lactis,,A5000139000000,식품원료,원료이기에 사용기준 없음,,사용가능,
329,Lactobacillus gasseri,Lactobacillus gasseri,,A5000056000000,식품원료,원료이기에 사용기준 없음,,사용가능,
330,,Lactobacillus gasseri BNR17(기능성원료인정제2017-6호),,C9000955000000,건강기능식품,"사용기준 못찾음, 별도 확인 필요",,"기타, 별도 확인 필요",
331,LACTOBACILLUS HELVETICUS,Lactobacillus helveticus,,A5000057000000,식품원료,원료이기에 사용기준 없음,,사용가능,
332,Lactobacillus jensenii (연구조사용에 한함),Lactobacillus jensenii(연구조사용),,AZ000006000000,식품원료,원료이기에 사용기준 없음,,사용불가,
333,Lactobacillus Johnsonii,Lactobacillus johnsonii,,A5000059000000,식품원료,원료이기에 사용기준 없음,,사용가능,
334,LACTOBACILLUS KEFIRANOFACIENS SUBSP.KEFIRANOFACIENS,Lactobacillus kefiranofaciens subsp. kefiranofaciens,,A5000133000000,식품원료,원료이기에 사용기준 없음,,사용가능,
335,LACTOBACILLUS KEFIRANOFACIENS SUBSP.KEFIRGRANUM,Lactobacillus kefiranofaciens subsp. kefirgranum,,A5000134000000,식품원료,원료이기에 사용기준 없음,,사용가능,
336,LACTOBACILLUS PARAPLANTARUM,Lactobacillus paraplantarum,,A5000063000000,식품원료,원료이기에 사용기준 없음,,사용가능,
337,,Lactobacillus rhamnosus IDCC3201 열처리배양건조물(기능성원료인정제2018-12호),,C9000970000000,건강기능식품,"사용기준 못찾음, 별도 확인 필요",,"기타, 별도 확인 필요",
338,Lactobacillus rhamnosus,Lactobacillus rhamnosus(외화획득용),,C2002423000000,건강기능식품,"사용기준 못찾음, 별도 확인 필요",,사용불가,
339,PROBIOTICS MIXTURE OF L.CURVATUS HY7601 AND L.PLANTARUM KY1032,Lactobacillus 복합물 HY7601 + KY1032(기능성원료인정제2019-4호),,C9001051000000,건강기능식품,"사용기준 못찾음, 별도 확인 필요",,사용가능,
340,LACTO BACILLUS,Lactobacillus(고시형),,C2000143000000,건강기능식품,"사용기준 못찾음, 별도 확인 필요",,"기타, 별도 확인 필요",
341,LACTOCOCCUS LACTIS SUBSP. CREMORIS,Lactococcus lactis subsp. cremoris,,A5000071000000,식품원료,원료이기에 사용기준 없음,,사용가능,
342,Lactococcus lactis,Lactococcus lactis subsp. lactis,,A5000072000000,식품원료,원료이기에 사용기준 없음,,사용가능,
343,LACTOCOCCUS LACTIS,Lactococcus lactis(고시형),,C2000155000000,건강기능식품,"사용기준 못찾음, 별도 확인 필요",,"기타, 별도 확인 필요",
344,LATILATILACTOBACILLUS CURVATUS,Latilactobacillus curvatus,,A5000053000000,식품원료,원료이기에 사용기준 없음,,사용가능,
345,LATILACTOBACILLUS SAKEI,Latilactobacillus sakei,,A5000069000000,식품원료,원료이기에 사용기준 없음,,사용가능,
346,LELOGNATHUS BERBIS,Lelognathus berbis,,A3011982000000,식품원료,원료이기에 사용기준 없음,,사용가능,
347,LEMON THYME,Lemon thyme잎,,A1003171380000,식품원료,원료이기에 사용기준 없음,,사용가능,
348,LENTILACTOBACILLUS BUCHNERI,Lentilactobacillus buchneri(외화획득용 등),,AZ000067000000,식품원료,원료이기에 사용기준 없음,,사용불가,
349,LENTILACTOBACILLUS HILGARDII,Lentilactobacillus hilgardii,,A5000058000000,식품원료,원료이기에 사용기준 없음,,"제한적사용가능, 별도 확인 필요",
350,LACTOBACILLUS KEFIR,Lentilactobacillus kefiri,,A5000135000000,식품원료,원료이기에 사용기준 없음,,사용가능,
351,,Lesser silver mud carp,,A3001048000000,식품원료,원료이기에 사용기준 없음,,사용가능,
352,LEUCONOSTOC CITREUM,Leuconostoc citreum,,A5000073000000,식품원료,원료이기에 사용기준 없음,,사용가능,
353,,Leuconostoc kimchii,,A5000132000000,식품원료,원료이기에 사용기준 없음,,사용가능,
354,LEUCONOSTOC MESENTEROIDES,Leuconostoc mesenteroides,,A5000074000000,식품원료,원료이기에 사용기준 없음,,사용가능,
355,,Leuconostoc paramesenteroides,,A5000075000000,식품원료,원료이기에 사용기준 없음,,사용가능,
356,Leuconostoc pseudomesenteroides (유가공품제조에 한함),Leuconostoc pseudomesenteroides,,A5000130000000,식품원료,원료이기에 사용기준 없음,,"제한적사용가능, 별도 확인 필요",
357,LEVILACTOBACILLUS BREVIS,Levilactobacillus brevis,,A5000048000000,식품원료,원료이기에 사용기준 없음,,사용가능,
358,LIGILIGILACTOBACILLUS SALIVARIUS,Ligilactobacillus salivarius,,A5000070000000,식품원료,원료이기에 사용기준 없음,,사용가능,
359,,Limequat열매,,A1004003230000,식품원료,원료이기에 사용기준 없음,,사용가능,
360,LIMOSILIMOSILACTOBACILLUS FERMENTUM,Limosilactobacillus fermentum,,A5000055000000,식품원료,원료이기에 사용기준 없음,,사용가능,
361,LIMOSILIMOSILACTOBACILLUS REUTERI,Limosilactobacillus reuteri,,A5000067000000,식품원료,원료이기에 사용기준 없음,,사용가능,
362,,Limosilactobacillus reuteri분말,,A5000067000001,식품원료,원료이기에 사용기준 없음,,사용가능,
363,LING ROE,Ling알,,A3001015050000,식품원료,원료이기에 사용기준 없음,,사용가능,
364,,Longan열매,,A1004009230000,식품원료,원료이기에 사용기준 없음,,사용가능,
365,,Low sweet blueberry열매,,A1004014230000,식품원료,원료이기에 사용기준 없음,,사용가능,
366,,Low sweet blueberry열매추출물,,A1004014234500,식품원료,원료이기에 사용기준 없음,,사용가능,
367,LYRATE HARD CLAM,Lyrate hard clam,,A3011971000000,식품원료,원료이기에 사용기준 없음,,사용가능,
368,MAGNESIUM CITRATE(외화획득용),MAGNESIUM CITRATE(외화획득용),,BZ000004000000,식품첨가물,"사용기준 못찾음, 별도 확인 필요",,사용불가,
369,MAGNESIUM GLYCINATE,MAGNESIUM GLYCINATE(연구조사용),,BZ000081000000,식품첨가물,"사용기준 못찾음, 별도 확인 필요",,사용불가,
370,METHACRYLIC ACID-DIVINYLBENZENE COPOLYMER,METHACRYLIC ACID-DIVINYLBENZENE COPOLYMER,,B1062496000000,식품첨가물,"사용기준 못찾음, 별도 확인 필요",,사용불가,
371,METHANOL,METHANOL(외화획득용),,BZ000045000000,식품첨가물,"사용기준 못찾음, 별도 확인 필요",,사용불가,
372,METHYL COBALAMIN,METHYL COBALAMIN(이화획득용),,BZ000017000000,식품첨가물,"사용기준 못찾음, 별도 확인 필요",,사용불가,
373,MS-10 THISTLE COMPLEX EXTRACT,MS-10 엉겅퀴등복합추출물(기능성원료인정제2020-6호),,C9001042000000,건강기능식품,"사용기준 못찾음, 별도 확인 필요",,사용가능,
374,,Mace분말,,A1003168380001,식품원료,원료이기에 사용기준 없음,,사용가능,
375,,Mace잎,,A1003168380000,식품원료,원료이기에 사용기준 없음,,사용가능,
376,,Mace추출액,Mace extract,A1003168384500,식품원료,원료이기에 사용기준 없음,,사용가능,
377,,Madeira vine잎,,A1004017380000,식품원료,원료이기에 사용기준 없음,,사용가능,
378,,Magellan barberry열매,,A1004020230000,식품원료,원료이기에 사용기준 없음,,사용가능,
379,,Manchurian angelica tree잎,,A1000105380000,식품원료,원료이기에 사용기준 없음,,사용가능,
380,MAQUI CONCENTRATE,Maqui berry농축액,,A1003090230814,식품원료,원료이기에 사용기준 없음,,사용가능,
381,MAQUI BERRY POWDER,Maqui berry분말,,A1003090230001,식품원료,원료이기에 사용기준 없음,,사용가능,
382,MAQUI BERRY,Maqui berry열매,,A1003090230000,식품원료,원료이기에 사용기준 없음,,사용가능,
383,MAQUI JUICE,Maqui berry주스,,A1003090230025,식품원료,원료이기에 사용기준 없음,,사용가능,
384,,Maqui berry추출물분말,,A1003090234501,식품원료,원료이기에 사용기준 없음,,사용가능,
385,MAQUI EXTRACT,Maqui berry추출액,,A1003090234500,식품원료,원료이기에 사용기준 없음,,사용가능,
386,TOMATILLO,Mexican Husk Tomato열매,,A1000109230000,식품원료,원료이기에 사용기준 없음,,사용가능,
387,CRATAEGUS LAEVIGATA,Midland hawthorn열매,,A1004046230000,식품원료,원료이기에 사용기준 없음,,사용가능,
388,CRATAEGUS LAEVIGATA,Midland hawthorn열매분말,,A1004046230001,식품원료,원료이기에 사용기준 없음,,사용가능,
389,MIMOSA(FLOWER),Mimosa꽃,,A1004048140000,식품원료,원료이기에 사용기준 없음,,사용가능,
390,MIRACULIN,Miracle fruit,,A1004051000000,식품원료,원료이기에 사용기준 없음,,사용가능,
391,,Mizuna잎,,A1004055380000,식품원료,원료이기에 사용기준 없음,,사용가능,
392,,Moldavian balm잎,,A1004057380000,식품원료,원료이기에 사용기준 없음,,사용가능,
393,Monascus purpureus,Monascus purpureus,,A5000080000000,식품원료,원료이기에 사용기준 없음,,"제한적사용가능, 별도 확인 필요",
394,,Monascus purpureus,,A5000078000000,식품원료,원료이기에 사용기준 없음,,"제한적사용가능, 별도 확인 필요",
395,MORTIERELLA ALPINA,Mortierella alpina,,A6000003000000,식품원료,원료이기에 사용기준 없음,,"제한적사용가능, 별도 확인 필요",
396,MORTIERELLA ALPINA OIL,Mortierella alpina 오일,,A6000003000020,식품원료,원료이기에 사용기준 없음,,"제한적사용가능, 별도 확인 필요",
397,Mortierella Alpina Oil,Mortierella alpina추출유지,,A6000003004520,식품원료,원료이기에 사용기준 없음,,"제한적사용가능, 별도 확인 필요",
398,MOUNTAIN PEPPER BERRY,Mountain pepper열매,,A1003169230000,식품원료,원료이기에 사용기준 없음,,사용가능,
399,MOZAMBIQUE TILAPIA,Mozambique tilapia,,A3011966000000,식품원료,원료이기에 사용기준 없음,,사용가능,
400,Mucor circinelloides(개별인정 연구조사용),Mucor circinelloides(연구조사용),,BZ000014000000,식품첨가물,"사용기준 못찾음, 별도 확인 필요",,사용불가,
401,MUNDI FLOWER HEAD EXTRACT,Mundi추출물(외화획득용 등),,AZ000052000000,식품원료,원료이기에 사용기준 없음,,사용불가,
402,JAPANESS MUSTARD SPINACH,Mustard spinach잎,,A1003165380000,식품원료,원료이기에 사용기준 없음,,사용가능,
403,"N,N DIMETHYLGLYCINE(외화획득용에 한함)","N,N DIMETHYLGLYCINE(외화획득용)",,BZ000046000000,식품첨가물,"사용기준 못찾음, 별도 확인 필요",,사용불가,
404,N-ACETYL L-CARNITINE HCL-외화획득용,N-ACETYL L-CARNITINE HCL(외화획득용),,BZ000036000000,식품첨가물,"사용기준 못찾음, 별도 확인 필요",,사용불가,
405,N-ACETYL L-CYSTEINE-외화획득용,N-ACETYL L-CYSTEINE(외화획득용),,BZ000008000000,식품첨가물,"사용기준 못찾음, 별도 확인 필요",,사용불가,
406,METHYL N-METHYLANTHRANILATE,N-메틸안트라닐산메틸,,B1000061000000,식품첨가물,"사용기준 찾음, 별도 확인 필요",향료,"기타, 별도 확인 필요",
407,N-ACETYL-L-METHIONINE,N-아세틸-L-메티오닌(선천성대사이상질환자용),,BZ000040000000,식품첨가물,"사용기준 못찾음, 별도 확인 필요",,사용불가,
408,N-ACETYLGLUCOSAMINE,N-아세틸글루코사민,,A6000004000000,식품원료,원료이기에 사용기준 없음,,"제한적사용가능, 별도 확인 필요",
409,,N-아세틸글루코사민분말,,A6000004000001,식품원료,원료이기에 사용기준 없음,,"제한적사용가능, 별도 확인 필요",
410,,North Pacific hake,,A3001016000000,식품원료,원료이기에 사용기준 없음,,사용가능,
411,NORTHEN PINK SHRIMP,Northen Pink Shrimp,,A3011940000000,식품원료,원료이기에 사용기준 없음,,사용가능,
412,ORNITHINE ALPHAKETO GLUTARATE,ORNITHINE ALPHAKETO GLUTARATE(외화획득용),,BZ000038000000,식품첨가물,"사용기준 못찾음, 별도 확인 필요",,사용불가,
413,,Oregon tea tree잎,,A1004117380000,식품원료,원료이기에 사용기준 없음,,사용가능,
414,,Oriental radish뿌리,,A1004118610000,식품원료,원료이기에 사용기준 없음,,사용가능,
415,Osteobrama feae,Osteobrama belangeri,,A3011994000000,식품원료,원료이기에 사용기준 없음,,사용가능,
416,OTAHEITE GOOSEBERRY,Otaheite gooseberry,,A1003091000000,식품원료,원료이기에 사용기준 없음,,사용가능,
417,,Otaheite gooseberry열매,,A1003091230000,식품원료,원료이기에 사용기준 없음,,사용가능,
418,,PME-88메론추출물(기능성원료인정제2008-9호),,C9000106000000,건강기능식품,"사용기준 못찾음, 별도 확인 필요",,"기타, 별도 확인 필요",
419,POTASSIUM ALUMINUM SILICATE,POTASSIUM ALUMINUM SILICATE,,B1062494000000,식품첨가물,"사용기준 못찾음, 별도 확인 필요",,"기타, 별도 확인 필요",
420,PYRIDOXAL-5-PHOSPHATE (MONOHYDRATE),PYRIDOXAL-5-PHOSPHATE (MONOHYDRATE)(외화획득용),,BZ000035000000,식품첨가물,"사용기준 못찾음, 별도 확인 필요",,사용불가,
421,PALEFIN THREADFIN BREAM,Palefin threadfin bream,,A3012031000000,식품원료,원료이기에 사용기준 없음,,사용불가,
422,PARUPENEUS CYCLOSTOMUS,Parupeneus cyclostomus,,A3011983000000,식품원료,원료이기에 사용기준 없음,,사용가능,
423,PEDIOCOCCUS ACIDILACTICI,Pediococcus acidilactici,,A5000082000000,식품원료,원료이기에 사용기준 없음,,사용가능,
424,PEDIOCOCCUS PENTOSACEUS,Pediococcus pentosaceus,,A5000083000000,식품원료,원료이기에 사용기준 없음,,사용가능,
425,PENICILLIUM CAMEMBERTI,Penicillium camemberti,,A5000084000000,식품원료,원료이기에 사용기준 없음,,"제한적사용가능, 별도 확인 필요",
426,PENICILLIUM NALGIOVENSE,Penicillium nalgiovense,,A5000150000000,식품원료,원료이기에 사용기준 없음,,"제한적사용가능, 별도 확인 필요",
427,Penicilium roqueforti,Penicillium roqueforti,,A5000086000000,식품원료,원료이기에 사용기준 없음,,"제한적사용가능, 별도 확인 필요",
428,Pharaoh cuttlefish,Pharaoh cuttlefish,,A3012028000000,식품원료,원료이기에 사용기준 없음,,사용가능,
429,Philippine catfish,Philippine catfish,,A3011979000000,식품원료,원료이기에 사용기준 없음,,사용가능,
430,,Pollack,,A3001017000000,식품원료,원료이기에 사용기준 없음,,사용가능,
431,POLOXAMER,Poloxamer(외화획득용 등),,AZ000050000000,식품원료,원료이기에 사용기준 없음,,사용불가,
432,POTASSIUM CHELATE,Potassium chelate(외화획득용),,BZ000013000000,식품첨가물,"사용기준 못찾음, 별도 확인 필요",,사용불가,
433,POTATO YAM,Potato yam덩이줄기,,A1054208510000,식품원료,원료이기에 사용기준 없음,,사용가능,
434,,Prairie coneflower잎,,A1004171380000,식품원료,원료이기에 사용기준 없음,,사용가능,
435,,Propionibacterium acidipropionici,,A5000141000000,식품원료,원료이기에 사용기준 없음,,"제한적사용가능, 별도 확인 필요",
436,PROPIONIBACTERIUM FREUDENREICHII,Propionibacterium freudenreichii,,A5000087000000,식품원료,원료이기에 사용기준 없음,,사용가능,
437,Propionibacterium peterssonii,Propionibacterium peterssonii,,A5000088000000,식품원료,원료이기에 사용기준 없음,,사용가능,
438,PSYLLIUM SEED HUSK,Psyllium씨앗껍질,,A1000126280000,식품원료,원료이기에 사용기준 없음,,사용가능,
439,PSYLLIUM SEED HUSK POWDER,Psyllium씨앗껍질분말,,A1000126280001,식품원료,원료이기에 사용기준 없음,,사용가능,
440,PSYLLIUM HUSK FIBER,Psyllium씨앗껍질식이섬유,,A1000126280084,식품원료,원료이기에 사용기준 없음,,사용가능,
441,,Pummelo열매,,A1000127230000,식품원료,원료이기에 사용기준 없음,,사용가능,
442,PUMMELO JUICE,Pummelo열매주스,,A1000127230025,식품원료,원료이기에 사용기준 없음,,사용가능,
443,QUINCE POWDER,Quince분말,,A1000129230001,식품원료,원료이기에 사용기준 없음,,사용가능,
444,,Quince열매,,A1000129230000,식품원료,원료이기에 사용기준 없음,,사용가능,
445,QUINCE JUICE CONCENTRATE,Quince열매농축주스,,A1000129230825,식품원료,원료이기에 사용기준 없음,,사용가능,
446,RED CABBAGE EXTRACT,RED CABBAGE EXTRACT,,A1002233004500,식품원료,원료이기에 사용기준 없음,,사용가능,
447,Rapini,Rapini잎,,A1004193380000,식품원료,원료이기에 사용기준 없음,,사용가능,
448,RHAPONTICUM CARTHAMOIDES(외화획득용),Raponticum carthamoides(외화획득용),,AZ000004000000,식품원료,원료이기에 사용기준 없음,,사용불가,
449,,Red chokeberry열매,,A1004196230000,식품원료,원료이기에 사용기준 없음,,사용가능,
450,,Red grape농축과즙,,A1003092230826,식품원료,원료이기에 사용기준 없음,,사용가능,
451,,Red grape열매,,A1003092230000,식품원료,원료이기에 사용기준 없음,,사용가능,
452,,Red grape주스,,A1003092230025,식품원료,원료이기에 사용기준 없음,,사용가능,
453,,Red grape추출분말,,A1003092234501,식품원료,원료이기에 사용기준 없음,,사용가능,
454,,Red huckleberry열매,,A1004202230000,식품원료,원료이기에 사용기준 없음,,사용가능,
455,RED SWAMP CRAWFISH,Red swamp crawfish,,A3001052000000,식품원료,원료이기에 사용기준 없음,,사용가능,
456,Rhizomucor miehei,Rhizomucor miehei,,A5001543000000,식품원료,원료이기에 사용기준 없음,,사용가능,
457,Rhizomucor pusillus,Rhizomucor pusillus,,A5001541000000,식품원료,원료이기에 사용기준 없음,,사용가능,
458,Rhizopus oligosporus,Rhizopus oligosporous,,A5000092000000,식품원료,원료이기에 사용기준 없음,,사용가능,
459,REVER MINT,River mint잎,,A1003173380000,식품원료,원료이기에 사용기준 없음,,사용가능,
460,ROCK ROSE,Rock rose잎,,A1004251380000,식품원료,원료이기에 사용기준 없음,,사용가능,
461,S-Acetyl-L-Glutathione,S-Acetyl-L-Glutathione(외화획득용 등),,AZ000062000000,식품원료,원료이기에 사용기준 없음,,사용불가,
462,SIALIC ACID(외화획득용),SIALIC ACID(외화획득용),,BZ000048000000,식품첨가물,"사용기준 못찾음, 별도 확인 필요",,사용불가,
463,,SODIUM BORATE(외화획득용 등),,BZ000126000000,식품첨가물,"사용기준 못찾음, 별도 확인 필요",,사용불가,
464,SUPEROXIDE DISMUTASE,SUPEROXIDE DISMUTASE,,BZ000044000000,식품첨가물,"사용기준 못찾음, 별도 확인 필요",,사용불가,
465,SACCHAROMYCES CARLSBERGENSIS,Saccharomyces carlsbergensis,,A5000094000000,식품원료,원료이기에 사용기준 없음,,사용가능,
466,SACCHAROMYCES CEREVISIAE,Saccharomyces cerevisiae,,A5000095000000,식품원료,원료이기에 사용기준 없음,,사용가능,
467,SACCHAROMYCES CEREVISIAE EXTRACTED PROTEIN,Saccharomyces cerevisiae추출단백,,A5000095004508,식품원료,원료이기에 사용기준 없음,,사용가능,
468,Saccharomyces dairensis,Saccharomyces dairensis(연구조사용),,AZ000014000000,식품원료,원료이기에 사용기준 없음,,사용불가,
469,SACCHAROMYCES LACTES,Saccharomyces lactis,,A5000097000000,식품원료,원료이기에 사용기준 없음,,사용가능,
470,Saccharomyces rosei,Saccharomyces rosei(연구조사용),,AZ000001000000,식품원료,원료이기에 사용기준 없음,,사용불가,
471,SACCHAROMYCES ROUXII,Saccharomyces rouxii,,A5000098000000,식품원료,원료이기에 사용기준 없음,,사용가능,
472,Saccharomycodes ludwigii,Saccharomycodes ludwigii(연구조사용),,AZ000010000000,식품원료,원료이기에 사용기준 없음,,사용불가,
473,,Saigon cinnamon줄기껍질,,A1004389600000,식품원료,원료이기에 사용기준 없음,,사용가능,
474,,Sainfoin잎,,A1004390380000,식품원료,원료이기에 사용기준 없음,,사용가능,
475,Schizochytrium (Schizochytrium spp.),Schizochytrium,,A6000139000000,식품원료,원료이기에 사용기준 없음,,"제한적사용가능, 별도 확인 필요",
476,SCHIZOCHYTRIUM EXTRACT OIL,Schizochytrium추출유지,,A6000139004520,식품원료,원료이기에 사용기준 없음,,"제한적사용가능, 별도 확인 필요",
477,,Schizosaccharomyces pombe,,A5000100000000,식품원료,원료이기에 사용기준 없음,,사용가능,
478,,School shark,,A3001053000000,식품원료,원료이기에 사용기준 없음,,사용가능,
479,SCOLOPSIS MONOGRAMMA,Scolopsis monogramma,,A3011981000000,식품원료,원료이기에 사용기준 없음,,사용가능,
480,SEPIELLA INERMIS,Sepiella inermis,,A3012029000000,식품원료,원료이기에 사용기준 없음,,사용가능,
481,,Shatavari순,,A1004485880000,식품원료,원료이기에 사용기준 없음,,사용가능,
482,SIAMESE MUD CARP,Siamese mud carp,,A3001054000000,식품원료,원료이기에 사용기준 없음,,사용가능,
483,,Sideritis theezans잎,,A1004491380000,식품원료,원료이기에 사용기준 없음,,사용가능,
484,SILVER LIME FLOWERS,Silver lime꽃,,A1004500140000,식품원료,원료이기에 사용기준 없음,,사용가능,
485,SILVERWEED,Silverweed,,A1002733000000,식품원료,원료이기에 사용기준 없음,,사용가능,
486,SILVERWEED LEAF EXTRACT,Silverweed잎추출물,,A1002733384500,식품원료,원료이기에 사용기준 없음,,사용가능,
487,Sin croaker,Sin croaker,,A3011989000000,식품원료,원료이기에 사용기준 없음,,사용가능,
488,,Snake gourd열매,,A1004532230000,식품원료,원료이기에 사용기준 없음,,사용가능,
489,Snakeskin gourami,Snakeskin gourami,,A3012015000000,식품원료,원료이기에 사용기준 없음,,사용가능,
490,,Sockeye salmon,,A3001040000000,식품원료,원료이기에 사용기준 없음,,사용가능,
491,Sodium metavanadate,Sodium metavanadate(외화획득용 등),,BZ000111000000,식품첨가물,"사용기준 못찾음, 별도 확인 필요",,사용불가,
492,solanum,Solanum kurzii열매,,A1004544230000,식품원료,원료이기에 사용기준 없음,,사용가능,
493,,Sorbitan monooleate,,B1003637000000,식품첨가물,"사용기준 못찾음, 별도 확인 필요",,"기타, 별도 확인 필요",
494,SORBITAN MONOSTEARATE,Sorbitan monostearate,,B1003634000000,식품첨가물,"사용기준 못찾음, 별도 확인 필요",,"기타, 별도 확인 필요",
495,,Spanish sage잎,,A1000148380000,식품원료,원료이기에 사용기준 없음,,사용가능,
496,Spider crab,Spider crab,,A3001055000000,식품원료,원료이기에 사용기준 없음,,사용가능,
497,STAPHYLOCOCCUS CARNOSUS,Staphylococcus carnosus,,A5000102000000,식품원료,원료이기에 사용기준 없음,,"제한적사용가능, 별도 확인 필요",
498,,Staphylococcus vitulinus,,A5000103000000,식품원료,원료이기에 사용기준 없음,,"제한적사용가능, 별도 확인 필요",
499,STAPHYLOCOCCUS XYLOSUS,Staphylococcus xylosus,,A5000104000000,식품원료,원료이기에 사용기준 없음,,"제한적사용가능, 별도 확인 필요",
500,"STOCK FISH, CUSK, TUSK","Stock Fish, Cusk, Tusk",,A3011939000000,식품원료,원료이기에 사용기준 없음,,사용가능,
501,,Strawberry tomato열매,,A1004612230000,식품원료,원료이기에 사용기준 없음,,사용가능,
502,,Strawberry열매,,A1004611230000,식품원료,원료이기에 사용기준 없음,,사용가능,
503,STRAWBERRY FRUIT JUICE CONCENTRATE,Strawberry열매주스농축,,A1004611230825,식품원료,원료이기에 사용기준 없음,,사용가능,
504,Lactococcus lactis subsp. lactis biovar. diacetylactis,Streptococcus diacetylactis,,A5000105000000,식품원료,원료이기에 사용기준 없음,,사용가능,
505,,Streptococcus salivarius,,A5000106000000,식품원료,원료이기에 사용기준 없음,,사용가능,
506,STREPTOCOCCUS THERMOPHILUS,Streptococcus thermophilus,,A5000107000000,식품원료,원료이기에 사용기준 없음,,사용가능,
507,,Streptococcus thermophilus분말,,A5000107000001,식품원료,원료이기에 사용기준 없음,,사용가능,
508,STRIPED SNAKEHEAD,Striped snakehead,,A3012008000000,식품원료,원료이기에 사용기준 없음,,사용가능,
509,SURINAM CHERRY,Surinam-cherry열매,,A1004634230000,식품원료,원료이기에 사용기준 없음,,사용가능,
510,BLUE FENUGREEK(leaf),Sweet trefoil잎,,A1000160380000,식품원료,원료이기에 사용기준 없음,,사용가능,
511,TEF POWDER,TEF분말,,A1054093320001,식품원료,원료이기에 사용기준 없음,,사용가능,
512,TEF,Tef씨앗,,A1000166320000,식품원료,원료이기에 사용기준 없음,,사용가능,
513,TETRASELMIS CHUII,Tetraselmis chuii(연구조사용 등),,AZ000034000000,식품원료,원료이기에 사용기준 없음,,사용불가,
514,Spinycheek Grouper,Thornycheek grouper,,A3011906000000,식품원료,원료이기에 사용기준 없음,,사용가능,
515,,Typycha kuratu잎,,A1000168380000,식품원료,원료이기에 사용기준 없음,,사용가능,
516,,UREX 프로바이오틱스(기능성원료인정제2014-27호),,C9000618000000,건강기능식품,"사용기준 못찾음, 별도 확인 필요",,"기타, 별도 확인 필요",
517,VELVET MESQUITE,Velvet mesquite,,A1003100000000,식품원료,원료이기에 사용기준 없음,,사용가능,
518,VELVET MESQUITE POWDER,Velvet mesquite분말,,A1003100000001,식품원료,원료이기에 사용기준 없음,,사용가능,
519,,Venus islandica,,A3001057000000,식품원료,원료이기에 사용기준 없음,,사용가능,
520,WHITE MUSTARD,WHITE MUSTARD,,A1004806000000,식품원료,원료이기에 사용기준 없음,,사용가능,
521,WAMPEE,Wampee,,A1000172000000,식품원료,원료이기에 사용기준 없음,,사용가능,
522,,Weissella cibaria,,A5000128000000,식품원료,원료이기에 사용기준 없음,,사용가능,
523,WEST AFRICAN GERYON,West African geryon,,A3012021000000,식품원료,원료이기에 사용기준 없음,,사용가능,
524,,White cherry열매,,A1004804230000,식품원료,원료이기에 사용기준 없음,,사용가능,
525,WHITE MUSTARD(SEED),White mustard씨앗,,A1004806320000,식품원료,원료이기에 사용기준 없음,,사용가능,
526,WHITE SAGE SEED,White sage씨앗,,A1005371320000,식품원료,원료이기에 사용기준 없음,,사용가능,
527,WHITEBARK RASPBERRY,Whitebark raspberry열매,,A1004809230000,식품원료,원료이기에 사용기준 없음,,사용가능,
528,Whiting,Whiting,,A3012030000000,식품원료,원료이기에 사용기준 없음,,사용가능,
529,WILD RICE,Wild rice씨앗,,A1005372320000,식품원료,원료이기에 사용기준 없음,,사용가능,
530,Williopsis saturnus,Williopsis saturnus(연구조사용),,AZ000013000000,식품원료,원료이기에 사용기준 없음,,사용불가,
531,WINGED BEAN,Winged bean,,A1003101000000,식품원료,원료이기에 사용기준 없음,,사용가능,
532,WINTER TRUFFLE,Winter truffle,,A1054154000000,식품원료,원료이기에 사용기준 없음,,사용가능,
533,WOLFBERRY,Wolfberry열매,,A1003174230000,식품원료,원료이기에 사용기준 없음,,사용가능,
534,WOOLY THISTLE,Wooly thistle,,A1003172000000,식품원료,원료이기에 사용기준 없음,,사용가능,
535,YELLOWSNOUT LARGE-EYE BREAM,Yellowsnout large-eye bream,,A3000019000000,식품원료,원료이기에 사용기준 없음,,사용가능,
536,Yellowstripe scad,Yellowstripe scad,,A3001060000000,식품원료,원료이기에 사용기준 없음,,사용가능,
537,YELLOWSTRIPE SCAD MEAT,Yellowstripe scad어육,,A3001060080000,식품원료,원료이기에 사용기준 없음,,사용가능,
538,Yellowtail scad,Yellowtail scad,,A3012016000000,식품원료,원료이기에 사용기준 없음,,사용가능,
539,ZEAXANTHIN,ZEAXANTHIN(외화획득용 등),,BZ000082000000,식품첨가물,"사용기준 못찾음, 별도 확인 필요",,사용불가,
540,,ZINC BISGLYCINATE(외화획득용 등),,BZ000122000000,식품첨가물,"사용기준 못찾음, 별도 확인 필요",,사용불가,
541,,Zanthoxylum beecheyanum열매,,A1004855230000,식품원료,원료이기에 사용기준 없음,,사용가능,
542,,Zanthoxylum bungeanum열매,,A1000184230000,식품원료,원료이기에 사용기준 없음,,"제한적사용가능, 별도 확인 필요",
543,,Zanthoxylum bungeanum열매분말,,A1000184230001,식품원료,원료이기에 사용기준 없음,,"제한적사용가능, 별도 확인 필요",
544,,Zanthoxylum bungeanum열매오일,,A1000184230020,식품원료,원료이기에 사용기준 없음,,"제한적사용가능, 별도 확인 필요",
545,ZANTHOXYLUM BUNGEANUM FRUIT EXTRACT,Zanthoxylum bungeanum열매추출물,,A1000184234500,식품원료,원료이기에 사용기준 없음,,"제한적사용가능, 별도 확인 필요",
546,ZINC CARNOSINE,Zinc Carnosine(외화획득용 등),,AZ000049000000,식품원료,원료이기에 사용기준 없음,,사용불가,
547,ZYGOSACCHAROMYCES ROUXII,Zygosaccharomyces rouxii,,A5000116000000,식품원료,원료이기에 사용기준 없음,,"제한적사용가능, 별도 확인 필요",
548,CHROMIUM POLYNICOTINATE(외화획득용에 한함),chromium polynicotinate,,A6000001000000,식품원료,원료이기에 사용기준 없음,,사용불가,
549,D-ALPHA-TOCOPHEROL CONCENTRATE,d-α-토코페롤,,B2000077000000,식품첨가물,II. 2. 1)의 규정에 따라 사용하여야 한다.,영양강화제,"기타, 별도 확인 필요",
550,D-ALPHA-TOCOPHERYL ACETATE,d-α-토코페릴아세테이트,,B1000419000000,식품첨가물,II. 2. 1)의 규정에 따라 사용하여야 한다.,영양강화제,"기타, 별도 확인 필요",
551,D-ALPHA-TOCOPHERYL ACID SUCCINATE,d-α-토코페릴호박산,,B1000421000000,식품첨가물,II. 2. 1)의 규정에 따라 사용하여야 한다.,영양강화제,"기타, 별도 확인 필요",
552,"D-TOCOPHEROL CONCENTRATE, MIXED",d-토코페롤(혼합형),,B2000076000000,식품첨가물,II. 2. 1)의 규정에 따라 사용하여야 한다.,영양강화제,"기타, 별도 확인 필요",
553,DL-ALPHA-TOCOPHERYL ACETATE,dl-α-토코페릴아세테이트,,B1003571000000,식품첨가물,II. 2. 1)의 규정에 따라 사용하여야 한다.,영양강화제,"기타, 별도 확인 필요",
554,DL-MENTHOL,dl-멘톨,,B1000062000000,식품첨가물,"사용기준 찾음, 별도 확인 필요",향료,"기타, 별도 확인 필요",
555,SODIUM DL-MALATE,dl-사과산나트륨,,B1000094000000,식품첨가물,II. 2. 1)의 규정에 따라 사용하여야 한다.,산도조절제,"기타, 별도 확인 필요",
556,MENTHOL,l-멘톨,,B1000063000000,식품첨가물,"사용기준 찾음, 별도 확인 필요",향료,"기타, 별도 확인 필요",
557,α-Glucosidase,α-글루코시다아제,,B2000210000000,식품첨가물,II. 2. 1)의 규정에 따라 사용하여야 한다.,효소제,"기타, 별도 확인 필요",
558,,α-시클로덱스트린,,B2000618000000,식품첨가물,"사용기준 못찾음, 별도 확인 필요",,"기타, 별도 확인 필요",
559,A-AMYLASE,α-아밀라아제,α-amylase,B2000041000000,식품첨가물,"종류확인
1. α-Amylase, Nonbacterial
2. α-Amylase, Bacterial",효소제,"기타, 별도 확인 필요",
560,"ALPHA-AMYLASE, NONBACTERIAL(DU)",α-아밀라아제(비세균성),"α-Amylase, Nonbacterial",B2000621000000,식품첨가물,"사용기준 못찾음, 별도 확인 필요",,"기타, 별도 확인 필요",
561,"ALPHA-AMYLASE, BACTERIAL(BAU)",α-아밀라아제(세균성),"α-Amylase, Bacterial",B2000042000000,식품첨가물,"사용기준 못찾음, 별도 확인 필요",,"기타, 별도 확인 필요",
562,α-AMYLCINNAMALDEHYDE,α-아밀신남알데히드,,B1000140000000,식품첨가물,"사용기준 찾음, 별도 확인 필요",향료,"기타, 별도 확인 필요",
563,ALPHA-ACETOLACTATE DECARBOXYLASE,α-아세토락테이트디카복실라아제,,B2000605000000,식품첨가물,II. 2. 1)의 규정에 따라 사용하여야 한다.,효소제,"기타, 별도 확인 필요",
564,ALPHA-IONONE,α-이오논,,B1000197000000,식품첨가물,"사용기준 찾음, 별도 확인 필요",향료,"기타, 별도 확인 필요",
565,BETA-GLUCANASE,β-글루카나아제,,B2000008000000,식품첨가물,II. 2. 1)의 규정에 따라 사용하여야 한다.,효소제,"기타, 별도 확인 필요",
566,,β-시클로덱스트린,,B2000619000000,식품첨가물,"사용기준 못찾음, 별도 확인 필요",,"기타, 별도 확인 필요",
567,,β-아밀라아제,,B2000909000000,식품첨가물,II. 2. 1)의 규정에 따라 사용하여야 한다.,효소제,"기타, 별도 확인 필요",
568,BETA-APO-8'-CAROTENAL,β-아포-8-카로티날,,B1000151000000,식품첨가물,"사용기준 못찾음, 별도 확인 필요",,"기타, 별도 확인 필요",
569,Β-IONONE,β-이오논,,B1000198000000,식품첨가물,"사용기준 찾음, 별도 확인 필요",향료,"기타, 별도 확인 필요",
570,BETA-CAROTENE,β-카로틴,"beta-carotene ,e160ai, Beta carotene,natural beta-carotene",B1000250000000,식품첨가물,"사용기준 찾음, 별도 확인 필요",착색료,"기타, 별도 확인 필요",
571,Γ-NONALACTONE,γ-노나락톤,,B1000035000000,식품첨가물,"사용기준 찾음, 별도 확인 필요",향료,"기타, 별도 확인 필요",
572,감마-시클로덱스트린,γ-시클로덱스트린,,B2000620000000,식품첨가물,"사용기준 못찾음, 별도 확인 필요",,"기타, 별도 확인 필요",
573,GAMMA-ORYZANOL,γ-오리자놀,,B2000140000000,식품첨가물,II. 2. 1)의 규정에 따라 사용하여야 한다.,산화방지제,"기타, 별도 확인 필요",
574,Γ-UNDECALACTONE,γ-운데카락톤,,B1000178000000,식품첨가물,"사용기준 찾음, 별도 확인 필요",향료,"기타, 별도 확인 필요",
575,EPSILON-POLYLYSINE,ε-폴리리신,,B2000152000000,식품첨가물,II. 2. 1)의 규정에 따라 사용하여야 한다.,보존료,"기타, 별도 확인 필요",
576,REGENERATED CELLULOSE,가공셀룰로스제,,D2000002000000,기구 및 용기포장,"사용기준 못찾음, 별도 확인 필요",,"기타, 별도 확인 필요",
577,Modified Corn Starch,변성전분,,,식품첨가물,종류확인. Oxidized Starch(E1404) 등,,사용가능,
578,"MEDIUM CHAIN TRIGLYCERIDE, MCT OIL","가공유지(MEDIUM CHAIN TRIGLYCERIDE, MCT OIL)",,P1204276000000,식품유형,"사용기준 못찾음, 별도 확인 필요",,사용가능,
579,"MEDIUM CHAIN TRIGLYCERIDE, MCT OIL POWDER","가공유지(MEDIUM CHAIN TRIGLYCERIDE, MCT OIL)분말",,P1204276000001,식품유형,"사용기준 못찾음, 별도 확인 필요",,사용가능,
580,Cross-Linked Sodium Carboxymethyl Cellulose,가교카복시메틸셀룰로스나트륨,,B1003626000000,식품첨가물,"사용기준 찾음, 별도 확인 필요",피막제,"기타, 별도 확인 필요",
581,STARRY TRIGGERFISH,가는꼬리쥐치,,A3011987000000,식품원료,원료이기에 사용기준 없음,,사용가능,
582,,가는쑥부쟁이순,,A1000189880000,식품원료,원료이기에 사용기준 없음,,사용가능,
583,,가는잎미선콩씨앗,,A1000192320000,식품원료,원료이기에 사용기준 없음,,"제한적사용가능, 별도 확인 필요",
584,LUPINE SEED POWDER,가는잎미선콩씨앗분말,,A1000192320001,식품원료,원료이기에 사용기준 없음,,"제한적사용가능, 별도 확인 필요",
585,,가는참나물순,,A1000197880000,식품원료,원료이기에 사용기준 없음,,사용가능,
586,BONITO,가다랑어,,A3000021000000,식품원료,원료이기에 사용기준 없음,,사용가능,
587,Bonito Elastin Peptide(VGPG Elastin®),가다랑어 엘라스틴 펩타이드(VGPG Elastin®)(기능성원료인정제2022-38호)),,C9001024000000,건강기능식품,"사용기준 못찾음, 별도 확인 필요",,사용가능,
588,DRIED BONITO EXTRACT POWDER,가다랑어건조추출분말,,A3000021000418,식품원료,원료이기에 사용기준 없음,,사용가능,
589,SKIPJACK TUNA OFFAL,가다랑어내장,,A3000021060000,식품원료,원료이기에 사용기준 없음,,사용가능,
590,DRIED BONITO CONCENTRATE,가다랑어농축,,A3000021000800,식품원료,원료이기에 사용기준 없음,,사용가능,
591,,가다랑어농축분말,,A3000021000801,식품원료,원료이기에 사용기준 없음,,사용가능,
592,,가다랑어농축액,,A3000021000814,식품원료,원료이기에 사용기준 없음,,사용가능,
593,BONITO PROTEIN,가다랑어단백질,,A3000021000008,식품원료,원료이기에 사용기준 없음,,사용가능,
594,BONITO POWDER,가다랑어분말,,A3000021000001,식품원료,원료이기에 사용기준 없음,,사용가능,
595,,가다랑어액,,A3000021000014,식품원료,원료이기에 사용기준 없음,,사용가능,
596,,가다랑어엑기스,,A3000021000017,식품원료,원료이기에 사용기준 없음,,사용가능,
597,,가다랑어엑기스분말,,A3000021000018,식품원료,원료이기에 사용기준 없음,,사용가능,
598,BONITO OIL,가다랑어오일,,A3000021000020,식품원료,원료이기에 사용기준 없음,,사용가능,
599,BONITO,가다랑어이리,,A3000021300000,식품원료,원료이기에 사용기준 없음,,사용가능,
600,,가다랑어주스,,A3000021000025,식품원료,원료이기에 사용기준 없음,,사용가능,
601,BONITO EXTRACT,가다랑어추출물,,A3000021004500,식품원료,원료이기에 사용기준 없음,,사용가능,
602,BONITO EXTRACT POWDER,가다랑어추출분말,,A3000021004501,식품원료,원료이기에 사용기준 없음,,사용가능,
603,가다랑어포 추출액,가다랑어추출액,,A3000021004514,식품원료,원료이기에 사용기준 없음,,사용가능,
604,,가다랑어플레이크,,A3000021000051,식품원료,원료이기에 사용기준 없음,,사용가능,
605,,가라지,,A3000022000000,식품원료,원료이기에 사용기준 없음,,사용가능,
606,JAPANESE SCAD EXTRACT,가라지추출물,,A3000022004500,식품원료,원료이기에 사용기준 없음,,사용가능,
607,GARCINIA CAMBOGIA HUSK POWDER,가르시니아캄보지아껍질분말,,A1000171240001,식품원료,원료이기에 사용기준 없음,,"제한적사용가능, 별도 확인 필요",
608,GARCINIA CAMBOGIA HUSK EXTRACT,가르시니아캄보지아껍질추출물,,A1000171244500,식품원료,원료이기에 사용기준 없음,,"제한적사용가능, 별도 확인 필요",
609,GARCINIA CAMBOGIA HUSK EXTRACT POWDER,가르시니아캄보지아껍질추출물분말,,A1000171244501,식품원료,원료이기에 사용기준 없음,,"제한적사용가능, 별도 확인 필요",
610,,가르시니아캄보지아열매껍질,,A1000171240000,식품원료,원료이기에 사용기준 없음,,"제한적사용가능, 별도 확인 필요",
611,GARCINIA CAMBOGIA FRUIT EXTRACT,가르시니아캄보지아열매추출물(외화획득용),,AZ000037000000,식품원료,원료이기에 사용기준 없음,,사용불가,
612,SCALLOP,가리비,,A3000733000000,식품원료,원료이기에 사용기준 없음,,사용가능,
613,,가리비관자,,A3000733250000,식품원료,원료이기에 사용기준 없음,,사용가능,
614,SCALLOP SHELL POWDER,가리비껍질분말,,A3000733200001,식품원료,원료이기에 사용기준 없음,,사용가능,
615,,가리비농축,,A3000896000800,식품원료,원료이기에 사용기준 없음,,사용가능,
616,SCALLOP POWDER,가리비분말,,A3000896000001,식품원료,원료이기에 사용기준 없음,,사용가능,
617,SCALLOP JUICE,가리비주스,,A3000733000025,식품원료,원료이기에 사용기준 없음,,사용가능,
618,SCALLOP EXTRACT,가리비추출물,,A3000896004500,식품원료,원료이기에 사용기준 없음,,사용가능,
619,SCALLOP EXTRACT POWDER,가리비추출분말,,A3000896004501,식품원료,원료이기에 사용기준 없음,,사용가능,
620,SHORT-NECKED CLAM,가무락조개,,A3000025000000,식품원료,원료이기에 사용기준 없음,,사용가능,
621,,가물치,,A3000026000000,식품원료,원료이기에 사용기준 없음,,사용가능,
622,,가물치분말,,A3000026000001,식품원료,원료이기에 사용기준 없음,,사용가능,
623,HYDROLYZED CHICKEN PROTEIN,가수분해 닭고기단백질,,A2000004070208,식품원료,원료이기에 사용기준 없음,,사용가능,
624,HYDROLYZED BONITO PROTEIN,가수분해가다랑어단백질,,A3000021000208,식품원료,원료이기에 사용기준 없음,,사용가능,
625,HYDROLYZED EGG PROTEIN,가수분해계란단백질,,A2000002000208,식품원료,원료이기에 사용기준 없음,,사용가능,
626,HYDROLYZED CYANOPSIS TETRAGONOLOBA L.,가수분해구아콩씨앗,,A1000402320200,식품원료,원료이기에 사용기준 없음,,사용가능,
627,,가수분해귀리분말,,A1000415000201,식품원료,원료이기에 사용기준 없음,,사용가능,
628,HYDROLYZED MUNG BEAN PROTEIN,가수분해녹두단백,,A1054071000208,식품원료,원료이기에 사용기준 없음,,사용가능,
629,,가수분해대두단백,,A1000633000208,식품원료,원료이기에 사용기준 없음,,사용가능,
630,HYDROLYZED SOYBEAN PROTEIN POWDER,가수분해대두단백분말,,A1000633000245,식품원료,원료이기에 사용기준 없음,,사용가능,
631,HYDROLYZED PORK PROTEIN,가수분해돼지단백질,,A2000005000208,식품원료,원료이기에 사용기준 없음,,사용가능,
632,WHEAT PROTEIN HYDROLYSATE,가수분해밀단백질,,A1000911000208,식품원료,원료이기에 사용기준 없음,,사용가능,
633,HYDROLYZED COLLAGEN PEPTIDE(FISH),가수분해생선콜라겐펩타이드,,A6000048000208,식품원료,원료이기에 사용기준 없음,,사용가능,
634,HYDROLYZED BEEF PROTEIN CONCENTRATE,가수분해소고기단백질,,A2000011070208,식품원료,원료이기에 사용기준 없음,,사용가능,
635,HYDROLYSED RICE PROTEIN,가수분해쌀단백,,A1001332000208,식품원료,원료이기에 사용기준 없음,,사용가능,
636,,가수분해옥수수단백,,A1001488000208,식품원료,원료이기에 사용기준 없음,,사용가능,
637,HYDROLYZED CORN STARCH,가수분해옥수수전분,,A1001488000238,식품원료,원료이기에 사용기준 없음,,사용가능,
638,HYDROLYSED PEA PROTEIN,가수분해완두단백,,A1054036320208,식품원료,원료이기에 사용기준 없음,,사용가능,
639,HYDROLYZED SKIM MILK PROTEIN,가수분해우유단백,,A2000016000208,식품원료,원료이기에 사용기준 없음,,사용가능,
640,WHEY PROTEIN ISOLATE HYDROLYSATE INSTANT,가수분해유청단백,,P0201140100208,식품유형,"사용기준 못찾음, 별도 확인 필요",,"기타, 별도 확인 필요",
641,ENZYMATICALLY HYDROLYSED DEMINERALISED WHEY SOLIDS,가수분해유청분말,,P0201140300200,식품유형,"사용기준 못찾음, 별도 확인 필요",,"기타, 별도 확인 필요",
642,FAVA BEAN PROTEIN HYDROLYSATE,가수분해잠두단백질,,A1001614000209,식품원료,원료이기에 사용기준 없음,,사용가능,
643,HYDROLYZED COLLAGEN (pig),가수분해콜라겐(돼지),,A6001454000200,식품원료,원료이기에 사용기준 없음,,사용가능,
644,HYDROLYZED COLLAGEN(FISH),가수분해콜라겐(생선),,A6001463000000,식품원료,원료이기에 사용기준 없음,,사용가능,
645,HYDROLYZED COLLAGEN(cow),가수분해콜라겐(소),,A6001455000200,식품원료,원료이기에 사용기준 없음,,사용가능,
646,hydrolized palm protein,가수분해팜단백질,,A1001982000209,식품원료,원료이기에 사용기준 없음,,사용가능,
647,HYDROLYZED SUNFLOWER SEED PROTEIN,가수분해해바라기씨단백질,,A1054056320209,식품원료,원료이기에 사용기준 없음,,사용가능,
648,Scalyeye plaice,가시가자미,,A3001063000000,식품원료,원료이기에 사용기준 없음,,사용가능,
649,,가시갯가재,,A3000028000000,식품원료,원료이기에 사용기준 없음,,사용가능,
650,LONGWING SEAROBIN,가시달강어,,A3000030000000,식품원료,원료이기에 사용기준 없음,,사용가능,
651,,가시발새우,,A3000031000000,식품원료,원료이기에 사용기준 없음,,사용가능,
652,ARGYROPS SPINIFER,가시실붉돔,,A3000034000000,식품원료,원료이기에 사용기준 없음,,사용가능,
653,SOURSOP,가시여지,,A1000208000000,식품원료,원료이기에 사용기준 없음,,사용가능,
654,,가시여지농축,,A1000208000800,식품원료,원료이기에 사용기준 없음,,사용가능,
655,,가시여지농축액,,A1000208000814,식품원료,원료이기에 사용기준 없음,,사용가능,
656,,가시여지열매,,A1000208230000,식품원료,원료이기에 사용기준 없음,,사용가능,
657,SOURSOP FRUIT EXTRACT,가시여지열매추출물,,A1000208234500,식품원료,원료이기에 사용기준 없음,,사용가능,
658,SOURSOP LEAVES,가시여지잎,,A1000208380000,식품원료,원료이기에 사용기준 없음,,"제한적사용가능, 별도 확인 필요",
659,GRAVIOLA(Soursop) LEAVES POWDER,가시여지잎분말,,A1000208380001,식품원료,원료이기에 사용기준 없음,,"제한적사용가능, 별도 확인 필요",
660,GRAVIOLA TEA LEAVES EXTRACT,가시여지잎추출액,,A1000208384514,식품원료,원료이기에 사용기준 없음,,"제한적사용가능, 별도 확인 필요",
661,SOURSOP JUICE,가시여지주스,,A1000208000025,식품원료,원료이기에 사용기준 없음,,사용가능,
662,,가시여지퓌레,,A1000208230034,식품원료,원료이기에 사용기준 없음,,사용가능,
663,,가시여지퓨레,,A1000208000034,식품원료,원료이기에 사용기준 없음,,사용가능,
664,,가시연꽃,,A1000209000000,식품원료,원료이기에 사용기준 없음,,사용가능,
665,"Gorgon(seed), Prickly Water Lily(seed)",가시연꽃씨앗,,A1000209320000,식품원료,원료이기에 사용기준 없음,,사용가능,
666,,가시연꽃열매,,A1000209230000,식품원료,원료이기에 사용기준 없음,,사용가능,
667,가시연꽃 추출물,가시연꽃추출물,,A1000209004500,식품원료,원료이기에 사용기준 없음,,사용가능,
668,,가시오갈피,,A1000210000000,식품원료,원료이기에 사용기준 없음,,사용가능,
669,,가시오갈피농축액,,A1000210000814,식품원료,원료이기에 사용기준 없음,,사용가능,
670,,가시오갈피분말,,A1000210000001,식품원료,원료이기에 사용기준 없음,,사용가능,
671,,가시오갈피뿌리,,A1000210610000,식품원료,원료이기에 사용기준 없음,,사용가능,
672,,가시오갈피뿌리추출물,,A1000210614500,식품원료,원료이기에 사용기준 없음,,사용가능,
673,,가시오갈피엑기스,,A1000210000017,식품원료,원료이기에 사용기준 없음,,사용가능,
674,,가시오갈피엑기스분말,,A1000210000018,식품원료,원료이기에 사용기준 없음,,사용가능,
675,,가시오갈피열매,,A1000210230000,식품원료,원료이기에 사용기준 없음,,사용가능,
676,가시오가피(가시오갈피)잎,가시오갈피잎,,A1000210380000,식품원료,원료이기에 사용기준 없음,,사용가능,
677,,가시오갈피줄기,,A1000210490000,식품원료,원료이기에 사용기준 없음,,사용가능,
678,ACANTHOPANAX SENTICOSUS EXTRACT,가시오갈피추출물,,A1000210004500,식품원료,원료이기에 사용기준 없음,,사용가능,
679,가시오가피(가시오갈피)추출분말,가시오갈피추출물분말,,A1000210004501,식품원료,원료이기에 사용기준 없음,,사용가능,
680,,가시오갈피추출액,,A1000210004514,식품원료,원료이기에 사용기준 없음,,사용가능,
681,COOKED GRAPE MUST,가열포도원액,,A1001995000321,식품원료,원료이기에 사용기준 없음,,사용가능,
682,STINGRAY,가오리,,A3000039000000,식품원료,원료이기에 사용기준 없음,,사용가능,
683,,가오리어육,,A3000039080000,식품원료,원료이기에 사용기준 없음,,사용가능,
684,,가오리연골분말,,A3000039090001,식품원료,원료이기에 사용기준 없음,,사용가능,
685,RAY FIN,가오리지느러미,,A3000039160000,식품원료,원료이기에 사용기준 없음,,사용가능,
686,,가이민대구,,A3000040000000,식품원료,원료이기에 사용기준 없음,,사용가능,
687,TERMINALIA CHEBULA RETZ,가자,,A1000213010000,식품원료,원료이기에 사용기준 없음,,사용불가,
688,가자미류,가자미,,A3000042000000,식품원료,원료이기에 사용기준 없음,,사용가능,
689,TERMINALIA CHEBULA RETZINS EXTRACT,가자추출물(AyuFlexⓇ(기능성원료인정제2022-12호),,C9001011000000,건강기능식품,"사용기준 못찾음, 별도 확인 필요",,"기타, 별도 확인 필요",
690,TERMINALIA CHEBULA EXTRACT,가자추출물(기능성원료인정제2021-9호),,C9001006000000,건강기능식품,"사용기준 못찾음, 별도 확인 필요",,"기타, 별도 확인 필요",
691,CHEBULIC MYROBALAN EXTRACT(연구조사용),가자추출물(외화획득용 등),,A1000213014500,식품원료,원료이기에 사용기준 없음,,사용불가,
692,,가재,,A3000043000000,식품원료,원료이기에 사용기준 없음,,사용가능,
693,KOREAN CRAYFISH POWDER,가재분말,,A3000043000001,식품원료,원료이기에 사용기준 없음,,사용가능,
694,,가재살,,A3000043080000,식품원료,원료이기에 사용기준 없음,,사용가능,
695,,가재추출물,,A3000043004500,식품원료,원료이기에 사용기준 없음,,사용가능,
696,"EGGPLANT(BRINJAL, MELONGENA)",가지,,A1000215000000,식품원료,원료이기에 사용기준 없음,,사용가능,
697,,가지꼭두서니잎,,A1000217380000,식품원료,원료이기에 사용기준 없음,,사용가능,
698,EGGPLANT POWDER,가지분말,,A1000215000001,식품원료,원료이기에 사용기준 없음,,사용가능,
699,EGGPLANT EXTRACT POWDER,가지추출분말,,A1000215004501,식품원료,원료이기에 사용기준 없음,,사용가능,
700,GUM GHATTI,가티검,,B2000122000000,식품첨가물,II. 2. 1)의 규정에 따라 사용하여야 한다.,증점제,"기타, 별도 확인 필요",
701,,가티검 분말,,B2000122000001,식품첨가물,"사용기준 못찾음, 별도 확인 필요",,"기타, 별도 확인 필요",
702,YELLOWFIN SOLE,각시가자미,,A3000044000000,식품원료,원료이기에 사용기준 없음,,사용가능,
703,,각시돔,,A3000045000000,식품원료,원료이기에 사용기준 없음,,사용가능,
704,,각시둥굴레뿌리줄기,,A1000220620000,식품원료,원료이기에 사용기준 없음,,사용가능,
705,,각시수염고둥,,A3001032000000,식품원료,원료이기에 사용기준 없음,,사용가능,
706,간마늘,간마늘,"Organic Minced Garlic, Minced Garlic",A1000774002300,식품원료,원료이기에 사용기준 없음,,사용가능,
707,,갈고등어,,A3000049000000,식품원료,원료이기에 사용기준 없음,,사용가능,
708,,갈고등어분말,,A3000049000001,식품원료,원료이기에 사용기준 없음,,사용가능,
709,,갈고등어추출물,,A3000049004500,식품원료,원료이기에 사용기준 없음,,사용가능,
710,,갈고등어포,,A3000049000050,식품원료,원료이기에 사용기준 없음,,사용가능,
711,,갈대,,A1000227000000,식품원료,원료이기에 사용기준 없음,,사용가능,
712,,갈대뿌리줄기,,A1000227620000,식품원료,원료이기에 사용기준 없음,,사용가능,
713,,갈대뿌리줄기추출분말,,A1000227624501,식품원료,원료이기에 사용기준 없음,,사용가능,
714,GALACTOMANNAN,갈락토만난,,B2009146000000,식품첨가물,"사용기준 못찾음, 별도 확인 필요",,사용불가,
715,GALACTOSE,갈락토스,,P1000017000000,식품유형,"사용기준 못찾음, 별도 확인 필요",,"기타, 별도 확인 필요",
716,GALACTOOLIGOSACCHARIDE,갈락토올리고당,,P0204050000000,식품유형,"사용기준 못찾음, 별도 확인 필요",,"기타, 별도 확인 필요",
717,SEAWEED,갈래곰보,,A3000856000000,식품원료,원료이기에 사용기준 없음,,사용가능,
718,,갈래곰보분말,,A3000856000001,식품원료,원료이기에 사용기준 없음,,사용가능,
719,,갈래곰보추출물,,A3000856004500,식품원료,원료이기에 사용기준 없음,,사용가능,
720,,갈매보리수나무,,A1000230000000,식품원료,원료이기에 사용기준 없음,,사용가능,
721,SEA BUCKTHORN(SIBERIAN PINEAPPLE) PULP,갈매보리수나무과육,,A1000230300000,식품원료,원료이기에 사용기준 없음,,사용가능,
722,,갈매보리수나무분말,,A1000230000001,식품원료,원료이기에 사용기준 없음,,사용가능,
723,SEA BUCKTHORN(SIBERIAN PINEAPPLE) SEED OIL,갈매보리수나무씨오일,,A1000230C10020,식품원료,원료이기에 사용기준 없음,,사용가능,
724,SEA BUCKTHORN(SIBERIAN PINEAPPLE),갈매보리수나무열매,,A1000230230000,식품원료,원료이기에 사용기준 없음,,사용가능,
725,SEA BUCKTHORN(SIBERIAN PINEAPPLE) CONCENTRATE,갈매보리수나무열매농축,,A1000230230800,식품원료,원료이기에 사용기준 없음,,사용가능,
726,SEA BUCKTHORN CONCENTRATE POWDER,갈매보리수나무열매농축분말,,A1000230230801,식품원료,원료이기에 사용기준 없음,,사용가능,
727,,갈매보리수나무열매농축액,,A1000230230814,식품원료,원료이기에 사용기준 없음,,사용가능,
728,SEA BUCKTHORN BERRY POWDER,갈매보리수나무열매분말,,A1000230230001,식품원료,원료이기에 사용기준 없음,,사용가능,
729,SEA BUCKTHORN FRUIT OIL,갈매보리수나무열매오일,,A1000230230020,식품원료,원료이기에 사용기준 없음,,사용가능,
730,SEA BUCKTHORN FRUIT JUICE,갈매보리수나무열매주스,,A1000230230025,식품원료,원료이기에 사용기준 없음,,사용가능,
731,SEA BUCKTHORN(SIBERIAN PINEAPPLE),갈매보리수나무열매주스농축,,A1000230230825,식품원료,원료이기에 사용기준 없음,,사용가능,
732,Sea buckthorn fruit juice powder,갈매보리수나무열매주스분말,,A1000230230069,식품원료,원료이기에 사용기준 없음,,사용가능,
733,,갈매보리수나무열매추출물,,A1000230234514,식품원료,원료이기에 사용기준 없음,,사용가능,
734,SEA BUCKTHORN FRUIT EXTRACT POWDER,갈매보리수나무열매추출분말,,A1000230234500,식품원료,원료이기에 사용기준 없음,,사용가능,
735,SEA BUCKTHORN(SIBERIAN PINEAPPLE) PUREE,갈매보리수나무열매퓌레,,A1000230230034,식품원료,원료이기에 사용기준 없음,,사용가능,
736,SEA BUCKTHORN LEAVES,갈매보리수나무잎,,A1000230380000,식품원료,원료이기에 사용기준 없음,,사용가능,
737,SEA BUCKTHORN SEED OIL,갈매보리수나무종자유,,A1000230320020,식품원료,원료이기에 사용기준 없음,,"제한적사용가능, 별도 확인 필요",
738,SEA BUCKTHORN EXTRACT,갈매보리수나무추출물,,A1000230004500,식품원료,원료이기에 사용기준 없음,,사용가능,
739,MEALWORM,갈색거저리유충,,A4000089000000,식품원료,원료이기에 사용기준 없음,,사용가능,
740,BROWN MUSTARD SEED,갈색겨자씨앗,,A1002848320000,식품원료,원료이기에 사용기준 없음,,사용가능,
741,BROWN SUGAR,갈색설탕,,P0105020000000,식품유형,"사용기준 못찾음, 별도 확인 필요",,"기타, 별도 확인 필요",
742,BROWN SUGAR SYRUP,갈색설탕시럽,,P0105020000013,식품유형,"사용기준 못찾음, 별도 확인 필요",,"기타, 별도 확인 필요",
743,,갈전갱이,,A3000054000000,식품원료,원료이기에 사용기준 없음,,사용가능,
744,,갈퀴덩굴,,A1000235000000,식품원료,원료이기에 사용기준 없음,,사용가능,
745,PERSIMMON,감,,A1000236000000,식품원료,원료이기에 사용기준 없음,,사용가능,
746,,감가루,,A1000236000001,식품원료,원료이기에 사용기준 없음,,사용가능,
747,"MANDARIN(=TANGERINE,DALANDAN)",감귤,,A1000237230000,식품원료,원료이기에 사용기준 없음,,사용가능,
748,,감귤과립,,A1000237000043,식품원료,원료이기에 사용기준 없음,,사용가능,
749,MANDARIN ORANGE PULP,감귤과육,,A1053967300000,식품원료,원료이기에 사용기준 없음,,사용가능,
750,,감귤과즙,,A1000237000026,식품원료,원료이기에 사용기준 없음,,사용가능,
751,,감귤과즙농축액,,A1000237230826,식품원료,원료이기에 사용기준 없음,,사용가능,
752,,감귤과즙분말,,A1000237000057,식품원료,원료이기에 사용기준 없음,,사용가능,
753,CITRUS PEELS,감귤껍질,,A1000237240000,식품원료,원료이기에 사용기준 없음,,사용가능,
754,,감귤껍질분말,,A1000237240001,식품원료,원료이기에 사용기준 없음,,사용가능,
755,,감귤껍질추출물,,A1000237244500,식품원료,원료이기에 사용기준 없음,,사용가능,
756,감귤껍질 추출분말,감귤껍질추출물분말,,A1000237244501,식품원료,원료이기에 사용기준 없음,,사용가능,
757,,감귤농축과즙액,,A1000237000826,식품원료,원료이기에 사용기준 없음,,사용가능,
758,,감귤농축액,,A1000237000814,식품원료,원료이기에 사용기준 없음,,사용가능,
759,TANGERINE JUICE CONCENTRATE,감귤농축주스,,A1000237000825,식품원료,원료이기에 사용기준 없음,,사용가능,
760,,감귤분말,,A1000237000001,식품원료,원료이기에 사용기준 없음,,사용가능,
761,,감귤시럽,,A1000237000013,식품원료,원료이기에 사용기준 없음,,사용가능,
762,CITRUS FIBER,감귤식이섬유,,A1000237000084,식품원료,원료이기에 사용기준 없음,,사용가능,
763,CITRUS RETICULATA(MANDARIN ORANGE)PEEL OIL,감귤열매껍질오일,,A1000237240020,식품원료,원료이기에 사용기준 없음,,사용가능,
764,,감귤오일,,A1000237000020,식품원료,원료이기에 사용기준 없음,,사용가능,
765,,감귤주스,,A1000237000025,식품원료,원료이기에 사용기준 없음,,사용가능,
766,DISTILLATE OF MANDARIN,감귤증류액,,A1000237236914,식품원료,원료이기에 사용기준 없음,,사용가능,
767,CITRUS EXTRACT,감귤추출물,,A1000237004500,식품원료,원료이기에 사용기준 없음,,사용가능,
768,,감귤추출물분말,,A1000237004501,식품원료,원료이기에 사용기준 없음,,사용가능,
769,,감귤페이스트,,A1000237000033,식품원료,원료이기에 사용기준 없음,,사용가능,
770,MANDARIN PUREE,감귤퓌레,,A1000237000034,식품원료,원료이기에 사용기준 없음,,사용가능,
771,,감농축액,,A1000236000817,식품원료,원료이기에 사용기준 없음,,사용가능,
772,Chinese white olive extract,감람나무열매,,A1000239230000,식품원료,원료이기에 사용기준 없음,,사용가능,
773,HONEYDEW,감로멜론,,A1000240000000,식품원료,원료이기에 사용기준 없음,,사용가능,
774,HONEYDEW MELON CONCENTRATE,감로멜론농축액,,A1000240000814,식품원료,원료이기에 사용기준 없음,,사용가능,
775,HONEYDEW POWDER,감로멜론분말,,A1053996230001,식품원료,원료이기에 사용기준 없음,,사용가능,
776,HONEYDEW MELON JUICE,감로멜론주스,,A1000240000025,식품원료,원료이기에 사용기준 없음,,사용가능,
777,HONEYDEW MELON DISTILLATE,감로멜론증류액,,A1000240006914,식품원료,원료이기에 사용기준 없음,,사용가능,
778,HONEYDEW MELON EXTRACT,감로멜론추출물,,A1000240004500,식품원료,원료이기에 사용기준 없음,,사용가능,
779,,감마리놀렌산(고시형),,C2000051000000,건강기능식품,"사용기준 못찾음, 별도 확인 필요",,"기타, 별도 확인 필요",
780,γ-Carotene,감마카로틴(외화회득용),,C1001433000000,건강기능식품,"사용기준 못찾음, 별도 확인 필요",,사용불가,
781,PERSIMMON COLOR,감색소,,B1003652000000,식품첨가물,"사용기준 찾음, 별도 확인 필요",착색료,"기타, 별도 확인 필요",
782,,감성돔,,A3000057000000,식품원료,원료이기에 사용기준 없음,,사용가능,
783,HYDROLYZED BLACK SEA BREAM PROTEIN,감성돔가수분해단백질,,A3000057000209,식품원료,원료이기에 사용기준 없음,,사용가능,
784,,감식초,,P0121010200000,식품유형,"사용기준 못찾음, 별도 확인 필요",,"기타, 별도 확인 필요",
785,,감잎,,A1000236380000,식품원료,원료이기에 사용기준 없음,,사용가능,
786,,감잎추출물분말,,A1000236384501,식품원료,원료이기에 사용기준 없음,,사용가능,
787,POTATO,감자,Potatoes,A1000244000000,식품원료,원료이기에 사용기준 없음,,사용가능,
788,POTATO GRANULE,감자과립,,A1000244000043,식품원료,원료이기에 사용기준 없음,,사용가능,
789,BABY ROAST POTATOES,감자구이,,A1000244000500,식품원료,원료이기에 사용기준 없음,,사용가능,
790,,감자다이스,,A1000244000007,식품원료,원료이기에 사용기준 없음,,사용가능,
791,POTATO PROTEIN,감자단백,,A1000244000008,식품원료,원료이기에 사용기준 없음,,사용가능,
792,HYDROLYZED POTATO PROTEIN,감자단백가수분해물,,A1000244000208,식품원료,원료이기에 사용기준 없음,,사용가능,
793,POTATO POWDER,감자분말,Potato flour,A1000244000001,식품원료,원료이기에 사용기준 없음,,사용가능,
794,,감자식이섬유,,A1000244510084,식품원료,원료이기에 사용기준 없음,,사용가능,
795,POTATO STARCH,감자전분,,P0129030100000,식품유형,"사용기준 못찾음, 별도 확인 필요",,"기타, 별도 확인 필요",
796,POTATO STARCH SYRUP,감자전분시럽,,A1000244000013,식품원료,원료이기에 사용기준 없음,,사용가능,
797,POTATO JUICE,감자주스,,A1000244000025,식품원료,원료이기에 사용기준 없음,,사용가능,
798,,감자추출물,,A1000244004500,식품원료,원료이기에 사용기준 없음,,사용가능,
799,,감자칩,,A1000244000048,식품원료,원료이기에 사용기준 없음,,사용가능,
800,FRIED POTATO,감자튀김,,A1000244003600,식품원료,원료이기에 사용기준 없음,,사용가능,
801,,감자페이스트,,A1000244000033,식품원료,원료이기에 사용기준 없음,,사용가능,
802,POTATO PUREE,감자퓌레,,A1000244000034,식품원료,원료이기에 사용기준 없음,,사용가능,
803,POTATO FLAKE,감자플레이크,,A1000244000051,식품원료,원료이기에 사용기준 없음,,사용가능,
804,JAPANESE KNOTWEED,감제풀,,A1002697000000,식품원료,원료이기에 사용기준 없음,,사용불가,
805,LICORICE(LIQUORICE),감초,,A1000245000000,식품원료,원료이기에 사용기준 없음,,"제한적사용가능, 별도 확인 필요",
806,DRIED LICORICE(LIQUORICE),감초건조,,A1000245000400,식품원료,원료이기에 사용기준 없음,,"제한적사용가능, 별도 확인 필요",
807,,감초농축액,,A1000245000814,식품원료,원료이기에 사용기준 없음,,"제한적사용가능, 별도 확인 필요",
808,LICORICE(LIQUORICE) POWDER-FREEZE DRIED POWDER,감초분말,"LICORICE POWDER-FREEZE DRIED POWDER,LIQUORICE POWDER-FREEZE DRIED POWDER",A1000245000001,식품원료,원료이기에 사용기준 없음,,"제한적사용가능, 별도 확인 필요",
809,,감초뿌리,,A1000245610000,식품원료,원료이기에 사용기준 없음,,"제한적사용가능, 별도 확인 필요",
810,,감초뿌리줄기,,A1000245620000,식품원료,원료이기에 사용기준 없음,,"제한적사용가능, 별도 확인 필요",
811,,감초엑기스,,A1000245000017,식품원료,원료이기에 사용기준 없음,,"제한적사용가능, 별도 확인 필요",
812,,감초엑기스고형분,,A1000245000004,식품원료,원료이기에 사용기준 없음,,"제한적사용가능, 별도 확인 필요",
813,LICORICE JUICE,감초주스,,A1054073000025,식품원료,원료이기에 사용기준 없음,,"제한적사용가능, 별도 확인 필요",
814,LICORICE(LIQUORICE) EXTRACT,감초추출물,"LICORICE EXTRACT,LIQUORICE EXTRACT",B2000002000000,식품첨가물,II. 2. 1)의 규정에 따라 사용하여야 한다.,감미료,"기타, 별도 확인 필요",
815,,감초추출물 추출,,B2000002004500,식품첨가물,"사용기준 못찾음, 별도 확인 필요",,사용불가,
816,LICORICE(LIQUORICE) EXTRACT POWDER,감초추출물분말,"LICORICE EXTRACT POWDER,LIQUORICE EXTRACT POWDER",A1000245004501,식품원료,원료이기에 사용기준 없음,,"제한적사용가능, 별도 확인 필요",
817,,감초추출액,,A1000245004514,식품원료,원료이기에 사용기준 없음,,"제한적사용가능, 별도 확인 필요",
818,LICORICE(LIQUORICE) PASTE,감초페이스트,"LICORICE PASTE,LIQUORICE PASTE",A1000245000033,식품원료,원료이기에 사용기준 없음,,"제한적사용가능, 별도 확인 필요",
819,,감추출물,,A1000236004500,식품원료,원료이기에 사용기준 없음,,사용가능,
820,,감추출액,,A1000236004514,식품원료,원료이기에 사용기준 없음,,사용가능,
821,ECKLONIA CAVA,감태,,A3000858000000,식품원료,원료이기에 사용기준 없음,,사용가능,
822,,감태분말,,A3000858000001,식품원료,원료이기에 사용기준 없음,,사용가능,
823,,감태추출물,,A1000858004500,식품원료,원료이기에 사용기준 없음,,사용가능,
824,,감태추출물분말,,A1000858004501,식품원료,원료이기에 사용기준 없음,,사용가능,
825,,감페이스트,,A1000236000033,식품원료,원료이기에 사용기준 없음,,사용가능,
826,PERSIMMON PUREE,감퓌레,,A1000236000034,식품원료,원료이기에 사용기준 없음,,사용가능,
827,,갑오징어,,A3000058000000,식품원료,원료이기에 사용기준 없음,,사용가능,
828,CUTTLEFISH LEG,갑오징어다리,,A3000058100000,식품원료,원료이기에 사용기준 없음,,사용가능,
829,CUTTLEFISH INK,갑오징어먹물,,A3000058000014,식품원료,원료이기에 사용기준 없음,,사용가능,
830,CUTTLEFISH POWDER,갑오징어분말,,A3000058000001,식품원료,원료이기에 사용기준 없음,,사용가능,
831,CUTTLEFISH EXTRACT POWDER,갑오징어추출분말,,A3000058004501,식품원료,원료이기에 사용기준 없음,,사용가능,
832,BROWN MUSTARD,갓,,A1000246000000,식품원료,원료이기에 사용기준 없음,,사용가능,
833,YARD LONG BEAN,갓끈동부,,A1000247000000,식품원료,원료이기에 사용기준 없음,,사용가능,
834,,갓씨앗,,A1000246320000,식품원료,원료이기에 사용기준 없음,,사용가능,
835,,갓잎,,A1000246380000,식품원료,원료이기에 사용기준 없음,,사용가능,
836,,갓줄기,,A1000246490000,식품원료,원료이기에 사용기준 없음,,사용가능,
837,LEAF MUSTARD EXTRACT,갓추출물,,A1000246004500,식품원료,원료이기에 사용기준 없음,,사용가능,
838,KIDNEY BEAN,강낭콩,,A1000250000000,식품원료,원료이기에 사용기준 없음,,사용가능,
839,KIDNEY BEAN POD,강낭콩꼬투리,,A1000250360000,식품원료,원료이기에 사용기준 없음,,사용가능,
840,,강낭콩분말,,A1000250000001,식품원료,원료이기에 사용기준 없음,,사용가능,
841,,강낭콩앙금,,A1000250000037,식품원료,원료이기에 사용기준 없음,,사용가능,
842,KIDNEY BEAN EXTRACT,강낭콩추출물,,A1000250324500,식품원료,원료이기에 사용기준 없음,,사용가능,
843,,강낭콩추출물분말,,A1000250004501,식품원료,원료이기에 사용기준 없음,,사용가능,
844,KIDNEY BEAN PASTE,강낭콩페이스트,,A1000250000033,식품원료,원료이기에 사용기준 없음,,사용가능,
845,,강달이,,A3000060000000,식품원료,원료이기에 사용기준 없음,,사용가능,
846,,강담돔,,A3000061000000,식품원료,원료이기에 사용기준 없음,,사용가능,
847,,강력분,,A1002412000001,식품원료,원료이기에 사용기준 없음,,사용가능,
848,,강황,turmeric,A1000253000000,식품원료,원료이기에 사용기준 없음,,"제한적사용가능, 별도 확인 필요",
849,TUMERIC POWDER,강황가루,Turmeric powder,A1000253620001,식품원료,원료이기에 사용기준 없음,,"제한적사용가능, 별도 확인 필요",
850,,강황농축분말,,A1000253620801,식품원료,원료이기에 사용기준 없음,,"제한적사용가능, 별도 확인 필요",
851,강황 농축액,강황농축액,,A1000253620814,식품원료,원료이기에 사용기준 없음,,"제한적사용가능, 별도 확인 필요",
852,,강황발효분말,,A1000253621901,식품원료,원료이기에 사용기준 없음,,"제한적사용가능, 별도 확인 필요",
853,,강황뿌리줄기,,A1000253620000,식품원료,원료이기에 사용기준 없음,,"제한적사용가능, 별도 확인 필요",
854,TURMERIC ROOT FIBER,강황뿌리줄기식이섬유,,A1000253620084,식품원료,원료이기에 사용기준 없음,,"제한적사용가능, 별도 확인 필요",
855,,강황뿌리줄기추출물,,A1000253624500,식품원료,원료이기에 사용기준 없음,,"제한적사용가능, 별도 확인 필요",
856,,강황오일,,A1000253620020,식품원료,원료이기에 사용기준 없음,,"제한적사용가능, 별도 확인 필요",
857,TUMERIC JUICE,강황주스,,A1054092000025,식품원료,원료이기에 사용기준 없음,,"제한적사용가능, 별도 확인 필요",
858,,강황추출물(터마신)(기능성원료인정제2014-2호),,C9000960000000,건강기능식품,"사용기준 못찾음, 별도 확인 필요",,"기타, 별도 확인 필요",
859,,강황추출물분말,,A1000253624501,식품원료,원료이기에 사용기준 없음,,"제한적사용가능, 별도 확인 필요",
860,,강황추출액,turmeric extract,A1000253624514,식품원료,원료이기에 사용기준 없음,,"제한적사용가능, 별도 확인 필요",
861,,개다래나무과실분말,,A1000261230001,식품원료,원료이기에 사용기준 없음,,사용가능,
862,,개다래나무순,,A1000261380000,식품원료,원료이기에 사용기준 없음,,사용가능,
863,,개다래나무열매,,A1000261230000,식품원료,원료이기에 사용기준 없음,,사용가능,
864,,개들쭉열매주스,,A1000265230025,식품원료,원료이기에 사용기준 없음,,사용가능,
865,,개똥쑥,,A1000266000000,식품원료,원료이기에 사용기준 없음,,"제한적사용가능, 별도 확인 필요",
866,,개똥쑥잎,,A1000266380000,식품원료,원료이기에 사용기준 없음,,"제한적사용가능, 별도 확인 필요",
867,,개똥쑥잎분말,,A1000266380001,식품원료,원료이기에 사용기준 없음,,"제한적사용가능, 별도 확인 필요",
868,,개똥쑥추출물,,A1000266424512,식품원료,원료이기에 사용기준 없음,,"제한적사용가능, 별도 확인 필요",
869,,개똥쑥추출액,,A1000266004514,식품원료,원료이기에 사용기준 없음,,"제한적사용가능, 별도 확인 필요",
870,,개량조개,,A3000064000000,식품원료,원료이기에 사용기준 없음,,사용가능,
871,FORMIC ACID,개미산,,B1000341000000,식품첨가물,"사용기준 찾음, 별도 확인 필요",향료,"기타, 별도 확인 필요",
872,GERANYL FORMATE,개미산게라닐,,B1000001000000,식품첨가물,"사용기준 찾음, 별도 확인 필요",향료,"기타, 별도 확인 필요",
873,CITRONELLYL FORMATE,개미산시트로넬릴,,B1000002000000,식품첨가물,"사용기준 찾음, 별도 확인 필요",향료,"기타, 별도 확인 필요",
874,ISOAMYL FORMATE,개미산이소아밀,,B1000003000000,식품첨가물,"사용기준 찾음, 별도 확인 필요",향료,"기타, 별도 확인 필요",
875,,개사철쑥추출액,,A1000279884514,식품원료,원료이기에 사용기준 없음,,사용가능,
876,Winged prickly-ash,개산초,,A1004885000000,식품원료,원료이기에 사용기준 없음,,사용가능,
877,,개산초열매,,A1004885230000,식품원료,원료이기에 사용기준 없음,,사용가능,
878,,개산초열매기름,,A1004885230006,식품원료,원료이기에 사용기준 없음,,사용가능,
879,,개산초열매분말,,A1004885230001,식품원료,원료이기에 사용기준 없음,,사용가능,
880,"HAZELNUT, FILBERT",개암,"hazelnuts, whole HAZELNUTS",A1000284000000,식품원료,원료이기에 사용기준 없음,,사용가능,
881,HAZELNUT POWDER,개암가루,,A1000284230001,식품원료,원료이기에 사용기준 없음,,사용가능,
882,"HAZELNUT, FILBERT",개암기름,,A1000284000020,식품원료,원료이기에 사용기준 없음,,사용가능,
883,,개암나무열매,,A1000285230000,식품원료,원료이기에 사용기준 없음,,사용가능,
884,,개암나무열매매스,,A1000285230090,식품원료,원료이기에 사용기준 없음,,사용가능,
885,,개암나무열매오일,,A1000285230020,식품원료,원료이기에 사용기준 없음,,사용가능,
886,HAZELNUT PUREE,개암나무열매퓌레,,A1000285230034,식품원료,원료이기에 사용기준 없음,,사용가능,
887,HAZELNUT CONCENTRATE,개암농축,,A1000284000800,식품원료,원료이기에 사용기준 없음,,사용가능,
888,,개암매스,,A1000284230090,식품원료,원료이기에 사용기준 없음,,사용가능,
889,,개암버섯,,A1000286000000,식품원료,원료이기에 사용기준 없음,,사용가능,
890,,개암분태,,A1000284230035,식품원료,원료이기에 사용기준 없음,,사용가능,
891,HAZELNUT EXTRACT,개암추출물,,A1000284234500,식품원료,원료이기에 사용기준 없음,,사용가능,
892,HAZELNUT PASTE,개암페이스트,,A1000284230033,식품원료,원료이기에 사용기준 없음,,사용가능,
893,,개양귀비꽃잎,,A1000287170000,식품원료,원료이기에 사용기준 없음,,"제한적사용가능, 별도 확인 필요",
894,,개정향풀,,A1002661000000,식품원료,원료이기에 사용기준 없음,,사용불가,
895,,개조개,,A3000070000000,식품원료,원료이기에 사용기준 없음,,사용가능,
896,,개지치씨유,,A9000012000000,식품원료,원료이기에 사용기준 없음,,사용불가,
897,RAMANAS ROSE,개해당화열매,,A1000293230000,식품원료,원료이기에 사용기준 없음,,사용가능,
898,,객주리,,A3000071000000,식품원료,원료이기에 사용기준 없음,,사용가능,
899,,갯가재,,A3000073000000,식품원료,원료이기에 사용기준 없음,,사용가능,
900,PEUCEDANUM JAPONICUM THUNBERG,갯기름나물,,A1000294000000,식품원료,원료이기에 사용기준 없음,,사용가능,
901,Coastal hogfennel powder,갯기름나물분말,,A1000294000001,식품원료,원료이기에 사용기준 없음,,사용가능,
902,MILK FISH,갯농어,,A3000075000000,식품원료,원료이기에 사용기준 없음,,사용가능,
903,,갯방풍연한잎자루,,A1000297460000,식품원료,원료이기에 사용기준 없음,,사용가능,
904,SEMEN CUSCUTAE,갯실새삼씨앗,,A1000299320000,식품원료,원료이기에 사용기준 없음,,"제한적사용가능, 별도 확인 필요",
905,,갯실새삼씨앗추출물,,A1000299324512,식품원료,원료이기에 사용기준 없음,,"제한적사용가능, 별도 확인 필요",
906,,갯장어,,A3000076000000,식품원료,원료이기에 사용기준 없음,,사용가능,
907,DAGGERTOOTH PIKE CONGER SKIN,갯장어껍질,,A3011909030000,식품원료,원료이기에 사용기준 없음,,사용가능,
908,,거봉,,A1002509000000,식품원료,원료이기에 사용기준 없음,,사용가능,
909,KYOHO GRAPE JUICE POWDER,거봉과즙분말,,A1054177000057,식품원료,원료이기에 사용기준 없음,,사용가능,
910,,거봉주스,,A1002509000025,식품원료,원료이기에 사용기준 없음,,사용가능,
911,,거봉포도농축,,A1002509000800,식품원료,원료이기에 사용기준 없음,,사용가능,
912,GOOSE FOIE GRAS,거위간,,A2000001020000,식품원료,원료이기에 사용기준 없음,,사용가능,
913,,거위고기,,A2000001070000,식품원료,원료이기에 사용기준 없음,,사용가능,
914,GOOSE FAT,거위지방,,A20000012Z0000,식품원료,원료이기에 사용기준 없음,,사용가능,
915,,건가다랑어포,,A3000021000050,식품원료,원료이기에 사용기준 없음,,사용가능,
916,,건가지,,A1000215000400,식품원료,원료이기에 사용기준 없음,,사용가능,
917,,건고구마줄기,,A1000340490400,식품원료,원료이기에 사용기준 없음,,사용가능,
918,,건고사리,,A1000350000400,식품원료,원료이기에 사용기준 없음,,사용가능,
919,"DRIED HOT PEPPER(CAYENNE, CHILI PEPPER, RED PEPPER)",건고추,"DRIED CAYENNE PEPPER,DRIED CHILI PEPPER,DRIED RED PEPPER",A1000355000400,식품원료,원료이기에 사용기준 없음,,사용가능,
920,,건다랑어,,A3000216000400,식품원료,원료이기에 사용기준 없음,,사용가능,
921,,건다시마분말,,A3000864000401,식품원료,원료이기에 사용기준 없음,,사용가능,
922,DRIED CARROT,건당근,,A1000624000400,식품원료,원료이기에 사용기준 없음,,사용가능,
923,,건당근플레이크,,A1000624000451,식품원료,원료이기에 사용기준 없음,,사용가능,
924,,건대추,dried JUJUBE,A1000637300400,식품원료,원료이기에 사용기준 없음,,사용가능,
925,,건대파,dried Spring onion,A1002155000400,식품원료,원료이기에 사용기준 없음,,사용가능,
926,,건대파플레이크,,A1002155000451,식품원료,원료이기에 사용기준 없음,,사용가능,
927,,건도라지,,A1000662000400,식품원료,원료이기에 사용기준 없음,,사용가능,
928,,건딸기가루,,A1000723000401,식품원료,원료이기에 사용기준 없음,,사용가능,
929,,건마늘분말,,A1000774000401,식품원료,원료이기에 사용기준 없음,,사용가능,
930,,건마늘조각,,A1000774000424,식품원료,원료이기에 사용기준 없음,,사용가능,
931,,건마늘플레이크,,A1000774000451,식품원료,원료이기에 사용기준 없음,,사용가능,
932,,건멸치분말,,A3000315000401,식품원료,원료이기에 사용기준 없음,,사용가능,
933,DRIED ANCHOVY EXTRACT,건멸치엑기스,,A3000315000417,식품원료,원료이기에 사용기준 없음,,사용가능,
934,,건목이버섯,,A1000863B90400,식품원료,원료이기에 사용기준 없음,,사용가능,
935,,건무,,A1000872610400,식품원료,원료이기에 사용기준 없음,,사용가능,
936,DRIED SEA MUSTARD(BROWN SEAWEED),건미역,DRIED BROWN SEAWEED,A3000871000400,식품원료,원료이기에 사용기준 없음,,사용가능,
937,,건보리새우,,A3000411000400,식품원료,원료이기에 사용기준 없음,,사용가능,
938,,건살구,,A1001164000400,식품원료,원료이기에 사용기준 없음,,사용가능,
939,,건살구다이스,,A1001164000407,식품원료,원료이기에 사용기준 없음,,사용가능,
940,DEHYDRATED SHRIMP,건새우,,A3000491000400,식품원료,원료이기에 사용기준 없음,,사용가능,
941,,건새우분말,,A3000491000401,식품원료,원료이기에 사용기준 없음,,사용가능,
942,,건새우분태,,A3000491000435,식품원료,원료이기에 사용기준 없음,,사용가능,
943,,건새우액,,A3000491000414,식품원료,원료이기에 사용기준 없음,,사용가능,
944,DRIED GINGER,건생강,,A1001184000400,식품원료,원료이기에 사용기준 없음,,사용가능,
945,,건생강분말,,A1001184000401,식품원료,원료이기에 사용기준 없음,,사용가능,
946,,건생강추출고형분,,A1001184004504,식품원료,원료이기에 사용기준 없음,,사용가능,
947,,건생강추출물,,A1001184004500,식품원료,원료이기에 사용기준 없음,,사용가능,
948,DRIED SPINACH,건시금치,,A1001306000400,식품원료,원료이기에 사용기준 없음,,사용가능,
949,DRIED CABBAGE,건양배추,,A1001425000400,식품원료,원료이기에 사용기준 없음,,사용가능,
950,,건양파분말,,A1001431000401,식품원료,원료이기에 사용기준 없음,,사용가능,
951,,건양파플레이크,,A1001431000451,식품원료,원료이기에 사용기준 없음,,사용가능,
952,DRY SQUID,건오징어,,A3000565000400,식품원료,원료이기에 사용기준 없음,,사용가능,
953,,건오징어분말,,A3000565000401,식품원료,원료이기에 사용기준 없음,,사용가능,
954,,건자두,,A1001592000400,식품원료,원료이기에 사용기준 없음,,사용가능,
955,PRUNE PUREE,건자두퓌레,,A1001592000434,식품원료,원료이기에 사용기준 없음,,사용가능,
956,DRIED MACQUI,건조Maqui berry,,A1003090230400,식품원료,원료이기에 사용기준 없음,,사용가능,
957,DRIED BONITO,건조가다랑어,,A3000021000400,식품원료,원료이기에 사용기준 없음,,사용가능,
958,KATSUOBUSHI POWDER,건조가다랑어분말,,A3000021000401,식품원료,원료이기에 사용기준 없음,,사용가능,
959,DRIED BONITO ESSENCE,건조가다랑어오일,,A3000021000420,식품원료,원료이기에 사용기준 없음,,사용가능,
960,KATSUOBUSHI ALCOHOLIC EXTRACT,건조가다랑어추출물,,A3000021000417,식품원료,원료이기에 사용기준 없음,,사용가능,
961,DRIED SCALLOP,건조가리비,,A3000896000400,식품원료,원료이기에 사용기준 없음,,사용가능,
962,건조가자미(납서대),건조가자미,,A3000042000400,식품원료,원료이기에 사용기준 없음,,사용가능,
963,,건조갈고등어,,A3000049000400,식품원료,원료이기에 사용기준 없음,,사용가능,
964,MANDARIN ORANGE DEHYDRATE,건조감귤,,A1000237000400,식품원료,원료이기에 사용기준 없음,,사용가능,
965,MANDARIN PEEL,건조감귤껍질,,A1000237240400,식품원료,원료이기에 사용기준 없음,,사용가능,
966,DEHYDRATED HONEYDEW,건조감로멜론,,A1000240000400,식품원료,원료이기에 사용기준 없음,,사용가능,
967,DRIED POTATO,건조감자,,A1000244000400,식품원료,원료이기에 사용기준 없음,,사용가능,
968,DEHYDRATED POTATO FLAKE,건조감자플레이크,,A1000244000451,식품원료,원료이기에 사용기준 없음,,사용가능,
969,DRIED TUMERIC,건조강황뿌리줄기,,A1000253620400,식품원료,원료이기에 사용기준 없음,,"제한적사용가능, 별도 확인 필요",
970,DRIED BLACK TRUFFLE,건조검은서양송로,,A1054046000400,식품원료,원료이기에 사용기준 없음,,사용가능,
971,DRIED MUSTARD,건조겨자,,A1000328000400,식품원료,원료이기에 사용기준 없음,,사용가능,
972,DRIED CINNAMON BARK,건조계피껍질,,A1000337600400,식품원료,원료이기에 사용기준 없음,,사용가능,
973,DRIED SWEET POTATO,건조고구마,,A1000340000400,식품원료,원료이기에 사용기준 없음,,사용가능,
974,,건조고구마전분,,A1000340000438,식품원료,원료이기에 사용기준 없음,,사용가능,
975,DRIED MACKEREL,건조고등어,,A3000092000400,식품원료,원료이기에 사용기준 없음,,사용가능,
976,DRIED MACKEREL POWDER,건조고등어분말,,A3000092000401,식품원료,원료이기에 사용기준 없음,,사용가능,
977,,건조고등어추출물,,A3000092000417,식품원료,원료이기에 사용기준 없음,,사용가능,
978,,건조고량강,,A1000342000400,식품원료,원료이기에 사용기준 없음,,사용가능,
979,DEHYDRATED CILANTRO,건조고수,,A1000352000400,식품원료,원료이기에 사용기준 없음,,사용가능,
980,,건조고수잎,,A1000352380400,식품원료,원료이기에 사용기준 없음,,사용가능,
981,"DRIED BARBARY WOLFBERRY FRUIT(FRUCTUS LYCII,CHINESE LYCIUM)",건조고지베리열매,"DRIED BARBARY WOLFBERRY FRUIT,DRIED FRUCTUS LYCII,DRIED CHINESE LYCIUM",A1000354230400,식품원료,원료이기에 사용기준 없음,,사용가능,
982,,건조고추잎,,A1000355380400,식품원료,원료이기에 사용기준 없음,,사용가능,
983,DRIED CAPE GOOSEBERRY,건조골든베리,,A1054043230400,식품원료,원료이기에 사용기준 없음,,사용가능,
984,DRIED CHIVE,건조골파,,A1000367000400,식품원료,원료이기에 사용기준 없음,,사용가능,
985,,건조구기자나무열매,,A1000389230400,식품원료,원료이기에 사용기준 없음,,사용가능,
986,,건조구름송편버섯,,A1000391B90400,식품원료,원료이기에 사용기준 없음,,사용가능,
987,,건조구아바,,A1000400000400,식품원료,원료이기에 사용기준 없음,,사용가능,
988,,건조국화,,A1000411000400,식품원료,원료이기에 사용기준 없음,,사용가능,
989,,건조굴,,A3000111000400,식품원료,원료이기에 사용기준 없음,,사용가능,
990,,건조귀리,,A1000415000400,식품원료,원료이기에 사용기준 없음,,사용가능,
991,,건조그물버섯,dried Porcini mushroom,A1000433B90400,식품원료,원료이기에 사용기준 없음,,사용가능,
992,"DRIED BEET(SPINACH BEET,SWISS CHARD)",건조근대,"DRIED BEET,DRIED SPINACH BEET,DRIED SWISS CHARD",A1054057000400,식품원료,원료이기에 사용기준 없음,,사용가능,
993,,건조금잔화꽃,,A1000448140400,식품원료,원료이기에 사용기준 없음,,사용가능,
994,,건조나무딸기,,A1000509000400,식품원료,원료이기에 사용기준 없음,,사용가능,
995,DEHYDRATED EGG WHITE,건조난백,,A20000023J0400,식품원료,원료이기에 사용기준 없음,,사용가능,
996,DRIED EGG YOLK,건조난황,,A20000020I0400,식품원료,원료이기에 사용기준 없음,,사용가능,
997,DRIED SHORTFIN LIZARDFISH,건조날매퉁이,,A3000169000400,식품원료,원료이기에 사용기준 없음,,사용가능,
998,DEHYDRATED MINT,건조녹양박하잎,,A1001302380400,식품원료,원료이기에 사용기준 없음,,사용가능,
999,,건조녹차,,A1001736380400,식품원료,원료이기에 사용기준 없음,,사용가능,
1000,,건조농어위,,A3000201220400,식품원료,원료이기에 사용기준 없음,,사용가능,
1001,,건조누에,,A4000010000400,식품원료,원료이기에 사용기준 없음,,사용가능,
1002,DRIED ROUND HERRING,건조눈퉁멸,,A3000211000400,식품원료,원료이기에 사용기준 없음,,사용가능,
1003,ROUND HERRING BUSHI EXTRACT,건조눈퉁멸추출물,,A3011912006400,식품원료,원료이기에 사용기준 없음,,사용가능,
1004,DRIED NEW BEET,건조뉴비트,,A1000579000400,식품원료,원료이기에 사용기준 없음,,사용가능,
1005,"DRIED KELP, DRIED SEA TANGLE",건조다시마,,A3000864000400,식품원료,원료이기에 사용기준 없음,,사용가능,
1006,DEHYDRATED MAPLE SYRUP,건조단풍나무시럽,,A1002277000413,식품원료,원료이기에 사용기준 없음,,사용가능,
1007,DRIED CHICKEN,건조닭고기,,A2000004000400,식품원료,원료이기에 사용기준 없음,,사용가능,
1008,,건조당근분말,,A1000624000401,식품원료,원료이기에 사용기준 없음,,사용가능,
1009,,건조당근조각,,A1000624000424,식품원료,원료이기에 사용기준 없음,,사용가능,
1010,DRIED ZUCCHINI,건조당호박열매,,A1000628230400,식품원료,원료이기에 사용기준 없음,,사용가능,
1011,DRIED CODFISH,건조대구,,A3000225000400,식품원료,원료이기에 사용기준 없음,,사용가능,
1012,,건조대구살,,A3000225080400,식품원료,원료이기에 사용기준 없음,,사용가능,
1013,,건조대두,,A1000633000400,식품원료,원료이기에 사용기준 없음,,사용가능,
1014,,건조대두단백,,A1000633000408,식품원료,원료이기에 사용기준 없음,,사용가능,
1015,DRIED TAIWAN MAUXIA SHRIMP,건조대만모크시아새우,,A3011972000400,식품원료,원료이기에 사용기준 없음,,사용가능,
1016,,건조대추,,A1000637000400,식품원료,원료이기에 사용기준 없음,,사용가능,
1017,DRIED DATE PALM,건조대추야자,,A1000638000400,식품원료,원료이기에 사용기준 없음,,사용가능,
1018,DRIED CLAM,건조대합,,A3000239000400,식품원료,원료이기에 사용기준 없음,,사용가능,
1019,DRIED CRANBERRY,건조덩굴월귤,,A1000651000400,식품원료,원료이기에 사용기준 없음,,사용가능,
1020,DRIED PIG LIVER,건조돼지간,,A2000005020400,식품원료,원료이기에 사용기준 없음,,사용가능,
1021,DRIED PORK,건조돼지고기,,A2000005070400,식품원료,원료이기에 사용기준 없음,,사용가능,
1022,DRIED DURIAN,건조두리안,,A1000691000400,식품원료,원료이기에 사용기준 없음,,사용가능,
1023,,건조드라쿵쿨루스쑥,,A1003149000400,식품원료,원료이기에 사용기준 없음,,사용가능,
1024,DRIED STRAWBERRY,건조딸기,,A1000723000400,식품원료,원료이기에 사용기준 없음,,사용가능,
1025,,건조딸기다이스,,A1000723000407,식품원료,원료이기에 사용기준 없음,,사용가능,
1026,DRIED STRAWBERRY SEED,건조딸기씨앗,,A1000723320400,식품원료,원료이기에 사용기준 없음,,사용가능,
1027,DRY PEANUT,건조땅콩,,A1000729000400,식품원료,원료이기에 사용기준 없음,,사용가능,
1028,,건조라벤더,,A1000740000400,식품원료,원료이기에 사용기준 없음,,사용가능,
1029,,건조라벤더꽃,,A1000740140400,식품원료,원료이기에 사용기준 없음,,사용가능,
1030,DRIED LIME FLOWER,건조라임꽃,,A1000741140400,식품원료,원료이기에 사용기준 없음,,사용가능,
1031,,건조라임열매,,A1000741230400,식품원료,원료이기에 사용기준 없음,,사용가능,
1032,동결건조 라즈베리,건조라즈베리,,A1000743000400,식품원료,원료이기에 사용기준 없음,,사용가능,
1033,DRIED LEMON,건조레몬,,A1000750000400,식품원료,원료이기에 사용기준 없음,,사용가능,
1034,DRIED LEMON GRASS,건조레몬그라스,,A1000751000400,식품원료,원료이기에 사용기준 없음,,사용가능,
1035,DRIED LEMON PEEL,건조레몬껍질,,A1000750770400,식품원료,원료이기에 사용기준 없음,,사용가능,
1036,DRIED LEMON BALM LEAF,건조레몬밤잎,,A1000753380400,식품원료,원료이기에 사용기준 없음,,사용가능,
1037,,건조레몬버베나,,A1000754000400,식품원료,원료이기에 사용기준 없음,,사용가능,
1038,,건조로얄젤리,,A6000018000400,식품원료,원료이기에 사용기준 없음,,사용가능,
1039,DRIED ROSEMARY,건조로즈마리,,A1000758000400,식품원료,원료이기에 사용기준 없음,,사용가능,
1040,DRIED ROSEHIP,건조로즈힙,,A1000760000400,식품원료,원료이기에 사용기준 없음,,사용가능,
1041,DRIED RED CURRANT,건조루브룸까치밥열매,,A1053991230400,식품원료,원료이기에 사용기준 없음,,사용가능,
1042,DRIED ROOIBOS LEAF,건조루이보스잎,,A1000766380400,식품원료,원료이기에 사용기준 없음,,사용가능,
1043,,건조리크,,A1000770000400,식품원료,원료이기에 사용기준 없음,,사용가능,
1044,DRIED GARLIC,건조마늘,Dehydrated Garlic,A1000774000400,식품원료,원료이기에 사용기준 없음,,사용가능,
1045,,건조마시멜로,,A1000784000400,식품원료,원료이기에 사용기준 없음,,사용가능,
1046,,건조마조람,,A1000786000400,식품원료,원료이기에 사용기준 없음,,사용가능,
1047,DRIED MANGO,건조망고,,A1000812000400,식품원료,원료이기에 사용기준 없음,,사용가능,
1048,,건조망고다이스,,A1000812000407,식품원료,원료이기에 사용기준 없음,,사용가능,
1049,,건조망고플레이크,,A1000812000451,식품원료,원료이기에 사용기준 없음,,사용가능,
1050,,건조매실,,A1000816000400,식품원료,원료이기에 사용기준 없음,,사용가능,
1051,"DRIED ESO, LIZARDFISH",건조매퉁이,,A3000310000400,식품원료,원료이기에 사용기준 없음,,사용가능,
1052,,건조맥아,,A1002268000400,식품원료,원료이기에 사용기준 없음,,사용가능,
1053,,건조머루,,A1000825000400,식품원료,원료이기에 사용기준 없음,,사용가능,
1054,DRIED MEADOWSWEET,건조메도우스위트지상부,,A1000836020400,식품원료,원료이기에 사용기준 없음,,사용가능,
1055,DEHYDRATED CANTALOUPE,건조멜론,,A1000840000400,식품원료,원료이기에 사용기준 없음,,사용가능,
1056,DRIED ANCHOVY,건조멸치,,A3000315000400,식품원료,원료이기에 사용기준 없음,,사용가능,
1057,DRIED POLLACK,건조명태,,A3000316000400,식품원료,원료이기에 사용기준 없음,,사용가능,
1058,POLLACK HUSK,건조명태껍질,,A3000316030000,식품원료,원료이기에 사용기준 없음,,사용가능,
1059,ALASKA POLLACK HEAD,건조명태머리,,A3000316020000,식품원료,원료이기에 사용기준 없음,,사용가능,
1060,,건조명태분말,,A3000316000401,식품원료,원료이기에 사용기준 없음,,사용가능,
1061,,건조명태엑기스,,A3000316000417,식품원료,원료이기에 사용기준 없음,,사용가능,
1062,,건조명태엑기스분말,,A3000316000418,식품원료,원료이기에 사용기준 없음,,사용가능,
1063,,건조명태채,,A3000316000429,식품원료,원료이기에 사용기준 없음,,사용가능,
1064,,건조모과,,A1000847000400,식품원료,원료이기에 사용기준 없음,,사용가능,
1065,DRIED BULLET TUNA,건조몽치다래,,A3011908000400,식품원료,원료이기에 사용기준 없음,,사용가능,
1066,Dried frigate mackerel powder,건조몽치다래분말,,A3000322000401,식품원료,원료이기에 사용기준 없음,,사용가능,
1067,DRIED FRIGATE MACKEREL FLAKE,건조몽치다래후레이크,,A3011908000451,식품원료,원료이기에 사용기준 없음,,사용가능,
1068,DRIED RADISH LEAVES,건조무청,,A1000872380400,식품원료,원료이기에 사용기준 없음,,사용가능,
1069,,건조무화과,Dried Figs,A1000878000400,식품원료,원료이기에 사용기준 없음,,사용가능,
1070,,건조무화과다이스,,A1000878000407,식품원료,원료이기에 사용기준 없음,,사용가능,
1071,,건조물치다래,,A3000341000400,식품원료,원료이기에 사용기준 없음,,사용가능,
1072,DRIED FRIGATE TUNA POWDER,건조물치다래분말,,A3000341000401,식품원료,원료이기에 사용기준 없음,,사용가능,
1073,,건조물치다래추출물,,A3000341000417,식품원료,원료이기에 사용기준 없음,,사용가능,
1074,DRY BANANA,건조바나나,,A1000917000400,식품원료,원료이기에 사용기준 없음,,사용가능,
1075,DRY BASIL,건조바질,,A1000931000400,식품원료,원료이기에 사용기준 없음,,사용가능,
1076,DRIED PEPPERMINT LEAF,건조박하잎,,A1000937380400,식품원료,원료이기에 사용기준 없음,,사용가능,
1077,DRY PEARS,건조배,,A1000953000400,식품원료,원료이기에 사용기준 없음,,사용가능,
1078,DRIED CABBAGE,건조배추,,A1000959000400,식품원료,원료이기에 사용기준 없음,,사용가능,
1079,,건조밴댕이,,A3000386000400,식품원료,원료이기에 사용기준 없음,,사용가능,
1080,DRIED CHERRY,건조버찌,,A1000991000400,식품원료,원료이기에 사용기준 없음,,사용가능,
1081,DRY HONEY,건조벌꿀,,A6000010000400,식품원료,원료이기에 사용기준 없음,,사용가능,
1082,DEHYDRATED OPUNTIA,건조보검선인장,,A1003076000400,식품원료,원료이기에 사용기준 없음,,사용가능,
1083,DEHYDRATED PEACHES,건조복사,,A1001044000400,식품원료,원료이기에 사용기준 없음,,사용가능,
1084,DRIED LEEK,건조부추,,A1001050000400,식품원료,원료이기에 사용기준 없음,,사용가능,
1085,BROCCOLI DEHYDRATE,건조브로콜리,,A1001071000400,식품원료,원료이기에 사용기준 없음,,사용가능,
1086,DRIED BLACKBERRY,건조블랙베리,,A1001080230400,식품원료,원료이기에 사용기준 없음,,사용가능,
1087,DRIED BLACK ELDERBERRY,건조블랙엘더베리,,A1003133000400,식품원료,원료이기에 사용기준 없음,,사용가능,
1088,DRIED ELDERBERRY FLOWER,건조블랙엘더베리꽃,,A1003133140400,식품원료,원료이기에 사용기준 없음,,사용가능,
1089,DRIED BLUEBERRY,건조블루베리,Dried Blueberries,A1001085000400,식품원료,원료이기에 사용기준 없음,,사용가능,
1090,,건조블루베리분말,,A1001085000401,식품원료,원료이기에 사용기준 없음,,사용가능,
1091,DRY CHOLECALCIFEROL,건조비타민D3,,B1000089000400,식품첨가물,"사용기준 못찾음, 별도 확인 필요",,"기타, 별도 확인 필요",
1092,DRIED BEETROOT,건조비트루트,,A1001098000400,식품원료,원료이기에 사용기준 없음,,사용가능,
1093,DRIED APPLE,건조사과,,A1001112000400,식품원료,원료이기에 사용기준 없음,,사용가능,
1094,,건조사과다이스,,A1001112000407,식품원료,원료이기에 사용기준 없음,,사용가능,
1095,DRIED APPLE PUREE,건조사과퓌레,,A1001112000434,식품원료,원료이기에 사용기준 없음,,사용가능,
1096,,건조사슴식용부산물,,A2000009160400,식품원료,원료이기에 사용기준 없음,,사용가능,
1097,EVAPORATED SUGARCANE,건조사탕수수,,A1001127000400,식품원료,원료이기에 사용기준 없음,,사용가능,
1098,EVAPORATED SUGARCANE SYRUP,건조사탕수수시럽,,A1001127000413,식품원료,원료이기에 사용기준 없음,,사용가능,
1099,EVAPORATED SUGARCANE JUICE,건조사탕수수주스,,A1001127000425,식품원료,원료이기에 사용기준 없음,,사용가능,
1100,DRIED SWEETCORN,건조사탕옥수수,,A1002738000400,식품원료,원료이기에 사용기준 없음,,사용가능,
1101,DRY RASPBERRY,건조산딸기,,A1001139000400,식품원료,원료이기에 사용기준 없음,,사용가능,
1102,DRY SAGE,건조살비아,,A1003122000400,식품원료,원료이기에 사용기준 없음,,사용가능,
1103,,건조살비아잎,,A1003122380400,식품원료,원료이기에 사용기준 없음,,사용가능,
1104,,건조상어연골,,A3000485090400,식품원료,원료이기에 사용기준 없음,,사용가능,
1105,,건조서양박하잎,,A1003052380400,식품원료,원료이기에 사용기준 없음,,사용가능,
1106,PRUNE DRIED CONCENTRATED,건조서양자두,,A1000125930400,식품원료,원료이기에 사용기준 없음,,사용가능,
1107,DRY DILL,건조서양자초,,A1054162000400,식품원료,원료이기에 사용기준 없음,,사용가능,
1108,DEHYDRATED DILL LEAVES,건조서양자초잎,,A1001198380400,식품원료,원료이기에 사용기준 없음,,"제한적사용가능, 별도 확인 필요",
1109,,건조석류,,A1001203230400,식품원료,원료이기에 사용기준 없음,,사용가능,
1110,DRY CELERY,건조셀러리,,A1001231000400,식품원료,원료이기에 사용기준 없음,,사용가능,
1111,,건조송로버섯,,A1001259000400,식품원료,원료이기에 사용기준 없음,,사용가능,
1112,,건조송이,,A1001261000400,식품원료,원료이기에 사용기준 없음,,사용가능,
1113,,건조수박열매껍질,,A1001273240400,식품원료,원료이기에 사용기준 없음,,사용가능,
1114,,건조숙근초,,A1001280000400,식품원료,원료이기에 사용기준 없음,,사용가능,
1115,DRIED GREEN BEAN SPROUTS,건조숙주나물,,A1002222000400,식품원료,원료이기에 사용기준 없음,,사용가능,
1116,DRY TURNIP,건조순무,,A1001282610400,식품원료,원료이기에 사용기준 없음,,사용가능,
1117,,건조스타아니스열매,,A1003032230400,식품원료,원료이기에 사용기준 없음,,사용가능,
1118,DRIED PASSION FLOWER,건조시계꽃,,A1001305000400,식품원료,원료이기에 사용기준 없음,,사용가능,
1119,DRIED SOUR CHERRY,건조신양벚나무열매,,A1001319230400,식품원료,원료이기에 사용기준 없음,,사용가능,
1120,DRIED CEYLON CINNAMON,건조실론시나몬,,A1054051000400,식품원료,원료이기에 사용기준 없음,,사용가능,
1121,,건조쌀,,A1001332000400,식품원료,원료이기에 사용기준 없음,,사용가능,
1122,,건조쌀가루,,A1001332000401,식품원료,원료이기에 사용기준 없음,,사용가능,
1123,,건조쑥,,A1001334000400,식품원료,원료이기에 사용기준 없음,,사용가능,
1124,,건조아니스,,A1001347000400,식품원료,원료이기에 사용기준 없음,,사용가능,
1125,DRIED ANISE SEED,건조아니스씨앗,,A1001347320400,식품원료,원료이기에 사용기준 없음,,사용가능,
1126,,건조아로니아열매,,A1001352230400,식품원료,원료이기에 사용기준 없음,,사용가능,
1127,DRIED FRUIT ALMOND,건조아몬드,,A1001359000400,식품원료,원료이기에 사용기준 없음,,사용가능,
1128,DRIED ACEROLA,건조아세로라,,A1001363230400,식품원료,원료이기에 사용기준 없음,,사용가능,
1129,,건조아욱,,A1001367380400,식품원료,원료이기에 사용기준 없음,,사용가능,
1130,FREEZE DRIED BLACK CURRANT,건조양까막까치밥나무열매,,A1003132230400,식품원료,원료이기에 사용기준 없음,,사용가능,
1131,DRY MUSHROOM,건조양송이,,A1001428B90400,식품원료,원료이기에 사용기준 없음,,사용가능,
1132,DRIED ONION,건조양파,dehydrated onion,A1001431000400,식품원료,원료이기에 사용기준 없음,,사용가능,
1133,,건조양파조각,,A1001431000424,식품원료,원료이기에 사용기준 없음,,사용가능,
1134,,건조여름세이보리,,A1001448380400,식품원료,원료이기에 사용기준 없음,,사용가능,
1135,MOMORDICA CHARANTIA LINNAEUS,건조여주열매,,A1001452930400,식품원료,원료이기에 사용기준 없음,,사용가능,
1136,,건조연어,,A3000554000400,식품원료,원료이기에 사용기준 없음,,사용가능,
1137,DRIED SCALLION,건조염교,,A1001461000400,식품원료,원료이기에 사용기준 없음,,사용가능,
1138,DRIED MULBERRY,건조오디,,A1001473000400,식품원료,원료이기에 사용기준 없음,,사용가능,
1139,DRY ORIGANUM,건조오레가노,,A1001474000400,식품원료,원료이기에 사용기준 없음,,사용가능,
1140,DRIED ORANGE,건조오렌지,,A1001475000400,식품원료,원료이기에 사용기준 없음,,사용가능,
1141,,건조오렌지껍질,,A1001475240400,식품원료,원료이기에 사용기준 없음,,사용가능,
1142,,건조오미자,,A1001478230400,식품원료,원료이기에 사용기준 없음,,사용가능,
1143,DRIED EVERGREEN HUCKLEBERRY,건조오바툼산앵도열매,,A1053993230400,식품원료,원료이기에 사용기준 없음,,사용가능,
1144,DRY CUCUMBER,건조오이열매,,A1001481230400,식품원료,원료이기에 사용기준 없음,,사용가능,
1145,,건조오크라,,A1001485000400,식품원료,원료이기에 사용기준 없음,,사용가능,
1146,,건조오피키날레자스민,,A1003139000400,식품원료,원료이기에 사용기준 없음,,사용가능,
1147,,건조오피키날레자스민꽃,,A1003139140400,식품원료,원료이기에 사용기준 없음,,사용가능,
1148,DRY CORN,건조옥수수,,A1001488000400,식품원료,원료이기에 사용기준 없음,,사용가능,
1149,DRIED CORN SYRUP,건조옥수수시럽,,A1001488000413,식품원료,원료이기에 사용기준 없음,,사용가능,
1150,,건조올리브,,A1001489000400,식품원료,원료이기에 사용기준 없음,,사용가능,
1151,,건조완두콩,,A1001496000400,식품원료,원료이기에 사용기준 없음,,사용가능,
1152,DRY MILK,건조우유,Dry Whole Milk,A2000016000400,식품원료,원료이기에 사용기준 없음,,사용가능,
1153,,건조울금덩이뿌리,,A1001531630400,식품원료,원료이기에 사용기준 없음,,"제한적사용가능, 별도 확인 필요",
1154,DRY BAY LEAVES,건조월계잎,,A1001534380400,식품원료,원료이기에 사용기준 없음,,사용가능,
1155,,건조유자껍질,,A1001543240400,식품원료,원료이기에 사용기준 없음,,사용가능,
1156,,건조유지방,,A20000162Z0400,식품원료,원료이기에 사용기준 없음,,사용가능,
1157,,건조이집트콩,,A1001573000400,식품원료,원료이기에 사용기준 없음,,사용가능,
1158,,건조인삼,,A1001583000400,식품원료,원료이기에 사용기준 없음,,사용가능,
1159,,건조자라분말,,A3000602000401,식품원료,원료이기에 사용기준 없음,,사용가능,
1160,DRY GRAPEFRUITE,건조자몽,,A1001596000400,식품원료,원료이기에 사용기준 없음,,사용가능,
1161,,건조장미꽃잎,,A1001623000400,식품원료,원료이기에 사용기준 없음,,사용가능,
1162,,건조장미순,,A1001623880400,식품원료,원료이기에 사용기준 없음,,사용가능,
1163,,건조장미열매,,A1001623230400,식품원료,원료이기에 사용기준 없음,,사용가능,
1164,,건조전갱이,,A3000617000400,식품원료,원료이기에 사용기준 없음,,사용가능,
1165,,건조전란,,A2000002000400,식품원료,원료이기에 사용기준 없음,,사용가능,
1166,DRIED SARDINE,건조정어리,,A3000633000400,식품원료,원료이기에 사용기준 없음,,사용가능,
1167,DRIED SARDINE POWDER,건조정어리분말,,A3000633000401,식품원료,원료이기에 사용기준 없음,,사용가능,
1168,DRIED SARDINE EXTRACT,건조정어리추출물,,A3000633000417,식품원료,원료이기에 사용기준 없음,,사용가능,
1169,DRIED CLOVES,건조정향나무꽃봉오리,,A1001651150400,식품원료,원료이기에 사용기준 없음,,사용가능,
1170,DRY SALANGANENEST,건조제비집,,A6000035000400,식품원료,원료이기에 사용기준 없음,,사용가능,
1171,,건조죽순,,A1000631C70400,식품원료,원료이기에 사용기준 없음,,사용가능,
1172,DRIED FILEFISH,건조쥐치,,A3000669000400,식품원료,원료이기에 사용기준 없음,,사용가능,
1173,,건조차가버섯,,A1001735000400,식품원료,원료이기에 사용기준 없음,,"제한적사용가능, 별도 확인 필요",
1174,,건조차즈기잎,,A1003058380400,식품원료,원료이기에 사용기준 없음,,사용가능,
1175,,건조참김,,A3000884000400,식품원료,원료이기에 사용기준 없음,,사용가능,
1176,,건조참김분말,,A3000884010401,식품원료,원료이기에 사용기준 없음,,사용가능,
1177,,건조참다랑어,,A3001025000400,식품원료,원료이기에 사용기준 없음,,사용가능,
1178,,건조참치,,A3000682000400,식품원료,원료이기에 사용기준 없음,,사용가능,
1179,DRIED TUNA EXTRACT,건조참치추출물,,A3000682000417,식품원료,원료이기에 사용기준 없음,,사용가능,
1180,,건조청경채플레이크,,A1001789000451,식품원료,원료이기에 사용기준 없음,,사용가능,
1181,,건조청어,,A3000708000400,식품원료,원료이기에 사용기준 없음,,사용가능,
1182,,건조청어알,,A3000708050400,식품원료,원료이기에 사용기준 없음,,사용가능,
1183,FREEZE DRIED CHERRY,건조체리,,A1001797000400,식품원료,원료이기에 사용기준 없음,,사용가능,
1184,DRIED CHICORY,건조치커리,,A1001811000400,식품원료,원료이기에 사용기준 없음,,사용가능,
1185,DRIED TURKEY,건조칠면조고기,,A2000017070400,식품원료,원료이기에 사용기준 없음,,사용가능,
1186,DRIED KAFFIR LIME LEAF,건조카피르라임잎,,A1001835380400,식품원료,원료이기에 사용기준 없음,,사용가능,
1187,,건조캐모마일,,A1001839000400,식품원료,원료이기에 사용기준 없음,,사용가능,
1188,DRIED CHAMOMILE FLOWER,건조캐모마일꽃,,A1001839140400,식품원료,원료이기에 사용기준 없음,,사용가능,
1189,,건조커피,,A1001846000400,식품원료,원료이기에 사용기준 없음,,사용가능,
1190,DRIED COCONUT,건조코코넛,desiccated coconut,A1001855000400,식품원료,원료이기에 사용기준 없음,,사용가능,
1191,,건조코코넛다이스,,A1001855000407,식품원료,원료이기에 사용기준 없음,,사용가능,
1192,,건조코코넛분말,,A1001855000401,식품원료,원료이기에 사용기준 없음,,사용가능,
1193,COPRA FATS,건조코코넛오일,,A1001855000420,식품원료,원료이기에 사용기준 없음,,사용가능,
1194,DRY CUMIN SEED,건조쿠민,,A1001868000400,식품원료,원료이기에 사용기준 없음,,사용가능,
1195,건쿨란트로,건조쿨란트로,,A1001869000400,식품원료,원료이기에 사용기준 없음,,사용가능,
1196,,건조키위,,A1001909000400,식품원료,원료이기에 사용기준 없음,,사용가능,
1197,DRIED THYME,건조타임,,A1001912000400,식품원료,원료이기에 사용기준 없음,,사용가능,
1198,DRIED TOMATO,건조토마토,,A1001946000400,식품원료,원료이기에 사용기준 없음,,사용가능,
1199,Dehydrated tomato flakes,건조토마토플레이크,,A1001946000451,식품원료,원료이기에 사용기준 없음,,사용가능,
1200,DRIED TILAPIA SCALE,건조틸라피아비늘,,A3000758240400,식품원료,원료이기에 사용기준 없음,,사용가능,
1201,DEHYDRATED WELSH ONION,건조파,,A1001964000400,식품원료,원료이기에 사용기준 없음,,사용가능,
1202,,건조파분말,,A1001964000401,식품원료,원료이기에 사용기준 없음,,사용가능,
1203,,건조파슬리분말,,A1001971000401,식품원료,원료이기에 사용기준 없음,,사용가능,
1204,,건조파슬리조각,,A1001971000424,식품원료,원료이기에 사용기준 없음,,사용가능,
1205,,건조파인애플다이스,,A1001972000407,식품원료,원료이기에 사용기준 없음,,사용가능,
1206,,건조파인애플조각,,A1001972000424,식품원료,원료이기에 사용기준 없음,,사용가능,
1207,,건조파파야다아스,,A1001975000407,식품원료,원료이기에 사용기준 없음,,사용가능,
1208,DRIED PAPRIKA,건조파프리카,,A1002190000400,식품원료,원료이기에 사용기준 없음,,사용가능,
1209,,건조포트마리골드꽃,,A1001998140400,식품원료,원료이기에 사용기준 없음,,사용가능,
1210,DRY SHIITAKE FUNGUS POWDER,건조표고버섯분말,,A1001999000401,식품원료,원료이기에 사용기준 없음,,사용가능,
1211,,건조표고버섯슬라이스,,A1001999000439,식품원료,원료이기에 사용기준 없음,,사용가능,
1212,,건조표고버섯플레이크,,A1001999490451,식품원료,원료이기에 사용기준 없음,,사용가능,
1213,,건조피망,,A1002020000400,식품원료,원료이기에 사용기준 없음,,사용가능,
1214,DRY PISTACHIO,건조피스타치오,,A1002022000400,식품원료,원료이기에 사용기준 없음,,사용가능,
1215,DRY RED SAVINA HABANERO,건조하바네로열매,,A1002037230400,식품원료,원료이기에 사용기준 없음,,사용가능,
1216,DEHYDRATED JALAPENO PEPPERS,건조할라피뇨,DEHYDRATED JALAPENO PEPPER,A1002213000400,식품원료,원료이기에 사용기준 없음,,사용가능,
1217,,건조호두,,A1002070000400,식품원료,원료이기에 사용기준 없음,,사용가능,
1218,DRIED FENUGREEK LEVES,건조호로파잎,,A1002072000400,식품원료,원료이기에 사용기준 없음,,사용가능,
1219,,건조호박분말,,A1002078000401,식품원료,원료이기에 사용기준 없음,,사용가능,
1220,DRIED RED SWEET PEPPER,건조홍피망,,A1054040000400,식품원료,원료이기에 사용기준 없음,,사용가능,
1221,DRIED MUSSEL,건조홍합,,A3000809000400,식품원료,원료이기에 사용기준 없음,,사용가능,
1222,,건조화살꼴뚜기,,A3000810000400,식품원료,원료이기에 사용기준 없음,,사용가능,
1223,DRIED FENNEL SEED,건조회향씨앗,,A1002113320400,식품원료,원료이기에 사용기준 없음,,사용가능,
1224,DRY YEAST,건조효모,,B2000099000400,식품첨가물,"사용기준 못찾음, 별도 확인 필요",,"기타, 별도 확인 필요",
1225,DRIED PEPPERS,건조후추,,A1002118000400,식품원료,원료이기에 사용기준 없음,,사용가능,
1226,DRIED WHITE TRUFFLE,건조흰서양송로,,A1002127000400,식품원료,원료이기에 사용기준 없음,,사용가능,
1227,DRIED WHITE TRUFFLE POWDER,건조흰서양송로분말,,A1002127000401,식품원료,원료이기에 사용기준 없음,,사용가능,
1228,DRIED HIBISCUS,건조히비스커스,,A1002152000400,식품원료,원료이기에 사용기준 없음,,사용가능,
1229,,건지황,,A1001721000400,식품원료,원료이기에 사용기준 없음,,"제한적사용가능, 별도 확인 필요",
1230,,건지황분말,,A1001721000401,식품원료,원료이기에 사용기준 없음,,"제한적사용가능, 별도 확인 필요",
1231,REHMANNIA GLUTINOSA EXTRACT,건지황엑기스,,A1001721000417,식품원료,원료이기에 사용기준 없음,,"제한적사용가능, 별도 확인 필요",
1232,,건청경채,,A1001789000400,식품원료,원료이기에 사용기준 없음,,사용가능,
1233,,건청파,,A1002317000400,식품원료,원료이기에 사용기준 없음,,사용가능,
1234,칠리고추,건칠리,,A1002249000400,식품원료,원료이기에 사용기준 없음,,사용가능,
1235,DRIED PARSLEY,건파슬리,,A1001971000400,식품원료,원료이기에 사용기준 없음,,사용가능,
1236,,건파슬리플레이크,,A1001971000451,식품원료,원료이기에 사용기준 없음,,사용가능,
1237,DRY PINEAPPLE,건파인애플,,A1001972000400,식품원료,원료이기에 사용기준 없음,,사용가능,
1238,DRY PAPAYA,건파파야,,A1001975000400,식품원료,원료이기에 사용기준 없음,,사용가능,
1239,,건파플레이크,,A1001964000451,식품원료,원료이기에 사용기준 없음,,사용가능,
1240,DRY GRAPE,건포도,raisins,A1001995000400,식품원료,원료이기에 사용기준 없음,,사용가능,
1241,RAISIN EXTRACT,건포도추출물,,A1001995000417,식품원료,원료이기에 사용기준 없음,,사용가능,
1242,RAISIN PASTE,건포도페이스트,,A1001995000433,식품원료,원료이기에 사용기준 없음,,사용가능,
1243,DRY GRAPE PUREE,건포도퓌레,,A1001995000434,식품원료,원료이기에 사용기준 없음,,사용가능,
1244,,건표고버섯,,A1001999000400,식품원료,원료이기에 사용기준 없음,,사용가능,
1245,,건표고버섯플레이크,,A1001999000451,식품원료,원료이기에 사용기준 없음,,사용가능,
1246,DRIED PUMPKIN,건호박,,A1002078000400,식품원료,원료이기에 사용기준 없음,,사용가능,
1247,,건홍고추,,A1002238000400,식품원료,원료이기에 사용기준 없음,,사용가능,
1248,검레진(천연고무),검레진,,B2000606000000,식품첨가물,"사용기준 찾음, 별도 확인 필요",껌기초제,"기타, 별도 확인 필요",
1249,BLACK MULBERRY,검뽕나무열매,,A1005380230000,식품원료,원료이기에 사용기준 없음,,사용가능,
1250,BLACK MULBERRY EXTRACT,검뽕나무열매추출물,,A1005380234500,식품원료,원료이기에 사용기준 없음,,사용가능,
1251,,검은깨추출물분말,,A1002154004501,식품원료,원료이기에 사용기준 없음,,사용가능,
1252,,검은딸기열매,,A1000315230000,식품원료,원료이기에 사용기준 없음,,사용가능,
1253,,검은딸기잎,,A1000315380000,식품원료,원료이기에 사용기준 없음,,사용가능,
1254,BLACK TRUFFLE,검은서양송로,,A1000312000000,식품원료,원료이기에 사용기준 없음,,사용가능,
1255,BLACK TRUFFLE CONCENTRATE POWDER,검은서양송로농축분말,,A1053957B90801,식품원료,원료이기에 사용기준 없음,,사용가능,
1256,BLACK TRUFFLE POWDER,검은서양송로분말,,A1000312000001,식품원료,원료이기에 사용기준 없음,,사용가능,
1257,BLACK TRUFFLE OIL,검은서양송로자실체오일,,A1000312B90020,식품원료,원료이기에 사용기준 없음,,사용가능,
1258,BLACK TRUFFLE EXTRACT,검은서양송로추출물,,A1053974004500,식품원료,원료이기에 사용기준 없음,,사용가능,
1259,,검정가자미,,A3000081000000,식품원료,원료이기에 사용기준 없음,,사용가능,
1260,,검정가자미살,,A3000081080000,식품원료,원료이기에 사용기준 없음,,사용가능,
1261,BLACK SESAME,검정깨(흑임자),,A1002154000000,식품원료,원료이기에 사용기준 없음,,사용가능,
1262,,검정깨볶은가루,,A1002154002201,식품원료,원료이기에 사용기준 없음,,사용가능,
1263,ROASTED BALCK SESAME,검정깨볶음,,A1002154002200,식품원료,원료이기에 사용기준 없음,,사용가능,
1264,,검정깨분말,,A1002154000001,식품원료,원료이기에 사용기준 없음,,사용가능,
1265,,검정깨페이스트,Black Sesame Paste,A1002154000033,식품원료,원료이기에 사용기준 없음,,사용가능,
1266,SAITHE,검정대구,,A3000082000000,식품원료,원료이기에 사용기준 없음,,사용가능,
1267,DARK MALT,검정맥아,,A1002831000000,식품원료,원료이기에 사용기준 없음,,사용가능,
1268,,검정볼락,,A3000084000000,식품원료,원료이기에 사용기준 없음,,사용가능,
1269,,검정참깨유,,A1002154000020,식품원료,원료이기에 사용기준 없음,,사용가능,
1270,BLACK BEANS,검정콩,,A1000318000000,식품원료,원료이기에 사용기준 없음,,사용가능,
1271,,검정콩껍질,,A1000318770000,식품원료,원료이기에 사용기준 없음,,사용가능,
1272,BLACKBEAN HULL EXTRACT,검정콩껍질추출,,A1000318774500,식품원료,원료이기에 사용기준 없음,,사용가능,
1273,BLACK BEANS CONCENTRATE,검정콩농축액,,A1000318000814,식품원료,원료이기에 사용기준 없음,,사용가능,
1274,,검정콩볶은가루,,A1000318002201,식품원료,원료이기에 사용기준 없음,,사용가능,
1275,BLACK BEANS POWDER,검정콩분말,,A1000318000001,식품원료,원료이기에 사용기준 없음,,사용가능,
1276,,검정콩잎,,A1000318380000,식품원료,원료이기에 사용기준 없음,,사용가능,
1277,BLACK BEANS EXTRACT,검정콩추출물,,A1054004004500,식품원료,원료이기에 사용기준 없음,,사용가능,
1278,,검정콩추출물분말,,A1000318004501,식품원료,원료이기에 사용기준 없음,,사용가능,
1279,,검정콩추출액,,A1000318004514,식품원료,원료이기에 사용기준 없음,,사용가능,
1280,BLACK BEANS PASTE,검정콩페이스트,,A1000318000033,식품원료,원료이기에 사용기준 없음,,사용가능,
1281,"Snake mackerel, Barracouta",검정통삼치,,A3000086000000,식품원료,원료이기에 사용기준 없음,,사용가능,
1282,,검정팥,,A1002377000000,식품원료,원료이기에 사용기준 없음,,사용가능,
1283,CRAB,게,,A3000087000000,식품원료,원료이기에 사용기준 없음,,사용가능,
1284,CRAB SHELL,게껍질,,A3000087030000,식품원료,원료이기에 사용기준 없음,,사용가능,
1285,CRAB SHELL EXTRACT,게껍질추출물,,A3000087034500,식품원료,원료이기에 사용기준 없음,,사용가능,
1286,,게내장,,A3000087060000,식품원료,원료이기에 사용기준 없음,,사용가능,
1287,CRAB LEGS EXTRACT,게다리추출물,,A3000087104500,식품원료,원료이기에 사용기준 없음,,사용가능,
1288,GERANIOL,게라니올,,B1000004000000,식품첨가물,"사용기준 찾음, 별도 확인 필요",향료,"기타, 별도 확인 필요",
1289,SILVER BIDDY,게레치,,A3000088000000,식품원료,원료이기에 사용기준 없음,,사용가능,
1290,,게르치,,A3000089000000,식품원료,원료이기에 사용기준 없음,,사용가능,
1291,,게분말,,A3000087000001,식품원료,원료이기에 사용기준 없음,,사용가능,
1292,,게살,,A3000087080000,식품원료,원료이기에 사용기준 없음,,사용가능,
1293,,게살추출물,,A3000087084500,식품원료,원료이기에 사용기준 없음,,사용가능,
1294,CRAB ROE,게알,,A3000087050000,식품원료,원료이기에 사용기준 없음,,사용가능,
1295,게엑기스,게엑기스,,A3000087000017,식품원료,원료이기에 사용기준 없음,,사용가능,
1296,,게엑기스분말,,A3000087000018,식품원료,원료이기에 사용기준 없음,,사용가능,
1297,CRAB ESSENCE,게오일,,A3000087000020,식품원료,원료이기에 사용기준 없음,,사용가능,
1298,CRAB CLAW,게집게,,A3000087180000,식품원료,원료이기에 사용기준 없음,,사용가능,
1299,,게추출물,,A3000087004500,식품원료,원료이기에 사용기준 없음,,사용가능,
1300,CRAB EXTRACT POWDER,게추출분말,,A3000087004501,식품원료,원료이기에 사용기준 없음,,사용가능,
1301,,게추출액,CRAB EXTRACT,A3000087004514,식품원료,원료이기에 사용기준 없음,,사용가능,
1302,MISTLETOE,겨우살이,,A1000323000000,식품원료,원료이기에 사용기준 없음,,"제한적사용가능, 별도 확인 필요",
1303,,겨우살이잎,,A1000323380000,식품원료,원료이기에 사용기준 없음,,"제한적사용가능, 별도 확인 필요",
1304,,겨우살이잎분말,,A1000323380001,식품원료,원료이기에 사용기준 없음,,"제한적사용가능, 별도 확인 필요",
1305,,겨우살이추출물분말,,A1000323004501,식품원료,원료이기에 사용기준 없음,,"제한적사용가능, 별도 확인 필요",
1306,,겨우살이추출액,MISTLETOE extract,A1000323004514,식품원료,원료이기에 사용기준 없음,,"제한적사용가능, 별도 확인 필요",
1307,Winter raspberry,겨울딸기열매,,A1000325230000,식품원료,원료이기에 사용기준 없음,,사용가능,
1308,,겨울세이보리잎,,A1000326380000,식품원료,원료이기에 사용기준 없음,,사용가능,
1309,MUSTARD,겨자,,A1000328000000,식품원료,원료이기에 사용기준 없음,,사용가능,
1310,,겨자 추출물,,A1000328004500,식품원료,원료이기에 사용기준 없음,,사용가능,
1311,HORSERADISH,겨자무(서양고추냉이),,A1003158000000,식품원료,원료이기에 사용기준 없음,,사용가능,
1312,HORSERADISH POWDER,겨자무(서양고추냉이)분말,,A1003158610001,식품원료,원료이기에 사용기준 없음,,사용가능,
1313,,겨자무(서양고추냉이)뿌리,,A1003158610000,식품원료,원료이기에 사용기준 없음,,사용가능,
1314,GROUND MUSTARD (SPICE),겨자분말,GROUND MUSTARD,A1000328000001,식품원료,원료이기에 사용기준 없음,,사용가능,
1315,MUSTARD POWDER,겨자씨분말,,A1000328320001,식품원료,원료이기에 사용기준 없음,,사용가능,
1316,MUSTARD SEED,겨자씨앗,Mustard Seeds,A1000328320000,식품원료,원료이기에 사용기준 없음,,사용가능,
1317,MUSTARD BRAN,겨자씨앗껍질,,A1000328280000,식품원료,원료이기에 사용기준 없음,,사용가능,
1318,,겨자씨앗오일,,A1000328324520,식품원료,원료이기에 사용기준 없음,,사용가능,
1319,,겨자오일,MUSTARD OIL,A1000328000020,식품원료,원료이기에 사용기준 없음,,사용가능,
1320,MUSTARD OIL,겨자유,,A1000328320020,식품원료,원료이기에 사용기준 없음,,사용가능,
1321,,겨자잎,,A1000328380000,식품원료,원료이기에 사용기준 없음,,사용가능,
1322,MUSTARD LEAF EXTRACT,겨자잎추출물,MUSTARD LEAF,A1053992380000,식품원료,원료이기에 사용기준 없음,,사용가능,
1323,,겨자추출액,,A1000328324514,식품원료,원료이기에 사용기준 없음,,사용가능,
1324,,겨자페이스트,MUSTARD paste,A1000328000033,식품원료,원료이기에 사용기준 없음,,사용가능,
1325,GYEOL-MYEOG TEA,결명자,,A1000330000000,식품원료,원료이기에 사용기준 없음,,사용가능,
1326,,결명자분말,,A1000330000001,식품원료,원료이기에 사용기준 없음,,사용가능,
1327,,결명자열매,,A1000330230000,식품원료,원료이기에 사용기준 없음,,사용가능,
1328,GYEOL-MYEOG TEA OIL,결명자유,,A1000330000020,식품원료,원료이기에 사용기준 없음,,사용가능,
1329,,결명자잎,,A1000330380000,식품원료,원료이기에 사용기준 없음,,사용가능,
1330,,결명자추출고형분,,A1000330004504,식품원료,원료이기에 사용기준 없음,,사용가능,
1331,,결명자추출물,,A1000330004500,식품원료,원료이기에 사용기준 없음,,사용가능,
1332,,결명자추출물분말,,A1000330004501,식품원료,원료이기에 사용기준 없음,,사용가능,
1333,,결명자추출액,,A1000330004514,식품원료,원료이기에 사용기준 없음,,사용가능,
1334,,결정과당,,P0107020000000,식품유형,"사용기준 못찾음, 별도 확인 필요",,"기타, 별도 확인 필요",
1335,,결정구연산,,B1003624000000,식품첨가물,"사용기준 못찾음, 별도 확인 필요",,"기타, 별도 확인 필요",
1336,MICROCYSTALLINE CELLULOSE,결정셀룰로스,"Cellulose Gel, Microcrystalline Cellulose",B1003600000000,식품첨가물,II. 2. 1)의 규정에 따라 사용하여야 한다.,증점제,"기타, 별도 확인 필요",
1337,,경단풍나무수액,,A1004898100000,식품원료,원료이기에 사용기준 없음,,사용가능,
1338,HYDROGENATED SOY PROTEIN,경화대두단백,,A1000633007308,식품원료,원료이기에 사용기준 없음,,사용가능,
1339,HYDROGENATED PEANUT OIL,경화땅콩오일,,A1000729007320,식품원료,원료이기에 사용기준 없음,,사용가능,
1340,HYDROGENATED SHA NUT OIL,경화시어버터씨앗유,,A1001311327320,식품원료,원료이기에 사용기준 없음,,사용가능,
1341,HYDROGENATED CORN SYRUP,경화옥수수시럽,,A1001488007313,식품원료,원료이기에 사용기준 없음,,사용가능,
1342,HYDROGENATED SAFFLOWER SEED OIL,경화잇꽃씨앗유,,A1005378327320,식품원료,원료이기에 사용기준 없음,,사용가능,
1343,,경화팜스테아린유,,P1114120307300,식품유형,"사용기준 못찾음, 별도 확인 필요",,"기타, 별도 확인 필요",
1344,HYDROGENATED PALM OELIN OIL,경화팜올레인유,,P0114120207300,식품유형,"사용기준 못찾음, 별도 확인 필요",,"기타, 별도 확인 필요",
1345,HYDROGENATED PALM OIL(FAT),경화팜유,"HYDROGENATED PALM OIL,HYDROGENATED PALM FAT",A1001982007320,식품원료,원료이기에 사용기준 없음,,사용가능,
1346,HYDROGENATED PALM KERNEL STEARIN,경화팜핵스테아린유,,A1054052B27303,식품원료,원료이기에 사용기준 없음,,사용가능,
1347,HYDROGENATED PALM KERNEL OIL,경화팜핵유,,A1001982B27320,식품원료,원료이기에 사용기준 없음,,사용가능,
1348,CROSS-LINKED POLYESTER RESIN,경화폴리에스터수지,,D1000040000000,기구 및 용기포장,"사용기준 못찾음, 별도 확인 필요",,"기타, 별도 확인 필요",
1349,HYDROGENATED SUNFLOWER OIL,경화해바라기씨앗유,,A1002051327320,식품원료,원료이기에 사용기준 없음,,사용가능,
1350,EGG,계란,"eggs,Whole Eggs,whole egg,Free range eggs,pasteurised whole EGG",A2000002000000,식품원료,원료이기에 사용기준 없음,,사용가능,
1351,,계란과립,,A2000002000043,식품원료,원료이기에 사용기준 없음,,사용가능,
1352,EGG PROTEIN,계란단백,,A2000002000008,식품원료,원료이기에 사용기준 없음,,사용가능,
1353,EGG POWDER,계란분말,,A2000002000001,식품원료,원료이기에 사용기준 없음,,사용가능,
1354,EGG EXTRACT,계란추출물,,A2000002004500,식품원료,원료이기에 사용기준 없음,,사용가능,
1355,,계수나무,,A1000334000000,식품원료,원료이기에 사용기준 없음,,사용불가,
1356,CINNAMON,계피,,A1000337000000,식품원료,원료이기에 사용기준 없음,,사용가능,
1357,CINNAMON POWDER,계피가루,,A1000337000001,식품원료,원료이기에 사용기준 없음,,사용가능,
1358,,계피가지,,A1000337560000,식품원료,원료이기에 사용기준 없음,,사용가능,
1359,,계피가지추출물분말,,A1000337564501,식품원료,원료이기에 사용기준 없음,,사용가능,
1360,,계피건조,,A1000337000400,식품원료,원료이기에 사용기준 없음,,사용가능,
1361,,계피과립,,A1000337000043,식품원료,원료이기에 사용기준 없음,,사용가능,
1362,,계피껍질,,A1000337006000,식품원료,원료이기에 사용기준 없음,,사용가능,
1363,CINNAMON BARK OIL,계피껍질오일,,A1000337600020,식품원료,원료이기에 사용기준 없음,,사용가능,
1364,,계피꽃,,A1000337140000,식품원료,원료이기에 사용기준 없음,,사용불가,
1365,CINNAMON CONCENTRATE,계피농축,,A1000337000800,식품원료,원료이기에 사용기준 없음,,사용가능,
1366,,계피농축액,,A1000337000814,식품원료,원료이기에 사용기준 없음,,사용가능,
1367,CINNAMIC ACID,계피산,,B1000005000000,식품첨가물,"사용기준 찾음, 별도 확인 필요",향료,"기타, 별도 확인 필요",
1368,METHYL CINNAMATE,계피산메틸,,B1000006000000,식품첨가물,"사용기준 찾음, 별도 확인 필요",향료,"기타, 별도 확인 필요",
1369,ETHYL CINNAMATE,계피산에틸,,B1000007000000,식품첨가물,"사용기준 찾음, 별도 확인 필요",향료,"기타, 별도 확인 필요",
1370,CINNAMALDEHYDE,계피알데히드,,B1000008000000,식품첨가물,"사용기준 찾음, 별도 확인 필요",향료,"기타, 별도 확인 필요",
1371,CINNAMYL ALCOHOL,계피알콜,,B1000009000000,식품첨가물,"사용기준 찾음, 별도 확인 필요",향료,"기타, 별도 확인 필요",
1372,,계피엑기스,,A1000337000017,식품원료,원료이기에 사용기준 없음,,사용가능,
1373,,계피엑기스분말,,A1000337000018,식품원료,원료이기에 사용기준 없음,,사용가능,
1374,,계피오일,,A1000337000020,식품원료,원료이기에 사용기준 없음,,사용가능,
1375,,계피잎,,A1000337380000,식품원료,원료이기에 사용기준 없음,,"제한적사용가능, 별도 확인 필요",
1376,CINNAMON LEAF OIL,계피잎오일,,A1000337380020,식품원료,원료이기에 사용기준 없음,,"제한적사용가능, 별도 확인 필요",
1377,,계피잎추출물,,A1000337384500,식품원료,원료이기에 사용기준 없음,,"제한적사용가능, 별도 확인 필요",
1378,,계피종자,,A1000337320000,식품원료,원료이기에 사용기준 없음,,사용불가,
1379,CINNAMON JUICE,계피주스,,A1000337000025,식품원료,원료이기에 사용기준 없음,,사용가능,
1380,,계피줄기껍질,,A1000337600000,식품원료,원료이기에 사용기준 없음,,사용가능,
1381,,계피증류원액,,A1000337006921,식품원료,원료이기에 사용기준 없음,,사용가능,
1382,CINNAMON EXTRACT,계피추출물,,A1000337004500,식품원료,원료이기에 사용기준 없음,,사용가능,
1383,,계피추출물분말,,A1000337004501,식품원료,원료이기에 사용기준 없음,,사용가능,
1384,,계피추출액,,A1000337004514,식품원료,원료이기에 사용기준 없음,,사용가능,
1385,,계피칩,,A1000337004548,식품원료,원료이기에 사용기준 없음,,사용가능,
1386,SWEET POTATO,고구마,,A1000340000000,식품원료,원료이기에 사용기준 없음,,사용가능,
1387,,고구마농축분말,,A1000340630801,식품원료,원료이기에 사용기준 없음,,사용가능,
1388,,고구마농축액,,A1000340630814,식품원료,원료이기에 사용기준 없음,,사용가능,
1389,HYDROLYZED SWEET POTATO PROTEIN,고구마단백가수분해물,,A1000340000208,식품원료,원료이기에 사용기준 없음,,사용가능,
1390,SWEET POTATO POWDER,고구마분말,,A1000340000001,식품원료,원료이기에 사용기준 없음,,사용가능,
1391,,고구마앙금,,A1000340000037,식품원료,원료이기에 사용기준 없음,,사용가능,
1392,WHITE SWEET POTATO LEAF,고구마잎,,A1000340380000,식품원료,원료이기에 사용기준 없음,,사용가능,
1393,SWEET POTATO STARCH,고구마전분,,P0129030200000,식품유형,"사용기준 못찾음, 별도 확인 필요",,"기타, 별도 확인 필요",
1394,SWEET POTATO STARCH SYRUP,고구마전분시럽,,A1000340000013,식품원료,원료이기에 사용기준 없음,,사용가능,
1395,SWEET POTATO JUICE,고구마주스,,A1000340000025,식품원료,원료이기에 사용기준 없음,,사용가능,
1396,SWEET POTATO JUICE CONCENTRATE,고구마주스농축액,,A1000340000825,식품원료,원료이기에 사용기준 없음,,사용가능,
1397,,고구마줄기,,A1000340490000,식품원료,원료이기에 사용기준 없음,,사용가능,
1398,SWEET POTATO EXTRACT,고구마추출물,,A1000340004500,식품원료,원료이기에 사용기준 없음,,사용가능,
1399,SWEET POTETO EXTRACT POWDER,고구마추출분말,,A1000340004501,식품원료,원료이기에 사용기준 없음,,사용가능,
1400,SWEET POTATO PASTE,고구마페이스트,,A1000340000033,식품원료,원료이기에 사용기준 없음,,사용가능,
1401,SWEET POTATO PUREE,고구마퓌레,,A1000340000034,식품원료,원료이기에 사용기준 없음,,사용가능,
1402,,고둥,,A3000090000000,식품원료,원료이기에 사용기준 없음,,사용가능,
1403,LACTUCA BUNGEANA,고들빼기,,A1000341000000,식품원료,원료이기에 사용기준 없음,,사용가능,
1404,MACKEREL,고등어,,A3000092000000,식품원료,원료이기에 사용기준 없음,,사용가능,
1405,,고등어가수분해단백질,,A3000092000208,식품원료,원료이기에 사용기준 없음,,사용가능,
1406,MACKEREL POWDER,고등어분말,,A3000092000001,식품원료,원료이기에 사용기준 없음,,사용가능,
1407,,고등어살,,A3000092080000,식품원료,원료이기에 사용기준 없음,,사용가능,
1408,,고등어엑기스,,A3000092000017,식품원료,원료이기에 사용기준 없음,,사용가능,
1409,MACKEREL OIL,고등어오일,,A3000092000020,식품원료,원료이기에 사용기준 없음,,사용가능,
1410,MACKEREL EXTRACT,고등어추출물,,A3000092004500,식품원료,원료이기에 사용기준 없음,,사용가능,
1411,MACKEREL EXTRACT POWDER,고등어추출분말,,A3000092004501,식품원료,원료이기에 사용기준 없음,,사용가능,
1412,,고등어포,,A3000092000050,식품원료,원료이기에 사용기준 없음,,사용가능,
1413,,고등어훈제분말,,A3000092005101,식품원료,원료이기에 사용기준 없음,,사용가능,
1414,GALANGA(GALANGAL),고량강뿌리줄기,,A1000342620000,식품원료,원료이기에 사용기준 없음,,사용가능,
1415,GALANGAL POWDER,고량강뿌리줄기분말,,A1000342620001,식품원료,원료이기에 사용기준 없음,,사용가능,
1416,,고량강뿌리줄기추출물,,A1000342624512,식품원료,원료이기에 사용기준 없음,,사용가능,
1417,,고량강뿌리줄기추출분말,,A1000342624501,식품원료,원료이기에 사용기준 없음,,사용가능,
1418,KAOLIANG COLOR,고량색소,,B2000004000000,식품첨가물,"사용기준 찾음, 별도 확인 필요",착색료,"기타, 별도 확인 필요",
1419,,고량주,,P0127090100000,식품유형,"사용기준 못찾음, 별도 확인 필요",,"기타, 별도 확인 필요",
1420,,고려엉겅퀴,,A1000344000000,식품원료,원료이기에 사용기준 없음,,사용가능,
1421,"KOROSOE TREE, SAP",고로쇠나무수액,,A1000345100000,식품원료,원료이기에 사용기준 없음,,사용가능,
1422,RUBBER,고무제,,D3000001000000,기구 및 용기포장,"사용기준 못찾음, 별도 확인 필요",,"기타, 별도 확인 필요",
1423,,고본뿌리,,A1000348610000,식품원료,원료이기에 사용기준 없음,,"제한적사용가능, 별도 확인 필요",
1424,ROYAL FERN,고비,,A1000349000000,식품원료,원료이기에 사용기준 없음,,사용가능,
1425,BRACKEN,고사리,,A1000350000000,식품원료,원료이기에 사용기준 없음,,사용가능,
1426,,고사리분말,,A1000350000001,식품원료,원료이기에 사용기준 없음,,사용가능,
1427,,고사리뿌리,,A1000350610000,식품원료,원료이기에 사용기준 없음,,사용가능,
1428,BRACKEN STARCH,고사리전분,,A1000350000038,식품원료,원료이기에 사용기준 없음,,사용가능,
1429,,고산알케밀라잎,,A1004902380000,식품원료,원료이기에 사용기준 없음,,사용가능,
1430,CORIANDER,고수,Cilantro,A1000352000000,식품원료,원료이기에 사용기준 없음,,사용가능,
1431,CORIANDER POWDER,고수분말,,A1000352000001,식품원료,원료이기에 사용기준 없음,,사용가능,
1432,CORIANDER SEED,고수씨앗,,A1000352320000,식품원료,원료이기에 사용기준 없음,,사용가능,
1433,CORIANDER SEED POWDER,고수씨앗분말,,A1000352320001,식품원료,원료이기에 사용기준 없음,,사용가능,
1434,CORIANDER FRUIT,고수열매,,A1000352230000,식품원료,원료이기에 사용기준 없음,,사용가능,
1435,CORIANDER FRUIT EXTRACT,고수열매추출물,,A1000352234500,식품원료,원료이기에 사용기준 없음,,사용가능,
1436,,고수오일,,A1000352000020,식품원료,원료이기에 사용기준 없음,,사용가능,
1437,CORIANDER LEAF,고수잎,,A1000352380000,식품원료,원료이기에 사용기준 없음,,사용가능,
1438,,고수잎추출물,,A1000352384500,식품원료,원료이기에 사용기준 없음,,사용가능,
1439,CORIANDER LEAF PUREE,고수잎퓌레,,A1000352380034,식품원료,원료이기에 사용기준 없음,,사용가능,
1440,DISTILLATE OF CORIANDER,고수증류액,,A1000352006914,식품원료,원료이기에 사용기준 없음,,사용가능,
1441,CORIANDER EXTRACT,고수추출물,,A1000352004500,식품원료,원료이기에 사용기준 없음,,사용가능,
1442,HIGH OLEIC SOYBEAN OIL,고올레산대두유,,P1204276100000,식품유형,"사용기준 못찾음, 별도 확인 필요",,사용가능,
1443,HIGH OLEIC SUNFLOWER OIL,고올레산해바라기유,Organic High Oleic Sunflower Oil,P0114080200000,식품유형,"사용기준 못찾음, 별도 확인 필요",,"기타, 별도 확인 필요",
1444,HIGH OLEIC SAFFLOWER OIL,고올레산홍화유,,P0114070200000,식품유형,"사용기준 못찾음, 별도 확인 필요",,"기타, 별도 확인 필요",
1445,,고욤나무열매분말,,A1000353230001,식품원료,원료이기에 사용기준 없음,,사용가능,
1446,,고욤나무잎,,A1000353380000,식품원료,원료이기에 사용기준 없음,,사용가능,
1447,GOJI BERRY CONCENTRATE,고지베리농축액,,A1000354000814,식품원료,원료이기에 사용기준 없음,,사용가능,
1448,"BARBARY WOLFBERRY FRUIT(FRUCTUS LYCII,CHINESE LYCIUM)",고지베리열매,,A1000354230000,식품원료,원료이기에 사용기준 없음,,사용가능,
1449,GOJI BERRY(LYCIUM BARBARUM L.) POWDER,고지베리열매분말,,A1000354230001,식품원료,원료이기에 사용기준 없음,,사용가능,
1450,GOJI BERRY JUICE,고지베리열매착즙액,,A1000354233214,식품원료,원료이기에 사용기준 없음,,사용가능,
1451,BARBARY WOLFBERRY FRUIT(FRUCTUS LYCII) EXTRACT,고지베리열매추출물,,A1000354234500,식품원료,원료이기에 사용기준 없음,,사용가능,
1452,Gojiberry puree,고지베리열매퓌레,,A1000354230034,식품원료,원료이기에 사용기준 없음,,사용가능,
1453,,고지베리주스농축액,,A1000354000825,식품원료,원료이기에 사용기준 없음,,사용가능,
1454,GOJI BERRY EXTRACT,고지베리추출물,,A1000354004500,식품원료,원료이기에 사용기준 없음,,사용가능,
1455,"HOT PEPPER(CAYENNE, CHILI PEPPER, RED PEPPER)",고추,"CAYENNE, CHILI PEPPER, RED PEPPER",A1000355000000,식품원료,원료이기에 사용기준 없음,,사용가능,
1456,,고추나물잎,,A1000356380000,식품원료,원료이기에 사용기준 없음,,사용가능,
1457,ERECT ST. JOHNSWORT LEAF EXTRACT,고추나물잎추출물,,A1000356384500,식품원료,원료이기에 사용기준 없음,,사용가능,
1458,,고추냉이,,A1000357000000,식품원료,원료이기에 사용기준 없음,,사용가능,
1459,,고추냉이분말,,A1000357000001,식품원료,원료이기에 사용기준 없음,,사용가능,
1460,,고추냉이뿌리,,A1000357610000,식품원료,원료이기에 사용기준 없음,,사용가능,
1461,WASABI OIL,고추냉이오일,,A1000357000020,식품원료,원료이기에 사용기준 없음,,사용가능,
1462,WASABI LEAVES,고추냉이잎,,A1000357380000,식품원료,원료이기에 사용기준 없음,,사용가능,
1463,,고추냉이줄기,,A1000357490000,식품원료,원료이기에 사용기준 없음,,사용가능,
1464,WASABI EXTRACT,고추냉이추출물,,A1000357004500,식품원료,원료이기에 사용기준 없음,,사용가능,
1465,"HOT PEPPER(CAYENNE, CHILI PEPPER, RED PEPPER) CONCENTRATE",고추농축,,A1000355000800,식품원료,원료이기에 사용기준 없음,,사용가능,
1466,,고추농축액,,A1000355380814,식품원료,원료이기에 사용기준 없음,,사용가능,
1467,"HOT PEPPER(CHILI PEPPER, RED PEPPER) SEED OIL",고추씨기름,,P0114180200000,식품유형,"사용기준 못찾음, 별도 확인 필요",,"기타, 별도 확인 필요",
1468,"HOT PEPPER(CAYENNE, CHILI PEPPER, RED PEPPER) SEED",고추씨앗,,A1000355320000,식품원료,원료이기에 사용기준 없음,,사용가능,
1469,"HOT PEPPER(CAYENNE, CHILI PEPPER, RED PEPPER) SEED POWDER",고추씨앗가루,,A1000355320001,식품원료,원료이기에 사용기준 없음,,사용가능,
1470,,고추씨앗오일,,A1000355320020,식품원료,원료이기에 사용기준 없음,,사용가능,
1471,,고추엑기스,,A1000355000017,식품원료,원료이기에 사용기준 없음,,사용가능,
1472,,고추열매,,A1000355230000,식품원료,원료이기에 사용기준 없음,,사용가능,
1473,RED PEPPER OIL,고추오일,,A1000355000020,식품원료,원료이기에 사용기준 없음,,사용가능,
1474,고추즙,고추즙,,A1000355000026,식품원료,원료이기에 사용기준 없음,,사용가능,
1475,"HOT PEPPER(CAYENNE, CHILI PEPPER, RED PEPPER) EXTRACT",고추추출물,,A1000355004500,식품원료,원료이기에 사용기준 없음,,사용가능,
1476,"HOT PEPPER(CHILI PEPPER, RED PEPPER) POWDER EXTRACT",고추추출물분말,,A1000355004501,식품원료,원료이기에 사용기준 없음,,사용가능,
1477,,고추추출액,,A1000355004514,식품원료,원료이기에 사용기준 없음,,사용가능,
1478,,고추추출오일,,A1000355004520,식품원료,원료이기에 사용기준 없음,,사용가능,
1479,"HOT PEPPER(CAYENNE, CHILI PEPPER, RED PEPPER) PASTE",고추페이스트,,A1000355000033,식품원료,원료이기에 사용기준 없음,,사용가능,
1480,"HOT PEPPER(CAYENNE, CHILI PEPPER, RED PEPPER) PUREE",고추퓨레,,A1000355000034,식품원료,원료이기에 사용기준 없음,,사용가능,
1481,"HOT PEPPER(CAYENNE, CHILI PEPPER, RED PEPPER) FLAKE",고추플레이크,Crushed Red Pepper Flakes,A1000355000051,식품원료,원료이기에 사용기준 없음,,사용가능,
1482,,고춧가루,,A1000355000401,식품원료,원료이기에 사용기준 없음,,사용가능,
1483,"HOT PEPPER(CAYENNE, CHILI PEPPER, RED PEPPER) LEAF",고춧잎,,A1000355380000,식품원료,원료이기에 사용기준 없음,,사용가능,
1484,,곡궐,,A1002676000000,식품원료,원료이기에 사용기준 없음,,사용불가,
1485,SPIRITS,곡물주정,,P0204241000000,식품유형,"사용기준 못찾음, 별도 확인 필요",,"기타, 별도 확인 필요",
1486,,곡자(누룩),,B2000006000100,식품첨가물,"사용기준 못찾음, 별도 확인 필요",,"기타, 별도 확인 필요",
1487,"KONJAC, ELEPHANT FOOD",곤약,,A1000361000000,식품원료,원료이기에 사용기준 없음,,사용가능,
1488,KONJAC POWDER,곤약분말,,A1000361620001,식품원료,원료이기에 사용기준 없음,,사용가능,
1489,KONJAC FIBER,곤약식이섬유,,A1000361620084,식품원료,원료이기에 사용기준 없음,,사용가능,
1490,KONJAC STARCH,곤약전분,,A1000361620038,식품원료,원료이기에 사용기준 없음,,사용가능,
1491,KONJAC EXTRACT,곤약추출물,,A1000361624500,식품원료,원료이기에 사용기준 없음,,사용가능,
1492,KONJAC EXTRACT POWDER,곤약추출분말,,A1000361004501,식품원료,원료이기에 사용기준 없음,,사용가능,
1493,,곤약페이스트,,A1000361620033,식품원료,원료이기에 사용기준 없음,,사용가능,
1494,,곤쟁이,,A3000927000000,식품원료,원료이기에 사용기준 없음,,사용가능,
1495,,곧은뿔중하,,A3001022000000,식품원료,원료이기에 사용기준 없음,,사용가능,
1496,CHINESE PEA TREE,골담초,,A1000362000000,식품원료,원료이기에 사용기준 없음,,사용가능,
1497,,골덴마스컷포도,,A1002760000000,식품원료,원료이기에 사용기준 없음,,사용가능,
1498,CAPE GOOSEBERRY,골든베리,,A1000363000000,식품원료,원료이기에 사용기준 없음,,사용가능,
1499,GOLDEN BERRY(CAPE GOOSEBERRY) EXTRACT,골든베리열매농축액,,A1000363230814,식품원료,원료이기에 사용기준 없음,,사용가능,
1500,,골무꽃,,A1002718000000,식품원료,원료이기에 사용기준 없음,,사용가능,
1501,CHIVE,골파,,A1000367000000,식품원료,원료이기에 사용기준 없음,,사용가능,
1502,CHIVE POWDER,골파분말,,A1000367000001,식품원료,원료이기에 사용기준 없음,,사용가능,
1503,CHIVE OIL,골파오일,,A1000367000020,식품원료,원료이기에 사용기준 없음,,사용가능,
1504,FRIED CHIVE,골파유탕,,A1000367003600,식품원료,원료이기에 사용기준 없음,,사용가능,
1505,,골파잎,,A1000367380000,식품원료,원료이기에 사용기준 없음,,사용가능,
1506,SHALLOT JUICE,골파즙,,A1000367000026,식품원료,원료이기에 사용기준 없음,,사용가능,
1507,CHIVE EXTRACT,골파추출물,,A1000367004500,식품원료,원료이기에 사용기준 없음,,사용가능,
1508,,곰보버섯,,A1000370B90000,식품원료,원료이기에 사용기준 없음,,"제한적사용가능, 별도 확인 필요",
1509,YELLOW MOREL EXTRACT,곰보버섯추출물,,A1000370B94500,식품원료,원료이기에 사용기준 없음,,"제한적사용가능, 별도 확인 필요",
1510,,곰솔잎,,A1000371380000,식품원료,원료이기에 사용기준 없음,,사용가능,
1511,"GOM CHWI, WILD PLANT",곰취,,A1000372000000,식품원료,원료이기에 사용기준 없음,,사용가능,
1512,"GOM PI, SEA WEED",곰피,,A3000859000000,식품원료,원료이기에 사용기준 없음,,사용가능,
1513,,곰피추출물분말,,A3000859004501,식품원료,원료이기에 사용기준 없음,,사용가능,
1514,,곱사연어,,A3000097000000,식품원료,원료이기에 사용기준 없음,,사용가능,
1515,,공버섯,,A1000373B90000,식품원료,원료이기에 사용기준 없음,,사용가능,
1516,swamp cabbage,공심채,,A1000374000000,식품원료,원료이기에 사용기준 없음,,사용가능,
1517,CONJUGATED LINOLEIC ACID,공액리놀레산(고시형),,C2000076000000,건강기능식품,"사용기준 못찾음, 별도 확인 필요",,"기타, 별도 확인 필요",
1518,WINE PALM,공작야자,,A1000375000000,식품원료,원료이기에 사용기준 없음,,사용가능,
1519,,공작야자수액,,A1000375100000,식품원료,원료이기에 사용기준 없음,,사용가능,
1520,WINE PALM JAGGERY,공작야자수액조당,,A1000375100804,식품원료,원료이기에 사용기준 없음,,사용가능,
1521,,곶감,,A1000236000400,식품원료,원료이기에 사용기준 없음,,사용가능,
1522,FRUCTOSE,과당,,P0107000000000,식품유형,"사용기준 못찾음, 별도 확인 필요",,"기타, 별도 확인 필요",
1523,FRUCTOSE SYRUP,과당시럽,,P0107000000013,식품유형,"사용기준 못찾음, 별도 확인 필요",,"기타, 별도 확인 필요",
1524,GUARANA,과라나,,A1000376000000,식품원료,원료이기에 사용기준 없음,,사용가능,
1525,GUARANA CONCENTRATE,과라나농축액,,A1000376000814,식품원료,원료이기에 사용기준 없음,,사용가능,
1526,,과라나분말,,A1000376000001,식품원료,원료이기에 사용기준 없음,,사용가능,
1527,,과라나씨앗,,A1000376320000,식품원료,원료이기에 사용기준 없음,,사용가능,
1528,GUARANA SEED EXTRACT,과라나씨앗추출물,,A1000376324500,식품원료,원료이기에 사용기준 없음,,사용가능,
1529,,과라나엑기스분말,,A1000376000018,식품원료,원료이기에 사용기준 없음,,사용가능,
1530,,과라나열매,,A1000376230000,식품원료,원료이기에 사용기준 없음,,사용가능,
1531,GUARANA FRUIT EXTRACT POWDER,과라나열매추출분말,,A1054037234501,식품원료,원료이기에 사용기준 없음,,사용가능,
1532,,과라나추출물,,A1000376004500,식품원료,원료이기에 사용기준 없음,,사용가능,
1533,GUARANA EXTRACT POWDER,과라나추출물분말,,A1000376004501,식품원료,원료이기에 사용기준 없음,,사용가능,
1534,,과라나추출액,,A1000376004514,식품원료,원료이기에 사용기준 없음,,사용가능,
1535,,과립마늘,"Organic Granulated Garlic, Granulated Garlic",A1000774000043,식품원료,원료이기에 사용기준 없음,,사용가능,
1536,DILUTED BENZOYL PEROXIDE,과산화벤조일(희석),,B1000012000000,식품첨가물,"사용기준 찾음, 별도 확인 필요",밀가루개량제,"기타, 별도 확인 필요",
1537,HYDROGEN PEROXIDE,과산화수소,,B1000013000000,식품첨가물,"사용기준 찾음, 별도 확인 필요",살균제,"기타, 별도 확인 필요",
1538,PEROXYOCTANOIC ACID,과산화옥탄산,,B3000002000000,식품첨가물,"사용기준 못찾음, 별도 확인 필요",,"기타, 별도 확인 필요",
1539,PEROXYACETIC ACID,과산화초산,,B1006129000000,식품첨가물,"사용기준 찾음, 별도 확인 필요",살균제,"기타, 별도 확인 필요",
1540,,과실주,,P0127050000000,식품유형,"사용기준 못찾음, 별도 확인 필요",,"기타, 별도 확인 필요",
1541,,과채유래유산균(L.plantarum CJLP133)(기능성원료 인정 제2013-11호),,C9000437000000,건강기능식품,"사용기준 못찾음, 별도 확인 필요",,"기타, 별도 확인 필요",
1542,AMMONIUM PERSULFATE,과황산암모늄,,B1000014000000,식품첨가물,"사용기준 찾음, 별도 확인 필요",밀가루개량제,"기타, 별도 확인 필요",
1543,GUAJILLO CHILI PEPPER,과히요 고추,,A1054121000000,식품원료,원료이기에 사용기준 없음,,사용가능,
1544,CISTANCHE TUBULOSA STEM EXTRACT,관화육종용줄기추출물(연구조사용 등),,AZ000030000000,식품원료,원료이기에 사용기준 없음,,사용불가,
1545,Cistanche tubulosa Extract(외화획득용에 한함),관화육종용추출물(외화획득용),,AZ000015000000,식품원료,원료이기에 사용기준 없음,,사용불가,
1546,,광귤나무꽃,,A1000381140000,식품원료,원료이기에 사용기준 없음,,사용가능,
1547,,광귤나무열매,,A1000381230000,식품원료,원료이기에 사용기준 없음,,"제한적사용가능, 별도 확인 필요",
1548,,광귤나무열매추출물,,A1000381234500,식품원료,원료이기에 사용기준 없음,,사용가능,
1549,BITTER ORANGE IINFUSION,광귤나무열매추출액,,A1000381234514,식품원료,원료이기에 사용기준 없음,,"제한적사용가능, 별도 확인 필요",
1550,,광귤나무오일,,A1000381000020,식품원료,원료이기에 사용기준 없음,,"제한적사용가능, 별도 확인 필요",
1551,,광귤나무주스,,A1000381000025,식품원료,원료이기에 사용기준 없음,,사용가능,
1552,Citrus aurantium L. Extract,광귤나무추출물,,A1000381004500,식품원료,원료이기에 사용기준 없음,,"제한적사용가능, 별도 확인 필요",
1553,,광귤나무추출분말,,A1000381004501,식품원료,원료이기에 사용기준 없음,,"제한적사용가능, 별도 확인 필요",
1554,,광귤분말,,A1000381000001,식품원료,원료이기에 사용기준 없음,,"제한적사용가능, 별도 확인 필요",
1555,,괭생이모자반,,A1004908010000,식품원료,원료이기에 사용기준 없음,,사용가능,
1556,CREEPING LADY'S SORREL,괭이밥,,A1000387000000,식품원료,원료이기에 사용기준 없음,,사용가능,
1557,,괭이상어,,A3000101000000,식품원료,원료이기에 사용기준 없음,,사용가능,
1558,,구기자나무뿌리,,A1000389610000,식품원료,원료이기에 사용기준 없음,,사용가능,
1559,CHINESE MATRIMONEY VINE,구기자나무열매,,A1000389230000,식품원료,원료이기에 사용기준 없음,,사용가능,
1560,,구기자나무잎,,A1000389380000,식품원료,원료이기에 사용기준 없음,,사용가능,
1561,,구기자농축분말,,A1000389230801,식품원료,원료이기에 사용기준 없음,,사용가능,
1562,,구기자농축액,,A1000389230814,식품원료,원료이기에 사용기준 없음,,사용가능,
1563,,구기자분말,,A1000389230001,식품원료,원료이기에 사용기준 없음,,사용가능,
1564,,구기자엑기스분말,,A1000389230018,식품원료,원료이기에 사용기준 없음,,사용가능,
1565,,구기자주스,,A1000389230025,식품원료,원료이기에 사용기준 없음,,사용가능,
1566,,구기자추출고형분,,A1000389234504,식품원료,원료이기에 사용기준 없음,,사용가능,
1567,,구기자추출물,,A1000389234500,식품원료,원료이기에 사용기준 없음,,사용가능,
1568,,구기자추출물분말,,A1000389234501,식품원료,원료이기에 사용기준 없음,,사용가능,
1569,,구기자추출액,,A1000389234514,식품원료,원료이기에 사용기준 없음,,사용가능,
1570,GOURAMI,구라미,,A3000104000000,식품원료,원료이기에 사용기준 없음,,사용가능,
1571,,구름송편버섯균사체,,A1000391B30000,식품원료,원료이기에 사용기준 없음,,사용가능,
1572,,구름송편버섯균사체추출분말,,A1000391B34501,식품원료,원료이기에 사용기준 없음,,사용가능,
1573,,구름송편버섯분말,,A1000391B90001,식품원료,원료이기에 사용기준 없음,,사용가능,
1574,,구름송편버섯자실체,,A1000391B90000,식품원료,원료이기에 사용기준 없음,,사용가능,
1575,CORIOLOUS VERSICOLOR MYCELIA EXTRACTED POWDER,구름송편버섯자실체추출물분말,,A1000391B94501,식품원료,원료이기에 사용기준 없음,,사용가능,
1576,,구름송편버섯추출물,,A1000391B94500,식품원료,원료이기에 사용기준 없음,,사용가능,
1577,,구름송편버섯추출분말,,A1000391004501,식품원료,원료이기에 사용기준 없음,,사용가능,
1578,COPPER AAC-외화획득용,구리 아미노산킬레이트(외화획득용),,BZ000028000000,식품첨가물,"사용기준 못찾음, 별도 확인 필요",,사용불가,
1579,,구리빛그물버섯,,A1000393B90000,식품원료,원료이기에 사용기준 없음,,사용가능,
1580,,구멍갈파래,,A1004909010000,식품원료,원료이기에 사용기준 없음,,사용가능,
1581,GOOSEBERRY COLOR,구스베리색소,,B2000493000000,식품첨가물,"사용기준 못찾음, 별도 확인 필요",,"기타, 별도 확인 필요",
1582,Nostoc commune,구슬말,,A3000860010000,식품원료,원료이기에 사용기준 없음,,사용가능,
1583,GUAR GUM,구아검,E412,B2000005000000,식품첨가물,II. 2. 1)의 규정에 따라 사용하여야 한다.,증점제,"기타, 별도 확인 필요",
1584,,구아검가수분해물(고시형),,C2000099000000,건강기능식품,"사용기준 못찾음, 별도 확인 필요",,"기타, 별도 확인 필요",
1585,,구아검효소분해물,,A1000402324900,식품원료,원료이기에 사용기준 없음,,"기타, 별도 확인 필요",
1586,GUAVA,구아바,,A1000400000000,식품원료,원료이기에 사용기준 없음,,사용가능,
1587,GUAVA PULP,구아바과육,,A1053963300000,식품원료,원료이기에 사용기준 없음,,사용가능,
1588,,구아바농축,,A1000400000800,식품원료,원료이기에 사용기준 없음,,사용가능,
1589,,구아바농축액,,A1000400230814,식품원료,원료이기에 사용기준 없음,,사용가능,
1590,,구아바분말,,A1000400000001,식품원료,원료이기에 사용기준 없음,,사용가능,
1591,,구아바열매,,A1000400230000,식품원료,원료이기에 사용기준 없음,,사용가능,
1592,,구아바잎,,A1000400380000,식품원료,원료이기에 사용기준 없음,,사용가능,
1593,,구아바잎추출물,,A1000400384500,식품원료,원료이기에 사용기준 없음,,사용가능,
1594,,구아바잎추출분말,,A1000400384501,식품원료,원료이기에 사용기준 없음,,사용가능,
1595,,구아바주스,,A1000400000025,식품원료,원료이기에 사용기준 없음,,사용가능,
1596,GUAVA JUICE CONCENTRATE,구아바주스농축,,A1000400000825,식품원료,원료이기에 사용기준 없음,,사용가능,
1597,GUAVA EXTRACT,구아바추출물,,A1000400004500,식품원료,원료이기에 사용기준 없음,,사용가능,
1598,구아바열매추출분말,구아바추출물분말,,A1000400004501,식품원료,원료이기에 사용기준 없음,,사용가능,
1599,GUAVA PULP,구아바펄프,,A1054139000032,식품원료,원료이기에 사용기준 없음,,사용가능,
1600,,구아바페이스트,,A1000400000033,식품원료,원료이기에 사용기준 없음,,사용가능,
1601,GUAVA PUREE,구아바퓌레,,A1000400000034,식품원료,원료이기에 사용기준 없음,,사용가능,
1602,GUAYUSA LEAF EXTRACT,구아유사잎추출물(외화획득용 등),,AZ000063000000,식품원료,원료이기에 사용기준 없음,,사용불가,
1603,CYANOPSIS TETRAGONOLOBA L.,구아콩씨앗,,A1000402320000,식품원료,원료이기에 사용기준 없음,,사용가능,
1604,GUAR SEED POWDER(MEAL),구아콩씨앗분말,,A1000402320001,식품원료,원료이기에 사용기준 없음,,사용가능,
1605,GUAR SEED FIBER HYDROLYSATE,구아콩씨앗식이섬유가수분해물,,A1000402320284,식품원료,원료이기에 사용기준 없음,,사용가능,
1606,CITRIC ACID,구연산,"carry-over: citric acid, E330, E330 citric acid",B1000016000000,식품첨가물,II. 2. 1)의 규정에 따라 사용하여야 한다.,산도조절제,"기타, 별도 확인 필요",
1607,Magnesium citrate,구연산마그네슘(선천성대사질환자용 등),,BZ000089000000,식품첨가물,"사용기준 못찾음, 별도 확인 필요",,사용불가,
1608,MANGANESE CITRATE,구연산망간,,B1000414000000,식품첨가물,II. 2. 1)의 규정에 따라 사용하여야 한다.,영양강화제,"기타, 별도 확인 필요",
1609,SODIUM CITRATE(TRISODIUM CITRATE),구연산삼나트륨,,B1000017000000,식품첨가물,II. 2. 1)의 규정에 따라 사용하여야 한다.,산도조절제,"기타, 별도 확인 필요",
1610,ZINC CITRATE,구연산아연(외화획득용 등),,BZ000072000000,식품첨가물,"사용기준 못찾음, 별도 확인 필요",,사용불가,
1611,Monosodium Citrate,구연산일나트륨,monosodium citrates,B1062564000000,식품첨가물,II. 2. 1)의 규정에 따라 사용하여야 한다.,산도조절제,사용가능,
1612,,구연산제일철나트륨,,B1003641000000,식품첨가물,"사용기준 찾음, 별도 확인 필요",영양강화제,"기타, 별도 확인 필요",
1613,FERRIC CITRATE,구연산철,,B1000018000000,식품첨가물,II. 2. 1)의 규정에 따라 사용하여야 한다.,영양강화제,"기타, 별도 확인 필요",
1614,FERRIC AMMONIUM CITRATE,구연산철암모늄,,B1000019000000,식품첨가물,II. 2. 1)의 규정에 따라 사용하여야 한다.,영양강화제,"기타, 별도 확인 필요",
1615,POTASSIUM CITRATE,구연산칼륨,,B1000020000000,식품첨가물,II. 2. 1)의 규정에 따라 사용하여야 한다.,산도조절제,"기타, 별도 확인 필요",
1616,CALCIUM CITRATE,구연산칼슘,tricalcium citrate,B1000021000000,식품첨가물,II. 2. 1)의 규정에 따라 사용하여야 한다.,산도조절제,"기타, 별도 확인 필요",
1617,CALCIUM MAGNESIUM CITRATE,구연산칼슘마그네슘(외화획득용 등),,BZ000079000000,식품첨가물,"사용기준 못찾음, 별도 확인 필요",,사용불가,
1618,"ROASTED EGGPLANT(BRINJAL, MELONGENA)",구운가지,,A1000215000500,식품원료,원료이기에 사용기준 없음,,사용가능,
1619,ROASTED HAZELNUTS,구운개암,,A1000284230500,식품원료,원료이기에 사용기준 없음,,사용가능,
1620,ROASTED HAZELNUT,구운개암나무열매,,A1054125230500,식품원료,원료이기에 사용기준 없음,,사용가능,
1621,,구운계란,,A2000002000500,식품원료,원료이기에 사용기준 없음,,사용가능,
1622,"ROASTED HOT PEPPER(CAYENNE, CHILI PEPPER, RED PEPPER)",구운고추,"Organic Roasted Red Pepper, Roasted Red Pepper",A1000355000500,식품원료,원료이기에 사용기준 없음,,사용가능,
1623,"ROASTED HOT PEPPER(CHILI PEPPER, RED PEPPER) POWDER",구운고춧가루,,A1000355000501,식품원료,원료이기에 사용기준 없음,,사용가능,
1624,ROASTED FLYING FISH,구운날치,,A3000171000500,식품원료,원료이기에 사용기준 없음,,사용가능,
1625,ROASTED FLYING FISH CONCENTRATE,구운날치엑기스,,A3000171000517,식품원료,원료이기에 사용기준 없음,,사용가능,
1626,GRAM ROASTED,구운녹두,,A1000564000500,식품원료,원료이기에 사용기준 없음,,사용가능,
1627,ROASTED CARROT,구운당근,,A1000624000500,식품원료,원료이기에 사용기준 없음,,사용가능,
1628,ROASTED ZUCCHINI,구운당호박,,A1000628000500,식품원료,원료이기에 사용기준 없음,,사용가능,
1629,ROASTED SOYBEAN GRITS,구운대두그릿츠,,A1000633000560,식품원료,원료이기에 사용기준 없음,,사용가능,
1630,ROASTED PEANUTS,구운땅콩,,A1000729000500,식품원료,원료이기에 사용기준 없음,,사용가능,
1631,DEHYDRATED ROASTED GARLIC,구운마늘,,A1000774000500,식품원료,원료이기에 사용기준 없음,,사용가능,
1632,ROASTED GARLIC POWDER,구운마늘분말,,A1000774000501,식품원료,원료이기에 사용기준 없음,,사용가능,
1633,,구운마늘분태,,A1000774000535,식품원료,원료이기에 사용기준 없음,,사용가능,
1634,,구운마늘페이스트,,A1000774000533,식품원료,원료이기에 사용기준 없음,,사용가능,
1635,DRIED ROASTED MACADAMIAS,구운마카다미아,,A1000789000500,식품원료,원료이기에 사용기준 없음,,사용가능,
1636,BAKED WHEAT FLOUR,구운밀가루,,A1000911000501,식품원료,원료이기에 사용기준 없음,,사용가능,
1637,ROASTED CHESTNUT,구운밤,,A1000942000500,식품원료,원료이기에 사용기준 없음,,사용가능,
1638,ROASTED BROCCOLI,구운브로콜리,,A1001071000500,식품원료,원료이기에 사용기준 없음,,사용가능,
1639,,구운새우,,A3000491000500,식품원료,원료이기에 사용기준 없음,,사용가능,
1640,,구운서양호박,,A1003120230500,식품원료,원료이기에 사용기준 없음,,사용가능,
1641,,구운소고기,,A2000011070500,식품원료,원료이기에 사용기준 없음,,사용가능,
1642,ROASTED SHALLOT POWDER,구운숙근초분말,,A1001280000501,식품원료,원료이기에 사용기준 없음,,사용가능,
1643,SHALLOT OIL ROAST,구운숙근초비늘줄기오일,,A1001280520520,식품원료,원료이기에 사용기준 없음,,사용가능,
1644,ROASTED ALMOND,구운아몬드,,A1001359000500,식품원료,원료이기에 사용기준 없음,,사용가능,
1645,,구운아몬드분태,,A1001359000535,식품원료,원료이기에 사용기준 없음,,사용가능,
1646,,구운아티초크,,A1001375000500,식품원료,원료이기에 사용기준 없음,,사용가능,
1647,,구운양송이,,A1001428B90500,식품원료,원료이기에 사용기준 없음,,사용가능,
1648,GRILLED ONIONS,구운양파,,A1001431000500,식품원료,원료이기에 사용기준 없음,,사용가능,
1649,ROASTED ONION POWDER,구운양파분말,,A1001431620501,식품원료,원료이기에 사용기준 없음,,사용가능,
1650,ONION OIL ROAST,구운양파오일,,A1001431000520,식품원료,원료이기에 사용기준 없음,,사용가능,
1651,,구운오징어,,A3000565000500,식품원료,원료이기에 사용기준 없음,,사용가능,
1652,,구운옥수수,,A1001488000500,식품원료,원료이기에 사용기준 없음,,사용가능,
1653,Roasted corn flour,구운옥수수가루,,A1001488000501,식품원료,원료이기에 사용기준 없음,,사용가능,
1654,,구운참김,,A3000884000500,식품원료,원료이기에 사용기준 없음,,사용가능,
1655,,구운참김가루,,A3000884010501,식품원료,원료이기에 사용기준 없음,,사용가능,
1656,,구운참김플레이크,,A3000884010551,식품원료,원료이기에 사용기준 없음,,사용가능,
1657,,구운참깨,,A1001742000500,식품원료,원료이기에 사용기준 없음,,사용가능,
1658,,구운캐슈,,A1003177330500,식품원료,원료이기에 사용기준 없음,,사용가능,
1659,TOASTED COCONUT,구운코코넛,,A1054017000500,식품원료,원료이기에 사용기준 없음,,사용가능,
1660,,구운쿠민,,A1001868000500,식품원료,원료이기에 사용기준 없음,,사용가능,
1661,DRY ROASTED TOMATO,구운토마토,,A1001946000500,식품원료,원료이기에 사용기준 없음,,사용가능,
1662,ROASTED SPRING ONION,구운파,,A1054185000500,식품원료,원료이기에 사용기준 없음,,사용가능,
1663,,구운파래,,A3000891000500,식품원료,원료이기에 사용기준 없음,,사용가능,
1664,ROASTED PAPRIKA,구운파프리카,,A1002190000500,식품원료,원료이기에 사용기준 없음,,사용가능,
1665,,구운피망,,A1002020000500,식품원료,원료이기에 사용기준 없음,,사용가능,
1666,ROASTED PISTACHIOS,구운피스타치오,,A1002022330500,식품원료,원료이기에 사용기준 없음,,사용가능,
1667,ROASTED PECAN,구운피칸,,A1002024330500,식품원료,원료이기에 사용기준 없음,,사용가능,
1668,ROASTED PUMPKIN,구운호박,,A1002078000500,식품원료,원료이기에 사용기준 없음,,사용가능,
1669,,구운호박씨앗,,A1002078320500,식품원료,원료이기에 사용기준 없음,,사용가능,
1670,GRILLED PEPPER,구운후추,,A1002118000500,식품원료,원료이기에 사용기준 없음,,사용가능,
1671,,구절초,,A1000405010000,식품원료,원료이기에 사용기준 없음,,"제한적사용가능, 별도 확인 필요",
1672,,구절초추출물,,A1000405014512,식품원료,원료이기에 사용기준 없음,,"제한적사용가능, 별도 확인 필요",
1673,,구주소나무가지,,A1000406550000,식품원료,원료이기에 사용기준 없음,,사용가능,
1674,SCOTCH PINE BARK OIL,구주소나무껍질오일,,A1000406770020,식품원료,원료이기에 사용기준 없음,,사용가능,
1675,,구주소나무껍질추출물,,A1000406584500,식품원료,원료이기에 사용기준 없음,,사용가능,
1676,,구주소나무순,,A1000406880000,식품원료,원료이기에 사용기준 없음,,사용가능,
1677,,구주소나무잎,,A1000406380000,식품원료,원료이기에 사용기준 없음,,사용가능,
1678,SCOTCH PINE LEAF OIL,구주소나무잎오일,,A1000406380020,식품원료,원료이기에 사용기준 없음,,사용가능,
1679,SCOTCH PINE LEAF EXTRACT,구주소나무잎추출물,,A1000406384500,식품원료,원료이기에 사용기준 없음,,사용가능,
1680,GOOSEGRASS,구즈그라스,,A1000407000000,식품원료,원료이기에 사용기준 없음,,사용가능,
1681,,구판,,A4000095000000,식품원료,원료이기에 사용기준 없음,,사용불가,
1682,,국,,B2000006000000,식품첨가물,II. 2. 1)의 규정에 따라 사용하여야 한다.,효소제,"기타, 별도 확인 필요",
1683,Japanese baking scallop,국자가리비,,A3001074000000,식품원료,원료이기에 사용기준 없음,,사용가능,
1684,FLOS CHRYSANTHEMI,국화,,A1000411010000,식품원료,원료이기에 사용기준 없음,,사용가능,
1685,,국화꽃,,A1000411140000,식품원료,원료이기에 사용기준 없음,,사용가능,
1686,CHRYSANTHEMUM INDICUM LINNE BUD,국화꽃봉오리,,A1000411150000,식품원료,원료이기에 사용기준 없음,,사용가능,
1687,국화꽃 추출분말,국화꽃추출분말,,A1000411144501,식품원료,원료이기에 사용기준 없음,,사용가능,
1688,,국화꽃추출액,,A1000411144514,식품원료,원료이기에 사용기준 없음,,사용가능,
1689,,국화분말,,A1000411000001,식품원료,원료이기에 사용기준 없음,,사용가능,
1690,,국화추출물,,A1000411004500,식품원료,원료이기에 사용기준 없음,,사용가능,
1691,,국화추출물분말,,A1000411004501,식품원료,원료이기에 사용기준 없음,,사용가능,
1692,ROASTED SWEET POTATO,군고구마,,A1000340000500,식품원료,원료이기에 사용기준 없음,,사용가능,
1693,,군고구마시럽,,A1000340000513,식품원료,원료이기에 사용기준 없음,,사용가능,
1694,,군고구마페이스트,,A1000340000533,식품원료,원료이기에 사용기준 없음,,사용가능,
1695,,굴,,A3000111000000,식품원료,원료이기에 사용기준 없음,,사용가능,
1696,,굴껍질,,A3000111030000,식품원료,원료이기에 사용기준 없음,,사용가능,
1697,OYSTER SHELL POWDER,굴껍질분말,,A3000111030001,식품원료,원료이기에 사용기준 없음,,사용가능,
1698,,굴농축,,A3000111000800,식품원료,원료이기에 사용기준 없음,,사용가능,
1699,,굴농축분말,,A3000111000801,식품원료,원료이기에 사용기준 없음,,사용가능,
1700,,굴농축액,,A3000111000814,식품원료,원료이기에 사용기준 없음,,사용가능,
1701,,굴농축엑기스,,A3000111000817,식품원료,원료이기에 사용기준 없음,,사용가능,
1702,,굴분말,,A3000111000001,식품원료,원료이기에 사용기준 없음,,사용가능,
1703,,굴엑기스,,A3000111000017,식품원료,원료이기에 사용기준 없음,,사용가능,
1704,,굴주스,,A3000111000025,식품원료,원료이기에 사용기준 없음,,사용가능,
1705,OYSTER EXTRACT,굴추출물,,A3000111004500,식품원료,원료이기에 사용기준 없음,,사용가능,
1706,,굴추출물분말,,A3000111004501,식품원료,원료이기에 사용기준 없음,,사용가능,
1707,,굴추출액,,A3000111004514,식품원료,원료이기에 사용기준 없음,,사용가능,
1708,,굴페이스트,,A3000111000033,식품원료,원료이기에 사용기준 없음,,사용가능,
1709,Flat-bush bog blueberry Concentrate,굵은들쭉나무열매농축액,,A1004914230814,식품원료,원료이기에 사용기준 없음,,사용가능,
1710,OAT,귀리,Wholegrain Oats,A1000415000000,식품원료,원료이기에 사용기준 없음,,사용가능,
1711,OAT BRAN,귀리겨,,A1000415280000,식품원료,원료이기에 사용기준 없음,,사용가능,
1712,OAT BRAN POWDER,귀리겨분말,,A1000415280001,식품원료,원료이기에 사용기준 없음,,사용가능,
1713,OAT BRAN EXTRACT,귀리겨추출물,,A1000415284500,식품원료,원료이기에 사용기준 없음,,사용가능,
1714,,귀리그릿츠,,A1000415000060,식품원료,원료이기에 사용기준 없음,,사용가능,
1715,OAT PROTEIN,귀리단백,,A1000415000008,식품원료,원료이기에 사용기준 없음,,사용가능,
1716,,귀리맥아,,A1002821000000,식품원료,원료이기에 사용기준 없음,,사용가능,
1717,OAT POWDER,귀리분말,Oat Flour,A1000415000001,식품원료,원료이기에 사용기준 없음,,사용가능,
1718,OAT SYRUP,귀리시럽,,A1054131000013,식품원료,원료이기에 사용기준 없음,,사용가능,
1719,OAT SYRUP SOLIDS,귀리시럽고형분,,A1000415000056,식품원료,원료이기에 사용기준 없음,,사용가능,
1720,OAT FIBER,귀리식이섬유,,A1000415000084,식품원료,원료이기에 사용기준 없음,,사용가능,
1721,,귀리싹,,A1000415C60000,식품원료,원료이기에 사용기준 없음,,사용가능,
1722,OAT SEED EXTRACT,귀리씨추출물,,A1054024324500,식품원료,원료이기에 사용기준 없음,,사용가능,
1723,OATOIL,귀리유,,A1000415000020,식품원료,원료이기에 사용기준 없음,,사용가능,
1724,,귀리잎,,A1000415380000,식품원료,원료이기에 사용기준 없음,,사용가능,
1725,OAT LEAF POWDER,귀리잎분말,,A1000415380001,식품원료,원료이기에 사용기준 없음,,사용가능,
1726,,귀리줄기,,A1000415490000,식품원료,원료이기에 사용기준 없음,,사용가능,
1727,OAT EXTRACT,귀리추출물,,A1000415004500,식품원료,원료이기에 사용기준 없음,,사용가능,
1728,,귀리추출분말,,A1000415004501,식품원료,원료이기에 사용기준 없음,,사용가능,
1729,,귀리추출액,,A1000415004514,식품원료,원료이기에 사용기준 없음,,사용가능,
1730,OAT FLAKES ROLLED,귀리플레이크,"Whole Oat Flakes, oat flakes",A1000415000051,식품원료,원료이기에 사용기준 없음,,사용가능,
1731,MAGNESIUM SILICATE,규산마그네슘,,B1000386000000,식품첨가물,"사용기준 찾음, 별도 확인 필요",고결방지제,"기타, 별도 확인 필요",
1732,POTASSIUM ALUMINIUM SILICATE(외화획득용에 한함),규산알루미늄칼륨(외화획득용),,BZ000031000000,식품첨가물,"사용기준 못찾음, 별도 확인 필요",,사용불가,
1733,CALCIUM SILICATE,규산칼슘,,B1000404000000,식품첨가물,"사용기준 찾음, 별도 확인 필요",고결방지제,"기타, 별도 확인 필요",
1734,SILICONE RESIN,규소수지,,B1000022000000,식품첨가물,"사용기준 찾음, 별도 확인 필요",거품제거제,"기타, 별도 확인 필요",
1735,DIATOMACEOUS EARTH,규조토,,B2000007000000,식품첨가물,"사용기준 찾음, 별도 확인 필요",여과보조제,"기타, 별도 확인 필요",
1736,,귤,,A1000419000000,식품원료,원료이기에 사용기준 없음,,사용가능,
1737,,귤과즙,,A1000419000026,식품원료,원료이기에 사용기준 없음,,사용가능,
1738,,귤과즙농축액,,A1000419000826,식품원료,원료이기에 사용기준 없음,,사용가능,
1739,CITRUS UNSHIU,귤껍질,,A1000419770000,식품원료,원료이기에 사용기준 없음,,사용가능,
1740,,귤껍질농축액,,A1000419770814,식품원료,원료이기에 사용기준 없음,,사용가능,
1741,,귤껍질분말,,A1000419770001,식품원료,원료이기에 사용기준 없음,,사용가능,
1742,,귤껍질추출물,,A1000419774500,식품원료,원료이기에 사용기준 없음,,사용가능,
1743,,귤껍질추출물분말,,A1000419774501,식품원료,원료이기에 사용기준 없음,,사용가능,
1744,,귤꽃,,A1000419140000,식품원료,원료이기에 사용기준 없음,,"제한적사용가능, 별도 확인 필요",
1745,,귤분말,,A1000419230001,식품원료,원료이기에 사용기준 없음,,사용가능,
1746,,귤주스,,A1000419000025,식품원료,원료이기에 사용기준 없음,,사용가능,
1747,,귤추출물,,A1000419004500,식품원료,원료이기에 사용기준 없음,,사용가능,
1748,,귤퓌레,,A1000419000034,식품원료,원료이기에 사용기준 없음,,사용가능,
1749,BALSAM FIR,그란디스전나무내피,,A1004916850000,식품원료,원료이기에 사용기준 없음,,사용가능,
1750,,그래인오브파라다이스씨앗,,A1000427320000,식품원료,원료이기에 사용기준 없음,,사용가능,
1751,,그리포니아종자(외화획득용 등),,AZ000072000000,식품원료,원료이기에 사용기준 없음,,사용불가,
1752,,그리포니아종자추출물(외화획득용 등),,AZ000073000000,식품원료,원료이기에 사용기준 없음,,사용불가,
1753,,그릭세이지잎,,A1000430380000,식품원료,원료이기에 사용기준 없음,,사용가능,
1754,GREEN OLIVE,그린올리브,"Pitted green Gordal olives, Pitted green Manzanilla olives, green olives",A1002234000000,식품원료,원료이기에 사용기준 없음,,사용가능,
1755,,그린커피빈추출물(기능성원료인정제2014-31호),,C9000622000000,건강기능식품,"사용기준 못찾음, 별도 확인 필요",,"기타, 별도 확인 필요",
1756,GREEN BEAN,그린콩,,A1000432000000,식품원료,원료이기에 사용기준 없음,,사용가능,
1757,,그린콩꼬투리,,A1000432360000,식품원료,원료이기에 사용기준 없음,,사용가능,
1758,GREEN BEAN POWDER,그린콩분말,,A1000432000001,식품원료,원료이기에 사용기준 없음,,사용가능,
1759,GREEN BEAN STARCH,그린콩전분,,A1000432000038,식품원료,원료이기에 사용기준 없음,,사용가능,
1760,,그린콩퓌레,,A1000432000034,식품원료,원료이기에 사용기준 없음,,사용가능,
1761,GREEN PEPPERCORN,그린후추열매,,A1054018230000,식품원료,원료이기에 사용기준 없음,,사용가능,
1762,,그물버섯,Porcini mushroom,A1000433000000,식품원료,원료이기에 사용기준 없음,,사용가능,
1763,PORCINI MUSHROOM POWDER,그물버섯분말,PORCINI MUSHROOM flour,A1054003000001,식품원료,원료이기에 사용기준 없음,,사용가능,
1764,BOLETUS RETICULATUS,그물버섯아재비,,A1000434B90000,식품원료,원료이기에 사용기준 없음,,사용가능,
1765,PORCINI MUSHROOM (BOLETUS EDULIS) EXTRACT,그물버섯추출물,,A1000433004500,식품원료,원료이기에 사용기준 없음,,사용가능,
1766,,극지대구,,A3000118000000,식품원료,원료이기에 사용기준 없음,,사용가능,
1767,"BEET(SPINACH BEET,SWISS CHARD)",근대,,A1000436000000,식품원료,원료이기에 사용기준 없음,,사용가능,
1768,,근대농축액,,A1000436000814,식품원료,원료이기에 사용기준 없음,,사용가능,
1769,"BEET(SPINACH BEET,SWISS CHARD) POWDER",근대분말,,A1000436000001,식품원료,원료이기에 사용기준 없음,,사용가능,
1770,,근대뿌리,,A1000436610000,식품원료,원료이기에 사용기준 없음,,사용가능,
1771,RED BEET EXTRACT,근대추출물,,A1000436004500,식품원료,원료이기에 사용기준 없음,,사용가능,
1772,,근대추출분말,,A1000436004501,식품원료,원료이기에 사용기준 없음,,사용가능,
1773,GLUCONO DELTA-LACTONE,글루코노-δ-락톤,,B1000023000000,식품첨가물,II. 2. 1)의 규정에 따라 사용하여야 한다.,응고제,"기타, 별도 확인 필요",
1774,GLUCOMANNAN,글루코만난,,B2000108000000,식품첨가물,II. 2. 1)의 규정에 따라 사용하여야 한다.,증점제,"기타, 별도 확인 필요",
1775,GLUCOSAMINE,글루코사민,,B2000169000000,식품첨가물,II. 2. 1)의 규정에 따라 사용하여야 한다.,증점제,"기타, 별도 확인 필요",
1776,GLUCOSAMINE HCL,글루코사민염산염분말(고시형),,C2000169000001,건강기능식품,"사용기준 못찾음, 별도 확인 필요",,"기타, 별도 확인 필요",
1777,GLUCOSAMINE SULFATE,글루코사민황산염분말(고시형),,C2000223000000,건강기능식품,"사용기준 못찾음, 별도 확인 필요",,"기타, 별도 확인 필요",
1778,GLUCOAMYLASE,글루코아밀라아제,,B2000009000000,식품첨가물,II. 2. 1)의 규정에 따라 사용하여야 한다.,효소제,"기타, 별도 확인 필요",
1779,GLUCOSE OXIDASE,글루코오스산화효소,,B2000010000000,식품첨가물,II. 2. 1)의 규정에 따라 사용하여야 한다.,효소제,"기타, 별도 확인 필요",
1780,GLUCOSE ISOMERASE,글루코오스이성화효소,,B2000011000000,식품첨가물,II. 2. 1)의 규정에 따라 사용하여야 한다.,효소제,"기타, 별도 확인 필요",
1781,GLUCONIC ACID,글루콘산,,B1000342000000,식품첨가물,II. 2. 1)의 규정에 따라 사용하여야 한다.,산도조절제,"기타, 별도 확인 필요",
1782,SODIUM GLUCONATE,글루콘산나트륨,,B1000343000000,식품첨가물,II. 2. 1)의 규정에 따라 사용하여야 한다.,산도조절제,"기타, 별도 확인 필요",
1783,COPPER(CUPRIC) GLUCONATE,글루콘산동,,B1000344000000,식품첨가물,"사용기준 찾음, 별도 확인 필요",영양강화제,"기타, 별도 확인 필요",
1784,MAGNESIUM GLUCONATE,글루콘산마그네슘,,B1000420000000,식품첨가물,II. 2. 1)의 규정에 따라 사용하여야 한다.,산도조절제,"기타, 별도 확인 필요",
1785,MANGANESE GLUCONATE,글루콘산망간,,B1000345000000,식품첨가물,"사용기준 찾음, 별도 확인 필요",영양강화제,"기타, 별도 확인 필요",
1786,ZINC GLUCONATE,글루콘산아연,,B1000346000000,식품첨가물,"사용기준 찾음, 별도 확인 필요",영양강화제,"기타, 별도 확인 필요",
1787,FERROUS GLUCONATE,글루콘산철,,B1000330000000,식품첨가물,"사용기준 찾음, 별도 확인 필요",산도조절제,"기타, 별도 확인 필요",
1788,POTASSIUM GLUCONATE,글루콘산칼륨,,B1000390000000,식품첨가물,II. 2. 1)의 규정에 따라 사용하여야 한다.,산도조절제,"기타, 별도 확인 필요",
1789,CALCIUM GLUCONATE,글루콘산칼슘,,B1000024000000,식품첨가물,"사용기준 찾음, 별도 확인 필요",산도조절제,"기타, 별도 확인 필요",
1790,GLUTAMINASE,글루타미나아제,,B2000201000000,식품첨가물,II. 2. 1)의 규정에 따라 사용하여야 한다.,효소제,"기타, 별도 확인 필요",
1791,GLUTAMINASE,글루타미나아제(한시적 인정 식품첨가물),,B9000005000000,식품첨가물,"사용기준 못찾음, 별도 확인 필요",,사용불가,
1792,GLUTATHIONE(외화획득용에 한함),글루타치온(외화획득용),,BZ000016000000,식품첨가물,"사용기준 못찾음, 별도 확인 필요",,사용불가,
1793,,글루텐,WHEAT gluten,P1000005000000,식품유형,원료이기에 사용기준 없음,,"기타, 별도 확인 필요",
1794,,글리세로인산칼륨,,B1000350000000,식품첨가물,II. 2. 1)의 규정에 따라 사용하여야 한다.,영양강화제,"기타, 별도 확인 필요",
1795,CALCIUM GLYCEROPHOSPHATE,글리세로인산칼슘,,B1000351000000,식품첨가물,"사용기준 찾음, 별도 확인 필요",영양강화제,"기타, 별도 확인 필요",
1796,GLYCERIN(GLYCEROL),글리세린,"glycerol, stabiliser: glycerol, Glycerine, E422",B1000026000000,식품첨가물,II. 2. 1)의 규정에 따라 사용하여야 한다.,습윤제,"기타, 별도 확인 필요",
1797,"GLYCERIN ESTER OF FATTY ACID, CITRATED",글리세린구연산지방산에스테르,"E472c,472c",B1003629000000,식품첨가물,"사용기준 못찾음, 별도 확인 필요",,"기타, 별도 확인 필요",
1798,"GLYCERIN ESTER OF FATTY ACID, DIACETYL TARTARYLATED",글리세린디아세틸주석산지방산에스테르,"E472e,DATEM,Diacetyltartaric acid esters of mono- and diglycerides, Tartaric",B1003631000000,식품첨가물,II. 2. 1)의 규정에 따라 사용하여야 한다.,유화제,"기타, 별도 확인 필요",
1799,"GLYCERIN ESTER OF FATTY ACID, LACTYLATED",글리세린젖산지방산에스테르,E472b,B1003628000000,식품첨가물,"사용기준 못찾음, 별도 확인 필요",,"기타, 별도 확인 필요",
1800,GLYCERIN ESTERS OF FATTY ACIDS,글리세린지방산에스테르,"mono and diglycerides of fatty acids, E471, Mono-diglyceride of fatty acid, mono- and diglycerides of fatty acids, Mono- and Di- Glycerides of Fatty Acids, 471",B1000027000000,식품첨가물,II. 2. 1)의 규정에 따라 사용하여야 한다.,유화제,"기타, 별도 확인 필요",
1801,GLYCERYL ACETATE ESTER,글리세린초산에스테르,,B1003632000000,식품첨가물,"사용기준 못찾음, 별도 확인 필요",,"기타, 별도 확인 필요",
1802,"GLYCERIN ESTER OF FATTY ACID, ACETYLATED",글리세린초산지방산에스테르,E472a,B1003627000000,식품첨가물,"사용기준 못찾음, 별도 확인 필요",,"기타, 별도 확인 필요",
1803,"GLYCERIN ESTER OF FATTY ACID, SUCCINYLATED",글리세린호박산지방산에스테르,E472g,B1003630000000,식품첨가물,"사용기준 못찾음, 별도 확인 필요",,"기타, 별도 확인 필요",
1804,GLYCINE,글리신,,B1000028000000,식품첨가물,II. 2. 1)의 규정에 따라 사용하여야 한다.,영양강화제,"기타, 별도 확인 필요",
1805,DISODIUM GLYCYRRHIZINATE,글리실리진산이나트륨,,B1000030000000,식품첨가물,"사용기준 찾음, 별도 확인 필요",감미료,"기타, 별도 확인 필요",
1806,KUMQUAT,금귤,,A1000441000000,식품원료,원료이기에 사용기준 없음,,사용가능,
1807,KUMQUAT JUICE,금귤주스,,A1000441000025,식품원료,원료이기에 사용기준 없음,,사용가능,
1808,,금귤주스농축,KUMQUAT JUICE concentrate,A1000441000800,식품원료,원료이기에 사용기준 없음,,사용가능,
1809,KUMQUAT EXTRACT,금귤추출물,,A1000441004500,식품원료,원료이기에 사용기준 없음,,사용가능,
1810,,금눈돔,,A3000120000000,식품원료,원료이기에 사용기준 없음,,사용가능,
1811,,금눈돔어육,,A3000120080000,식품원료,원료이기에 사용기준 없음,,사용가능,
1812,GOLD LEAF,금박,,B2000167000000,식품첨가물,"사용기준 찾음, 별도 확인 필요",착색료,"기타, 별도 확인 필요",
1813,,금불초꽃,,A1000445140000,식품원료,원료이기에 사용기준 없음,,"제한적사용가능, 별도 확인 필요",
1814,,금색돔,,A3000121000000,식품원료,원료이기에 사용기준 없음,,사용가능,
1815,METALS(NITROCELLULOSE COATING),금속제(가공셀룰로스제도장),,D5000002A10000,기구 및 용기포장,"사용기준 못찾음, 별도 확인 필요",,"기타, 별도 확인 필요",
1816,METALS(CROSS-LINKED POLYESTER RESIN COATING),금속제(경화폴리에스터수지도장),,D5000002A20000,기구 및 용기포장,"사용기준 못찾음, 별도 확인 필요",,"기타, 별도 확인 필요",
1817,METALS(RUBBER COATING),금속제(고무제도장),,D5000002A30000,기구 및 용기포장,"사용기준 못찾음, 별도 확인 필요",,"기타, 별도 확인 필요",
1818,METALS(GOLD PLATING),금속제(금도금),,D5000002A40000,기구 및 용기포장,"사용기준 못찾음, 별도 확인 필요",,"기타, 별도 확인 필요",
1819,METALS(NIKEL PLATING),금속제(니켈도금),,D5000002A50000,기구 및 용기포장,"사용기준 못찾음, 별도 확인 필요",,"기타, 별도 확인 필요",
1820,METALS(NIKEL CHROMIUM PLATING),금속제(니켈크롬도금),,D5000002A60000,기구 및 용기포장,"사용기준 못찾음, 별도 확인 필요",,"기타, 별도 확인 필요",
1821,METALS(CERAMIC COATING),금속제(도자기도장),,D5000002A70000,기구 및 용기포장,"사용기준 못찾음, 별도 확인 필요",,"기타, 별도 확인 필요",
1822,METALS(COPPER PLATING),금속제(동도금),,D5000002A80000,기구 및 용기포장,"사용기준 못찾음, 별도 확인 필요",,"기타, 별도 확인 필요",
1823,MATALS(COPPER ALLOY PLATING),금속제(동합금도금),,D5000003D60000,기구 및 용기포장,"사용기준 못찾음, 별도 확인 필요",,"기타, 별도 확인 필요",
1824,METALS(MELAMINE-FORMALDEHYDE RESIN COATING),금속제(멜라민수지도장),,D5000002A90000,기구 및 용기포장,"사용기준 못찾음, 별도 확인 필요",,"기타, 별도 확인 필요",
1825,METALS(PLATINUM COATING),금속제(백금도금),,D5000002B10000,기구 및 용기포장,"사용기준 못찾음, 별도 확인 필요",,"기타, 별도 확인 필요",
1826,METALS(FLUORO RESIN COATIING),금속제(불소수지도장),,D5000002B20000,기구 및 용기포장,"사용기준 못찾음, 별도 확인 필요",,"기타, 별도 확인 필요",
1827,METALS(ZINC PLATING),금속제(아연도금),,D5000002B30000,기구 및 용기포장,"사용기준 못찾음, 별도 확인 필요",,"기타, 별도 확인 필요",
1828,METALS(ZINC ALLOY PLATING),금속제(아연합금도금),,D5000002B40000,기구 및 용기포장,"사용기준 못찾음, 별도 확인 필요",,"기타, 별도 확인 필요",
1829,METALS(ACRYLONITRILE-BUTADIENE-STYRENE COPOLYMER COATING),금속제(아크릴로니트릴-부타디엔-스티렌공중합체도장),,D5000002B50000,기구 및 용기포장,"사용기준 못찾음, 별도 확인 필요",,"기타, 별도 확인 필요",
1830,METALS(ACRYL RESIN COATING),금속제(아크릴수지도장),,D5000002B60000,기구 및 용기포장,"사용기준 못찾음, 별도 확인 필요",,"기타, 별도 확인 필요",
1831,METALS(ALUMMINUM PLATING),금속제(알루미늄도금),,D5000002B70000,기구 및 용기포장,"사용기준 못찾음, 별도 확인 필요",,"기타, 별도 확인 필요",
1832,METALS(EPOXY RESIN COATING),금속제(에폭시수지도장),,D5000002B80000,기구 및 용기포장,"사용기준 못찾음, 별도 확인 필요",,"기타, 별도 확인 필요",
1833,METALS(SILVER PLATING),금속제(은도금),,D5000002C10000,기구 및 용기포장,"사용기준 못찾음, 별도 확인 필요",,"기타, 별도 확인 필요",
1834,METALS(TIN PLATING),금속제(주석도금),,D5000002C20000,기구 및 용기포장,"사용기준 못찾음, 별도 확인 필요",,"기타, 별도 확인 필요",
1835,METALS(ZIRCONIUM PLATING),금속제(지르코늄도금),,D5000002D70000,기구 및 용기포장,"사용기준 못찾음, 별도 확인 필요",,"기타, 별도 확인 필요",
1836,METALS(CHROMIUM PLATING),금속제(크롬도금),,D5000002C30000,기구 및 용기포장,"사용기준 못찾음, 별도 확인 필요",,"기타, 별도 확인 필요",
1837,METALS(TITANIUM PLATING),금속제(티타늄도금),,D5000002C40000,기구 및 용기포장,"사용기준 못찾음, 별도 확인 필요",,"기타, 별도 확인 필요",
1838,METALS(POLYETHERSULFONE COATING),금속제(폴리에테르설폰도장),,D5000002C80000,기구 및 용기포장,"사용기준 못찾음, 별도 확인 필요",,"기타, 별도 확인 필요",
1839,METALS(POLYETHYLENE COATING),금속제(폴리에틸렌도장),,D5000002C90000,기구 및 용기포장,"사용기준 못찾음, 별도 확인 필요",,"기타, 별도 확인 필요",
1840,METALS(POLYETHYLENETEREPHTHALATE COATING),금속제(폴리에틸렌테레프탈레이트도장),,D5000002D10000,기구 및 용기포장,"사용기준 못찾음, 별도 확인 필요",,"기타, 별도 확인 필요",
1841,METALS(POLYVINYLCHLORIDE COATING),금속제(폴리염화비닐도장),,D5000002D20000,기구 및 용기포장,"사용기준 못찾음, 별도 확인 필요",,"기타, 별도 확인 필요",
1842,METALS(POLYURETHANE COATING),금속제(폴리우레탄도장),,D5000002D30000,기구 및 용기포장,"사용기준 못찾음, 별도 확인 필요",,"기타, 별도 확인 필요",
1843,METALS(POLYPROPYLENE COATING),금속제(폴리프로필렌도장),,D5000002D40000,기구 및 용기포장,"사용기준 못찾음, 별도 확인 필요",,"기타, 별도 확인 필요",
1844,METALS(HYDROXYBUTYL POLYESTER COATING),금속제(히드록시부틸폴리에스테르도장),,D5000002D50000,기구 및 용기포장,"사용기준 못찾음, 별도 확인 필요",,"기타, 별도 확인 필요",
1845,,금앵자,,A1000446000000,식품원료,원료이기에 사용기준 없음,,사용가능,
1846,,금앵자추출물,,A1000446004500,식품원료,원료이기에 사용기준 없음,,사용가능,
1847,,금앵자추출분말,,A1000446004501,식품원료,원료이기에 사용기준 없음,,사용가능,
1848,MARIGOLD,금잔화,,A1000448000000,식품원료,원료이기에 사용기준 없음,,사용가능,
1849,"MARIGOLD, POT MARIGOLD",금잔화꽃,,A1000448140000,식품원료,원료이기에 사용기준 없음,,사용가능,
1850,,금잔화꽃분말,,A1000448140001,식품원료,원료이기에 사용기준 없음,,사용가능,
1851,"TAGETES OIL, MARIGOLD OIL",금잔화꽃오일,,A1000448140020,식품원료,원료이기에 사용기준 없음,,사용가능,
1852,,금잔화꽃추출물,,A1000448144500,식품원료,원료이기에 사용기준 없음,,사용가능,
1853,,금홍실꼬리돔,,A3000270000000,식품원료,원료이기에 사용기준 없음,,사용가능,
1854,THREADFIN BREAM MEAT,금홍실꼬리돔어육,,A3000270080000,식품원료,원료이기에 사용기준 없음,,사용가능,
1855,CHUFA,기름골,,A1000450000000,식품원료,원료이기에 사용기준 없음,,사용가능,
1856,,기름골덩이줄기,,A1000450510000,식품원료,원료이기에 사용기준 없음,,사용가능,
1857,CHUFA POWDER,기름골분말,,A1000450000001,식품원료,원료이기에 사용기준 없음,,사용가능,
1858,COMMON MILLET,기장,hulled millet,A1000454000000,식품원료,원료이기에 사용기준 없음,,사용가능,
1859,COMPLEX OF EXTRACT FROM PANICUM MILIACEUM L. AND TRITICUM AESTIVUM L.,기장밀추출복합물(Keranat™)(기능성원료인정제2024-16호),,C9001043000000,건강기능식품,"사용기준 못찾음, 별도 확인 필요",,사용가능,
1860,,기장분말,,A1000454000001,식품원료,원료이기에 사용기준 없음,,사용가능,
1861,WHOLE MILLET SEED,기장씨앗,,A1000454320000,식품원료,원료이기에 사용기준 없음,,사용가능,
1862,MILLET OIL,기장유,,A1000454000020,식품원료,원료이기에 사용기준 없음,,사용가능,
1863,COMMON MILLET EXTRACT,기장추출물,,A1000454004500,식품원료,원료이기에 사용기준 없음,,사용가능,
1864,MILLET FLAKE,기장플레이크,,A1000454000051,식품원료,원료이기에 사용기준 없음,,사용가능,
1865,,기타과당,,P0107030000000,식품유형,"사용기준 못찾음, 별도 확인 필요",,"기타, 별도 확인 필요",
1866,,기타소금,,P0129120500000,식품유형,"사용기준 못찾음, 별도 확인 필요",,"기타, 별도 확인 필요",
1867,,기타주류,,P0127110000000,식품유형,"사용기준 못찾음, 별도 확인 필요",,"기타, 별도 확인 필요",
1868,,긴가라지,,A3000126000000,식품원료,원료이기에 사용기준 없음,,사용가능,
1869,,긴뿔민새우,,A3000131000000,식품원료,원료이기에 사용기준 없음,,사용가능,
1870,,긴잎달맞이꽃순,,A1000459880000,식품원료,원료이기에 사용기준 없음,,사용가능,
1871,LAVER EXTRACT,김추출물,,A3011917004500,식품원료,원료이기에 사용기준 없음,,사용가능,
1872,"SAND LANCE (SAND LAUNCE, SAND ELL)",까나리,,A3000133000000,식품원료,원료이기에 사용기준 없음,,사용가능,
1873,CARQUEJA,까르께,,A1000460000000,식품원료,원료이기에 사용기준 없음,,"제한적사용가능, 별도 확인 필요",
1874,YELLOWISH VELVETY-LEAF LITSEA FRUIT,까마귀쪽나무열매,,A1000463230000,식품원료,원료이기에 사용기준 없음,,사용가능,
1875,,까마중,,A1000464000000,식품원료,원료이기에 사용기준 없음,,"제한적사용가능, 별도 확인 필요",
1876,,까막바늘까치밥나무열매,,A1000465230000,식품원료,원료이기에 사용기준 없음,,사용가능,
1877,CAMU-CAMU,까무까무,,A1002825000000,식품원료,원료이기에 사용기준 없음,,사용가능,
1878,CAMU-CAMU FRUIT POWDER,까무까무열매분말,,A1002825230001,식품원료,원료이기에 사용기준 없음,,사용가능,
1879,CAMU-CAMU JUICE,까무까무주스,,A1002825230025,식품원료,원료이기에 사용기준 없음,,사용가능,
1880,CAMU-CAMU EXTRACT,까무까무추출물,,A1002825234500,식품원료,원료이기에 사용기준 없음,,사용가능,
1881,CAMU-CAMU EXTRACT POWDER,까무까무추출분말,,A1002825234501,식품원료,원료이기에 사용기준 없음,,사용가능,
1882,CAMU CAMU PUREE,까무까무퓌레,,A1002825230034,식품원료,원료이기에 사용기준 없음,,사용가능,
1883,,까치상어,,A3000137000000,식품원료,원료이기에 사용기준 없음,,사용가능,
1884,,까치수염잎,,A1000470380000,식품원료,원료이기에 사용기준 없음,,사용가능,
1885,MANGETOUT(SNOW PEA),깍지완두,,A1002864000000,식품원료,원료이기에 사용기준 없음,,사용가능,
1886,,깍지완두꼬투리,,A1002864360000,식품원료,원료이기에 사용기준 없음,,사용가능,
1887,CALAMONDIN ORANGE,깔라몬딘오렌지열매,,A1000472230000,식품원료,원료이기에 사용기준 없음,,사용가능,
1888,"KKAE NA MUL, WILD PLANT",깨나물,,A1000473000000,식품원료,원료이기에 사용기준 없음,,사용가능,
1889,MINCED LADY CRAB,깨다시꽃개살,,A3000944080000,식품원료,원료이기에 사용기준 없음,,사용가능,
1890,,깨다시꽃게,,A3000944000000,식품원료,원료이기에 사용기준 없음,,사용가능,
1891,,깨분쇄,,A1002173002300,식품원료,원료이기에 사용기준 없음,,사용가능,
1892,COGNAC,꼬냑,,P1204276900000,식품유형,"사용기준 못찾음, 별도 확인 필요",,사용가능,
1893,,꼬리돔,,A3000147000000,식품원료,원료이기에 사용기준 없음,,사용가능,
1894,,꼬리민태,,A3000148000000,식품원료,원료이기에 사용기준 없음,,사용가능,
1895,GURNARD,꼬마달재,,A3000149000000,식품원료,원료이기에 사용기준 없음,,사용가능,
1896,,꼬막,,A3000151000000,식품원료,원료이기에 사용기준 없음,,사용가능,
1897,"SEWING THREAD, SEASTRING",꼬시래기,,A3000862000000,식품원료,원료이기에 사용기준 없음,,사용가능,
1898,,꼬치고기,,A3000152000000,식품원료,원료이기에 사용기준 없음,,사용가능,
1899,RUBIA AKANE,꼭두서니,,A1000481000000,식품원료,원료이기에 사용기준 없음,,사용가능,
1900,,꼴뚜기,,A3000154000000,식품원료,원료이기에 사용기준 없음,,사용가능,
1901,꼼치,꼼치,,A3000155000000,식품원료,원료이기에 사용기준 없음,,사용가능,
1902,,꼼치뼈,,A3000155070000,식품원료,원료이기에 사용기준 없음,,사용가능,
1903,,꽁지양태,,A3000156000000,식품원료,원료이기에 사용기준 없음,,사용가능,
1904,,꽁치,,A3000157000000,식품원료,원료이기에 사용기준 없음,,사용가능,
1905,SWIMMING CRAB,꽃게,,A3000159000000,식품원료,원료이기에 사용기준 없음,,사용가능,
1906,,꽃게농축물,,A3000159000800,식품원료,원료이기에 사용기준 없음,,사용가능,
1907,,꽃게페이스트,,A3000159000033,식품원료,원료이기에 사용기준 없음,,사용가능,
1908,,꽃돔,,A3001019000000,식품원료,원료이기에 사용기준 없음,,사용가능,
1909,,꽃송이버섯,,A1000486000000,식품원료,원료이기에 사용기준 없음,,사용가능,
1910,꽃송이버섯추출물,꽃송이버섯추출물,,A1000486004500,식품원료,원료이기에 사용기준 없음,,사용가능,
1911,REINDEER MOSS,꽃이끼,,A1000488010000,식품원료,원료이기에 사용기준 없음,,사용가능,
1912,REINDEER MOSS EXTRACT,꽃이끼추출물,,A1054163014500,식품원료,원료이기에 사용기준 없음,,사용가능,
1913,SWEET PEA,꽃콩,,A1002845000000,식품원료,원료이기에 사용기준 없음,,사용불가,
1914,,꽈리고추,,A1002206000000,식품원료,원료이기에 사용기준 없음,,사용가능,
1915,,꾀꼬리버섯,,A1000495000000,식품원료,원료이기에 사용기준 없음,,사용가능,
1916,,꾀꼬리버섯분말,,A1054151000001,식품원료,원료이기에 사용기준 없음,,사용가능,
1917,Garden eel,꾀붕장어,,A3000162000000,식품원료,원료이기에 사용기준 없음,,사용가능,
1918,,꾸지뽕나무잎,,A1000498380000,식품원료,원료이기에 사용기준 없음,,사용가능,
1919,,꾸지뽕농축액,,A1000498000814,식품원료,원료이기에 사용기준 없음,,사용가능,
1920,Silkworm thom Extract,꾸지뽕열매추출물,,A1000498234500,식품원료,원료이기에 사용기준 없음,,사용가능,
1921,,꾸지뽕잎건조분말,,A1000498380401,식품원료,원료이기에 사용기준 없음,,사용가능,
1922,,꾸지뽕잎추출액,,A1000498384514,식품원료,원료이기에 사용기준 없음,,사용가능,
1923,SELFHEAL,꿀풀,,A1000499000000,식품원료,원료이기에 사용기준 없음,,사용가능,
1924,,꿀풀분말,,A1000499000001,식품원료,원료이기에 사용기준 없음,,사용가능,
1925,,꿀풀순,,A1000499880000,식품원료,원료이기에 사용기준 없음,,사용가능,
1926,,꿀풀잎,,A1000499380000,식품원료,원료이기에 사용기준 없음,,사용가능,
1927,,나도팽나무버섯,,A1053950000000,식품원료,원료이기에 사용기준 없음,,사용가능,
1928,NARINGIN,나린진,,B2000193000000,식품첨가물,II. 2. 1)의 규정에 따라 사용하여야 한다.,향미증진제,"기타, 별도 확인 필요",
1929,,나무딸기,,A1000509000000,식품원료,원료이기에 사용기준 없음,,사용가능,
1930,,나무딸기농축액,,A1000509000814,식품원료,원료이기에 사용기준 없음,,사용가능,
1931,,나무딸기열매,,A1000509230000,식품원료,원료이기에 사용기준 없음,,사용가능,
1932,,나무딸기열매분말,,A1000509230001,식품원료,원료이기에 사용기준 없음,,사용가능,
1933,,나무딸기열매주스농축,,A1000509230825,식품원료,원료이기에 사용기준 없음,,사용가능,
1934,,나무딸기잎,,A1000509380000,식품원료,원료이기에 사용기준 없음,,사용가능,
1935,,나무딸기조각,,A1000509000024,식품원료,원료이기에 사용기준 없음,,사용가능,
1936,,나무딸기주스,,A1000509000025,식품원료,원료이기에 사용기준 없음,,사용가능,
1937,,나무딸기추출물,,A1000509004500,식품원료,원료이기에 사용기준 없음,,사용가능,
1938,WOOD,나무제,,D6000001000000,기구 및 용기포장,"사용기준 못찾음, 별도 확인 필요",,"기타, 별도 확인 필요",
1939,WOOD(REGENERATED CELLULOSE COATING),나무제(가공셀룰로스제도장),,D6000002A10000,기구 및 용기포장,"사용기준 못찾음, 별도 확인 필요",,사용가능,
1940,WOOD(MELAMINE-FORMALDEHYDE RESIN COATING),나무제(멜라민수지도장),,D6000002A90000,기구 및 용기포장,"사용기준 못찾음, 별도 확인 필요",,사용가능,
1941,WOOD(POLYURETHANE COATING),나무제(폴리우레탄코팅),,D6000005000000,기구 및 용기포장,"사용기준 못찾음, 별도 확인 필요",,사용가능,
1942,TREE TOMATO,나무토마토,,A1000510000000,식품원료,원료이기에 사용기준 없음,,사용가능,
1943,,나무토마토페이스트,,A1000510000033,식품원료,원료이기에 사용기준 없음,,사용가능,
1944,Nile perch,나일선농어,,A3000163000000,식품원료,원료이기에 사용기준 없음,,사용가능,
1945,NILE PERCH MAW,나일선농어부레,,A3000163150000,식품원료,원료이기에 사용기준 없음,,사용가능,
1946,NILE TILAPIA,나일틸라피아,,A3000164000000,식품원료,원료이기에 사용기준 없음,,사용가능,
1947,NATAMYCIN,나타마이신,,B2000204000000,식품첨가물,"사용기준 찾음, 별도 확인 필요",보존료,"기타, 별도 확인 필요",
1948,FRUCTUS MOMORDICAE,나한과,,A1000515000000,식품원료,원료이기에 사용기준 없음,,사용가능,
1949,,나한과농축액,,A1000515000814,식품원료,원료이기에 사용기준 없음,,사용가능,
1950,,나한과분말,,A1000515000001,식품원료,원료이기에 사용기준 없음,,사용가능,
1951,,나한과열매,,A1000515230000,식품원료,원료이기에 사용기준 없음,,사용가능,
1952,MONK FRUIT JUICE CONCENTRATE,나한과주스농축액,,A1053989000825,식품원료,원료이기에 사용기준 없음,,사용가능,
1953,,나한과추출물,,A1000515004500,식품원료,원료이기에 사용기준 없음,,사용가능,
1954,,나한과추출물분말,,A1000515004501,식품원료,원료이기에 사용기준 없음,,사용가능,
1955,BUTYRIC ACID,낙산,,B1000031000000,식품첨가물,"사용기준 찾음, 별도 확인 필요",향료,"기타, 별도 확인 필요",
1956,BUTYL BUTYRATE,낙산부틸,,B1000032000000,식품첨가물,"사용기준 찾음, 별도 확인 필요",향료,"기타, 별도 확인 필요",
1957,ETHYL BUTYRATE,낙산에틸,,B1000033000000,식품첨가물,"사용기준 찾음, 별도 확인 필요",향료,"기타, 별도 확인 필요",
1958,ISOAMYL BUTYRATE,낙산이소아밀,,B1000034000000,식품첨가물,"사용기준 찾음, 별도 확인 필요",향료,"기타, 별도 확인 필요",
1959,,낙지,,A3000165000000,식품원료,원료이기에 사용기준 없음,,사용가능,
1960,낙지추출물,낙지추출물,,A3000165004500,식품원료,원료이기에 사용기준 없음,,사용가능,
1961,EGG SHELL,난각,,A20000020C0000,식품원료,원료이기에 사용기준 없음,,"제한적사용가능, 별도 확인 필요",
1962,EGG SHELL MEMBRANE,난각막,,A20000020D0000,식품원료,원료이기에 사용기준 없음,,사용가능,
1963,EGG SHELL MEMBRANE HYDROLYSATE(NEM),난각막가수분해물(NEM)(기능성원료인정제2024-9호),,C9001041000000,건강기능식품,"사용기준 못찾음, 별도 확인 필요",,사용가능,
1964,,난각막분말,,A20000020D0001,식품원료,원료이기에 사용기준 없음,,사용가능,
1965,POWDER OF EGG SHELL MAMBRANE,난각막분말(기능성원료인정제2023-35호),,C9001047000000,건강기능식품,"사용기준 못찾음, 별도 확인 필요",,사용가능,
1966,EGG SHELL MEMBRANE EXTRACT,난각막추출물,,A20000020D4500,식품원료,원료이기에 사용기준 없음,,사용가능,
1967,EGG SHELL POWDER,난각분말,,A20000020C0001,식품원료,원료이기에 사용기준 없음,,"제한적사용가능, 별도 확인 필요",
1968,EGG SHELL CALCIUM,난각칼슘,,A6001450000000,식품원료,원료이기에 사용기준 없음,,사용가능,
1969,THE ALBUMEN,난백,EGG white,A20000023J0000,식품원료,원료이기에 사용기준 없음,,사용가능,
1970,EGG WHITE PROTEIN,난백단백,,A20000023J0008,식품원료,원료이기에 사용기준 없음,,사용가능,
1971,,난백단백분말,,A20000023J0045,식품원료,원료이기에 사용기준 없음,,사용가능,
1972,EGG WHITE POWDER,난백분말,,A20000023J0001,식품원료,원료이기에 사용기준 없음,,사용가능,
1973,EGG ALBUMIN,난백알부민,,A6000011000000,식품원료,원료이기에 사용기준 없음,,사용가능,
1974,,난백알부민분말,,A6000011000001,식품원료,원료이기에 사용기준 없음,,사용가능,
1975,,난백액,,A20000023J0014,식품원료,원료이기에 사용기준 없음,,사용가능,
1976,INDIGESTABLE DEXTRIN,난소화성덱스트린,,P1204277700000,식품유형,"사용기준 못찾음, 별도 확인 필요",,"기타, 별도 확인 필요",
1977,INDIGESTABLE MALTODEXTRIN,난소화성말토덱스트린,,P1204276500000,식품유형,"사용기준 못찾음, 별도 확인 필요",,사용가능,
1978,,난소화성말토덱스트린(고시형),,C2000108000000,건강기능식품,"사용기준 못찾음, 별도 확인 필요",,"기타, 별도 확인 필요",
1979,THE YOLK OF AN EGG,난황,Egg Yolk,A20000020I0000,식품원료,원료이기에 사용기준 없음,,사용가능,
1980,EGG YOLK LECITHIN,난황레시틴(고시형),,C2000057000000,건강기능식품,"사용기준 못찾음, 별도 확인 필요",,"기타, 별도 확인 필요",
1981,EGG YOLK POWDER,난황분말,,A20000020I0001,식품원료,원료이기에 사용기준 없음,,사용가능,
1982,,난황액,,A20000020I0014,식품원료,원료이기에 사용기준 없음,,사용가능,
1983,YOLK OIL,난황유,,A20000020I0020,식품원료,원료이기에 사용기준 없음,,사용가능,
1984,,난황추출물,,A20000020I4500,식품원료,원료이기에 사용기준 없음,,사용가능,
1985,,난황추출오일,,A20000020I4520,식품원료,원료이기에 사용기준 없음,,사용가능,
1986,,난황펩타이드,,A20000020I0008,식품원료,원료이기에 사용기준 없음,,사용가능,
1987,,날개다랑어,,A3000166000000,식품원료,원료이기에 사용기준 없음,,사용가능,
1988,,날개하늘나리비늘줄기,,A1000518520000,식품원료,원료이기에 사용기준 없음,,사용가능,
1989,TOKAGE ESO,날매퉁이,,A3000169000000,식품원료,원료이기에 사용기준 없음,,사용가능,
1990,"COBIA, BLACK BONTIO",날쌔기,,A3000170000000,식품원료,원료이기에 사용기준 없음,,사용가능,
1991,FLYING FISH,날치,,A3000171000000,식품원료,원료이기에 사용기준 없음,,사용가능,
1992,FLYING FISH POWDER,날치분말,,A3000171000001,식품원료,원료이기에 사용기준 없음,,사용가능,
1993,FLYING FISH ROE,날치알,,A3000171050000,식품원료,원료이기에 사용기준 없음,,사용가능,
1994,FLYING FISH EXTRACT,날치추출물,,A3000171004500,식품원료,원료이기에 사용기준 없음,,사용가능,
1995,,남가새,,A1000519000000,식품원료,원료이기에 사용기준 없음,,"제한적사용가능, 별도 확인 필요",
1996,TRIBULUS TERRESTRIS,남가새열매,,A1000519230000,식품원료,원료이기에 사용기준 없음,,"제한적사용가능, 별도 확인 필요",
1997,TRIBULUS TERRESTRIS FRUIT POWDER,남가새열매분말,,A1000519230001,식품원료,원료이기에 사용기준 없음,,"제한적사용가능, 별도 확인 필요",
1998,TRIBULUS TERRESTRIS FRUIT EXTRACT,남가새열매추출물,,A1000519234500,식품원료,원료이기에 사용기준 없음,,"제한적사용가능, 별도 확인 필요",
1999,TRIBULUS TERRESTRIS EXTRACT POWDER,남가새열매추출분말,,A1000519234501,식품원료,원료이기에 사용기준 없음,,"제한적사용가능, 별도 확인 필요",
2000,,남극크릴,,A3000172000000,식품원료,원료이기에 사용기준 없음,,사용가능,
2001,KRILL OIL,남극크릴오일,,A3000172000020,식품원료,원료이기에 사용기준 없음,,사용가능,
2002,,남극크릴페이스트,,A3000172000033,식품원료,원료이기에 사용기준 없음,,사용가능,
2003,"WATER CHESTNUT, CHINESE WATER CHESTNUT",남방개열매,,A1000520230000,식품원료,원료이기에 사용기준 없음,,사용가능,
2004,CHINESE WATER CHESTNUT POWDER,남방개열매분말,,A1000520230001,식품원료,원료이기에 사용기준 없음,,사용가능,
2005,"WATER CHESTNUT STARCH, CHINESE WATER CHESTNUT STARCH",남방개전분,,A1000520230038,식품원료,원료이기에 사용기준 없음,,사용가능,
2006,SMOOTH OREO DORY,남방달고기,,A3000174000000,식품원료,원료이기에 사용기준 없음,,사용가능,
2007,HOKI,남방대구,,A3000175000000,식품원료,원료이기에 사용기준 없음,,사용가능,
2008,,남방대구살,,A3000175080000,식품원료,원료이기에 사용기준 없음,,사용가능,
2009,Lyrate hard clam,남방백합,,A3011976000000,식품원료,원료이기에 사용기준 없음,,사용가능,
2010,WEBFOOD OCTOPUS,남방주꾸미,,A3012013000000,식품원료,원료이기에 사용기준 없음,,사용가능,
2011,,냉동감자,,A1000244000600,식품원료,원료이기에 사용기준 없음,,사용가능,
2012,,냉동고추,,A1000355000600,식품원료,원료이기에 사용기준 없음,,사용가능,
2013,,냉동굴,,A3000111000600,식품원료,원료이기에 사용기준 없음,,사용가능,
2014,,냉동난백,,A20000023J0600,식품원료,원료이기에 사용기준 없음,,사용가능,
2015,,냉동난황,,A20000020I0600,식품원료,원료이기에 사용기준 없음,,사용가능,
2016,,냉동닭다리,,A20000040L0600,식품원료,원료이기에 사용기준 없음,,사용가능,
2017,FROZEN CARROT,냉동당근,,A1000624000600,식품원료,원료이기에 사용기준 없음,,사용가능,
2018,,냉동대파,frozen Spring onion,A1001964000600,식품원료,원료이기에 사용기준 없음,,사용가능,
2019,,냉동덩굴월귤,,A1000651000600,식품원료,원료이기에 사용기준 없음,,사용가능,
2020,,냉동딸기,,A1000723000600,식품원료,원료이기에 사용기준 없음,,사용가능,
2021,,냉동딸기퓌레,,A1000723000634,식품원료,원료이기에 사용기준 없음,,사용가능,
2022,,냉동라즈베리,,A1000743000600,식품원료,원료이기에 사용기준 없음,,사용가능,
2023,,냉동라즈베리퓌레,,A1000743000634,식품원료,원료이기에 사용기준 없음,,사용가능,
2024,FROZEN MASHED GARLIC,냉동마늘,,A1000774000600,식품원료,원료이기에 사용기준 없음,,사용가능,
2025,,냉동망고,,A1000812000600,식품원료,원료이기에 사용기준 없음,,사용가능,
2026,,냉동망고다이스,,A1000812000607,식품원료,원료이기에 사용기준 없음,,사용가능,
2027,,냉동망고퓌레,,A1000812940634,식품원료,원료이기에 사용기준 없음,,사용가능,
2028,,냉동무화과열매,,A1000878230600,식품원료,원료이기에 사용기준 없음,,사용가능,
2029,,냉동복사열매,,A1001044230600,식품원료,원료이기에 사용기준 없음,,사용가능,
2030,,냉동부추,,A1001050000600,식품원료,원료이기에 사용기준 없음,,사용가능,
2031,,냉동블랙베리,,A1001080230600,식품원료,원료이기에 사용기준 없음,,사용가능,
2032,,냉동블루베리,,A1001085000600,식품원료,원료이기에 사용기준 없음,,사용가능,
2033,,냉동살구,,A1001164000600,식품원료,원료이기에 사용기준 없음,,사용가능,
2034,,냉동새우,,A3000491000600,식품원료,원료이기에 사용기준 없음,,사용가능,
2035,,냉동양파,,A1001431000600,식품원료,원료이기에 사용기준 없음,,사용가능,
2036,,냉동오징어,,A3000565000600,식품원료,원료이기에 사용기준 없음,,사용가능,
2037,,냉동우육,,A2000011070600,식품원료,원료이기에 사용기준 없음,,사용가능,
2038,FROZEN EGG,냉동전란,,A2000002000600,식품원료,원료이기에 사용기준 없음,,사용가능,
2039,,냉동키위,,A1001909000600,식품원료,원료이기에 사용기준 없음,,사용가능,
2040,,냉동호박,,A1002078000600,식품원료,원료이기에 사용기준 없음,,사용가능,
2041,,냉동홍고추페이스트,,A1002238000633,식품원료,원료이기에 사용기준 없음,,사용가능,
2042,SHEPHERD'S PURSE,냉이,,A1000527000000,식품원료,원료이기에 사용기준 없음,,사용가능,
2043,,냉이잎,,A1000527380000,식품원료,원료이기에 사용기준 없음,,사용가능,
2044,,냉초순,,A1000528880000,식품원료,원료이기에 사용기준 없음,,사용가능,
2045,,너도밤나무,,A1002674000000,식품원료,원료이기에 사용기준 없음,,사용불가,
2046,UNDARIA PETERSENIANA,넓미역,,A3000982000000,식품원료,원료이기에 사용기준 없음,,사용가능,
2047,RED-BERRIED ELDER,넓은잎딱총나무,,A1000534000000,식품원료,원료이기에 사용기준 없음,,사용불가,
2048,,넓은잎산사열매,,A1000535230000,식품원료,원료이기에 사용기준 없음,,사용가능,
2049,,넓은잎쥐오줌풀잎,,A1000536380000,식품원료,원료이기에 사용기준 없음,,사용가능,
2050,FLATFISH,넙치,,A3000183000000,식품원료,원료이기에 사용기준 없음,,사용가능,
2051,LAEOPS LANCEOLATA,넙치가자미,,A3000184000000,식품원료,원료이기에 사용기준 없음,,사용가능,
2052,FLOUNDER FISH POWDER,넙치분말,,A3000183000001,식품원료,원료이기에 사용기준 없음,,사용가능,
2053,Eleutheronema tetradactylum,네날가지,,A3000185000000,식품원료,원료이기에 사용기준 없음,,사용가능,
2054,,네동가리,,A3000186000000,식품원료,원료이기에 사용기준 없음,,사용가능,
2055,,네오머스카트포도,,A1002755000000,식품원료,원료이기에 사용기준 없음,,사용가능,
2056,NEOTAME,네오탐,,B1003583000000,식품첨가물,"사용기준 찾음, 별도 확인 필요",감미료,"기타, 별도 확인 필요",
2057,JUNIPERBERRY,노간주나무,,A1000540000000,식품원료,원료이기에 사용기준 없음,,"제한적사용가능, 별도 확인 필요",
2058,JUNIPERBERRY POWDER,노간주나무분말,,A1000540230001,식품원료,원료이기에 사용기준 없음,,"제한적사용가능, 별도 확인 필요",
2059,JUNNIPER BERRIES,노간주나무열매,,A1000540230000,식품원료,원료이기에 사용기준 없음,,"제한적사용가능, 별도 확인 필요",
2060,JUNNIPER BERRY DISTILLATE,노간주나무열매증류액,,A1054110236914,식품원료,원료이기에 사용기준 없음,,"제한적사용가능, 별도 확인 필요",
2061,JUNIPERBERRY OIL,노간주나무오일,,A1000540230020,식품원료,원료이기에 사용기준 없음,,"제한적사용가능, 별도 확인 필요",
2062,JUNIPERBERRY EXTRACT,노간주나무추출물,,A1000540234500,식품원료,원료이기에 사용기준 없음,,"제한적사용가능, 별도 확인 필요",
2063,NONI,노니,,A1000541000000,식품원료,원료이기에 사용기준 없음,,사용가능,
2064,NONI CONCENTRATE,노니농축,,A1000541000800,식품원료,원료이기에 사용기준 없음,,사용가능,
2065,NONI POWDER,노니분말,,A1000541000001,식품원료,원료이기에 사용기준 없음,,사용가능,
2066,NONI FIBER,노니식이섬유,,A1000541000084,식품원료,원료이기에 사용기준 없음,,사용가능,
2067,,노니엑기스,,A1000541000017,식품원료,원료이기에 사용기준 없음,,사용가능,
2068,,노니열매,,A1000541230000,식품원료,원료이기에 사용기준 없음,,사용가능,
2069,NONI EXTRACT POWDER,노니열매추출분말,,A1000541234501,식품원료,원료이기에 사용기준 없음,,사용가능,
2070,NONI FRUIT PULP,노니열매펄프,,A1000541230032,식품원료,원료이기에 사용기준 없음,,사용가능,
2071,,노니원액,,A1000541000021,식품원료,원료이기에 사용기준 없음,,사용가능,
2072,NONI JUICE,노니주스,,A1000541000025,식품원료,원료이기에 사용기준 없음,,사용가능,
2073,NONI JUICE CONCENTRATE,노니주스농축,,A1000541000825,식품원료,원료이기에 사용기준 없음,,사용가능,
2074,NONI EXTRACT,노니추출물,,A1000541004500,식품원료,원료이기에 사용기준 없음,,사용가능,
2075,,노니추출분말,,A1000541004501,식품원료,원료이기에 사용기준 없음,,사용가능,
2076,NONI PUREE,노니퓌레,,A1000541000034,식품원료,원료이기에 사용기준 없음,,사용가능,
2077,YELLOW MUSTARD SEED,노란겨자씨앗,,A1002847320000,식품원료,원료이기에 사용기준 없음,,사용가능,
2078,"CINCHONA, YELLOW, BARK","노란기나피,기나나무",,A1002633000000,식품원료,원료이기에 사용기준 없음,,사용불가,
2079,YELLOW CARROT,노란당근,,A1054104000000,식품원료,원료이기에 사용기준 없음,,사용가능,
2080,YELLOW CARROT CONCENTRATE,노란당근농축액,,A1054065000800,식품원료,원료이기에 사용기준 없음,,사용가능,
2081,YELLOW CARROT EXTRACT,노란당근추출물,,A1054117004500,식품원료,원료이기에 사용기준 없음,,사용가능,
2082,,노란콩,,A1000633010003,식품원료,원료이기에 사용기준 없음,,사용가능,
2083,,노란콩잎,,A1000633380003,식품원료,원료이기에 사용기준 없음,,사용가능,
2084,,노랑가오리,,A3000189000000,식품원료,원료이기에 사용기준 없음,,사용가능,
2085,RED STINGRAY CARTILAGE EXTRACT,노랑가오리연골추출물,,A3000189094500,식품원료,원료이기에 사용기준 없음,,사용가능,
2086,,노랑느타리,,A1000551000000,식품원료,원료이기에 사용기준 없음,,사용가능,
2087,,노랑느타리자실체,,A1000551B90000,식품원료,원료이기에 사용기준 없음,,사용가능,
2088,GOLD OYSTER MUSHROOM EXTRACT,노랑느타리추출물,,A1054187004500,식품원료,원료이기에 사용기준 없음,,사용가능,
2089,,노랑촉수,,A3000195000000,식품원료,원료이기에 사용기준 없음,,사용가능,
2090,HIMEJI FISH MEAT,노랑촉수어육,,A3000195080000,식품원료,원료이기에 사용기준 없음,,사용가능,
2091,,노루궁뎅이버섯,,A1000555000000,식품원료,원료이기에 사용기준 없음,,사용가능,
2092,,노루궁뎅이버섯 분말,,A1000555000001,식품원료,원료이기에 사용기준 없음,,사용가능,
2093,,노루궁뎅이버섯균사체,,A1000555B30000,식품원료,원료이기에 사용기준 없음,,사용가능,
2094,,노루궁뎅이버섯엑기스,,A1000555B90017,식품원료,원료이기에 사용기준 없음,,사용가능,
2095,,노루궁뎅이버섯자실체,,A1000555B90000,식품원료,원료이기에 사용기준 없음,,사용가능,
2096,,노루궁뎅이버섯추출물분말,,A1000555B94501,식품원료,원료이기에 사용기준 없음,,사용가능,
2097,HEPATICA,노루귀,,A1000556000000,식품원료,원료이기에 사용기준 없음,,"제한적사용가능, 별도 확인 필요",
2098,,노르웨이가시발새우,,A3000187000000,식품원료,원료이기에 사용기준 없음,,사용가능,
2099,KNOTTED WRACK,노티드랙,,A3000863000000,식품원료,원료이기에 사용기준 없음,,사용가능,
2100,KNOTTED WRACK POWDER,노티드랙분말,,A3000863000001,식품원료,원료이기에 사용기준 없음,,사용가능,
2101,KNOTTED WRACK EXTRACT,노티드랙추출물,,A3000863004500,식품원료,원료이기에 사용기준 없음,,사용가능,
2102,,녹각,,A4000006120000,식품원료,원료이기에 사용기준 없음,,"제한적사용가능, 별도 확인 필요",
2103,CAMPHOR TREE,녹나무,,A1002630000000,식품원료,원료이기에 사용기준 없음,,사용불가,
2104,GREEN GRAM(MUNG BEAN),녹두,,A1000564000000,식품원료,원료이기에 사용기준 없음,,사용가능,
2105,GREEN GRAM(MUNG BEAN) POWDER,녹두가루,,A1000564000001,식품원료,원료이기에 사용기준 없음,,사용가능,
2106,GREEN GRAM(MUNG BEAN) PROTEIN,녹두단백,,A1000564320008,식품원료,원료이기에 사용기준 없음,,사용가능,
2107,GREEN GRAM(MUNG BEAN) PROTEIN CONCENTRATE,녹두단백농축액,,A1000564320808,식품원료,원료이기에 사용기준 없음,,사용가능,
2108,MUNG BEAN SPROUT,녹두싹,,A1000564C60000,식품원료,원료이기에 사용기준 없음,,사용가능,
2109,,녹두액,,A1000564000014,식품원료,원료이기에 사용기준 없음,,사용가능,
2110,MUNG BEAN STARCH,녹두전분,,A1000564000038,식품원료,원료이기에 사용기준 없음,,사용가능,
2111,,녹두추출물,,A1000564004500,식품원료,원료이기에 사용기준 없음,,사용가능,
2112,,녹두페이스트,,A1000564000033,식품원료,원료이기에 사용기준 없음,,사용가능,
2113,,녹미,,A1002405000000,식품원료,원료이기에 사용기준 없음,,사용가능,
2114,,녹신,,A4000006010000,식품원료,원료이기에 사용기준 없음,,사용가능,
2115,SPEARMINT,녹양박하,,A1001302000000,식품원료,원료이기에 사용기준 없음,,사용가능,
2116,,녹양박하분말,,A1001302000001,식품원료,원료이기에 사용기준 없음,,사용가능,
2117,SPEARMINT OIL,녹양박하오일,,A1001302000020,식품원료,원료이기에 사용기준 없음,,사용가능,
2118,SPEARMINT LEAF,녹양박하잎,,A1001302380000,식품원료,원료이기에 사용기준 없음,,사용가능,
2119,DISTILLATE OF SPEARMINT,녹양박하증류액,,A1001302006914,식품원료,원료이기에 사용기준 없음,,사용가능,
2120,SPEARMINT EXTRACT,녹양박하추출물,,A1001302004500,식품원료,원료이기에 사용기준 없음,,사용가능,
2121,,녹용,,A4000006110000,식품원료,원료이기에 사용기준 없음,,"제한적사용가능, 별도 확인 필요",
2122,,녹용농축액,,A4000006110814,식품원료,원료이기에 사용기준 없음,,"제한적사용가능, 별도 확인 필요",
2123,,녹용분말,,A4000006110001,식품원료,원료이기에 사용기준 없음,,"제한적사용가능, 별도 확인 필요",
2124,,녹용분말엑기스,,A4000006110018,식품원료,원료이기에 사용기준 없음,,"제한적사용가능, 별도 확인 필요",
2125,,녹용추출분말,,A4000006114501,식품원료,원료이기에 사용기준 없음,,"제한적사용가능, 별도 확인 필요",
2126,,녹용추출액,,A4000006114514,식품원료,원료이기에 사용기준 없음,,"제한적사용가능, 별도 확인 필요",
2127,CRISMON SEA BREAM,녹줄돔,,A3000199000000,식품원료,원료이기에 사용기준 없음,,사용가능,
2128,,녹차가루,Green tea powder,A1001736380001,식품원료,원료이기에 사용기준 없음,,사용가능,
2129,,녹차농축,,A1001736000800,식품원료,원료이기에 사용기준 없음,,사용가능,
2130,,녹차농축액,,A1001736380814,식품원료,원료이기에 사용기준 없음,,사용가능,
2131,,녹차물,,A1001736000014,식품원료,원료이기에 사용기준 없음,,사용가능,
2132,,녹차씨앗유,,A1001736320020,식품원료,원료이기에 사용기준 없음,,사용가능,
2133,GREEN TEA SEED EXTRACT POWDER,녹차씨앗추출물분말,,A1001736324501,식품원료,원료이기에 사용기준 없음,,사용가능,
2134,,녹차어린잎,,A1001736400000,식품원료,원료이기에 사용기준 없음,,사용가능,
2135,GREEN TEA DISTILLATE,녹차증류액,,A1001736006914,식품원료,원료이기에 사용기준 없음,,사용가능,
2136,,녹차추출물,Green Tea Extract,A1001736004500,식품원료,원료이기에 사용기준 없음,,사용가능,
2137,,녹차추출물분말가루,,A1001736004501,식품원료,원료이기에 사용기준 없음,,사용가능,
2138,,녹차추출액,,A1001736384514,식품원료,원료이기에 사용기준 없음,,사용가능,
2139,,녹차페이스트,,A1001736380033,식품원료,원료이기에 사용기준 없음,,사용가능,
2140,,녹혈,,A4000006020000,식품원료,원료이기에 사용기준 없음,,사용불가,
2141,,녹혈분말,,A4000006020001,식품원료,원료이기에 사용기준 없음,,"제한적사용가능, 별도 확인 필요",
2142,,논우렁이,,A3000200000000,식품원료,원료이기에 사용기준 없음,,사용가능,
2143,MYSTERY SNAIL EXTRACT,논우렁이추출물,,A3000200004500,식품원료,원료이기에 사용기준 없음,,사용가능,
2144,,농어,,A3000201000000,식품원료,원료이기에 사용기준 없음,,사용가능,
2145,Japanese Seabass Extract,농어추출물,,A3000201004500,식품원료,원료이기에 사용기준 없음,,사용가능,
2146,,농조개,,A3000202000000,식품원료,원료이기에 사용기준 없음,,사용가능,
2147,,농축대두단백,,A1000633000808,식품원료,원료이기에 사용기준 없음,,사용가능,
2148,LEMON JUICE CONCENTRATE,농축레몬주스,,A1000750000825,식품원료,lemon 100% 인지 확인,,사용가능,
2149,사과농축과즙,농축사과과즙,,A1001112000826,식품원료,원료이기에 사용기준 없음,,사용가능,
2150,APPLE JUICE CONCENTRATE,농축사과주스,,A1001112000825,식품원료,원료이기에 사용기준 없음,,사용가능,
2151,CONCENTRATED GRENADINE JUICE,농축석류주스,,A1001203230825,식품원료,원료이기에 사용기준 없음,,사용가능,
2152,CONCENTRATED ACEROLA JUICE,농축아세로라과즙,,A1001363230826,식품원료,원료이기에 사용기준 없음,,사용가능,
2153,,농축양까막까치밥주스,,A1003132000825,식품원료,원료이기에 사용기준 없음,,사용가능,
2154,ORANGE PUREE CONCENTRATE,농축오렌지퓌레,,A1001475000834,식품원료,원료이기에 사용기준 없음,,사용가능,
2155,,농축우유,,P0201080100000,식품유형,"사용기준 못찾음, 별도 확인 필요",,"기타, 별도 확인 필요",
2156,,농축유단백,,A20000163G0808,식품원료,원료이기에 사용기준 없음,,사용가능,
2157,MILK PROTEIN CONCENTARTE,농축유단백질,,A2000016000809,식품원료,원료이기에 사용기준 없음,,사용가능,
2158,WHEY CONCENTRATE,농축유청,,P0201140200000,식품유형,"사용기준 못찾음, 별도 확인 필요",,"기타, 별도 확인 필요",
2159,WHEY PROTEIN CONCENTRATE POWDER,농축유청단백분말,protein concentrated whey powder,P0201140400800,식품유형,"사용기준 못찾음, 별도 확인 필요",,"기타, 별도 확인 필요",
2160,CONCENTRATED MILK CREAM,농축유크림,,P1204277400800,식품유형,"사용기준 못찾음, 별도 확인 필요",,"기타, 별도 확인 필요",
2161,,누에,,A4000010000000,식품원료,원료이기에 사용기준 없음,,사용가능,
2162,,누에고치,,A4000010290000,식품원료,원료이기에 사용기준 없음,,"제한적사용가능, 별도 확인 필요",
2163,SILK PEPTIDE,누에고치단백가수분해물,,A4000010290008,식품원료,원료이기에 사용기준 없음,,"제한적사용가능, 별도 확인 필요",
2164,,누에고치단백가수분해물분말,,A4000010290245,식품원료,원료이기에 사용기준 없음,,"제한적사용가능, 별도 확인 필요",
2165,SILK EXTRACT,누에고치추출물,,A4000010294500,식품원료,원료이기에 사용기준 없음,,"제한적사용가능, 별도 확인 필요",
2166,SILKWORM CHRYSALIS DELICIOUS,누에번데기,,A4000010090000,식품원료,원료이기에 사용기준 없음,,사용가능,
2167,,누에번데기오일,,A4000010090020,식품원료,원료이기에 사용기준 없음,,사용가능,
2168,,누에분말,,A4000010000001,식품원료,원료이기에 사용기준 없음,,사용가능,
2169,,누에추출물,,A4000010004500,식품원료,원료이기에 사용기준 없음,,사용가능,
2170,,눈강달이,,A3000206000000,식품원료,원료이기에 사용기준 없음,,사용가능,
2171,Korean goatsbeard,눈개승마순추출물,,A1003031884500,식품원료,원료이기에 사용기준 없음,,"제한적사용가능, 별도 확인 필요",
2172,,눈꽃동충하초,,A6000012000000,식품원료,원료이기에 사용기준 없음,,사용가능,
2173,,눈꽃동충하초농축액,,A6000012000814,식품원료,원료이기에 사용기준 없음,,사용가능,
2174,,눈꽃동충하초분말,,A6000012000001,식품원료,원료이기에 사용기준 없음,,사용가능,
2175,,눈꽃동충하초추출분말,,A6000012004501,식품원료,원료이기에 사용기준 없음,,사용가능,
2176,,눈다랑어,,A3000207000000,식품원료,원료이기에 사용기준 없음,,사용가능,
2177,,눈볼대,,A3000208000000,식품원료,원료이기에 사용기준 없음,,사용가능,
2178,SAUSSUREA INVOLUCRATA CALLUS EXTRACT(외화획득용),눈연꽃줄기추출물(외화획득용),,AZ000018000000,식품원료,원료이기에 사용기준 없음,,사용불가,
2179,,눈잣나무씨앗,,A1000577320000,식품원료,원료이기에 사용기준 없음,,사용가능,
2180,DWARF SIBERIAN PINE SEED OIL,눈잣나무씨앗오일,,A1000577320020,식품원료,원료이기에 사용기준 없음,,사용가능,
2181,ROUND HERRING,눈퉁멸,,A3000211000000,식품원료,원료이기에 사용기준 없음,,사용가능,
2182,ROUND HERRING POWDER,눈퉁멸분말,,A3000211000001,식품원료,원료이기에 사용기준 없음,,사용가능,
2183,TOSCANO LEAF EXTRACT,뉴그린추출물,,A1000578004500,식품원료,원료이기에 사용기준 없음,,사용가능,
2184,NEW BEET,뉴비트,,A1000579000000,식품원료,원료이기에 사용기준 없음,,사용가능,
2185,NEW BEET POWDER,뉴비트분말,,A1053984000001,식품원료,원료이기에 사용기준 없음,,사용가능,
2186,,뉴비트뿌리주스,,A1054019610025,식품원료,원료이기에 사용기준 없음,,사용가능,
2187,NEW BEET EXTRACT,뉴비트추출물,,A1054058004500,식품원료,원료이기에 사용기준 없음,,사용가능,
2188,CHINESE ELM BARK,느릅나무,,A1000580000000,식품원료,원료이기에 사용기준 없음,,사용가능,
2189,,느릅나무분말,,A1000580000001,식품원료,원료이기에 사용기준 없음,,"제한적사용가능, 별도 확인 필요",
2190,,느릅나무뿌리껍질분말,,A1000580650001,식품원료,원료이기에 사용기준 없음,,"제한적사용가능, 별도 확인 필요",
2191,,느릅나무잎,,A1000580380000,식품원료,원료이기에 사용기준 없음,,사용가능,
2192,,느릅나무줄기껍질,,A1000580600000,식품원료,원료이기에 사용기준 없음,,"제한적사용가능, 별도 확인 필요",
2193,OYSTER MUSHROOM,느타리,,A1000581000000,식품원료,원료이기에 사용기준 없음,,사용가능,
2194,OYSTER MUSHROOM,느타리균사체,,A1000581B30000,식품원료,원료이기에 사용기준 없음,,"기타, 별도 확인 필요",
2195,,느타리균사체추출물,,A1000581B34500,식품원료,원료이기에 사용기준 없음,,사용가능,
2196,,느타리분말,,A1000581B90001,식품원료,원료이기에 사용기준 없음,,사용가능,
2197,,느타리엑기스분말,,A1000581B90018,식품원료,원료이기에 사용기준 없음,,사용가능,
2198,OYSTER MUSHROOM,느타리자실체단백,,A1000581B90008,식품원료,원료이기에 사용기준 없음,,사용가능,
2199,OYSTER MUSHROOM EXTRACT,느타리추출물,,A1000581B94500,식품원료,원료이기에 사용기준 없음,,사용가능,
2200,,느티만가닥버섯,,A1000583000000,식품원료,원료이기에 사용기준 없음,,사용가능,
2201,,늘보리,,A1002188000000,식품원료,원료이기에 사용기준 없음,,사용가능,
2202,,늙은호박,,A1002224000000,식품원료,원료이기에 사용기준 없음,,사용가능,
2203,,능금나무열매,,A1000585230000,식품원료,원료이기에 사용기준 없음,,사용가능,
2204,,능성어,,A3000214000000,식품원료,원료이기에 사용기준 없음,,사용가능,
2205,,능이버섯자실체,,A1000586B90000,식품원료,원료이기에 사용기준 없음,,사용가능,
2206,NIGER SEED,니거씨앗,,A1000587320000,식품원료,원료이기에 사용기준 없음,,사용가능,
2207,NISIN,니신,,B2000196000000,식품첨가물,"사용기준 찾음, 별도 확인 필요",보존료,"기타, 별도 확인 필요",
2208,NICKEL,니켈,,B1062495000000,식품첨가물,"사용기준 찾음, 별도 확인 필요",제조용제,"기타, 별도 확인 필요",
2209,NIKEL ALLOY,니켈합금제,,D5000001110000,기구 및 용기포장,"사용기준 못찾음, 별도 확인 필요",,"기타, 별도 확인 필요",
2210,"NICOTINIC ACID, NIACIN",니코틴산,Niacin,B1000036000000,식품첨가물,"사용기준 찾음, 별도 확인 필요",영양강화제,"기타, 별도 확인 필요",
2211,NICOTINAMIDE(NIACINAMIDE),니코틴산아미드,Niacinamide,B1000037000000,식품첨가물,"사용기준 찾음, 별도 확인 필요",영양강화제,"기타, 별도 확인 필요",
2212,NICOTINAMIDE MONONUCLEOTIDE,니코틴산아미드 모노뉴클레오타이드(외화획득용),,BZ000093000000,식품첨가물,"사용기준 못찾음, 별도 확인 필요",,사용불가,
2213,Nicotinamide Riboside Chloride,니코틴아마이드 리보사이드 클로라이드(외화획득용),,BZ000086000000,식품첨가물,"사용기준 못찾음, 별도 확인 필요",,사용불가,
2214,,니코틴아마이드 아데닌 다이뉴클레오타이드 이나트륨염(외화획득용 등),,BZ000125000000,식품첨가물,"사용기준 못찾음, 별도 확인 필요",,사용불가,
2215,NICOTINAMIDE ADENINE DINUCLEOTIDE,니코틴아마이드 아데닌 다이뉴클레오타이드(외화획득용 등),,BZ000121000000,식품첨가물,"사용기준 못찾음, 별도 확인 필요",,사용불가,
2216,Nipa Palm,니파야자,,A1000588000000,식품원료,원료이기에 사용기준 없음,,사용가능,
2217,,니파야자꽃액즙,,A1000588210000,식품원료,원료이기에 사용기준 없음,,사용가능,
2218,,니파야자분말,,A1000588000001,식품원료,원료이기에 사용기준 없음,,사용가능,
2219,NIPA PALM SHOOTS,니파야자순,,A1000588880000,식품원료,원료이기에 사용기준 없음,,사용가능,
2220,,니파야자추출액,,A1000588004514,식품원료,원료이기에 사용기준 없음,,사용가능,
2221,NEEM LEAF,님잎,,A1000589380000,식품원료,원료이기에 사용기준 없음,,사용불가,
2222,DANUBE STURGEON,다뉴브철갑상어,,A3000293000000,식품원료,원료이기에 사용기준 없음,,사용가능,
2223,DANUBE STURGEON CAVIAR,다뉴브철갑상어알,,A3000293050000,식품원료,원료이기에 사용기준 없음,,사용가능,
2224,TODDY,다라수,,A1000591000000,식품원료,원료이기에 사용기준 없음,,사용가능,
2225,,다라수꽃액즙,,A1000591210000,식품원료,원료이기에 사용기준 없음,,사용가능,
2226,Talauriksha palm,다라수시럽,,A1000591000013,식품원료,원료이기에 사용기준 없음,,사용가능,
2227,,다라수씨앗,,A1000591320000,식품원료,원료이기에 사용기준 없음,,사용가능,
2228,,다라수열매,,A1000591230000,식품원료,원료이기에 사용기준 없음,,사용가능,
2229,,다라엽,,A1000592380000,식품원료,원료이기에 사용기준 없음,,사용가능,
2230,,다랑어,,A3000216000000,식품원료,원료이기에 사용기준 없음,,사용가능,
2231,,다랑어분말,,A3000216000001,식품원료,원료이기에 사용기준 없음,,사용가능,
2232,TUNA FLESH,다랑어살,,A3000216080000,식품원료,원료이기에 사용기준 없음,,사용가능,
2233,,다랑어액즙,,A3000216000014,식품원료,원료이기에 사용기준 없음,,사용가능,
2234,,다랑어추출물,,A3000216004500,식품원료,원료이기에 사용기준 없음,,사용가능,
2235,,다랑어포,,A3000216000050,식품원료,원료이기에 사용기준 없음,,사용가능,
2236,,다랑어포분말,,A3000216000081,식품원료,원료이기에 사용기준 없음,,사용가능,
2237,,다래,,A1000593000000,식품원료,원료이기에 사용기준 없음,,사용가능,
2238,,다래나무열매발효분말,,A1000593231901,식품원료,원료이기에 사용기준 없음,,사용가능,
2239,,다래발효액,,A1000593001914,식품원료,원료이기에 사용기준 없음,,사용가능,
2240,,다래순,,A1000593880000,식품원료,원료이기에 사용기준 없음,,사용가능,
2241,,다래주스,,A1000593000025,식품원료,원료이기에 사용기준 없음,,사용가능,
2242,,다래추출물(기능성원료인정제2009-18호),,C9000199000000,건강기능식품,"사용기준 못찾음, 별도 확인 필요",,"기타, 별도 확인 필요",
2243,DARWIN`S BARBERRY,다르위니매자열매,,A1004963230000,식품원료,원료이기에 사용기준 없음,,사용가능,
2244,DAMIANA LEAF,다미아나잎,,A1000594380000,식품원료,원료이기에 사용기준 없음,,"제한적사용가능, 별도 확인 필요",
2245,DAMIANA LEAF POWDER,다미아나잎분말,,A1000594380001,식품원료,원료이기에 사용기준 없음,,"제한적사용가능, 별도 확인 필요",
2246,,다미아나잎추출물,,A1000594384500,식품원료,원료이기에 사용기준 없음,,"제한적사용가능, 별도 확인 필요",
2247,DAMIANA LEAF EXTRACT POWDER,다미아나잎추출분말,,A1000594384501,식품원료,원료이기에 사용기준 없음,,"제한적사용가능, 별도 확인 필요",
2248,,다슬기,,A3000217000000,식품원료,원료이기에 사용기준 없음,,사용가능,
2249,,다슬기육수,,A3000217000023,식품원료,원료이기에 사용기준 없음,,사용가능,
2250,다슬기 추출물,다슬기추출물,,A3000217004500,식품원료,원료이기에 사용기준 없음,,사용가능,
2251,KELP(SEA TANGLE),다시마,,A3000864000000,식품원료,원료이기에 사용기준 없음,,사용가능,
2252,,다시마농축,,A3000864000800,식품원료,원료이기에 사용기준 없음,,사용가능,
2253,,다시마농축분말,,A3000864000801,식품원료,원료이기에 사용기준 없음,,사용가능,
2254,,다시마농축액,,A3000864000817,식품원료,원료이기에 사용기준 없음,,사용가능,
2255,,다시마발효액,,A3000864001914,식품원료,원료이기에 사용기준 없음,,사용가능,
2256,KELP POWDER,다시마분말,,A3000864000001,식품원료,원료이기에 사용기준 없음,,사용가능,
2257,,다시마액,,A3000864000014,식품원료,원료이기에 사용기준 없음,,사용가능,
2258,,다시마엑기스,,A3000864000017,식품원료,원료이기에 사용기준 없음,,사용가능,
2259,,다시마엑기스분말,,A3000864000018,식품원료,원료이기에 사용기준 없음,,사용가능,
2260,KELP OIL,다시마오일,,A3000864000020,식품원료,원료이기에 사용기준 없음,,사용가능,
2261,,다시마육수,,A3000864000023,식품원료,원료이기에 사용기준 없음,,사용가능,
2262,,다시마조각,,A3000864000003,식품원료,원료이기에 사용기준 없음,,사용가능,
2263,,다시마주스,,A3000864000025,식품원료,원료이기에 사용기준 없음,,사용가능,
2264,KELP EXTRACT,다시마추출물,,A3000864004500,식품원료,원료이기에 사용기준 없음,,사용가능,
2265,KELP EXTRACT POWDER,다시마추출물분말,,A3000864004501,식품원료,원료이기에 사용기준 없음,,사용가능,
2266,,다시마추출액,,A3000864004514,식품원료,원료이기에 사용기준 없음,,사용가능,
2267,KELP FLAKE,다시마플레이크,,A3000864000051,식품원료,원료이기에 사용기준 없음,,사용가능,
2268,Dichrostachys glomerata extract(연구조사용),다이크로스타키스 글로머라타 추출물(연구조사용),,BZ000087000000,식품첨가물,"사용기준 못찾음, 별도 확인 필요",,사용불가,
2269,DICHROSTACHYS GLOMERATA EXTRACT(DYGLOMERA®),다이크로스타키스 글로메라타 추출물(Dyglomera®)(기능성원료인정제2023-36호),,C9001055000000,건강기능식품,"사용기준 못찾음, 별도 확인 필요",,사용가능,
2270,DICHROSTACHYS GLOMERATA EXTRACT(DYGLOMERA@),다이크로스타키스 글로메라타 추출물(Dyglomera®)(기능성원료인정제2023-9호),,C9001030000000,건강기능식품,"사용기준 못찾음, 별도 확인 필요",,"기타, 별도 확인 필요",
2271,,다채,,A1000599000000,식품원료,원료이기에 사용기준 없음,,사용가능,
2272,,다채잎,,A1000599380000,식품원료,원료이기에 사용기준 없음,,사용가능,
2273,,닥풀,,A1000603000000,식품원료,원료이기에 사용기준 없음,,사용가능,
2274,,단감,,A1002223000000,식품원료,원료이기에 사용기준 없음,,사용가능,
2275,ATKA MACKEREL,단기임연수어,,A3011943000000,식품원료,원료이기에 사용기준 없음,,사용가능,
2276,DANDELION,단델리온,,A1002837000000,식품원료,원료이기에 사용기준 없음,,사용가능,
2277,DANDELION EXTRACT,단델리온추출물,,A1002837004500,식품원료,원료이기에 사용기준 없음,,사용가능,
2278,,단삼,,A1000604000000,식품원료,원료이기에 사용기준 없음,,사용가능,
2279,,단삼뿌리,,A1000604610000,식품원료,원료이기에 사용기준 없음,,"제한적사용가능, 별도 확인 필요",
2280,,단삼씨앗,,A1000604320000,식품원료,원료이기에 사용기준 없음,,사용가능,
2281,단삼 추출,단삼추출물,,A1000604614500,식품원료,원료이기에 사용기준 없음,,"제한적사용가능, 별도 확인 필요",
2282,,단수수,,A1000605000000,식품원료,원료이기에 사용기준 없음,,사용가능,
2283,,단완두콩,,A1002779000000,식품원료,원료이기에 사용기준 없음,,사용가능,
2284,,단풍나무,,A1002277000000,식품원료,원료이기에 사용기준 없음,,사용가능,
2285,,단풍나무수액,,A1002277100014,식품원료,원료이기에 사용기준 없음,,사용가능,
2286,MAPLE SYRUP,단풍나무시럽,,A1002277000013,식품원료,원료이기에 사용기준 없음,,사용가능,
2287,,단풍나무추출물,,A1002277004500,식품원료,원료이기에 사용기준 없음,,사용가능,
2288,MAPLE SUGAR,단풍당,,A1002277100000,식품원료,원료이기에 사용기준 없음,,사용가능,
2289,,단풍당시럽,,A1002277100013,식품원료,원료이기에 사용기준 없음,,사용가능,
2290,,단호박,,A1001200000000,식품원료,원료이기에 사용기준 없음,,사용가능,
2291,,달강어,,A3000219000000,식품원료,원료이기에 사용기준 없음,,사용가능,
2292,DAYFLOWER,달개비,,A1003109010000,식품원료,원료이기에 사용기준 없음,,"제한적사용가능, 별도 확인 필요",
2293,,달개비순,,A1003109880000,식품원료,원료이기에 사용기준 없음,,사용가능,
2294,WILD ONION,달래,,A1000613010000,식품원료,원료이기에 사용기준 없음,,사용가능,
2295,EVENING PRIMROSE SEED,달맞이 꽃 종자(고시형),,C2000052000000,건강기능식품,"사용기준 못찾음, 별도 확인 필요",,"기타, 별도 확인 필요",
2296,,달맞이꽃,,A1054174000000,식품원료,원료이기에 사용기준 없음,,사용가능,
2297,EVENING PRIMROSE SEED OIL,달맞이꽃씨앗오일,,A1054174320020,식품원료,원료이기에 사용기준 없음,,사용가능,
2298,EVENING PRIMROSE SEED EXTRACT,달맞이꽃종자 추출물(고시형),,C2000044000000,건강기능식품,"사용기준 못찾음, 별도 확인 필요",,"기타, 별도 확인 필요",
2299,EVENING PRIMROSE SEED OIL,달맞이꽃종자유,,C2002422000020,건강기능식품,"사용기준 못찾음, 별도 확인 필요",,사용가능,
2300,,닭,,A2000004000000,식품원료,원료이기에 사용기준 없음,,사용가능,
2301,,닭가루,,A2000004000001,식품원료,원료이기에 사용기준 없음,,사용가능,
2302,,닭가슴살,,A2000004010000,식품원료,원료이기에 사용기준 없음,,사용가능,
2303,CHICKEN LIVER,닭간,,A2000004020000,식품원료,원료이기에 사용기준 없음,,사용가능,
2304,CHICKEN,닭고기,,A2000004070000,식품원료,원료이기에 사용기준 없음,,사용가능,
2305,MECHANICALLY SEPARATED CHICKEN,닭고기기계발골육,,A2000004078000,식품원료,원료이기에 사용기준 없음,,사용가능,
2306,,닭고기기름,,A20000043P0000,식품원료,원료이기에 사용기준 없음,,사용가능,
2307,CHICKEN CONCENTRATE,닭고기농축,,A2000004070800,식품원료,원료이기에 사용기준 없음,,사용가능,
2308,,닭고기농축액,,A2000004070814,식품원료,원료이기에 사용기준 없음,,사용가능,
2309,CHICKEN POWDER,닭고기분말,,A2000004070001,식품원료,원료이기에 사용기준 없음,,사용가능,
2310,,닭고기엑기스,,A2000004070017,식품원료,원료이기에 사용기준 없음,,사용가능,
2311,치킨에센스농축분말,닭고기엑기스분말,,A2000004070018,식품원료,원료이기에 사용기준 없음,,사용가능,
2312,CHICKEN JUICE,닭고기육수,,A2000004000023,식품원료,원료이기에 사용기준 없음,,사용가능,
2313,CHICKEN EXTRACT,닭고기추출물,,A2000004074500,식품원료,원료이기에 사용기준 없음,,사용가능,
2314,,닭고기추출분말,,A2000004074501,식품원료,원료이기에 사용기준 없음,,사용가능,
2315,CHICKEN PASTE,닭고기페이스트,,A2000004000033,식품원료,원료이기에 사용기준 없음,,사용가능,
2316,,닭근위,,A20000040A0000,식품원료,원료이기에 사용기준 없음,,사용가능,
2317,CHICKEN OIL,닭기름,,A20000040B0000,식품원료,원료이기에 사용기준 없음,,사용가능,
2318,CHICKEN SKIN,닭껍질,,A20000040D0000,식품원료,원료이기에 사용기준 없음,,사용가능,
2319,,닭날개,,A20000040J0000,식품원료,원료이기에 사용기준 없음,,사용가능,
2320,,닭내장,,A20000040K0000,식품원료,원료이기에 사용기준 없음,,사용가능,
2321,,닭농축분말,,A2000004000801,식품원료,원료이기에 사용기준 없음,,사용가능,
2322,,닭농축액,,A2000004000814,식품원료,원료이기에 사용기준 없음,,사용가능,
2323,,닭다리,,A20000040L0000,식품원료,원료이기에 사용기준 없음,,사용가능,
2324,,닭발,,A20000041C0000,식품원료,원료이기에 사용기준 없음,,사용가능,
2325,Cockscomb extract,닭벼슬(계관),,A2000004410000,식품원료,원료이기에 사용기준 없음,,사용가능,
2326,,닭분쇄육,,A2000004072300,식품원료,원료이기에 사용기준 없음,,사용가능,
2327,CHICKEN BONE,닭뼈,,A20000041M0000,식품원료,원료이기에 사용기준 없음,,사용가능,
2328,,닭뼈육수,,A20000041M0023,식품원료,원료이기에 사용기준 없음,,사용가능,
2329,CHICKEN BONE EXTRACT,닭뼈추출물,,A20000041M4500,식품원료,원료이기에 사용기준 없음,,사용가능,
2330,,닭새우,,A3000223000000,식품원료,원료이기에 사용기준 없음,,사용가능,
2331,,닭안심살,,A2000004290000,식품원료,원료이기에 사용기준 없음,,사용가능,
2332,,닭엑기스,,A2000004000017,식품원료,원료이기에 사용기준 없음,,사용가능,
2333,,닭엑기스분말,,A2000004000018,식품원료,원료이기에 사용기준 없음,,사용가능,
2334,,닭연골,,A20000043X0000,식품원료,원료이기에 사용기준 없음,,사용가능,
2335,CHICKEN CARTILAGE EXTRACT POWDER,닭연골추출분말,,A20000043X4501,식품원료,원료이기에 사용기준 없음,,사용가능,
2336,CHICKEN HEART,닭염통,,A2000004250000,식품원료,원료이기에 사용기준 없음,,사용가능,
2337,CHICKEN FAT,닭지방,,A20000042Z0000,식품원료,원료이기에 사용기준 없음,,사용가능,
2338,COCK EXTRACT,닭추출물,,A2000004004500,식품원료,원료이기에 사용기준 없음,,사용가능,
2339,CHICKEN EXTRACT POWDER,닭추출분말,,A2000004004501,식품원료,원료이기에 사용기준 없음,,사용가능,
2340,DAMMAR GUM,담마검,,B2000158000000,식품첨가물,II. 2. 1)의 규정에 따라 사용하여야 한다.,피막제,"기타, 별도 확인 필요",
2341,CITRUS SINENSIS OSBECK L,당귤나무,,A1000623000000,식품원료,원료이기에 사용기준 없음,,사용가능,
2342,SWEET ORANGE FLOWER,당귤나무꽃,,A1000623140000,식품원료,원료이기에 사용기준 없음,,사용가능,
2343,SWEET ORANGE FLOWER EXTRACT,당귤나무꽃추출물,,A1000623144500,식품원료,원료이기에 사용기준 없음,,사용가능,
2344,SWEET ORANGE,당귤나무열매,,A1000623230000,식품원료,원료이기에 사용기준 없음,,사용가능,
2345,,당귤나무열매껍질,,A1000623240000,식품원료,원료이기에 사용기준 없음,,사용가능,
2346,SWEET ORANGE CONCENTRATE,당귤나무열매농축액,,A1000623230800,식품원료,원료이기에 사용기준 없음,,사용가능,
2347,SWEET ORANGE JUICE CONCENTRATE,당귤나무열매주스농축액,,A1000623230825,식품원료,원료이기에 사용기준 없음,,사용가능,
2348,SWEET ORANGE FRUIT EXTRACT,당귤나무열매추출물,,A1000623234500,식품원료,원료이기에 사용기준 없음,,사용가능,
2349,CITRUS SINENSIS OSBECK L OIL,당귤나무오일,,A1000623000020,식품원료,원료이기에 사용기준 없음,,사용가능,
2350,Concentrated powder of Citrus sinensis (L.) Osbeck(ROCH),당귤농축분말(ROCH)(기능성원료인정제2023-44호),,C9001037000000,건강기능식품,"사용기준 못찾음, 별도 확인 필요",,사용가능,
2351,CARROT,당근,CARROTS,A1000624000000,식품원료,원료이기에 사용기준 없음,,사용가능,
2352,CARROT GRANULE,당근과립,,A1000624000043,식품원료,원료이기에 사용기준 없음,,사용가능,
2353,CARROT CONCENTRATE,당근농축,,A1000624000800,식품원료,원료이기에 사용기준 없음,,사용가능,
2354,,당근농축분말,,A1000624010801,식품원료,원료이기에 사용기준 없음,,사용가능,
2355,,당근농축액,,A1000624000814,식품원료,원료이기에 사용기준 없음,,사용가능,
2356,CARROT JUICE CONCENTRATE,당근농축주스,concentrated carrot juice,A1053970000825,식품원료,원료이기에 사용기준 없음,,사용가능,
2357,CARROT POWDER,당근분말,,A1000624000001,식품원료,원료이기에 사용기준 없음,,사용가능,
2358,CARROT FIBER,당근식이섬유,,A1000624000084,식품원료,원료이기에 사용기준 없음,,사용가능,
2359,CARROT SEED OIL,당근씨앗오일,,A1000624320020,식품원료,원료이기에 사용기준 없음,,사용불가,
2360,CARROT OIL,당근오일,,A1000624000020,식품원료,원료이기에 사용기준 없음,,사용가능,
2361,CARROT LEAF,당근잎,,A1000624380000,식품원료,원료이기에 사용기준 없음,,사용가능,
2362,CARROT JUICE,당근주스,,A1000624000025,식품원료,원료이기에 사용기준 없음,,사용가능,
2363,CARROT JUICE EXTRACT,당근주스추출물,,A1000624004525,식품원료,원료이기에 사용기준 없음,,사용가능,
2364,,당근즙,,A1000624000026,식품원료,원료이기에 사용기준 없음,,사용가능,
2365,,당근채,,A1000624000029,식품원료,원료이기에 사용기준 없음,,사용가능,
2366,CARROT EXTRACT,당근추출물,,A1000624004500,식품원료,원료이기에 사용기준 없음,,사용가능,
2367,CARROT EXTRACT POWDER,당근추출분말,,A1000624004501,식품원료,원료이기에 사용기준 없음,,사용가능,
2368,,당근추출액,,A1000624004514,식품원료,원료이기에 사용기준 없음,,사용가능,
2369,CARROT PULP,당근펄프,,A1000624000032,식품원료,원료이기에 사용기준 없음,,사용가능,
2370,CARROT PASTE,당근페이스트,,A1000624000033,식품원료,원료이기에 사용기준 없음,,사용가능,
2371,CARROT PUREE,당근퓌레,,A1000624000034,식품원료,원료이기에 사용기준 없음,,사용가능,
2372,,당근플레이크,,A1000624000051,식품원료,원료이기에 사용기준 없음,,사용가능,
2373,,당나귀식용부산물,,A2000008160000,식품원료,원료이기에 사용기준 없음,,사용가능,
2374,,당류가공품,,P0130060000000,식품유형,"사용기준 못찾음, 별도 확인 필요",,"기타, 별도 확인 필요",
2375,,당면,,P0115030000000,식품유형,"사용기준 못찾음, 별도 확인 필요",,"기타, 별도 확인 필요",
2376,MOLASSES(EXTRACT),당밀,"Molasses,cane sugar molasses",P1000013000000,식품유형,"사용기준 못찾음, 별도 확인 필요",,"기타, 별도 확인 필요",
2377,MOLASSES(EXTRACT),당밀분말,,P1000013000001,식품유형,"사용기준 못찾음, 별도 확인 필요",,"기타, 별도 확인 필요",
2378,GYMNEMA,당살초,,A1000625000000,식품원료,원료이기에 사용기준 없음,,사용불가,
2379,GYMNEMA,당살초(외화획득용 등),,AZ000071000000,식품원료,원료이기에 사용기준 없음,,사용불가,
2380,GUARMAR EXRACT,당살초추출물,,A1000625004500,식품원료,원료이기에 사용기준 없음,,사용불가,
2381,,당아욱,,A1000626000000,식품원료,원료이기에 사용기준 없음,,사용가능,
2382,,당아욱꽃,,A1000626140000,식품원료,원료이기에 사용기준 없음,,사용가능,
2383,,당아욱잎,,A1000626380000,식품원료,원료이기에 사용기준 없음,,사용가능,
2384,,당아욱잎추출물,,A1000626384500,식품원료,원료이기에 사용기준 없음,,사용가능,
2385,,당아욱추출물,,A1000626004500,식품원료,원료이기에 사용기준 없음,,사용가능,
2386,ZUCCHINI,당호박,,A1000628000000,식품원료,원료이기에 사용기준 없음,,사용가능,
2387,,당호박농축액,,A1000628000814,식품원료,원료이기에 사용기준 없음,,사용가능,
2388,,당호박씨앗,,A1000628320000,식품원료,원료이기에 사용기준 없음,,사용가능,
2389,YELLOW SQUASH,당호박열매,,A1000628230000,식품원료,원료이기에 사용기준 없음,,사용가능,
2390,Zucchini Juice,당호박주스,,A1000628000025,식품원료,원료이기에 사용기준 없음,,사용가능,
2391,,대게,,A3000224000000,식품원료,원료이기에 사용기준 없음,,사용가능,
2392,대게 내장,대게내장,,A3000224060000,식품원료,원료이기에 사용기준 없음,,사용가능,
2393,,대게분말,,A3000224000001,식품원료,원료이기에 사용기준 없음,,사용가능,
2394,,대게살,,A3000224080000,식품원료,원료이기에 사용기준 없음,,사용가능,
2395,SNOW CRAB PASTE,대게페이스트,,A3000224000033,식품원료,원료이기에 사용기준 없음,,사용가능,
2396,CODFISH,대구,,A3000225000000,식품원료,원료이기에 사용기준 없음,,사용가능,
2397,CODFISH LIVER,대구간,,A3000225200000,식품원료,원료이기에 사용기준 없음,,사용가능,
2398,CODFISH LIVER OIL,대구간오일,,A3000225200020,식품원료,원료이기에 사용기준 없음,,사용가능,
2399,COD MILT,대구곤,,A3000225290000,식품원료,원료이기에 사용기준 없음,,사용가능,
2400,,대구껍질,,A3000225030000,식품원료,원료이기에 사용기준 없음,,사용가능,
2401,,대구내장,,A3000225060000,식품원료,원료이기에 사용기준 없음,,사용가능,
2402,FISH MAW( AIR BLADDER),대구부레,,A3000225150000,식품원료,원료이기에 사용기준 없음,,사용가능,
2403,CODFISH POWDER,대구분말,,A3000225000001,식품원료,원료이기에 사용기준 없음,,사용가능,
2404,"Pacific cod Bone, Alaska cod Bone",대구뼈,,A3000225070000,식품원료,원료이기에 사용기준 없음,,사용가능,
2405,CODFISH MEAT,대구살,,A3000225080000,식품원료,원료이기에 사용기준 없음,,사용가능,
2406,COD GILL,대구아가미,,A3000225110000,식품원료,원료이기에 사용기준 없음,,사용가능,
2407,CODFISH ROE,대구알,,A3000225050000,식품원료,원료이기에 사용기준 없음,,사용가능,
2408,COD ROE POWDER,대구알분말,,A3000225050001,식품원료,원료이기에 사용기준 없음,,사용가능,
2409,CODFISH ROE EXTRACT,대구알추출물,,A3000225054500,식품원료,원료이기에 사용기준 없음,,사용가능,
2410,,대구엑기스,,A3000225000017,식품원료,원료이기에 사용기준 없음,,사용가능,
2411,CODFISH OIL,대구오일,,A3000225000020,식품원료,원료이기에 사용기준 없음,,사용가능,
2412,CODFISH STOMACH,대구위,,A3000225220000,식품원료,원료이기에 사용기준 없음,,사용가능,
2413,CODFISH EXTRACT,대구추출물,,A3000225004500,식품원료,원료이기에 사용기준 없음,,사용가능,
2414,CODFISH PASTE,대구페이스트,,A3000225000033,식품원료,원료이기에 사용기준 없음,,사용가능,
2415,대구포,대구포,,A3000225000050,식품원료,원료이기에 사용기준 없음,,사용가능,
2416,BAMBOO EXTRACT,대나무 추출물,,A1000631004500,식품원료,원료이기에 사용기준 없음,,사용가능,
2417,,대나무수액,,A1000631100000,식품원료,원료이기에 사용기준 없음,,사용가능,
2418,대나무식이섬유,대나무식이섬유,,A1000631000084,식품원료,원료이기에 사용기준 없음,,사용가능,
2419,BAMBOO LEAF,대나무잎,,A1000631380000,식품원료,원료이기에 사용기준 없음,,사용가능,
2420,,대나무잎가루,,A1002897000001,식품원료,원료이기에 사용기준 없음,,사용가능,
2421,,대나무잎액,,A1000631380014,식품원료,원료이기에 사용기준 없음,,사용가능,
2422,,대나무잎추출물,,A1000631384500,식품원료,원료이기에 사용기준 없음,,사용가능,
2423,BAMBOO,대나무제,,D6000001100000,기구 및 용기포장,"사용기준 못찾음, 별도 확인 필요",,"기타, 별도 확인 필요",
2424,BAMBOO(POLYURETHANE COATING),대나무제(폴리우레탄도장),,D6000004D30000,기구 및 용기포장,"사용기준 못찾음, 별도 확인 필요",,사용가능,
2425,BAMBOO SHOOT,대나무죽순,,A1000631C70000,식품원료,원료이기에 사용기준 없음,,사용가능,
2426,,대나무죽순가루,,A1000631C70001,식품원료,원료이기에 사용기준 없음,,사용가능,
2427,,대나무죽순채,,A1000631C70029,식품원료,원료이기에 사용기준 없음,,사용가능,
2428,BAMBOO SHOOT EXTRACT,대나무죽순추출물,,A1000631C74500,식품원료,원료이기에 사용기준 없음,,사용가능,
2429,BAMBOO SHOOT POWDER,대나무죽순추출분말,,A1000631C74501,식품원료,원료이기에 사용기준 없음,,사용가능,
2430,,대나물잎,,A1000632380000,식품원료,원료이기에 사용기준 없음,,사용가능,
2431,SOYBEAN,대두,"SOYA,SOY,Soybeans,Whole Organic Soybeans",A1000633000000,식품원료,GMO 표시대상 성분임,,사용가능,
2432,,대두갈치,,A3000055000000,식품원료,원료이기에 사용기준 없음,,사용가능,
2433,,대두갈치내장,,A3000055060000,식품원료,원료이기에 사용기준 없음,,사용가능,
2434,,대두갈치단백질,,A3000055000008,식품원료,원료이기에 사용기준 없음,,사용가능,
2435,,대두갈치살,,A3000055080000,식품원료,원료이기에 사용기준 없음,,사용가능,
2436,,대두경화유,,A1000633007320,식품원료,원료이기에 사용기준 없음,,사용가능,
2437,,대두고형분,,A1054062000004,식품원료,원료이기에 사용기준 없음,,사용가능,
2438,SOYBEAN GRIT,대두그릿츠,,A1000633000060,식품원료,원료이기에 사용기준 없음,,사용가능,
2439,,대두기름,,A1000633000006,식품원료,원료이기에 사용기준 없음,,사용가능,
2440,SOYBEAN BRAN,대두기울,,A1000633280000,식품원료,원료이기에 사용기준 없음,,사용가능,
2441,,대두껍질,,A1000633770000,식품원료,원료이기에 사용기준 없음,,사용가능,
2442,,대두농축,,A1000633000800,식품원료,원료이기에 사용기준 없음,,사용가능,
2443,SOYBEAN PROTEIN,대두단백,,A1000633000008,식품원료,원료이기에 사용기준 없음,,사용가능,
2444,SOYBEAN PROTEIN CONCENTRATE,대두단백 농축(고시형),,C2000195000800,건강기능식품,"사용기준 못찾음, 별도 확인 필요",,"기타, 별도 확인 필요",
2445,,대두단백 추출물(고시형),,C2000195004500,건강기능식품,"사용기준 못찾음, 별도 확인 필요",,"기타, 별도 확인 필요",
2446,FERMENTED SOYBEAN PROTEIN,대두단백발효물,,A1000633001908,식품원료,원료이기에 사용기준 없음,,사용가능,
2447,SOYBEAN PROTEIN POWDER,대두단백분말,,A1000633000045,식품원료,원료이기에 사용기준 없음,,사용가능,
2448,SOYBEAN PROTEIN EXTRACT,대두단백추출물,,A1000633004508,식품원료,원료이기에 사용기준 없음,,사용가능,
2449,,대두레시틴(고시형),,C2000056000000,건강기능식품,"사용기준 못찾음, 별도 확인 필요",,"기타, 별도 확인 필요",
2450,SOYBEAN LECITHIN POWDER,대두레시틴분말(고시형),,C2000056000001,건강기능식품,"사용기준 못찾음, 별도 확인 필요",,"기타, 별도 확인 필요",
2451,,대두레시틴유지(고시형),,C2000056000020,건강기능식품,"사용기준 못찾음, 별도 확인 필요",,"기타, 별도 확인 필요",
2452,,대두박,,A1000633000075,식품원료,원료이기에 사용기준 없음,,사용가능,
2453,SOYBEAN MEAL HYDROLYSATE,대두박가수분해물,,A1000633000275,식품원료,원료이기에 사용기준 없음,,사용가능,
2454,,대두발효분말,,A1000633001901,식품원료,원료이기에 사용기준 없음,,사용가능,
2455,대두발효액,대두발효액,,A1000633001914,식품원료,원료이기에 사용기준 없음,,사용가능,
2456,SOYBEAN FERMENTED EXTRACT,대두발효추출물,,A1000633001917,식품원료,원료이기에 사용기준 없음,,사용가능,
2457,,대두배아,,A1000633A40000,식품원료,원료이기에 사용기준 없음,,사용가능,
2458,SOY BEAN GERM EXTRACT,대두배아추출물,,A1000633A44500,식품원료,원료이기에 사용기준 없음,,사용가능,
2459,,대두배아추출물분말,,A1000633A44501,식품원료,원료이기에 사용기준 없음,,사용가능,
2460,,대두볶음,,A1000633002200,식품원료,원료이기에 사용기준 없음,,사용가능,
2461,SOYBEAN POWDER,대두분말,"soya flour, soy flour, soy powder, soya powder",A1000633000001,식품원료,원료이기에 사용기준 없음,,사용가능,
2462,,대두분태,,A1000633000035,식품원료,원료이기에 사용기준 없음,,사용가능,
2463,SOY BEAN RESIDUE,대두비지,,A1000633003203,식품원료,원료이기에 사용기준 없음,,사용가능,
2464,,대두식이섬유,,A1000633000084,식품원료,원료이기에 사용기준 없음,,사용가능,
2465,,대두앙금,,A1000633000037,식품원료,원료이기에 사용기준 없음,,사용가능,
2466,,대두어,,A3000227000000,식품원료,원료이기에 사용기준 없음,,사용가능,
2467,ESTERIFIED SOYBEAN OIL,대두에스테르화유,,A1000633008320,식품원료,원료이기에 사용기준 없음,,사용가능,
2468,,대두원액,,A1000633000021,식품원료,원료이기에 사용기준 없음,,사용가능,
2469,SOYBEAN OIL,대두유,soy oil,A1000633000020,식품원료,원료이기에 사용기준 없음,,사용가능,
2470,,대두유분말,,A1000633000068,식품원료,원료이기에 사용기준 없음,,사용가능,
2471,,대두유액,,A1000633003214,식품원료,원료이기에 사용기준 없음,,사용가능,
2472,ISOFLAVONE,대두이소플라본(고시형),,C2000035000000,건강기능식품,"사용기준 못찾음, 별도 확인 필요",,"기타, 별도 확인 필요",
2473,,대두잎,,A1000633380000,식품원료,원료이기에 사용기준 없음,,사용가능,
2474,SOYBEAN STARCH,대두전분,,A1000633000038,식품원료,원료이기에 사용기준 없음,,사용가능,
2475,SOYBEAN EXTRACT,대두추출물,,A1000633004500,식품원료,원료이기에 사용기준 없음,,사용가능,
2476,SOYBEAN EXTRACT POWDER,대두추출물분말,,A1000633004501,식품원료,원료이기에 사용기준 없음,,사용가능,
2477,,대두추출액,,A1000633004514,식품원료,원료이기에 사용기준 없음,,사용가능,
2478,SOYBEAN PASTE,대두페이스트,,A1000633000033,식품원료,원료이기에 사용기준 없음,,사용가능,
2479,,대두플레이크,,A1000633000051,식품원료,원료이기에 사용기준 없음,,사용가능,
2480,,대롱수염새우,,A3011922000000,식품원료,원료이기에 사용기준 없음,,사용가능,
2481,,대리석덩이버섯,,A1005392000000,식품원료,원료이기에 사용기준 없음,,사용가능,
2482,,대리석덩이버섯자실체,,A1005392B90000,식품원료,원료이기에 사용기준 없음,,사용가능,
2483,,대문바리,,A3000230000000,식품원료,원료이기에 사용기준 없음,,사용가능,
2484,,대서곱상어연골,,A3000098090000,식품원료,원료이기에 사용기준 없음,,사용가능,
2485,,대서양고등어,,A3001159000000,식품원료,원료이기에 사용기준 없음,,사용가능,
2486,,대서양곱상어,,A3000098000000,식품원료,원료이기에 사용기준 없음,,사용가능,
2487,대서양꽃돔,대서양꽃돔,,A3000233000000,식품원료,원료이기에 사용기준 없음,,사용가능,
2488,ATLANTIC COD,대서양대구,,A3001090000000,식품원료,원료이기에 사용기준 없음,,사용가능,
2489,ATLANTIC COD POWDER,대서양대구분말,,A3001090000001,식품원료,원료이기에 사용기준 없음,,사용가능,
2490,Golden Redfish,대서양붉은볼락,,A3011907000000,식품원료,원료이기에 사용기준 없음,,사용가능,
2491,,대서양연어,,A3000234000000,식품원료,원료이기에 사용기준 없음,,사용가능,
2492,ATLANTIC SALMON SKIN,대서양연어껍질,,A3011931030000,식품원료,원료이기에 사용기준 없음,,사용가능,
2493,,대서양청어,,A3001045000000,식품원료,원료이기에 사용기준 없음,,사용가능,
2494,HERRING ROE EXTRACT,대서양청어알추출물,,A3001045054500,식품원료,원료이기에 사용기준 없음,,사용가능,
2495,BEAKED REDFISH,대서양큰붉은볼락,,A3011978000000,식품원료,원료이기에 사용기준 없음,,사용가능,
2496,BIGEYE CROAKER,대안이석태,,A3000236000000,식품원료,원료이기에 사용기준 없음,,사용가능,
2497,,대왕오징어,,A3000899000000,식품원료,원료이기에 사용기준 없음,,사용가능,
2498,,대왕오징어귀,,A3000899140000,식품원료,원료이기에 사용기준 없음,,사용가능,
2499,POLYGONATUM FALCATUM,대잎둥굴레,,A1000636000000,식품원료,원료이기에 사용기준 없음,,사용가능,
2500,JUJUBE,대추,,A1000637000000,식품원료,원료이기에 사용기준 없음,,사용가능,
2501,,대추가루,,A1000637000001,식품원료,원료이기에 사용기준 없음,,사용가능,
2502,,대추과육,,A1000637300000,식품원료,원료이기에 사용기준 없음,,사용가능,
2503,,대추농축,,A1000637000800,식품원료,원료이기에 사용기준 없음,,사용가능,
2504,,대추농축액,,A1000637000814,식품원료,원료이기에 사용기준 없음,,사용가능,
2505,,대추분말,,A1000637300001,식품원료,원료이기에 사용기준 없음,,사용가능,
2506,,대추슬라이스,,A1000637000039,식품원료,원료이기에 사용기준 없음,,사용가능,
2507,JUJUBE SYRUP,대추시럽,,A1000637000013,식품원료,원료이기에 사용기준 없음,,사용가능,
2508,,대추씨앗,,A1000637320000,식품원료,원료이기에 사용기준 없음,,"제한적사용가능, 별도 확인 필요",
2509,,대추액,,A1000637000014,식품원료,원료이기에 사용기준 없음,,사용가능,
2510,DATE PALM,대추야자,,A1000638000000,식품원료,원료이기에 사용기준 없음,,사용가능,
2511,DATE PALM CONCENTRATE,대추야자농축,,A1000638000800,식품원료,원료이기에 사용기준 없음,,사용가능,
2512,,대추야자농축액,,A1000638000814,식품원료,원료이기에 사용기준 없음,,사용가능,
2513,DATE PALM CONCENTRATE JUICE,대추야자농축주스,,A1000638000825,식품원료,원료이기에 사용기준 없음,,사용가능,
2514,DATE PALM POWDER,대추야자분말,,A1000638000001,식품원료,원료이기에 사용기준 없음,,사용가능,
2515,DATE PALM SYRUP,대추야자시럽,,A1000638000013,식품원료,원료이기에 사용기준 없음,,사용가능,
2516,,대추야자열매,,A1000638230000,식품원료,원료이기에 사용기준 없음,,사용가능,
2517,,대추야자열매추출물,,A1000638234500,식품원료,원료이기에 사용기준 없음,,사용가능,
2518,DATE PALM JUICE,대추야자주스,,A1054189000025,식품원료,원료이기에 사용기준 없음,,사용가능,
2519,DATE PALM PASTE,대추야자페이스트,,A1000638000033,식품원료,원료이기에 사용기준 없음,,사용가능,
2520,DATES PUREE,대추야자퓌레,,A1000638000034,식품원료,원료이기에 사용기준 없음,,사용가능,
2521,,대추엑기스,,A1000637000017,식품원료,원료이기에 사용기준 없음,,사용가능,
2522,,대추열매,,A1000637930000,식품원료,원료이기에 사용기준 없음,,사용가능,
2523,,대추주스,,A1000637000025,식품원료,원료이기에 사용기준 없음,,사용가능,
2524,,대추주스농축액,,A1054142000825,식품원료,원료이기에 사용기준 없음,,사용가능,
2525,,대추채,,A1000637000029,식품원료,원료이기에 사용기준 없음,,사용가능,
2526,,대추추출물,,A1000637004500,식품원료,원료이기에 사용기준 없음,,사용가능,
2527,,대추추출물분말,,A1000637004501,식품원료,원료이기에 사용기준 없음,,사용가능,
2528,,대추추출액,,A1000637004514,식품원료,원료이기에 사용기준 없음,,사용가능,
2529,,대추페이스트,,A1000637000033,식품원료,원료이기에 사용기준 없음,,사용가능,
2530,,대추퓌레,,A1000637300034,식품원료,원료이기에 사용기준 없음,,사용가능,
2531,,대파,Spring onion,A1002155000000,식품원료,원료이기에 사용기준 없음,,사용가능,
2532,대파기름,대파기름,,A1002155000006,식품원료,원료이기에 사용기준 없음,,사용가능,
2533,대파분말,대파분말,,A1002155000001,식품원료,원료이기에 사용기준 없음,,사용가능,
2534,,대파엑기스,,A1002155000017,식품원료,원료이기에 사용기준 없음,,사용가능,
2535,,대파엑기스분말,,A1002155010018,식품원료,원료이기에 사용기준 없음,,사용가능,
2536,SPRING ONION SLICES,대파조각,,A1002155000024,식품원료,원료이기에 사용기준 없음,,사용가능,
2537,,대파즙,,A1002155000026,식품원료,원료이기에 사용기준 없음,,사용가능,
2538,,대파추출물,,A1054130004500,식품원료,원료이기에 사용기준 없음,,사용가능,
2539,SPRING ONION PASTE,대파페이스트,,A1002155000033,식품원료,원료이기에 사용기준 없음,,사용가능,
2540,WELSH ONION PUREE,대파퓨레,,A1002155000034,식품원료,원료이기에 사용기준 없음,,사용가능,
2541,,대파플레이크,,A1002155000051,식품원료,원료이기에 사용기준 없음,,사용가능,
2542,,대하,,A3000238000000,식품원료,원료이기에 사용기준 없음,,사용가능,
2543,,대하새우분말,,A3000238000001,식품원료,원료이기에 사용기준 없음,,사용가능,
2544,CLAM,대합,,A3000239000000,식품원료,원료이기에 사용기준 없음,,사용가능,
2545,CLAM POWDER,대합분말,,A3000239000001,식품원료,원료이기에 사용기준 없음,,사용가능,
2546,CLAM JUICE,대합주스,,A3000239000025,식품원료,원료이기에 사용기준 없음,,사용가능,
2547,CLAM JUICE CONCENTRATE,대합주스농축,,A3000239000825,식품원료,원료이기에 사용기준 없음,,사용가능,
2548,CLAM EXTRACT,대합추출물,,A3000239004500,식품원료,원료이기에 사용기준 없음,,사용가능,
2549,SEA OAK,대황,,A1000640010000,식품원료,원료이기에 사용기준 없음,,사용가능,
2550,,댕댕이나무열매,,A1000643230000,식품원료,원료이기에 사용기준 없음,,사용가능,
2551,,댕댕이나무열매추출액,,A1000643234514,식품원료,원료이기에 사용기준 없음,,사용가능,
2552,DEO-DEOG,더덕,,A1000645000000,식품원료,원료이기에 사용기준 없음,,사용가능,
2553,,더덕뿌리,,A1000645610000,식품원료,원료이기에 사용기준 없음,,사용가능,
2554,,더덕추출물,,A1000645004500,식품원료,원료이기에 사용기준 없음,,사용가능,
2555,,덖은녹차,,A1001736380500,식품원료,원료이기에 사용기준 없음,,사용가능,
2556,,덧나무열매,,A1004971940000,식품원료,원료이기에 사용기준 없음,,사용가능,
2557,,덩굴강낭콩,,A1000649000000,식품원료,원료이기에 사용기준 없음,,사용가능,
2558,,덩굴강낭콩꼬투리,,A1000649360000,식품원료,원료이기에 사용기준 없음,,사용가능,
2559,CRANBERRY,덩굴월귤,cranberries,A1000651000000,식품원료,원료이기에 사용기준 없음,,사용가능,
2560,CRANBERRY COLOR,덩굴월귤(크랜베리)색소,,B2000491000000,식품첨가물,"사용기준 못찾음, 별도 확인 필요",,"기타, 별도 확인 필요",
2561,CRANBERRY GRANULE,덩굴월귤과립,,A1000651000043,식품원료,원료이기에 사용기준 없음,,사용가능,
2562,CRANBERRY CONCENTRATE,덩굴월귤농축,,A1000651000800,식품원료,원료이기에 사용기준 없음,,사용가능,
2563,,덩굴월귤농축분말,,A1000651000801,식품원료,원료이기에 사용기준 없음,,사용가능,
2564,CRANBERRY EXTRACE,덩굴월귤농축액,,A1000651000814,식품원료,원료이기에 사용기준 없음,,사용가능,
2565,CRANBERRY POWDER,덩굴월귤분말,,A1000651000001,식품원료,원료이기에 사용기준 없음,,사용가능,
2566,CRANBERRY FIBER,덩굴월귤식이섬유,,A1000651000084,식품원료,원료이기에 사용기준 없음,,사용가능,
2567,,덩굴월귤씨앗,,A1000651320000,식품원료,원료이기에 사용기준 없음,,사용가능,
2568,CRANBERRY SEED OIL,덩굴월귤씨앗오일,,A1000651320020,식품원료,원료이기에 사용기준 없음,,사용가능,
2569,,덩굴월귤열매,,A1000651230000,식품원료,원료이기에 사용기준 없음,,사용가능,
2570,DRIED CRANBERRIES,덩굴월귤열매건조,,A1000651230400,식품원료,원료이기에 사용기준 없음,,사용가능,
2571,,덩굴월귤조각,,A1000651000024,식품원료,원료이기에 사용기준 없음,,사용가능,
2572,CRANBERRY JUICE,덩굴월귤주스,,A1000651000025,식품원료,원료이기에 사용기준 없음,,사용가능,
2573,,덩굴월귤주스농축액,,A1000651000825,식품원료,원료이기에 사용기준 없음,,사용가능,
2574,CRANBERRY JUICE POWDER,덩굴월귤주스분말,,A1000651000069,식품원료,원료이기에 사용기준 없음,,사용가능,
2575,CRANBERRY EXTRACT,덩굴월귤추출물,,A1000651004500,식품원료,원료이기에 사용기준 없음,,사용가능,
2576,CRANBERRY EXTRACT POWDER,덩굴월귤추출물분말,,A1000651004501,식품원료,원료이기에 사용기준 없음,,사용가능,
2577,CRANBERRY PUREE,덩굴월귤퓌레,,A1000651000034,식품원료,원료이기에 사용기준 없음,,사용가능,
2578,CRANBERRY PUREE CONCENTRATE,덩굴월귤퓌레농축,,A1000651000834,식품원료,원료이기에 사용기준 없음,,사용가능,
2579,,덩굴장미꽃봉오리,,A1000652150000,식품원료,원료이기에 사용기준 없음,,사용가능,
2580,,덩굴장미꽃잎,,A1000652170000,식품원료,원료이기에 사용기준 없음,,사용가능,
2581,Rice-bean,덩굴팥씨앗,,A1000653320000,식품원료,원료이기에 사용기준 없음,,사용가능,
2582,"TRUE DAISY, ENGLISH DAISY",데이지꽃,,A1000654140000,식품원료,원료이기에 사용기준 없음,,사용불가,
2583,,데이지잎,,A1000654380000,식품원료,원료이기에 사용기준 없음,,사용가능,
2584,,데칸산,,B3000008000000,식품첨가물,"사용기준 못찾음, 별도 확인 필요",,"기타, 별도 확인 필요",
2585,ETHYL DECANOATE,데칸산에틸,,B1003590000000,식품첨가물,"사용기준 찾음, 별도 확인 필요",향료,"기타, 별도 확인 필요",
2586,DECANAL,데칸알,,B1003589000000,식품첨가물,"사용기준 찾음, 별도 확인 필요",향료,"기타, 별도 확인 필요",
2587,DECANOL,데칸올,,B1003591000000,식품첨가물,"사용기준 찾음, 별도 확인 필요",향료,"기타, 별도 확인 필요",
2588,TEQUILA,데킬라,,P0127090500000,식품유형,"사용기준 못찾음, 별도 확인 필요",,"기타, 별도 확인 필요",
2589,SODIUM DEHYDROACETATE,데히드로초산나트륨,,B1000042000000,식품첨가물,"사용기준 찾음, 별도 확인 필요",보존료,"기타, 별도 확인 필요",
2590,DEXTRANASE,덱스트라나아제,,B2000103000000,식품첨가물,II. 2. 1)의 규정에 따라 사용하여야 한다.,효소제,"기타, 별도 확인 필요",
2591,DEXTRAN,덱스트란,,B2000189000000,식품첨가물,II. 2. 1)의 규정에 따라 사용하여야 한다.,증점제,"기타, 별도 확인 필요",
2592,DEXTRIN,덱스트린,Dextrin Maize,P0108030000000,식품유형,"사용기준 못찾음, 별도 확인 필요",,"기타, 별도 확인 필요",
2593,,델라웨어포도,,A1002752000000,식품원료,원료이기에 사용기준 없음,,사용가능,
2594,MYRTLE,도금양열매,,A1000655230000,식품원료,원료이기에 사용기준 없음,,사용가능,
2595,,도다리,,A3000242000000,식품원료,원료이기에 사용기준 없음,,사용가능,
2596,,도두,,A1000660000000,식품원료,원료이기에 사용기준 없음,,사용가능,
2597,,"도두어린꼬투리(연한,부풀기전)",,A1000660D10000,식품원료,원료이기에 사용기준 없음,,"제한적사용가능, 별도 확인 필요",
2598,"PLATYCODON, ROOT OF BELLFLOWER",도라지,,A1000662000000,식품원료,원료이기에 사용기준 없음,,사용가능,
2599,PLATYCODON CONCENTRATE,도라지농축물,,A1000662000800,식품원료,원료이기에 사용기준 없음,,사용가능,
2600,,도라지농축액,,A1000662000814,식품원료,원료이기에 사용기준 없음,,사용가능,
2601,,도라지분말,,A1000662000001,식품원료,원료이기에 사용기준 없음,,사용가능,
2602,BALLOONFLOWER ROOT,도라지뿌리,,A1000662610000,식품원료,원료이기에 사용기준 없음,,사용가능,
2603,,도라지뿌리분말,,A1000662610001,식품원료,원료이기에 사용기준 없음,,사용가능,
2604,,도라지뿌리추출물분말,,A1000662614501,식품원료,원료이기에 사용기준 없음,,사용가능,
2605,도라지 추출물,도라지추출물,,A1000662004500,식품원료,원료이기에 사용기준 없음,,사용가능,
2606,,도라지추출물분말,,A1000662004501,식품원료,원료이기에 사용기준 없음,,사용가능,
2607,,도루묵,,A3000244000000,식품원료,원료이기에 사용기준 없음,,사용가능,
2608,CERAMICS,도자기제,,D7000002000000,기구 및 용기포장,"사용기준 못찾음, 별도 확인 필요",,"기타, 별도 확인 필요",
2609,ACORN,도토리,,A1000665000000,식품원료,원료이기에 사용기준 없음,,사용가능,
2610,ACORN POWDER,도토리가루,,A1000665000001,식품원료,원료이기에 사용기준 없음,,사용가능,
2611,ACORN STARCH,도토리전분,,A1000665000038,식품원료,원료이기에 사용기준 없음,,사용가능,
2612,,도화돔,,A3000245000000,식품원료,원료이기에 사용기준 없음,,사용가능,
2613,,도화새우,,A3000247000000,식품원료,원료이기에 사용기준 없음,,사용가능,
2614,,도화새우분말,,A3000247000001,식품원료,원료이기에 사용기준 없음,,사용가능,
2615,,독가시치,,A3000249000000,식품원료,원료이기에 사용기준 없음,,사용가능,
2616,MOTTLED SPINEFOOT BONE,독가시치뼈,,A3000249070000,식품원료,원료이기에 사용기준 없음,,사용가능,
2617,,독청버섯아재비,,A1000670B90000,식품원료,원료이기에 사용기준 없음,,사용가능,
2618,,독활,,A1000671000000,식품원료,원료이기에 사용기준 없음,,사용가능,
2619,,독활뿌리추출액,,A1000671614514,식품원료,원료이기에 사용기준 없음,,"제한적사용가능, 별도 확인 필요",
2620,,독활잎,,A1000671380000,식품원료,원료이기에 사용기준 없음,,사용가능,
2621,THE FERMENTED EXTRACT OF PIG PLACENTA,돈태반발효추출물(기능성원료인정제2019-31호),,C9001001000000,건강기능식품,"사용기준 못찾음, 별도 확인 필요",,사용가능,
2622,,돈피콜라겐,,A6000047000000,식품원료,원료이기에 사용기준 없음,,사용가능,
2623,,돌가사리,,A3000865000000,식품원료,원료이기에 사용기준 없음,,사용가능,
2624,SEA CUCUMBER ROE,돌기해삼알,,A3012022050000,식품원료,원료이기에 사용기준 없음,,사용가능,
2625,,돌김,,A3000892000000,식품원료,원료이기에 사용기준 없음,,사용가능,
2626,SEDUM,돌나물,,A1000672000000,식품원료,원료이기에 사용기준 없음,,사용가능,
2627,,돌돔,,A3000253000000,식품원료,원료이기에 사용기준 없음,,사용가능,
2628,,돌미나리,,A1002242000000,식품원료,원료이기에 사용기준 없음,,사용가능,
2629,,돌배나무열매,,A1000675230000,식품원료,원료이기에 사용기준 없음,,사용가능,
2630,,돌비늘백합,,A3001021000000,식품원료,원료이기에 사용기준 없음,,사용가능,
2631,,돌뽕나무열매,,A1000678230000,식품원료,원료이기에 사용기준 없음,,사용가능,
2632,DOL-WOE LEAF,돌외잎,,A1000679380000,식품원료,원료이기에 사용기준 없음,,사용가능,
2633,,돌외잎주정추출분말(기능성원료 인정 제2013-8호),,C9000434000000,건강기능식품,"사용기준 못찾음, 별도 확인 필요",,"기타, 별도 확인 필요",
2634,,돌외잎추출농축액,,A1000679004512,식품원료,원료이기에 사용기준 없음,,사용가능,
2635,DOL-WOE LEAF EXTRACT POWDER,돌외잎추출분말,,A1000679004501,식품원료,원료이기에 사용기준 없음,,사용가능,
2636,,돌콩씨앗,,A1000681320000,식품원료,원료이기에 사용기준 없음,,사용가능,
2637,,돔,,A3011903000000,식품원료,원료이기에 사용기준 없음,,사용가능,
2638,,돔껍질,,A3011903030000,식품원료,원료이기에 사용기준 없음,,사용가능,
2639,,돔비늘,,A3011903240000,식품원료,원료이기에 사용기준 없음,,사용가능,
2640,도미살,돔살,,A3011903080000,식품원료,원료이기에 사용기준 없음,,사용가능,
2641,,돔추출물,,A3011903004500,식품원료,원료이기에 사용기준 없음,,사용가능,
2642,,돔페이스트,,A3011903000033,식품원료,원료이기에 사용기준 없음,,사용가능,
2643,COPPER,동,,D5000001200000,기구 및 용기포장,"사용기준 못찾음, 별도 확인 필요",,"기타, 별도 확인 필요",
2644,CYBIUM,동갈삼치,,A3000261000000,식품원료,원료이기에 사용기준 없음,,사용가능,
2645,,동갈치,,A3000263000000,식품원료,원료이기에 사용기준 없음,,사용가능,
2646,FREEZE DRIED STRAWBERRY,동결건조딸기,,A1054090001500,식품원료,원료이기에 사용기준 없음,,사용가능,
2647,Freeze dried raspberry,동결건조라즈베리,,A1000743001500,식품원료,원료이기에 사용기준 없음,,사용가능,
2648,FREEZE DRIED LEMON PEEL,동결건조레몬껍질,,A1054109241500,식품원료,원료이기에 사용기준 없음,,사용가능,
2649,FREEZE DRIED ROYAL JELLY,동결건조로얄젤리,,P0129240200000,식품유형,"사용기준 못찾음, 별도 확인 필요",,"기타, 별도 확인 필요",
2650,FREEZE DRIED RHUBARB,동결건조루바브,,A1054088001500,식품원료,원료이기에 사용기준 없음,,사용가능,
2651,FREEZE DRIED LYCHEE,동결건조리치열매,,A1001453231500,식품원료,원료이기에 사용기준 없음,,사용가능,
2652,FREEZE DRIED FIG,동결건조무화과,,A1000878001500,식품원료,원료이기에 사용기준 없음,,사용가능,
2653,FREEZE DRIED BLACKBERRY,동결건조블랙베리,,A1054087001500,식품원료,원료이기에 사용기준 없음,,사용가능,
2654,FREEZE DRIED BLUEBERRY,동결건조블루베리,,A1054133001500,식품원료,원료이기에 사용기준 없음,,사용가능,
2655,FREEZE DRIED APPLE,동결건조사과,,A1054091001500,식품원료,원료이기에 사용기준 없음,,사용가능,
2656,,동결건조커피,,A1001846001500,식품원료,원료이기에 사용기준 없음,,사용가능,
2657,FREEZE DRIED PITAYA(DRAGONFRUIT),동결건조피타야열매,"FREEZE DRIED DRAGONFRUIT,FREEZE DRIED PITAYA",A1002025231500,식품원료,원료이기에 사용기준 없음,,사용가능,
2658,PANGASIUS MACRONEMA,동남아메기,,A3000266000000,식품원료,원료이기에 사용기준 없음,,사용가능,
2659,CAMELLIA,동백나무,,A1000684000000,식품원료,원료이기에 사용기준 없음,,사용가능,
2660,,동백나무꽃잎,,A1000684170000,식품원료,원료이기에 사용기준 없음,,사용가능,
2661,,동백나무추출물,,A1000684004500,식품원료,원료이기에 사용기준 없음,,사용가능,
2662,CAMELLIA JAPONICA SEED OIL,동백씨앗유,,A1000684320020,식품원료,원료이기에 사용기준 없음,,사용가능,
2663,COW PEA,동부,,A1000685000000,식품원료,원료이기에 사용기준 없음,,사용가능,
2664,,동부가루,,A1000685000001,식품원료,원료이기에 사용기준 없음,,사용가능,
2665,,동부꼬투리,,A1000685360000,식품원료,원료이기에 사용기준 없음,,사용가능,
2666,,동부씨앗,,A1000685320000,식품원료,원료이기에 사용기준 없음,,사용가능,
2667,,동사리,,A3000271000000,식품원료,원료이기에 사용기준 없음,,사용가능,
2668,WAX GOURD,동아,,A1000682000000,식품원료,원료이기에 사용기준 없음,,사용가능,
2669,WAX GOURD FIBER,동아식이섬유,,A1054180000084,식품원료,원료이기에 사용기준 없음,,사용가능,
2670,WINTER MELON,동아열매,,A1000682230000,식품원료,원료이기에 사용기준 없음,,사용가능,
2671,WINTER MELON CONCENTRATE,동아열매농축,,A1000682230800,식품원료,원료이기에 사용기준 없음,,사용가능,
2672,WINTER MELON EXTRACT,동아열매추출,,A1000682234500,식품원료,원료이기에 사용기준 없음,,사용가능,
2673,WINTER MELON JUICE,동아주스,,A1000682000025,식품원료,원료이기에 사용기준 없음,,사용가능,
2674,,동자개,,A3000272000000,식품원료,원료이기에 사용기준 없음,,사용가능,
2675,SURF CLAM,동죽,,A3000273000000,식품원료,원료이기에 사용기준 없음,,사용가능,
2676,,동출뿌리줄기,,A1004981620000,식품원료,원료이기에 사용기준 없음,,"제한적사용가능, 별도 확인 필요",
2677,CORDYCEPS SINENSIS,동충하초,,A6000013000000,식품원료,원료이기에 사용기준 없음,,사용불가,
2678,,동충하초농축액,,A6000013000814,식품원료,원료이기에 사용기준 없음,,사용불가,
2679,,동충하초추출물분말,,A6000013004501,식품원료,원료이기에 사용기준 없음,,사용불가,
2680,COPPER CHLOROPHYLL,동클로로필,,B1000331000000,식품첨가물,"사용기준 찾음, 별도 확인 필요",착색료,"기타, 별도 확인 필요",
2681,SODIUM COPPER CHLOROPHYLLIN,동클로로필린나트륨,,B1000043000000,식품첨가물,"사용기준 찾음, 별도 확인 필요",착색료,"기타, 별도 확인 필요",
2682,POTASSIUM COPPER CHLOROPHYLLIN,동클로로필린칼륨,,B1000332000000,식품첨가물,"사용기준 찾음, 별도 확인 필요",착색료,"기타, 별도 확인 필요",
2683,COPPER ALLOY,동합금제,,D5000001210000,기구 및 용기포장,"사용기준 못찾음, 별도 확인 필요",,"기타, 별도 확인 필요",
2684,,돛새치,,A3000274000000,식품원료,원료이기에 사용기준 없음,,사용가능,
2685,SWINE (PIG),돼지,,A2000005000000,식품원료,원료이기에 사용기준 없음,,사용가능,
2686,PORK LIVER,돼지간,,A2000005020000,식품원료,원료이기에 사용기준 없음,,사용가능,
2687,PORK LIVER CONCENTRATE,돼지간농축물,,A2000005020800,식품원료,원료이기에 사용기준 없음,,사용가능,
2688,PORK LIVER CONCENTRATE POWDER,돼지간농축분말,,A2000005020801,식품원료,원료이기에 사용기준 없음,,사용가능,
2689,PORK LIVER PROTEIN POWDER,돼지간단백분말,,A2000005020045,식품원료,원료이기에 사용기준 없음,,사용가능,
2690,Porcine Liver Peptide,돼지간추출단백,,A2000005024508,식품원료,원료이기에 사용기준 없음,,사용가능,
2691,,돼지갈비,,A2000005040000,식품원료,원료이기에 사용기준 없음,,사용가능,
2692,,돼지갈비살,,A2000005060000,식품원료,원료이기에 사용기준 없음,,사용가능,
2693,PORK,돼지고기,,A2000005070000,식품원료,원료이기에 사용기준 없음,,사용가능,
2694,,돼지고기가수분해단백,,A2000005070208,식품원료,원료이기에 사용기준 없음,,사용가능,
2695,,돼지고기가수분해단백질,,A2000005070209,식품원료,원료이기에 사용기준 없음,,사용가능,
2696,PORK CONCENTRATE,돼지고기농축,,A2000005070800,식품원료,원료이기에 사용기준 없음,,사용가능,
2697,PORK POWDER,돼지고기분말,,A2000005070001,식품원료,원료이기에 사용기준 없음,,사용가능,
2698,,돼지고기엑기스,,A2000005070017,식품원료,원료이기에 사용기준 없음,,사용가능,
2699,PORK EXTRACT,돼지고기추출물,,A2000005074500,식품원료,원료이기에 사용기준 없음,,사용가능,
2700,PORK EXTRACT POWDER,돼지고기추출분말,,A2000005074501,식품원료,원료이기에 사용기준 없음,,사용가능,
2701,,돼지곱창,,A2000005080000,식품원료,원료이기에 사용기준 없음,,사용가능,
2702,PORK OIL,돼지기름,,A20000052Z4500,식품원료,원료이기에 사용기준 없음,,사용가능,
2703,LARD POWDER,돼지기름분말,,A20000052Z4501,식품원료,원료이기에 사용기준 없음,,사용가능,
2704,,돼지껍데기,,A20000050C0000,식품원료,원료이기에 사용기준 없음,,사용가능,
2705,PORCINE HIDE,돼지껍질,,A20000050D0000,식품원료,원료이기에 사용기준 없음,,사용가능,
2706,,돼지내장,,A20000050K0000,식품원료,원료이기에 사용기준 없음,,사용가능,
2707,,돼지다리,,A20000050L0000,식품원료,원료이기에 사용기준 없음,,사용가능,
2708,,돼지단백,Pork protein,A2000005000008,식품원료,원료이기에 사용기준 없음,,사용가능,
2709,,돼지대창,,A20000050N0000,식품원료,원료이기에 사용기준 없음,,사용가능,
2710,,돼지뒷다리,,A20000050P0000,식품원료,원료이기에 사용기준 없음,,사용가능,
2711,,돼지등심,,A20000050U0000,식품원료,원료이기에 사용기준 없음,,사용가능,
2712,,돼지목살,,A2000005160000,식품원료,원료이기에 사용기준 없음,,사용가능,
2713,,돼지목심살,,A2000005170000,식품원료,원료이기에 사용기준 없음,,사용가능,
2714,,돼지발,,A20000051C0000,식품원료,원료이기에 사용기준 없음,,사용가능,
2715,,돼지비계,,A20000051L0000,식품원료,원료이기에 사용기준 없음,,사용가능,
2716,PIG BONE,돼지뼈,,A20000051M0000,식품원료,원료이기에 사용기준 없음,,사용가능,
2717,PIG BONE OIL,돼지뼈기름,,A20000051M0006,식품원료,원료이기에 사용기준 없음,,사용가능,
2718,,돼지뼈농축분말,,A20000051M0801,식품원료,원료이기에 사용기준 없음,,사용가능,
2719,,돼지뼈엑기스,,A20000051M0017,식품원료,원료이기에 사용기준 없음,,사용가능,
2720,,돼지뼈육수,,A20000051M0023,식품원료,원료이기에 사용기준 없음,,사용가능,
2721,PIG BONE EXTRACT,돼지뼈추출물,,A20000051M4500,식품원료,원료이기에 사용기준 없음,,사용가능,
2722,,돼지삼겹살,Lean pork belly,A20000051T0000,식품원료,원료이기에 사용기준 없음,,사용가능,
2723,,돼지소장,,A2000005200000,식품원료,원료이기에 사용기준 없음,,사용가능,
2724,PIG HEART,돼지심장,,A2000005250000,식품원료,원료이기에 사용기준 없음,,사용가능,
2725,,돼지앞다리살,,A20000052E0000,식품원료,원료이기에 사용기준 없음,,사용가능,
2726,,돼지연골,,A2000005190000,식품원료,원료이기에 사용기준 없음,,사용가능,
2727,PORCINE CARTILAGE EXTRACT POWDER,돼지연골추출분말,,A20000053X4501,식품원료,원료이기에 사용기준 없음,,사용가능,
2728,,돼지위,,A20000052R0000,식품원료,원료이기에 사용기준 없음,,사용가능,
2729,,돼지전지,,A20000052D0000,식품원료,원료이기에 사용기준 없음,,사용가능,
2730,PORK FAT,돼지지방,,A20000052Z0000,식품원료,원료이기에 사용기준 없음,,사용가능,
2731,,돼지창자,,A2000005340000,식품원료,원료이기에 사용기준 없음,,사용가능,
2732,,돼지추출물,,A2000005004500,식품원료,원료이기에 사용기준 없음,,사용가능,
2733,,돼지태반가수분해물,,A4000016260200,식품원료,원료이기에 사용기준 없음,,사용가능,
2734,PORCINE PLACENTA POWDER,돼지태반분말,,A4000016260001,식품원료,원료이기에 사용기준 없음,,사용가능,
2735,PORCINE PLACENTA EXTRACT,돼지태반추출물,,A4000016264500,식품원료,원료이기에 사용기준 없음,,사용가능,
2736,돼지태반 추출분말,돼지태반추출분말,,A4000016264501,식품원료,원료이기에 사용기준 없음,,사용가능,
2737,PORK BLOOD,돼지피,,A20000053C0000,식품원료,원료이기에 사용기준 없음,,사용가능,
2738,PORK BLOOD POWDER,돼지피분말,,A20000053C0001,식품원료,원료이기에 사용기준 없음,,사용가능,
2739,,돼지항정살,,A20000053D0000,식품원료,원료이기에 사용기준 없음,,사용가능,
2740,PORK TONGUE,돼지혀,,A20000053F0000,식품원료,원료이기에 사용기준 없음,,사용가능,
2741,PORK LEG TENDON,돼지힘줄,,A2000005220000,식품원료,원료이기에 사용기준 없음,,사용가능,
2742,DUNALIELLA,두나리엘라,,A6000014000000,식품원료,원료이기에 사용기준 없음,,사용가능,
2743,DUNALIELLA POWDER,두나리엘라분말,,A6000014000001,식품원료,원료이기에 사용기준 없음,,사용가능,
2744,DUNALIELLA OIL,두나리엘라오일,,A6000014000020,식품원료,원료이기에 사용기준 없음,,사용가능,
2745,DUNALIELLA EXTRACT,두나리엘라추출물,,A6000014004500,식품원료,원료이기에 사용기준 없음,,사용가능,
2746,DUNALIELLA EXTRACT POWDER,두나리엘라추출물분말,,A6000014004501,식품원료,원료이기에 사용기준 없음,,사용가능,
2747,DU-REUB SALAD PLANT,두릅,,A1000690000000,식품원료,원료이기에 사용기준 없음,,사용가능,
2748,,두릅추출물,,A1000690004500,식품원료,원료이기에 사용기준 없음,,사용가능,
2749,DURIAN,두리안,,A1000691000000,식품원료,원료이기에 사용기준 없음,,사용가능,
2750,DURIAN PULP,두리안과육,,A1000691300000,식품원료,원료이기에 사용기준 없음,,사용가능,
2751,DURIAN POWDER,두리안분말,,A1000691000001,식품원료,원료이기에 사용기준 없음,,사용가능,
2752,,두리안열매,,A1000691230000,식품원료,원료이기에 사용기준 없음,,사용가능,
2753,DURIAN CONCENTRATE,두리안열매농축액,,A1000691230814,식품원료,원료이기에 사용기준 없음,,사용가능,
2754,DURIAN JUICE,두리안열매주스,,A1000691230025,식품원료,원료이기에 사용기준 없음,,사용가능,
2755,DURIAN PUREE,두리안퓨레,,A1000691000034,식품원료,원료이기에 사용기준 없음,,사용가능,
2756,두줄촉수,두줄촉수,,A3000278000000,식품원료,원료이기에 사용기준 없음,,사용가능,
2757,,두충,,A1000696000000,식품원료,원료이기에 사용기준 없음,,사용가능,
2758,,두충나무잎,,A1000697380000,식품원료,원료이기에 사용기준 없음,,사용가능,
2759,,두충분말,,A1000696000001,식품원료,원료이기에 사용기준 없음,,사용가능,
2760,,두충수피,,A1000696580000,식품원료,원료이기에 사용기준 없음,,사용가능,
2761,,두충수피추출물,,A1000696584500,식품원료,원료이기에 사용기준 없음,,사용가능,
2762,,두충수피추출분말,,A1000696584501,식품원료,원료이기에 사용기준 없음,,사용가능,
2763,,두충추출물,,A1000696004500,식품원료,원료이기에 사용기준 없음,,사용가능,
2764,,두충추출물분말,,A1000696004501,식품원료,원료이기에 사용기준 없음,,사용가능,
2765,SOLOMON'S SEAL,둥굴레,,A1000698000000,식품원료,원료이기에 사용기준 없음,,사용가능,
2766,,둥굴레농축액,,A1000698000814,식품원료,원료이기에 사용기준 없음,,사용가능,
2767,SOLOMON'S SEAL POWDER,둥굴레분말,,A1000698000001,식품원료,원료이기에 사용기준 없음,,사용가능,
2768,,둥굴레뿌리,,A1000698610000,식품원료,원료이기에 사용기준 없음,,사용가능,
2769,,둥근금감열매,,A1000699230000,식품원료,원료이기에 사용기준 없음,,사용가능,
2770,,둥근돌김,,A3000866000000,식품원료,원료이기에 사용기준 없음,,사용가능,
2771,STONE LAVER POWDER,둥근돌김분말,,A3000866000001,식품원료,원료이기에 사용기준 없음,,사용가능,
2772,,둥근전복,,A3000280000000,식품원료,원료이기에 사용기준 없음,,사용가능,
2773,,둥근전복내장,,A3000280060000,식품원료,원료이기에 사용기준 없음,,사용가능,
2774,DURUM WHEAT,듀럼밀,,A1000705000000,식품원료,원료이기에 사용기준 없음,,사용가능,
2775,,듀럼밀분말,,A1000705000001,식품원료,원료이기에 사용기준 없음,,사용가능,
2776,TRITICUM TURGIDUM DURUM,듀럼밀씨앗,,A1000705320000,식품원료,원료이기에 사용기준 없음,,사용가능,
2777,"ESTRAGOLE(TARRAGON,ESTRAGON,ESDRAGOL,ESDRAGON)",드라쿵쿨루스쑥,,A1003149000000,식품원료,원료이기에 사용기준 없음,,사용가능,
2778,TARRAGON(ESTRAGOLE) POWDER,드라쿵쿨루스쑥분말,,A1003149000001,식품원료,원료이기에 사용기준 없음,,사용가능,
2779,TARRAGON OIL,드라쿵쿨루스쑥오일,,A1003149000020,식품원료,원료이기에 사용기준 없음,,사용가능,
2780,TARAGON LEAVES,드라쿵쿨루스쑥잎,,A1003149380000,식품원료,원료이기에 사용기준 없음,,사용가능,
2781,,드라쿵쿨루스쑥추출물,,A1003149004500,식품원료,원료이기에 사용기준 없음,,사용가능,
2782,DRAGONFRUIT,드래곤푸르츠,,A1002025000000,식품원료,원료이기에 사용기준 없음,,사용가능,
2783,DRAGONFRUIT EXTRACT,드래곤푸르츠추출물,,A1002025004500,식품원료,원료이기에 사용기준 없음,,사용가능,
2784,DRAGONFRUIT PUREE,드래곤푸르츠퓌레,,A1002025000034,식품원료,원료이기에 사용기준 없음,,사용가능,
2785,DRUMSTICK TREE,드럼스틱,,A1000706000000,식품원료,원료이기에 사용기준 없음,,사용가능,
2786,MORINGA DRIED SEED,드럼스틱 씨앗,,A1000706320000,식품원료,원료이기에 사용기준 없음,,사용가능,
2787,MORINGA POWDER,드럼스틱분말,,A1000706000001,식품원료,원료이기에 사용기준 없음,,사용가능,
2788,,드럼스틱열매,,A1000706230000,식품원료,원료이기에 사용기준 없음,,사용가능,
2789,MORINGA OLEIFERA LEAF,드럼스틱잎,,A1000706380000,식품원료,원료이기에 사용기준 없음,,사용가능,
2790,MORINGA OLEIFERA LEAF POWDER,드럼스틱잎분말,,A1000706380001,식품원료,원료이기에 사용기준 없음,,사용가능,
2791,드럼스틱잎 추출분말,드럼스틱잎추출고형분,,A1000706384504,식품원료,원료이기에 사용기준 없음,,사용가능,
2792,Moringa leaf extract,드럼스틱잎추출물,,A1000706384500,식품원료,원료이기에 사용기준 없음,,사용가능,
2793,,드럼스틱추출물,,A1000706004500,식품원료,원료이기에 사용기준 없음,,사용가능,
2794,,드럼스틱추출분말,,A1000706004501,식품원료,원료이기에 사용기준 없음,,사용가능,
2795,,드렁허리,,A3000283000000,식품원료,원료이기에 사용기준 없음,,사용가능,
2796,,들기름,,A1000707000020,식품원료,원료이기에 사용기준 없음,,사용가능,
2797,PERILLA,들깨,,A1000707000000,식품원료,원료이기에 사용기준 없음,,사용가능,
2798,PERILLA POWDER,들깨가루,,A1000707000001,식품원료,원료이기에 사용기준 없음,,사용가능,
2799,PERILLA MEAL,들깨박,,A1000707000075,식품원료,원료이기에 사용기준 없음,,사용가능,
2800,PERILLA OIL POWDER,들깨유지분말,,A1000707320092,식품원료,원료이기에 사용기준 없음,,사용가능,
2801,PERILLA JUICE CONCENTRATE,들깨주스농축물,,A1000707000825,식품원료,원료이기에 사용기준 없음,,사용가능,
2802,PERILLA JUICE,들깨즙,,A1000707000026,식품원료,원료이기에 사용기준 없음,,사용가능,
2803,,들깨추출물,,A1000707004500,식품원료,원료이기에 사용기준 없음,,사용가능,
2804,,들깨추출유,,A1000707004520,식품원료,원료이기에 사용기준 없음,,사용가능,
2805,PERILLA LEAF,들깻잎,,A1000707380000,식품원료,원료이기에 사용기준 없음,,사용가능,
2806,,들깻잎가루,,A1000707380001,식품원료,원료이기에 사용기준 없음,,사용가능,
2807,PERILLA LEAF OIL,들깻잎오일,,A1000707380020,식품원료,원료이기에 사용기준 없음,,사용가능,
2808,PERILLA LEAF EXTRACT,들깻잎추출물,,A1000707384500,식품원료,원료이기에 사용기준 없음,,사용가능,
2809,VACCINIUM ULIGINOSUM,들쭉나무,,A1000711000000,식품원료,원료이기에 사용기준 없음,,사용가능,
2810,,들쭉나무열매,,A1000711230000,식품원료,원료이기에 사용기준 없음,,사용가능,
2811,BOG BILBERRY JUICE,들쭉나무열매주스,,A1000711230025,식품원료,원료이기에 사용기준 없음,,사용가능,
2812,,들쭉나무열매추출물,,A1000711234500,식품원료,원료이기에 사용기준 없음,,사용가능,
2813,,등골나물아재비,,A1000715010000,식품원료,원료이기에 사용기준 없음,,사용불가,
2814,RATTAN,등나무제,,D6000001200000,기구 및 용기포장,"사용기준 못찾음, 별도 확인 필요",,"기타, 별도 확인 필요",
2815,Climbing perch,등목어,,A3000286000000,식품원료,원료이기에 사용기준 없음,,사용가능,
2816,DIGLYCERIN,디글리세린(정제가공용원료),,BZ000057000000,식품첨가물,"사용기준 못찾음, 별도 확인 필요",,사용불가,
2817,DIMETHYL SULFOXIDE,디메틸설폭시드,,C2000244000000,건강기능식품,"사용기준 못찾음, 별도 확인 필요",,"기타, 별도 확인 필요",
2818,DIBENZOYL THIAMINE,디벤조일티아민,,B1000044000000,식품첨가물,II. 2. 1)의 규정에 따라 사용하여야 한다.,영양강화제,"기타, 별도 확인 필요",
2819,DIBENZOYL THIAMINE HYDROCHLORIDE,디벤조일티아민염산염,,B1000045000000,식품첨가물,II. 2. 1)의 규정에 따라 사용하여야 한다.,영양강화제,"기타, 별도 확인 필요",
2820,BUTYLATED HYDROXYTOLUENE(BHT),디부틸히드록시톨루엔,,B1000046000000,식품첨가물,"사용기준 찾음, 별도 확인 필요",산화방지제,"기타, 별도 확인 필요",
2821,DIASTASE,디아스타아제,,B2000012000000,식품첨가물,II. 2. 1)의 규정에 따라 사용하여야 한다.,효소제,"기타, 별도 확인 필요",
2822,"DECAFFEINATED COFFEE, DECAFFEIN COFFEE",디카페인 커피,,A1001846C20093,식품원료,원료이기에 사용기준 없음,,사용가능,
2823,STRAWBERRY,딸기,strawberries,A1000723000000,식품원료,원료이기에 사용기준 없음,,사용가능,
2824,STRAWBERRY GRANULE,딸기과립,,A1000723000043,식품원료,원료이기에 사용기준 없음,,사용가능,
2825,STRAWBERRY PULP,딸기과육,,A1000723300000,식품원료,원료이기에 사용기준 없음,,사용가능,
2826,딸기과즙,딸기과즙,,A1000723000026,식품원료,원료이기에 사용기준 없음,,사용가능,
2827,,딸기과즙분말,,A1000723000057,식품원료,원료이기에 사용기준 없음,,사용가능,
2828,,딸기농축,,A1000723000800,식품원료,원료이기에 사용기준 없음,,사용가능,
2829,딸기농축과즙,딸기농축과즙,,A1000723000826,식품원료,원료이기에 사용기준 없음,,사용가능,
2830,,딸기농축액,,A1000723000814,식품원료,원료이기에 사용기준 없음,,사용가능,
2831,,딸기농축액분말,,A1000723000801,식품원료,원료이기에 사용기준 없음,,사용가능,
2832,REHYDRATED STRAWBERRY CONCENTRATED JUICE,딸기농축환원주스,,A1000723000886,식품원료,원료이기에 사용기준 없음,,사용가능,
2833,,딸기다이스,,A1000723000007,식품원료,원료이기에 사용기준 없음,,사용가능,
2834,STRAWBERRY POWDER,딸기분말,,A1000723000001,식품원료,원료이기에 사용기준 없음,,사용가능,
2835,STRAWBERRY SYRUP,딸기시럽,,A1000723000013,식품원료,원료이기에 사용기준 없음,,사용가능,
2836,STRAWBERRY SEED,딸기씨앗,,A1000723320000,식품원료,원료이기에 사용기준 없음,,사용가능,
2837,STRAWBERRY SEED EXTRACT,딸기씨앗추출물,,A1054099324500,식품원료,원료이기에 사용기준 없음,,사용가능,
2838,,딸기엑기스분말,,A1000723000018,식품원료,원료이기에 사용기준 없음,,사용가능,
2839,STRAWBERRY ESSENCE,딸기오일,,A1000723000020,식품원료,원료이기에 사용기준 없음,,사용가능,
2840,,딸기원액,,A1000723000021,식품원료,원료이기에 사용기준 없음,,사용가능,
2841,STRAWBERRY LEAF,딸기잎,,A1000723380000,식품원료,원료이기에 사용기준 없음,,사용불가,
2842,STRAWBERRY PIECE,딸기조각,,A1000723000024,식품원료,원료이기에 사용기준 없음,,사용가능,
2843,STRAWBERRY JUICE,딸기주스,,A1000723000025,식품원료,원료이기에 사용기준 없음,,사용가능,
2844,STRAWBERRY JUICE CONCENTRATE,딸기주스농축물,,A1000723000825,식품원료,strawberry 100% 인지 확인,,사용가능,
2845,STRAWBERRY JUICE POWDER,딸기주스분말,,A1000723000069,식품원료,원료이기에 사용기준 없음,,사용가능,
2846,STRAWBERRY DISTILLATE,딸기증류액,,A1000723006914,식품원료,원료이기에 사용기준 없음,,사용가능,
2847,,딸기추출물,,A1000723004500,식품원료,원료이기에 사용기준 없음,,사용가능,
2848,,딸기추출물분말,,A1000723004501,식품원료,원료이기에 사용기준 없음,,사용가능,
2849,STRAWBERRY PULP,딸기펄프,,A1054141000032,식품원료,원료이기에 사용기준 없음,,사용가능,
2850,,딸기페이스트,,A1000723000033,식품원료,원료이기에 사용기준 없음,,사용가능,
2851,STRAWBERRY PUREE,딸기퓌레,,A1000723000034,식품원료,strawberry 100% 인지 확인,,사용가능,
2852,STRAWBERRY PUREE CONCENTRATE,딸기퓌레농축물,,A1000723000834,식품원료,원료이기에 사용기준 없음,,사용가능,
2853,,딸기퓌레분말,,A1000723002334,식품원료,원료이기에 사용기준 없음,,사용가능,
2854,STRAWBERRY FLAKE,딸기플레이크,,A1000723000051,식품원료,원료이기에 사용기준 없음,,사용가능,
2855,Strawberry flavor,딸기향,,B6000001000000,식품첨가물,"사용기준 못찾음, 별도 확인 필요",,사용가능,
2856,,땅송이,,A1000727B90000,식품원료,원료이기에 사용기준 없음,,사용가능,
2857,,땅찌만가닥버섯,,A1000728000000,식품원료,원료이기에 사용기준 없음,,사용가능,
2858,PEANUT,땅콩,,A1000729000000,식품원료,원료이기에 사용기준 없음,,사용가능,
2859,PEANUT MASS,땅콩견과매스,,A1000729330090,식품원료,원료이기에 사용기준 없음,,사용가능,
2860,PEANUT OIL,땅콩기름,,A1000729000020,식품원료,원료이기에 사용기준 없음,,사용가능,
2861,,땅콩단백분말,,A1000729330045,식품원료,원료이기에 사용기준 없음,,사용가능,
2862,PEANUT POWDER,땅콩분말,,A1000729000001,식품원료,원료이기에 사용기준 없음,,사용가능,
2863,,땅콩분태,,A1000729000035,식품원료,원료이기에 사용기준 없음,,사용가능,
2864,PEANUT SPROUT POWDER,땅콩싹분말,,A1000729C60001,식품원료,원료이기에 사용기준 없음,,사용가능,
2865,PEANUT EXTRACT,땅콩추출물,,A1000729004500,식품원료,원료이기에 사용기준 없음,,사용가능,
2866,PEANUT PASTER,땅콩페이스트,,A1000729000033,식품원료,원료이기에 사용기준 없음,,사용가능,
2867,,떡쑥잎,,A1000733380000,식품원료,원료이기에 사용기준 없음,,사용가능,
2868,JERUSALEM ARTICHOKE,뚱딴지,,A1005354000000,식품원료,원료이기에 사용기준 없음,,사용가능,
2869,,뚱딴지농축,,A1005354000800,식품원료,원료이기에 사용기준 없음,,사용가능,
2870,,뚱딴지농축액,,A1005354000814,식품원료,원료이기에 사용기준 없음,,사용가능,
2871,,뚱딴지덩이줄기,,A1005354510000,식품원료,원료이기에 사용기준 없음,,사용가능,
2872,,뚱딴지분말,,A1005354000001,식품원료,원료이기에 사용기준 없음,,사용가능,
2873,,뚱딴지추출분말,,A1005354004501,식품원료,원료이기에 사용기준 없음,,사용가능,
2874,,뚱딴지추출액,,A1005354004514,식품원료,원료이기에 사용기준 없음,,사용가능,
2875,Imperata cylindrica,띠,,A1000735000000,식품원료,원료이기에 사용기준 없음,,사용가능,
2876,,띠추출물,,A1000735004500,식품원료,원료이기에 사용기준 없음,,사용가능,
2877,RADHUNI,라두니,,A1000737000000,식품원료,원료이기에 사용기준 없음,,사용가능,
2878,,라디에타소나무껍질추출물,,A1054074584500,식품원료,원료이기에 사용기준 없음,,사용가능,
2879,,라모숨알리움잎,,A1003141380000,식품원료,원료이기에 사용기준 없음,,사용가능,
2880,Kelp,라미나리아디지타타,,A1000739000000,식품원료,원료이기에 사용기준 없음,,사용가능,
2881,LAVENDER,라벤더,,A1000740000000,식품원료,원료이기에 사용기준 없음,,사용가능,
2882,LAVENDER FLOWER,라벤더꽃,,A1000740140000,식품원료,원료이기에 사용기준 없음,,사용가능,
2883,,라벤더농축,,A1000740000800,식품원료,원료이기에 사용기준 없음,,사용가능,
2884,LAVENDER OIL,라벤더오일,,A1000740000020,식품원료,원료이기에 사용기준 없음,,사용가능,
2885,LAVENDER LEAF,라벤더잎,,A1000740380000,식품원료,원료이기에 사용기준 없음,,사용가능,
2886,,라벤더추출물,,A1000740004500,식품원료,원료이기에 사용기준 없음,,사용가능,
2887,LAURIC ACID,라우린산,,B2000180000000,식품첨가물,II. 2. 1)의 규정에 따라 사용하여야 한다.,거품제거제,"기타, 별도 확인 필요",
2888,SODIUM LAURYL SULFATE,라우릴황산나트륨,,B1000416000000,식품첨가물,"사용기준 찾음, 별도 확인 필요",유화제,"기타, 별도 확인 필요",
2889,Lycopene,라이코펜(외화획득용),,BZ000085000000,식품첨가물,"사용기준 못찾음, 별도 확인 필요",,사용불가,
2890,LIME,라임,,A1000741000000,식품원료,원료이기에 사용기준 없음,,사용가능,
2891,LIME GRANULE,라임과립,,A1000741000043,식품원료,원료이기에 사용기준 없음,,사용가능,
2892,LIME PULP,라임과육,,A1054014300000,식품원료,원료이기에 사용기준 없음,,사용가능,
2893,,라임껍질,,A1000741240000,식품원료,원료이기에 사용기준 없음,,사용가능,
2894,LIME FLOWER EXTRACT,라임꽃추출물,,A1000741144500,식품원료,원료이기에 사용기준 없음,,사용가능,
2895,,라임농축,,A1000741000800,식품원료,원료이기에 사용기준 없음,,사용가능,
2896,,라임농축액,,A1000741000814,식품원료,원료이기에 사용기준 없음,,사용가능,
2897,,라임농축액분말,,A1000741230801,식품원료,원료이기에 사용기준 없음,,사용가능,
2898,,라임분말,,A1000741000001,식품원료,원료이기에 사용기준 없음,,사용가능,
2899,LIME FLOWER,라임블로섬,,A1000742000000,식품원료,원료이기에 사용기준 없음,,사용가능,
2900,,라임블로섬꽃,,A1000742140000,식품원료,원료이기에 사용기준 없음,,사용가능,
2901,,라임블로섬잎,,A1000742380000,식품원료,원료이기에 사용기준 없음,,사용가능,
2902,LIME BLOSSOM EXTRACT,라임블로섬추출물,,A1054070004500,식품원료,원료이기에 사용기준 없음,,사용가능,
2903,LIME FIBER,라임식이섬유,,A1000741000084,식품원료,원료이기에 사용기준 없음,,사용가능,
2904,,라임열매,,A1000741230000,식품원료,원료이기에 사용기준 없음,,사용가능,
2905,LIME OIL,라임오일,,A1000741000020,식품원료,원료이기에 사용기준 없음,,사용가능,
2906,,라임주스,,A1000741000025,식품원료,원료이기에 사용기준 없음,,사용가능,
2907,LIME JUICE CONCENTRATE,라임주스농축액,,A1000741000825,식품원료,원료이기에 사용기준 없음,,사용가능,
2908,LIME JUICE POWDER,라임주스분말,,A1000741000069,식품원료,원료이기에 사용기준 없음,,사용가능,
2909,,라임주스원액,,A1000741000021,식품원료,원료이기에 사용기준 없음,,사용가능,
2910,LIME DISTILLATE,라임증류액,,A1000741006914,식품원료,원료이기에 사용기준 없음,,사용가능,
2911,LIME EXTRACT,라임추출물,,A1000741004500,식품원료,원료이기에 사용기준 없음,,사용가능,
2912,LIME PUREE,라임퓌레,,A1000741000034,식품원료,원료이기에 사용기준 없음,,사용가능,
2913,CONCENTRATED LIME PUREE,라임퓌레농축액,,A1000741000834,식품원료,원료이기에 사용기준 없음,,사용가능,
2914,RASPBERRY,라즈베리,,A1000743000000,식품원료,원료이기에 사용기준 없음,,사용가능,
2915,,라즈베리과육,,A1000743300000,식품원료,원료이기에 사용기준 없음,,사용가능,
2916,,라즈베리농축과즙,,A1000743000826,식품원료,원료이기에 사용기준 없음,,사용가능,
2917,,라즈베리농축분말,,A1000743000801,식품원료,원료이기에 사용기준 없음,,사용가능,
2918,라즈베리농축,라즈베리농축액,,A1000743000814,식품원료,원료이기에 사용기준 없음,,사용가능,
2919,RASPBERRY CONCENTRATED PASTE,라즈베리농축페이스트,,A1054042000833,식품원료,원료이기에 사용기준 없음,,사용가능,
2920,,라즈베리농축퓌레,,A1000743000834,식품원료,원료이기에 사용기준 없음,,사용가능,
2921,RASPBERRY POWDER,라즈베리분말,,A1000743000001,식품원료,원료이기에 사용기준 없음,,사용가능,
2922,,라즈베리색소,,B2000611000000,식품첨가물,"사용기준 못찾음, 별도 확인 필요",,"기타, 별도 확인 필요",
2923,,라즈베리열매,,A1000743230000,식품원료,원료이기에 사용기준 없음,,사용가능,
2924,,라즈베리주스,,A1000743000025,식품원료,원료이기에 사용기준 없음,,사용가능,
2925,,라즈베리주스농축물,,A1000743000825,식품원료,원료이기에 사용기준 없음,,사용가능,
2926,RASPBERRY EXTRACT,라즈베리추출물,,A1000743004500,식품원료,원료이기에 사용기준 없음,,사용가능,
2927,RASPBERRY EXTRACT POWDER,라즈베리추출분말,,A1000743004501,식품원료,원료이기에 사용기준 없음,,사용가능,
2928,RASPBERRY CRISPY,라즈베리크리스피,,A1000743000076,식품원료,원료이기에 사용기준 없음,,사용가능,
2929,라스베리퓨레,라즈베리퓌레,,A1000743000034,식품원료,원료이기에 사용기준 없음,,사용가능,
2930,RAFFINOSE,라피노스(고시형),,C2000227000000,건강기능식품,"사용기준 못찾음, 별도 확인 필요",,"기타, 별도 확인 필요",
2931,,락로즈잎,,A1000745380000,식품원료,원료이기에 사용기준 없음,,사용가능,
2932,ROCK ROSE LEAF EXTRACT,락로즈잎추출물,,A1054128384500,식품원료,원료이기에 사용기준 없음,,사용가능,
2933,,락로즈줄기,,A1000745490000,식품원료,원료이기에 사용기준 없음,,사용가능,
2934,LAC COLOR,락색소,,B2000013000000,식품첨가물,"사용기준 찾음, 별도 확인 필요",착색료,"기타, 별도 확인 필요",
2935,,락추로스파우더(기능성원료인정제2009-40호),,C9000221000000,건강기능식품,"사용기준 못찾음, 별도 확인 필요",,"기타, 별도 확인 필요",
2936,ROCK CRAB MEAT(ATLANTIC CRAB MEAT),락크랩살(바위게살),,A3011935080000,식품원료,원료이기에 사용기준 없음,,사용가능,
2937,LACTASE,락타아제,,B2000014000000,식품첨가물,II. 2. 1)의 규정에 따라 사용하여야 한다.,효소제,"기타, 별도 확인 필요",
2938,LACTO ALBUMIN,락토알부민,,A6001434000000,식품원료,원료이기에 사용기준 없음,,사용가능,
2939,LACTOPEROXIDASE,락토퍼옥시다아제(외화획득용 등),,AZ000054000000,식품원료,원료이기에 사용기준 없음,,사용불가,
2940,,락토페린 (우유정제단백질)(기능성원료 인정 제2013-20호),,C9000446000000,건강기능식품,"사용기준 못찾음, 별도 확인 필요",,"기타, 별도 확인 필요",
2941,LACTOFERRIN,락토페린(우유유래정제단백질)(기능성원료인정제2023-38호),,C9001033000000,건강기능식품,"사용기준 못찾음, 별도 확인 필요",,사용가능,
2942,LACTOFERRIN CONCENTRATES,락토페린농축물,,B2000015000000,식품첨가물,II. 2. 1)의 규정에 따라 사용하여야 한다.,영양강화제,"기타, 별도 확인 필요",
2943,LACTULOSE,락툴로즈,,A6000016000000,식품원료,원료이기에 사용기준 없음,,"제한적사용가능, 별도 확인 필요",
2944,ZINC LACTATE,락트산아연(외화획득용 등),,BZ000075000000,식품첨가물,"사용기준 못찾음, 별도 확인 필요",,사용불가,
2945,LACTITOL,락티톨,,B1000352000000,식품첨가물,II. 2. 1)의 규정에 따라 사용하여야 한다.,감미료,"기타, 별도 확인 필요",
2946,RAMBUTAN,람부탄,,A1000746000000,식품원료,원료이기에 사용기준 없음,,사용가능,
2947,,람부탄열매,,A1000746230000,식품원료,원료이기에 사용기준 없음,,사용가능,
2948,RAMBUTAN JUICE,람부탄열매주스,,A1000746230025,식품원료,원료이기에 사용기준 없음,,사용가능,
2949,RAMBUTAN PUREE,람부탄열매퓌레,,A1000746230034,식품원료,원료이기에 사용기준 없음,,사용가능,
2950,LOVAGE,러비지,,A1000748000000,식품원료,원료이기에 사용기준 없음,,사용가능,
2951,LOVAGE,러비지뿌리,,A1000748610000,식품원료,원료이기에 사용기준 없음,,사용가능,
2952,LOVAGE ROOT POWDER,러비지뿌리분말,,A1000748610001,식품원료,원료이기에 사용기준 없음,,사용가능,
2953,LOVAGE ROOT OIL,러비지뿌리오일,,A1000748610020,식품원료,원료이기에 사용기준 없음,,사용가능,
2954,,러비지추출물,,A1000748614500,식품원료,원료이기에 사용기준 없음,,사용가능,
2955,,럼,,P0127090200000,식품유형,"사용기준 못찾음, 별도 확인 필요",,"기타, 별도 확인 필요",
2956,RUM EXTRACT,럼추출물,,P1127090204500,식품유형,"사용기준 못찾음, 별도 확인 필요",,사용가능,
2957,LUNGMOSS(LUNGWORT),렁워트,,A1002647000000,식품원료,원료이기에 사용기준 없음,,사용불가,
2958,LUNGWORT EXTRACT,렁워트추출물,,A1002647004500,식품원료,원료이기에 사용기준 없음,,사용불가,
2959,AMERICAN RED RASPBERRY COLOR,레드라즈베리색소,,B2000612000000,식품첨가물,"사용기준 못찾음, 별도 확인 필요",,"기타, 별도 확인 필요",
2960,RED TURNIP,레드비트,,A1002856000000,식품원료,원료이기에 사용기준 없음,,사용가능,
2961,,레드비트농축,,A1002856000800,식품원료,원료이기에 사용기준 없음,,사용가능,
2962,,레드비트농축액,,A1002856000814,식품원료,원료이기에 사용기준 없음,,사용가능,
2963,,레드비트분말,,A1002856000001,식품원료,원료이기에 사용기준 없음,,사용가능,
2964,BEETROOT RED,레드비트뿌리,,A1002856610000,식품원료,원료이기에 사용기준 없음,,사용가능,
2965,RED BEET ROOT POWDER,레드비트뿌리분말,,A1002856610001,식품원료,원료이기에 사용기준 없음,,사용가능,
2966,,레드비트뿌리즙,,A1002856610026,식품원료,원료이기에 사용기준 없음,,사용가능,
2967,BEET JUICE,레드비트주스,,A1002856000025,식품원료,원료이기에 사용기준 없음,,사용가능,
2968,RED BEET JUICE CONCENTRATE,레드비트주스농축,,A1002856000825,식품원료,원료이기에 사용기준 없음,,사용가능,
2969,,레드비트주스분말,,A1002856000069,식품원료,원료이기에 사용기준 없음,,사용가능,
2970,,레드비트추출물,,A1002856004500,식품원료,원료이기에 사용기준 없음,,사용가능,
2971,RED BEET EXTRACT POWDER,레드비트추출분말,,A1002856004501,식품원료,원료이기에 사용기준 없음,,사용가능,
2972,BEET PUREE,레드비트퓨레,,A1002856610034,식품원료,원료이기에 사용기준 없음,,사용가능,
2973,,레드자몽농축액,,A1002229000814,식품원료,원료이기에 사용기준 없음,,사용가능,
2974,RED CURRANT COLOR,레드커런트색소,,B2000496000000,식품첨가물,"사용기준 못찾음, 별도 확인 필요",,"기타, 별도 확인 필요",
2975,RED TAIL FISH,레드테일피쉬,,A3011913000000,식품원료,원료이기에 사용기준 없음,,사용가능,
2976,LEMON,레몬,,A1000750000000,식품원료,원료이기에 사용기준 없음,,사용가능,
2977,,레몬 밤 추출물 혼합분말(기능성원료인정제2010-24호),,C9000950000000,건강기능식품,"사용기준 못찾음, 별도 확인 필요",,"기타, 별도 확인 필요",
2978,LEMON POWDER,레몬가루,,A1000750000001,식품원료,원료이기에 사용기준 없음,,사용가능,
2979,,레몬과립,,A1000750000043,식품원료,원료이기에 사용기준 없음,,사용가능,
2980,LEMON PULP,레몬과육,,A1000750300000,식품원료,원료이기에 사용기준 없음,,사용가능,
2981,,레몬과즙,,A1002899000026,식품원료,원료이기에 사용기준 없음,,사용가능,
2982,,레몬과즙분말,,A1000750000057,식품원료,원료이기에 사용기준 없음,,사용가능,
2983,LEMONGRASS,레몬그라스,,A1000751000000,식품원료,원료이기에 사용기준 없음,,사용가능,
2984,LEMONGRASS POWDER,레몬그라스분말,,A1000751000401,식품원료,원료이기에 사용기준 없음,,사용가능,
2985,CYMBOPOGON SCHOENANTHUS(LEMONGRASS)OIL,레몬그라스오일,,A1000751000020,식품원료,원료이기에 사용기준 없음,,사용가능,
2986,LEMONGRASS LEAF,레몬그라스잎,,A1000751380000,식품원료,원료이기에 사용기준 없음,,사용가능,
2987,,레몬그라스줄기,,A1000751490000,식품원료,원료이기에 사용기준 없음,,사용가능,
2988,LEMONGRASS EXTRACT,레몬그라스추출물,,A1000751004500,식품원료,원료이기에 사용기준 없음,,사용가능,
2989,,레몬그라스추출물분말,,A1000751004501,식품원료,원료이기에 사용기준 없음,,사용가능,
2990,LEMON GRASS POWDER,레몬그라스파우더,,A1000751000001,식품원료,원료이기에 사용기준 없음,,사용가능,
2991,,레몬껍질,,A1000750240000,식품원료,원료이기에 사용기준 없음,,사용가능,
2992,LEMON PEEL POWDER,레몬껍질분말,,A1000750770001,식품원료,원료이기에 사용기준 없음,,사용가능,
2993,Lemon zest oil,레몬껍질오일,,A1000750240020,식품원료,원료이기에 사용기준 없음,,사용가능,
2994,LEMON PEEL DISTILLED,레몬껍질증류액,,A1000750776914,식품원료,원료이기에 사용기준 없음,,사용가능,
2995,LEMON PEEL EXTRACT,레몬껍질추출물,,A1000750774500,식품원료,원료이기에 사용기준 없음,,사용가능,
2996,레몬껍질추출분말,레몬껍질추출물분말,,A1000750774501,식품원료,원료이기에 사용기준 없음,,사용가능,
2997,LEMON CONCENTRATE,레몬농축,,A1000750000800,식품원료,원료이기에 사용기준 없음,,사용가능,
2998,,레몬농축고형분,,A1000750000804,식품원료,원료이기에 사용기준 없음,,사용가능,
2999,레몬농축과즙,레몬농축과즙,,A1000750000826,식품원료,원료이기에 사용기준 없음,,사용가능,
3000,,레몬농축분말,,A1000750000801,식품원료,원료이기에 사용기준 없음,,사용가능,
3001,,레몬농축액,,A1000750000814,식품원료,원료이기에 사용기준 없음,,사용가능,
3002,CONCENTRATED LEMON EXTRACT,레몬농축추출,,A1000750001000,식품원료,원료이기에 사용기준 없음,,사용가능,
3003,LEMON MYRTLE LEAF,레몬머틀잎,,A1000752380000,식품원료,원료이기에 사용기준 없음,,사용가능,
3004,,레몬머틀잎추출액,,A1000752384514,식품원료,원료이기에 사용기준 없음,,사용가능,
3005,Lemon mint,레몬민트잎,,A1005007380000,식품원료,원료이기에 사용기준 없음,,사용가능,
3006,BALM(LEMON BALM),레몬밤,,A1000753000000,식품원료,원료이기에 사용기준 없음,,사용가능,
3007,,레몬밤분말,,A1000753000001,식품원료,원료이기에 사용기준 없음,,사용가능,
3008,,레몬밤잎,,A1000753380000,식품원료,원료이기에 사용기준 없음,,사용가능,
3009,LEMON BALM LEAF POWDER,레몬밤잎분말,,A1000753380001,식품원료,원료이기에 사용기준 없음,,사용가능,
3010,LEMON BALM LEAVES EXTRACT,레몬밤잎추출물,,A1054021384500,식품원료,원료이기에 사용기준 없음,,사용가능,
3011,LEMON BALM LEAF EXTRACT POWDER,레몬밤잎추출분말,,A1000753384501,식품원료,원료이기에 사용기준 없음,,사용가능,
3012,LEMON BALM EXTRACT,레몬밤추출물,,A1000753004500,식품원료,원료이기에 사용기준 없음,,사용가능,
3013,LEMON VERBENA,레몬버베나,,A1000754000000,식품원료,원료이기에 사용기준 없음,,사용가능,
3014,LEMON VERBENA POWDER,레몬버베나분말,,A1000754000001,식품원료,원료이기에 사용기준 없음,,사용가능,
3015,LEMON VERBENA LEAVES,레몬버베나잎,,A1000754380000,식품원료,원료이기에 사용기준 없음,,사용가능,
3016,LEMON VERBENA LEAVES EXTRACT,레몬버베나잎추출물,,A1054010384500,식품원료,원료이기에 사용기준 없음,,사용가능,
3017,EXTRACT COMPLEX OF LEMON VERBENA AND HIBSCUS,레몬버베나추출물 등 복합물(제2022-13호),,C9001014000000,건강기능식품,"사용기준 못찾음, 별도 확인 필요",,"기타, 별도 확인 필요",
3018,,레몬시럽,,A1000750000013,식품원료,원료이기에 사용기준 없음,,사용가능,
3019,LEMON FIBER,레몬식이섬유,,A1000750000084,식품원료,원료이기에 사용기준 없음,,사용가능,
3020,,레몬액,,A1000750000014,식품원료,원료이기에 사용기준 없음,,사용가능,
3021,,레몬엑기스,,A1000750000017,식품원료,원료이기에 사용기준 없음,,사용가능,
3022,LEMON ESSENCE,레몬오일,,A1000750000020,식품원료,원료이기에 사용기준 없음,,사용가능,
3023,,레몬원액,,A1000750000021,식품원료,원료이기에 사용기준 없음,,사용가능,
3024,,레몬제스트,,A1000750770024,식품원료,원료이기에 사용기준 없음,,사용가능,
3025,LEMON JUICE,레몬주스,Organic Lemon Juice,A1000750000025,식품원료,Lemon 100% 인지 확인,,사용가능,
3026,CONCENTRATED LEMON JUICE POWDER,레몬주스농축분말,,A1054122000869,식품원료,원료이기에 사용기준 없음,,사용가능,
3027,CONCENTRATED LEMON JUICE,레몬주스농축액,,A1000750300825,식품원료,Lemon 100% 인지 확인,,사용가능,
3028,LEMON JUICE POWDER,레몬주스분말,,A1000750000069,식품원료,원료이기에 사용기준 없음,,사용가능,
3029,레몬즙,레몬즙,,A1000750000026,식품원료,원료이기에 사용기준 없음,,사용가능,
3030,LEMON DISTILLATE,레몬증류액,,A1000750236914,식품원료,원료이기에 사용기준 없음,,사용가능,
3031,,레몬착즙액,,A1000750003214,식품원료,원료이기에 사용기준 없음,,사용가능,
3032,LEMON EXTRACT,레몬추출물,,A1000750004500,식품원료,원료이기에 사용기준 없음,,사용가능,
3033,,레몬추출분말,,A1000750004501,식품원료,원료이기에 사용기준 없음,,사용가능,
3034,LEMON PULP,레몬펄프,,A1000750000032,식품원료,원료이기에 사용기준 없음,,사용가능,
3035,LEMON PURE,레몬페이스트,,A1000750000033,식품원료,원료이기에 사용기준 없음,,사용가능,
3036,LEMON PUREE,레몬퓌레,,A1000750000034,식품원료,원료이기에 사용기준 없음,,사용가능,
3037,CONCENTRATED LEMON PUREE,레몬퓌레농축액,,A1000750000834,식품원료,원료이기에 사용기준 없음,,사용가능,
3038,lemon flavor,레몬향,,B6000009000000,식품첨가물,"사용기준 못찾음, 별도 확인 필요",,사용가능,
3039,RESVERATROL,레스베라트롤(외화획득용 등),,BZ000102000000,식품첨가물,"사용기준 못찾음, 별도 확인 필요",,사용불가,
3040,LECITHIN,레시틴,"E322, emulsifier: lecithins, lecithins, sunflower lecithins, Sunflower lecithin",B2000016000000,식품첨가물,유래원료 확인 필요함. SOY 등,유화제,"기타, 별도 확인 필요",
3041,LADY`S MANTLE,레이디스맨틀,,A1000755000000,식품원료,원료이기에 사용기준 없음,,사용가능,
3042,,레이디스맨틀잎,,A1000755380000,식품원료,원료이기에 사용기준 없음,,사용가능,
3043,,레티노데스아카시아꽃,,A1005010140000,식품원료,원료이기에 사용기준 없음,,사용가능,
3044,,레티노데스아카시아꽃식이섬유,,A1005010140084,식품원료,원료이기에 사용기준 없음,,사용가능,
3045,RETINYL ACETATE,레티닐 아세트산염(고시형),,C1000003000000,건강기능식품,"사용기준 못찾음, 별도 확인 필요",,"기타, 별도 확인 필요",
3046,RETINYL PALMITATE,레티닐 팔미트산염(고시형),,C1000002000000,건강기능식품,"사용기준 못찾음, 별도 확인 필요",,"기타, 별도 확인 필요",
3047,RENNET,렌넷,,B2009141000000,식품첨가물,"사용기준 못찾음, 별도 확인 필요",,"기타, 별도 확인 필요",
3048,RENNET CASEIN,렌넷카제인,,B2000017000000,식품첨가물,"사용기준 못찾음, 별도 확인 필요",,"기타, 별도 확인 필요",
3049,LENTIL,렌즈콩,,A1000756000000,식품원료,원료이기에 사용기준 없음,,사용가능,
3050,LENTIL PROTEIN,렌즈콩단백질,,A1000756000009,식품원료,원료이기에 사용기준 없음,,사용가능,
3051,,렌즈콩분말,,A1000756000001,식품원료,원료이기에 사용기준 없음,,사용가능,
3052,,렌즈콩씨앗,,A1000756320000,식품원료,원료이기에 사용기준 없음,,사용가능,
3053,RELISH FLAVOR,렐리시향,,B6000012000000,식품첨가물,"사용기준 못찾음, 별도 확인 필요",,사용가능,
3054,ROYAL JELLY,로얄젤리,,A6001448000000,식품원료,원료이기에 사용기준 없음,,사용가능,
3055,,로얄젤리농축물,,A6000018000800,식품원료,원료이기에 사용기준 없음,,사용가능,
3056,,로얄젤리분말,,A6000018000001,식품원료,원료이기에 사용기준 없음,,사용가능,
3057,,로얄젤리추출물,,A6000018004500,식품원료,원료이기에 사용기준 없음,,사용가능,
3058,,로열젤리,,P0204271000000,식품유형,"사용기준 못찾음, 별도 확인 필요",,"기타, 별도 확인 필요",
3059,ROSEMARY,로즈마리,,A1000758000000,식품원료,원료이기에 사용기준 없음,,사용가능,
3060,,로즈마리가루,,A1000758000001,식품원료,원료이기에 사용기준 없음,,사용가능,
3061,ROSEMARY POWDER,로즈마리분말,,A1000758380001,식품원료,원료이기에 사용기준 없음,,사용가능,
3062,,로즈마리엑기스,,A1000758000017,식품원료,원료이기에 사용기준 없음,,사용가능,
3063,ROSEMARY OIL,로즈마리오일,,A1000758000020,식품원료,원료이기에 사용기준 없음,,사용가능,
3064,ROSEMARY LEAF,로즈마리잎,,A1000758380000,식품원료,원료이기에 사용기준 없음,,사용가능,
3065,ROSEMARY LEAF EXTRACT,로즈마리잎추출물,,A1000758384500,식품원료,원료이기에 사용기준 없음,,사용가능,
3066,,로즈마리자몽추출복합물(기능성원료인정제2019-25호),,C9000997000000,건강기능식품,"사용기준 못찾음, 별도 확인 필요",,"기타, 별도 확인 필요",
3067,,로즈마리추출고형분,,A1000758004504,식품원료,원료이기에 사용기준 없음,,사용가능,
3068,ROSEMARY EXTRACT,로즈마리추출물,Extracts of Rosemary,A1000758004500,식품원료,원료이기에 사용기준 없음,,사용가능,
3069,Extract complex of Rosmarinus officinalis L. and Tagetes erecta L.,로즈마리추출물등복합물(제2021-18호),,C9001010000000,건강기능식품,"사용기준 못찾음, 별도 확인 필요",,"기타, 별도 확인 필요",
3070,ROSEMARY POWDERED EXTRACT,로즈마리추출물분말,,A1000758004501,식품원료,원료이기에 사용기준 없음,,사용가능,
3071,ROSE APPLE,로즈애플열매,,A1005012230000,식품원료,원료이기에 사용기준 없음,,사용가능,
3072,,로즈우드뿌리,,A1000759640000,식품원료,원료이기에 사용기준 없음,,사용가능,
3073,ROSEHIP,로즈힙,,A1000760000000,식품원료,원료이기에 사용기준 없음,,사용가능,
3074,ROSEHIP POWDER,로즈힙분말,,A1000760000001,식품원료,원료이기에 사용기준 없음,,사용가능,
3075,,로즈힙분말(기능성원료 인정 제2013-1호),,C9000427000000,건강기능식품,"사용기준 못찾음, 별도 확인 필요",,"기타, 별도 확인 필요",
3076,,로즈힙분말(기능성원료인정제2014-17호),,C9000481000000,건강기능식품,"사용기준 못찾음, 별도 확인 필요",,"기타, 별도 확인 필요",
3077,ROSEHIP POWDER EXTRACT,로즈힙분말추출물,,A1000760004501,식품원료,원료이기에 사용기준 없음,,사용가능,
3078,ROSEHIP SEED,로즈힙씨앗,,A1000760320000,식품원료,원료이기에 사용기준 없음,,사용가능,
3079,ROSEHIP FRUIT,로즈힙열매,,A1000760230000,식품원료,원료이기에 사용기준 없음,,사용가능,
3080,ROSEHIP PEELS,로즈힙열매껍질,,A1000760240000,식품원료,원료이기에 사용기준 없음,,사용가능,
3081,ROSEHIP FRUIT CONCENTRATE,로즈힙열매농축물,,A1000760230800,식품원료,원료이기에 사용기준 없음,,사용가능,
3082,ROSEHIP FRUIT POWDER,로즈힙열매분말,,A1000760230001,식품원료,원료이기에 사용기준 없음,,사용가능,
3083,ROSE HIP JUICE CONCENTRATE,로즈힙열매주스농축,,A1000760230825,식품원료,원료이기에 사용기준 없음,,사용가능,
3084,ROSEHIP FRUIT EXTRACT,로즈힙열매추출물,,A1000760234500,식품원료,원료이기에 사용기준 없음,,사용가능,
3085,ROSEHIP JUICE,로즈힙주스,,A1000760000025,식품원료,원료이기에 사용기준 없음,,사용가능,
3086,,로즈힙추출물,,A1000760004500,식품원료,원료이기에 사용기준 없음,,사용가능,
3087,,로즈힙추출물분말,,A1000760234501,식품원료,원료이기에 사용기준 없음,,사용가능,
3088,ROSIN,로진,,B2000109000000,식품첨가물,II. 2. 1)의 규정에 따라 사용하여야 한다.,껌기초제,"기타, 별도 확인 필요",
3089,LOCUST BEAN GUM,로커스트콩검,"Carob Bean Gum, E410, INS 410",B2000018000000,식품첨가물,II. 2. 1)의 규정에 따라 사용하여야 한다.,증점제,"기타, 별도 확인 필요",
3090,ROCKET SALAD,로케트,,A1000761000000,식품원료,원료이기에 사용기준 없음,,사용가능,
3091,,로케트잎,,A1000761380000,식품원료,원료이기에 사용기준 없음,,사용가능,
3092,Cayenne Pepper,로코토열매,,A1000762230000,식품원료,원료이기에 사용기준 없음,,사용가능,
3093,CAYENNE PEPPER POWDER,로코토열매분말,,A1053965230001,식품원료,원료이기에 사용기준 없음,,사용가능,
3094,CAYENNE PEPPER EXTRACT,로코토열매추출물,,A1000762234500,식품원료,원료이기에 사용기준 없음,,사용가능,
3095,,로툰디폴리아머루열매,,A1005013230000,식품원료,원료이기에 사용기준 없음,,사용가능,
3096,Muscadine Extract,로툰디폴리아머루열매추출물,,A1005013234500,식품원료,원료이기에 사용기준 없음,,사용가능,
3097,LACTUCA SATIVA LOLLA ROSSA,롤라로사잎,,A1005365380000,식품원료,원료이기에 사용기준 없음,,사용가능,
3098,NARANJILLA,루로,,A1000764000000,식품원료,원료이기에 사용기준 없음,,사용가능,
3099,RHUBARB,루바브,,A1000765000000,식품원료,원료이기에 사용기준 없음,,사용가능,
3100,,루바브농축액,,A1000765000814,식품원료,원료이기에 사용기준 없음,,사용가능,
3101,RHUBARB JUICE CONCENTRATE,루바브농축주스,,A1000765000825,식품원료,원료이기에 사용기준 없음,,사용가능,
3102,Rhubarb Root Extract(연구조사용에 한함),루바브뿌리추출물,,A1000765614500,식품원료,원료이기에 사용기준 없음,,사용불가,
3103,RHAPONTIC RHUBARB ROOD EXTRACT,루바브뿌리추출물(ERr731®)(기능성원료인정제2024-17호),,C9001044000000,건강기능식품,"사용기준 못찾음, 별도 확인 필요",,사용가능,
3104,,루바브뿌리추출물(기능성원료인정제2019-6호),,C9000980000000,건강기능식품,"사용기준 못찾음, 별도 확인 필요",,"기타, 별도 확인 필요",
3105,,루바브뿌리추출물(기능성원료인정제2021-17호),,C9001009000000,건강기능식품,"사용기준 못찾음, 별도 확인 필요",,"기타, 별도 확인 필요",
3106,RHAPONTIC RHUBARB ROOT EXTRACT,루바브뿌리추출물(기능성원료인정제2022-28호),,C9001018000000,건강기능식품,"사용기준 못찾음, 별도 확인 필요",,"기타, 별도 확인 필요",
3107,,루바브잎,,A1000765380000,식품원료,원료이기에 사용기준 없음,,사용가능,
3108,RHUBARB JUICE,루바브주스,,A1000765000025,식품원료,원료이기에 사용기준 없음,,사용가능,
3109,,루바브줄기,,A1000765490000,식품원료,원료이기에 사용기준 없음,,사용가능,
3110,RHUBARB EXTRACT,루바브추출물,,A1000765004500,식품원료,원료이기에 사용기준 없음,,사용가능,
3111,레드커런트쥬스농축,루브룸까치밥(레드커런트)열매주스농축,,A1003111230825,식품원료,원료이기에 사용기준 없음,,사용가능,
3112,,루브룸까치밥농축,,A1003111000800,식품원료,원료이기에 사용기준 없음,,사용가능,
3113,RED CURRANT,루브룸까치밥열매,,A1003111230000,식품원료,원료이기에 사용기준 없음,,사용가능,
3114,RED CURRANT JUICE,루브룸까치밥열매주스,,A1003111230025,식품원료,원료이기에 사용기준 없음,,사용가능,
3115,RED CURRANT JUICE CONCENTRATE,루브룸까치밥열매주스농축,,A1053958230825,식품원료,원료이기에 사용기준 없음,,사용가능,
3116,RED CURRANT PUREE,루브룸까치밥열매퓨레,,A1053969230034,식품원료,원료이기에 사용기준 없음,,사용가능,
3117,RED CURRANT EXTRACT,루브룸까치밥추출액,,A1003111004500,식품원료,원료이기에 사용기준 없음,,사용가능,
3118,ROOIBOS,루이보스,,A1000766000000,식품원료,원료이기에 사용기준 없음,,사용가능,
3119,ROOIBOS CONCENTRATE,루이보스농축,,A1000766000800,식품원료,원료이기에 사용기준 없음,,사용가능,
3120,,루이보스분말,,A1000766000001,식품원료,원료이기에 사용기준 없음,,사용가능,
3121,,루이보스잎,,A1000766380000,식품원료,원료이기에 사용기준 없음,,사용가능,
3122,,루이보스추출물,,A1000766384500,식품원료,원료이기에 사용기준 없음,,사용가능,
3123,,루이보스추출물분말,,A1000766384501,식품원료,원료이기에 사용기준 없음,,사용가능,
3124,ROOIBOS EXTRACT POWDER,루이보스추출분말,,A1000766004501,식품원료,원료이기에 사용기준 없음,,사용가능,
3125,LUCUMA POWDER,루쿠마분말,,A1054209000001,식품원료,원료이기에 사용기준 없음,,"제한적사용가능, 별도 확인 필요",
3126,LUCUMA FRUIT POWDER,루쿠마열매분말(연구조사용 등),,AZ000026230001,식품원료,원료이기에 사용기준 없음,,사용불가,
3127,RUTABAGA,루타베이가,,A1002745000000,식품원료,원료이기에 사용기준 없음,,사용가능,
3128,LUTEIN ESTER EXTRACT,루테인 에스테르 추출물(고시형),,C2000080001R00,건강기능식품,"사용기준 못찾음, 별도 확인 필요",,"기타, 별도 확인 필요",
3129,LUTEIN,루테인(고시형),,C2000080000000,건강기능식품,"사용기준 못찾음, 별도 확인 필요",,"기타, 별도 확인 필요",
3130,LUTEIN/ZEAXANTHIN EXTRACT,루테인/지아잔틴복합추출물(기능성원료인정제2008-66호),,C9000163000000,건강기능식품,"사용기준 못찾음, 별도 확인 필요",,"기타, 별도 확인 필요",
3131,,루테인지아잔틴복합추출물 20%(기능성원료 인정 제2013-23호),,C9000449000000,건강기능식품,"사용기준 못찾음, 별도 확인 필요",,"기타, 별도 확인 필요",
3132,,루테인지아잔틴복합추출물(기능성원료인정제2018-11호),,C9000969000000,건강기능식품,"사용기준 못찾음, 별도 확인 필요",,"기타, 별도 확인 필요",
3133,,루테인지아잔틴복합추출물(기능성원료인정제2018-4호),,C9000963000000,건강기능식품,"사용기준 못찾음, 별도 확인 필요",,"기타, 별도 확인 필요",
3134,,루테인지아잔틴복합추출물(기능성원료인정제2019-16호),,C9000979000000,건강기능식품,"사용기준 못찾음, 별도 확인 필요",,"기타, 별도 확인 필요",
3135,Complex of Lutein and Zeaxanthin,루테인지아잔틴복합추출물(외화획득용),,BZ000090000000,식품첨가물,"사용기준 못찾음, 별도 확인 필요",,사용불가,
3136,Complex of Lutein and Zeaxanthin extracted from Tagetes erecta L.,루테인지아잔틴추출복합물(기능성원료인정제2021-21호),,C9001013000000,건강기능식품,"사용기준 못찾음, 별도 확인 필요",,"기타, 별도 확인 필요",
3137,Complex of Lutein and Zeaxanthin extracted from Tagetes erecta L.,루테인지아잔틴추출복합물(기능성원료인정제2023-37호),,C9001036000000,건강기능식품,"사용기준 못찾음, 별도 확인 필요",,사용가능,
3138,RUTIN,루틴,,B2000126000000,식품첨가물,"사용기준 찾음, 별도 확인 필요",착색료,"기타, 별도 확인 필요",
3139,LUPINE,루피너스,,A1002663000000,식품원료,원료이기에 사용기준 없음,,사용불가,
3140,LINALOOL,리나롤,,B1000049000000,식품첨가물,"사용기준 찾음, 별도 확인 필요",향료,"기타, 별도 확인 필요",
3141,LINOLEIC ACID,리놀레산(고시형),,C1000133000000,건강기능식품,"사용기준 못찾음, 별도 확인 필요",,"기타, 별도 확인 필요",
3142,LINOLENIC ACID,리놀렌산(고시형),,C1000134000000,건강기능식품,"사용기준 못찾음, 별도 확인 필요",,"기타, 별도 확인 필요",
3143,LIMA BEAN,리마콩,,A1000767000000,식품원료,원료이기에 사용기준 없음,,사용가능,
3144,,리마콩앙금,,A1000767320037,식품원료,원료이기에 사용기준 없음,,사용가능,
3145,LYSOZYME,리소짐,,B2000019000000,식품첨가물,II. 2. 1)의 규정에 따라 사용하여야 한다.,효소제,"기타, 별도 확인 필요",
3146,LYCHEE(LITCHI),리치,Lychee,A1001453000000,식품원료,원료이기에 사용기준 없음,,사용가능,
3147,LYCHEE(LITCHI) PULP,리치과육,,A1053964300000,식품원료,원료이기에 사용기준 없음,,사용가능,
3148,,리치농축,,A1001453000800,식품원료,원료이기에 사용기준 없음,,사용가능,
3149,,리치분말,,A1001453000001,식품원료,원료이기에 사용기준 없음,,사용가능,
3150,LYCHEE SEED OIL,리치씨앗유,,A1001453320020,식품원료,원료이기에 사용기준 없음,,사용가능,
3151,,리치열매착즙액,,A1001453233214,식품원료,원료이기에 사용기준 없음,,사용가능,
3152,LYCHEE(LITCHI) JUICE,리치주스,,A1001453000025,식품원료,원료이기에 사용기준 없음,,사용가능,
3153,LYCHEE(LITCHI) JUICE CONCENTRATE,리치주스농축,,A1001453000825,식품원료,원료이기에 사용기준 없음,,사용가능,
3154,,리치추출물,,A1001453004500,식품원료,원료이기에 사용기준 없음,,사용가능,
3155,,리치추출물분말,,A1001453234501,식품원료,원료이기에 사용기준 없음,,사용가능,
3156,,리치페이스트,,A1001453000033,식품원료,원료이기에 사용기준 없음,,사용가능,
3157,LYCHEE PUREE(=LITCHI PUREE),리치퓌레,,A1001453000034,식품원료,원료이기에 사용기준 없음,,사용가능,
3158,,리크,,A1000770000000,식품원료,원료이기에 사용기준 없음,,사용가능,
3159,LEEK CONCENTRATE,리크농축액,,A1000770000800,식품원료,원료이기에 사용기준 없음,,사용가능,
3160,LEEK POWDER,리크분말,,A1000770000001,식품원료,원료이기에 사용기준 없음,,사용가능,
3161,,리크잎,,A1000770380000,식품원료,원료이기에 사용기준 없음,,사용가능,
3162,LIPASE,리파아제,,B2000020000000,식품첨가물,II. 2. 1)의 규정에 따라 사용하여야 한다.,효소제,"기타, 별도 확인 필요",
3163,,마,,A1000772000000,식품원료,원료이기에 사용기준 없음,,사용가능,
3164,,마가목,,A1000773000000,식품원료,원료이기에 사용기준 없음,,사용가능,
3165,,마가목나무껍질,,A1000773580000,식품원료,원료이기에 사용기준 없음,,"제한적사용가능, 별도 확인 필요",
3166,MOUNTAIN ASH NUT,마가목열매,,A1000773230000,식품원료,원료이기에 사용기준 없음,,사용가능,
3167,MOUNTAIN ASH NUT EXTRACT,마가목열매추출물,,A1000773234500,식품원료,원료이기에 사용기준 없음,,사용가능,
3168,MAGNESIUM ASPARTATE,마그네슘아스파테이트(선천성대사이상질환자용),,BZ000054000000,식품첨가물,"사용기준 못찾음, 별도 확인 필요",,사용불가,
3169,MAGNESIUM ALLOY,마그네슘합금제,,D5000001910000,기구 및 용기포장,"사용기준 못찾음, 별도 확인 필요",,"기타, 별도 확인 필요",
3170,GARLIC,마늘,,A1000774000000,식품원료,원료이기에 사용기준 없음,,사용가능,
3171,GARLIC POWDER,마늘가루,,A1000774000001,식품원료,원료이기에 사용기준 없음,,사용가능,
3172,GARLIC CONCENTRATE,마늘농축물,,A1000774000800,식품원료,원료이기에 사용기준 없음,,사용가능,
3173,,마늘농축분말,,A1000774000801,식품원료,원료이기에 사용기준 없음,,사용가능,
3174,,마늘농축액,,A1000774000814,식품원료,원료이기에 사용기준 없음,,사용가능,
3175,,마늘볶음,,A1000774002200,식품원료,원료이기에 사용기준 없음,,사용가능,
3176,,마늘분태,,A1000774000035,식품원료,원료이기에 사용기준 없음,,사용가능,
3177,,마늘액,,A1000774000014,식품원료,원료이기에 사용기준 없음,,사용가능,
3178,GARLIC LEAF,마늘어린잎,,A1000774400000,식품원료,원료이기에 사용기준 없음,,사용가능,
3179,,마늘엑기스,,A1000774000017,식품원료,원료이기에 사용기준 없음,,사용가능,
3180,,마늘엑기스분말,,A1000774000018,식품원료,원료이기에 사용기준 없음,,사용가능,
3181,GARLIC ESSENCE,마늘오일,,A1000774000020,식품원료,원료이기에 사용기준 없음,,사용가능,
3182,FRIED GARLIC,마늘유탕,,A1000774003600,식품원료,원료이기에 사용기준 없음,,사용가능,
3183,,마늘잎,,A1000774380000,식품원료,원료이기에 사용기준 없음,,사용가능,
3184,,마늘조각,,A1000774000024,식품원료,원료이기에 사용기준 없음,,사용가능,
3185,,마늘주스농축액,,A1000774000825,식품원료,원료이기에 사용기준 없음,,사용가능,
3186,,마늘즙,,A1000774000026,식품원료,원료이기에 사용기준 없음,,사용가능,
3187,,마늘쫑,,A1000774310000,식품원료,원료이기에 사용기준 없음,,사용가능,
3188,GARLIC EXTRACT,마늘추출물,,A1000774004500,식품원료,원료이기에 사용기준 없음,,사용가능,
3189,GARLIC EXTRACT POWDER,마늘추출물분말,,A1000774004501,식품원료,원료이기에 사용기준 없음,,사용가능,
3190,,마늘추출액,,A1000774004514,식품원료,원료이기에 사용기준 없음,,사용가능,
3191,GARLIC PASTE,마늘페이스트,,A1000774000033,식품원료,원료이기에 사용기준 없음,,사용가능,
3192,GARLIC PUREE,마늘퓌레,,A1000774000034,식품원료,원료이기에 사용기준 없음,,사용가능,
3193,,마늘퓌레농축액,,A1000774000834,식품원료,원료이기에 사용기준 없음,,사용가능,
3194,GARLIC FLAKE,마늘플레이크,,A1000774000051,식품원료,원료이기에 사용기준 없음,,사용가능,
3195,,마대오분자기,,A3001099000000,식품원료,원료이기에 사용기준 없음,,사용가능,
3196,"BLOODWORT, BIRD'S-KNOT-GRASS, CENTYNODY",마디풀,,A1000778000000,식품원료,원료이기에 사용기준 없음,,사용가능,
3197,,마디풀잎,,A1000778380000,식품원료,원료이기에 사용기준 없음,,사용가능,
3198,MARULA,마룰라,,A1000779000000,식품원료,원료이기에 사용기준 없음,,사용가능,
3199,,마른산그물버섯,,A1000780B90000,식품원료,원료이기에 사용기준 없음,,사용가능,
3200,WATER CHESTNUT,마름,,A1000781000000,식품원료,원료이기에 사용기준 없음,,사용가능,
3201,WATER CHESTNUT POWDER,마름분말,,A1000781000001,식품원료,원료이기에 사용기준 없음,,사용가능,
3202,,마리골드꽃추출물(고시형),,C2000240000000,건강기능식품,"사용기준 못찾음, 별도 확인 필요",,"기타, 별도 확인 필요",
3203,MARIGOLD FLOWER EXTRACT(CONTAINING ZEAXANTHIN),마리골드꽃추출물(지아잔틴함유)(기능성원료인정제2024-25호),,C9001049000000,건강기능식품,"사용기준 못찾음, 별도 확인 필요",,사용가능,
3204,MARIGOLD FLOWER EXTRACT(CONTAINING ZEAXANTHIN),마리골드꽃추출물(지아잔틴함유)(기능성원료인정제2025-7호),,C9001056000000,건강기능식품,"사용기준 못찾음, 별도 확인 필요",,사용가능,
3205,TAGETES EXTRACT,마리골드색소,,B2000022000000,식품첨가물,"사용기준 찾음, 별도 확인 필요",착색료,"기타, 별도 확인 필요",
3206,,마리골드추출물(루테인에스테르)(기능성원료인정제2012-22호),,C9000410000000,건강기능식품,"사용기준 못찾음, 별도 확인 필요",,"기타, 별도 확인 필요",
3207,,마리티마벚나무열매,,A1005019930000,식품원료,원료이기에 사용기준 없음,,사용가능,
3208,,마분말,,A1000772000001,식품원료,원료이기에 사용기준 없음,,사용가능,
3209,,마뿌리,,A1000772610000,식품원료,원료이기에 사용기준 없음,,사용가능,
3210,"TUBER DIOSCOREA, RADIX DIOSCOREA",마뿌리줄기,,A1000772620000,식품원료,원료이기에 사용기준 없음,,사용가능,
3211,,마뿌리줄기분말,,A1000772620001,식품원료,원료이기에 사용기준 없음,,사용가능,
3212,,마뿌리줄기추출물,,A1000772624500,식품원료,원료이기에 사용기준 없음,,사용가능,
3213,,마스카트벨리포도,,A1002758000000,식품원료,원료이기에 사용기준 없음,,사용가능,
3214,MARSHMALLOW,마시멜로,,A1000784000000,식품원료,원료이기에 사용기준 없음,,사용가능,
3215,,마시멜로꽃,,A1000784140000,식품원료,원료이기에 사용기준 없음,,사용가능,
3216,,마시멜로뿌리,,A1000784610000,식품원료,원료이기에 사용기준 없음,,사용가능,
3217,,마시멜로뿌리분말,,A1000784610001,식품원료,원료이기에 사용기준 없음,,사용가능,
3218,MARSHMALLOW ROOT EXTRACT,마시멜로뿌리추출물,,A1000784614500,식품원료,원료이기에 사용기준 없음,,사용가능,
3219,MARSHMALLOW LEAF,마시멜로잎,,A1000784380000,식품원료,원료이기에 사용기준 없음,,사용불가,
3220,MARSHMALLOW EXTRACT,마시멜로추출물,,A1000784004500,식품원료,원료이기에 사용기준 없음,,사용가능,
3221,"MARJORAM, SWEET",마조람,marjoram,A1000786000000,식품원료,원료이기에 사용기준 없음,,사용가능,
3222,MARJORAM POWDER,마조람분말,,A1000786000001,식품원료,원료이기에 사용기준 없음,,사용가능,
3223,MARJORAM OIL,마조람오일,,A1000786000020,식품원료,원료이기에 사용기준 없음,,사용가능,
3224,MARJORAM LEAF,마조람잎,,A1000786380000,식품원료,원료이기에 사용기준 없음,,사용가능,
3225,MARJORAM EXTRACT,마조람추출물,,A1000786004500,식품원료,원료이기에 사용기준 없음,,사용가능,
3226,,마즙,,A1000772000026,식품원료,원료이기에 사용기준 없음,,사용가능,
3227,YAM EXTRACT,마추출물,,A1000772004500,식품원료,원료이기에 사용기준 없음,,사용가능,
3228,CHINESE YAM EXTRACT POWDER,마추출분말,,A1000772004501,식품원료,원료이기에 사용기준 없음,,사용가능,
3229,MACA,마카,,A1000788000000,식품원료,원료이기에 사용기준 없음,,"제한적사용가능, 별도 확인 필요",
3230,,마카농축액,,A1000788610814,식품원료,원료이기에 사용기준 없음,,"제한적사용가능, 별도 확인 필요",
3231,,마카농축액분말,,A1000788610801,식품원료,원료이기에 사용기준 없음,,"제한적사용가능, 별도 확인 필요",
3232,QUEENSLAND,마카다미아,,A1000789000000,식품원료,원료이기에 사용기준 없음,,사용가능,
3233,MACADAMIA NUT OIL,마카다미아너트 오일,,A1000789230020,식품원료,원료이기에 사용기준 없음,,사용가능,
3234,,마카다미아넛,,A1000789330000,식품원료,원료이기에 사용기준 없음,,사용가능,
3235,QUEENSLAND POWDER,마카다미아분말,,A1000789000001,식품원료,원료이기에 사용기준 없음,,사용가능,
3236,,마카다미아분태,,A1000789000035,식품원료,원료이기에 사용기준 없음,,사용가능,
3237,QUEENSLAND OIL,마카다미아오일,,A1000789000020,식품원료,원료이기에 사용기준 없음,,사용가능,
3238,,마카다미아추출물,,A1000789004500,식품원료,원료이기에 사용기준 없음,,사용가능,
3239,,마카다미아페이스트,,A1000789000033,식품원료,원료이기에 사용기준 없음,,사용가능,
3240,,마카분말,,A1000788000001,식품원료,원료이기에 사용기준 없음,,"제한적사용가능, 별도 확인 필요",
3241,MACA ROOT,마카뿌리,,A1000788610000,식품원료,원료이기에 사용기준 없음,,"제한적사용가능, 별도 확인 필요",
3242,,마카뿌리분말,,A1000788612301,식품원료,원료이기에 사용기준 없음,,"제한적사용가능, 별도 확인 필요",
3243,MACA ROOT EXTRACT,마카뿌리추출물,,A1000788614500,식품원료,원료이기에 사용기준 없음,,"제한적사용가능, 별도 확인 필요",
3244,,마카뿌리추출분말,,A1000788614501,식품원료,원료이기에 사용기준 없음,,"제한적사용가능, 별도 확인 필요",
3245,MACA EXTRACT,마카추출물,,A1000788004500,식품원료,원료이기에 사용기준 없음,,"제한적사용가능, 별도 확인 필요",
3246,Macrococcus caseolyticus,마크로코쿠스카제올리티쿠스,,A5001545000000,식품원료,원료이기에 사용기준 없음,,사용가능,
3247,"MATARI, WILD PLANT",마타리,,A1000790000000,식품원료,원료이기에 사용기준 없음,,사용가능,
3248,MATE,마테,,A1000791000000,식품원료,원료이기에 사용기준 없음,,사용가능,
3249,,마테농축액,,A1000791380814,식품원료,원료이기에 사용기준 없음,,사용가능,
3250,,마테분말,,A1000791000001,식품원료,원료이기에 사용기준 없음,,사용가능,
3251,YERBA MATE TEA,마테잎,,A1000791380000,식품원료,원료이기에 사용기준 없음,,사용가능,
3252,YERBA MATE LEAF OIL,마테잎오일,,A1054155380020,식품원료,원료이기에 사용기준 없음,,사용가능,
3253,,마테추출물,,A1000791384500,식품원료,원료이기에 사용기준 없음,,사용가능,
3254,,마테추출물분말,,A1000791384501,식품원료,원료이기에 사용기준 없음,,사용가능,
3255,MYRTLE LEAVES,마텔잎,,A1000792010000,식품원료,원료이기에 사용기준 없음,,사용불가,
3256,,마플레이크,,A1000772000051,식품원료,원료이기에 사용기준 없음,,사용가능,
3257,MILK PERMEATE,막투과우유,,A2000016008000,식품원료,원료이기에 사용기준 없음,,사용가능,
3258,WHEY PERMEATE,막투과유청,,P0201140108000,식품유형,"사용기준 못찾음, 별도 확인 필요",,"기타, 별도 확인 필요",
3259,LYOPYLLUM ULMARIUM,만가닥버섯,,A1000795B90000,식품원료,원료이기에 사용기준 없음,,사용가능,
3260,D-MANNITOL,만니톨,,B1000354000000,식품첨가물,II. 2. 1)의 규정에 따라 사용하여야 한다.,감미료,"기타, 별도 확인 필요",
3261,,만삼,,A1000798000000,식품원료,원료이기에 사용기준 없음,,"제한적사용가능, 별도 확인 필요",
3262,,만삼뿌리,,A1000798610000,식품원료,원료이기에 사용기준 없음,,"제한적사용가능, 별도 확인 필요",
3263,,만삼추출물,,A1000798614500,식품원료,원료이기에 사용기준 없음,,"제한적사용가능, 별도 확인 필요",
3264,,만새기,,A3000297000000,식품원료,원료이기에 사용기준 없음,,사용가능,
3265,MUSTER-JOHN-HENRY,만수국아재비잎,,A1005024380000,식품원료,원료이기에 사용기준 없음,,사용가능,
3266,,만첩백도열매,,A1005026930000,식품원료,원료이기에 사용기준 없음,,사용가능,
3267,japanese apricot,만첩홍매실,,A1005027000000,식품원료,원료이기에 사용기준 없음,,사용가능,
3268,,말고기,,A2000006070000,식품원료,원료이기에 사용기준 없음,,사용가능,
3269,,말굽버섯,,A1000804000000,식품원료,원료이기에 사용기준 없음,,"제한적사용가능, 별도 확인 필요",
3270,,말똥게,,A3001101000000,식품원료,원료이기에 사용기준 없음,,사용가능,
3271,SEATWORT EXTRACT,말뱅이나물잎추출물,,A1005029384500,식품원료,원료이기에 사용기준 없음,,사용가능,
3272,HORSE BONE,말뼈,,A20000061M0000,식품원료,원료이기에 사용기준 없음,,사용가능,
3273,,말뼈추출물,,A20000061M4512,식품원료,원료이기에 사용기준 없음,,사용가능,
3274,MAGNESIUM MALATE,말산마그네슘(외화획득용 등),,BZ000118000000,식품첨가물,"사용기준 못찾음, 별도 확인 필요",,사용불가,
3275,,말새우,,A3000298000000,식품원료,원료이기에 사용기준 없음,,사용가능,
3276,HORSE PLACENTA POWDER,말태반분말,,A2000006390001,식품원료,원료이기에 사용기준 없음,,사용가능,
3277,HORSE PLACENTA EXTRACT,말태반추출물,,A2000006394500,식품원료,원료이기에 사용기준 없음,,사용가능,
3278,Horse placenta extract powder,말태반추출분말,,A2000006394501,식품원료,원료이기에 사용기준 없음,,사용가능,
3279,MALTOGENIC AMYLASE,말토게닉아밀라아제,,B2000104000000,식품첨가물,II. 2. 1)의 규정에 따라 사용하여야 한다.,효소제,"기타, 별도 확인 필요",
3280,MALTODEXTRIN,말토덱스트린,,P1000004000000,식품유형,"사용기준 못찾음, 별도 확인 필요",,"기타, 별도 확인 필요",
3281,MALTOSE,말토오스,,P1000012000000,식품유형,"사용기준 못찾음, 별도 확인 필요",,"기타, 별도 확인 필요",
3282,,말토올리고당,,P0110040000000,식품유형,"사용기준 못찾음, 별도 확인 필요",,"기타, 별도 확인 필요",
3283,MALTOTRIOHYDROLASE,말토트리오히드로라아제,,B2000607000000,식품첨가물,II. 2. 1)의 규정에 따라 사용하여야 한다.,효소제,"기타, 별도 확인 필요",
3284,MALTOL,말톨,,B1000052000000,식품첨가물,"사용기준 찾음, 별도 확인 필요",향료,"기타, 별도 확인 필요",
3285,MALTITOL SYRUP,말티톨시럽,E965(ii),B1000355000000,식품첨가물,II. 2. 1)의 규정에 따라 사용하여야 한다.,감미료,"기타, 별도 확인 필요",
3286,MANGANESE AAC-외화획득용,망간 아미노산킬레이트(외화획득용),,BZ000027000000,식품첨가물,"사용기준 못찾음, 별도 확인 필요",,사용불가,
3287,MANGO,망고,,A1000812000000,식품원료,원료이기에 사용기준 없음,,사용가능,
3288,MANGO GRANULES,망고과립,,A1000812000043,식품원료,원료이기에 사용기준 없음,,사용가능,
3289,MANGO PULP,망고과육,,A1000812300000,식품원료,원료이기에 사용기준 없음,,사용가능,
3290,,망고과즙,,A1000812000026,식품원료,원료이기에 사용기준 없음,,사용가능,
3291,,망고과즙분말,,A1000812000057,식품원료,원료이기에 사용기준 없음,,사용가능,
3292,,망고나무껍질추출물(외화획득용 등),,AZ000075000000,식품원료,원료이기에 사용기준 없음,,사용불가,
3293,MANGO CONCENTRATE,망고농축,,A1000812000800,식품원료,원료이기에 사용기준 없음,,사용가능,
3294,MANGO CONCENTRATE JUICE,망고농축과즙,,A1000812000826,식품원료,원료이기에 사용기준 없음,,사용가능,
3295,,망고농축분말,,A1000812230801,식품원료,원료이기에 사용기준 없음,,사용가능,
3296,,망고농축액,,A1000812000814,식품원료,원료이기에 사용기준 없음,,사용가능,
3297,MANGO PUREE CONCENTRATE,망고농축퓌레,,A1000812000834,식품원료,원료이기에 사용기준 없음,,사용가능,
3298,,망고다이스,,A1000812000007,식품원료,원료이기에 사용기준 없음,,사용가능,
3299,MANGO POWDER,망고분말,,A1000812000001,식품원료,원료이기에 사용기준 없음,,사용가능,
3300,MANGOSTEEN,망고스틴,,A1000813000000,식품원료,원료이기에 사용기준 없음,,사용가능,
3301,MANGOSTEEN CONCENTRATE JUICE,망고스틴농축과즙,,A1000813000826,식품원료,원료이기에 사용기준 없음,,사용가능,
3302,MANGOSTEEN CONCENTRATE,망고스틴농축물,,A1000813000800,식품원료,원료이기에 사용기준 없음,,사용가능,
3303,MANGOSTEEN POWDER,망고스틴분말,,A1000813000001,식품원료,원료이기에 사용기준 없음,,사용가능,
3304,,망고스틴열매,,A1000813230000,식품원료,원료이기에 사용기준 없음,,사용가능,
3305,,망고스틴열매껍질,,A1000813240000,식품원료,원료이기에 사용기준 없음,,사용불가,
3306,,망고스틴열매껍질추출물(기능성원료인정제2025-13호),,C9001059000000,건강기능식품,"사용기준 못찾음, 별도 확인 필요",,사용가능,
3307,MANGOSTEEN PUREE,망고스틴열매퓨레,,A1000813230034,식품원료,원료이기에 사용기준 없음,,사용가능,
3308,MANGOSTEEN JUICE,망고스틴즙,,A1000813000026,식품원료,원료이기에 사용기준 없음,,사용가능,
3309,MANGOSTEEN EXTRACT,망고스틴추출물,,A1000813004500,식품원료,원료이기에 사용기준 없음,,사용가능,
3310,MANGOSTEEN EXTRACT POWDER,망고스틴추출분말,,A1000813004501,식품원료,원료이기에 사용기준 없음,,사용가능,
3311,MANGO SLICES,망고슬라이스,,A1000812000039,식품원료,원료이기에 사용기준 없음,,사용가능,
3312,,망고시럽,,A1000812000013,식품원료,원료이기에 사용기준 없음,,사용가능,
3313,,망고오일,,A1000812000020,식품원료,원료이기에 사용기준 없음,,사용가능,
3314,,망고잎추출물(외화획득용 등),,AZ000065000000,식품원료,원료이기에 사용기준 없음,,사용불가,
3315,,망고조각,,A1000812230024,식품원료,원료이기에 사용기준 없음,,사용가능,
3316,,망고종자유,,A1000812350000,식품원료,원료이기에 사용기준 없음,,사용가능,
3317,MANGO SEED EXTRACT,망고종자추출물,,A1000812324500,식품원료,원료이기에 사용기준 없음,,사용가능,
3318,MANGO JUICE,망고주스,,A1000812000025,식품원료,원료이기에 사용기준 없음,,사용가능,
3319,MANGO JUICE CONCENTRATE,망고주스농축,,A1000812000825,식품원료,원료이기에 사용기준 없음,,사용가능,
3320,MANGO JUICE POWDER,망고주스분말,,A1000812000069,식품원료,원료이기에 사용기준 없음,,사용가능,
3321,MANGO EXTRACT,망고추출물,,A1000812004500,식품원료,원료이기에 사용기준 없음,,사용가능,
3322,MANGO PASTE,망고페이스트,,A1000812000033,식품원료,원료이기에 사용기준 없음,,사용가능,
3323,MANGO PUREE,망고퓌레,,A1000812000034,식품원료,원료이기에 사용기준 없음,,사용가능,
3324,,망초,,A1000814000000,식품원료,원료이기에 사용기준 없음,,사용가능,
3325,,망태버섯자실체,,A1000815B90000,식품원료,원료이기에 사용기준 없음,,사용가능,
3326,,매가오리,,A3000305000000,식품원료,원료이기에 사용기준 없음,,사용가능,
3327,MARIONBERRY,매리언베리,,A1054145000000,식품원료,원료이기에 사용기준 없음,,"기타, 별도 확인 필요",
3328,"FULVESCENS, SEA WEED",매생이,,A3000868000000,식품원료,원료이기에 사용기준 없음,,사용가능,
3329,MASTIC GUM,매스틱 검(기능성원료인정제2014-50호),,C9000641000000,건강기능식품,"사용기준 못찾음, 별도 확인 필요",,"기타, 별도 확인 필요",
3330,,매실,,A1000816000000,식품원료,원료이기에 사용기준 없음,,사용가능,
3331,JAPANESE APRICOT PULP,매실과육,,A1000816300000,식품원료,원료이기에 사용기준 없음,,사용가능,
3332,,매실과즙,,A1000816000026,식품원료,원료이기에 사용기준 없음,,사용가능,
3333,,매실나무꽃,,A1000817140000,식품원료,원료이기에 사용기준 없음,,사용가능,
3334,,매실나무열매,,A1000817230000,식품원료,원료이기에 사용기준 없음,,사용가능,
3335,,매실농축,,A1000816000800,식품원료,원료이기에 사용기준 없음,,사용가능,
3336,JAPANESE APRICOT CONCENTRATE JUICE,매실농축과즙,,A1000816000826,식품원료,원료이기에 사용기준 없음,,사용가능,
3337,,매실농축액,,A1000816000814,식품원료,원료이기에 사용기준 없음,,사용가능,
3338,,매실발효액,,A1000816001914,식품원료,원료이기에 사용기준 없음,,사용가능,
3339,,매실분말,,A1000816930001,식품원료,원료이기에 사용기준 없음,,사용가능,
3340,,매실시럽,,A1000816930013,식품원료,원료이기에 사용기준 없음,,사용가능,
3341,,매실액,,A1000816000014,식품원료,원료이기에 사용기준 없음,,사용가능,
3342,,매실엑기스,,A1000816000017,식품원료,원료이기에 사용기준 없음,,사용가능,
3343,JAPANESE APRICOT ESSENCE,매실오일,,A1000816000020,식품원료,원료이기에 사용기준 없음,,사용가능,
3344,,매실주스,,A1000816000025,식품원료,원료이기에 사용기준 없음,,사용가능,
3345,,매실주스농축액,,A1000816000825,식품원료,원료이기에 사용기준 없음,,사용가능,
3346,,매실청,,A1000816000030,식품원료,원료이기에 사용기준 없음,,사용가능,
3347,,매실추출물,,A1000816004500,식품원료,원료이기에 사용기준 없음,,사용가능,
3348,UME EXTRACT POWDER,매실추출분말,,A1000816004501,식품원료,원료이기에 사용기준 없음,,사용가능,
3349,,매실추출액,,A1000816004514,식품원료,원료이기에 사용기준 없음,,사용가능,
3350,,매실페이스트,,A1000816000033,식품원료,원료이기에 사용기준 없음,,사용가능,
3351,JAPANESE APRICOT PUREE,매실퓌레,,A1000816000034,식품원료,원료이기에 사용기준 없음,,사용가능,
3352,SPARKING ENOPE SQUID,매오징어,,A3011974000000,식품원료,원료이기에 사용기준 없음,,사용가능,
3353,BARBERRY ROOT DRY EXTRACT(외화획득용 등),매자나무(뿌리)추출물(외화획득용 등),,AZ000025614500,식품원료,원료이기에 사용기준 없음,,사용불가,
3354,"ESO, LIZARDFISH",매퉁이,,A3000310000000,식품원료,원료이기에 사용기준 없음,,사용가능,
3355,"ESO MEAT, LIZARDFISH MEAT",매퉁이어육,,A3000310080000,식품원료,원료이기에 사용기준 없음,,사용가능,
3356,EARLY BARLEY GRASS,맥류약엽(고시형),,C2000011000000,건강기능식품,"사용기준 못찾음, 별도 확인 필요",,"기타, 별도 확인 필요",
3357,,맥류약엽분말(고시형),,C2000011000001,건강기능식품,"사용기준 못찾음, 별도 확인 필요",,"기타, 별도 확인 필요",
3358,TUBER OPHIOPOGONIS,맥문동,,A1000823000000,식품원료,원료이기에 사용기준 없음,,"제한적사용가능, 별도 확인 필요",
3359,,맥문동뿌리,,A1000823610000,식품원료,원료이기에 사용기준 없음,,"제한적사용가능, 별도 확인 필요",
3360,,맥문동추출물,,A1000823614500,식품원료,원료이기에 사용기준 없음,,"제한적사용가능, 별도 확인 필요",
3361,,맥문동추출분말,,A1000823614501,식품원료,원료이기에 사용기준 없음,,"제한적사용가능, 별도 확인 필요",
3362,,맥아,Malt,A1002268000000,식품원료,원료이기에 사용기준 없음,,사용가능,
3363,CONCONTRATED MALT,맥아농축,,A1002268000800,식품원료,원료이기에 사용기준 없음,,사용가능,
3364,,맥아농축액,,A1002268000814,식품원료,원료이기에 사용기준 없음,,사용가능,
3365,MALTOSE,맥아당,,P1000003000000,식품유형,"사용기준 못찾음, 별도 확인 필요",,"기타, 별도 확인 필요",
3366,MALTOSE SYRUP,맥아당시럽,,P1000003000013,식품유형,"사용기준 못찾음, 별도 확인 필요",,"기타, 별도 확인 필요",
3367,MALT POWDER,맥아분말,"BARLEY malt flour, Malted barley flour",A1002268000001,식품원료,원료이기에 사용기준 없음,,사용가능,
3368,,맥아시럽,,A1002268000013,식품원료,원료이기에 사용기준 없음,,사용가능,
3369,,맥아엑기스,,A1002268000017,식품원료,원료이기에 사용기준 없음,,사용가능,
3370,,맥아유,,A1002268000020,식품원료,원료이기에 사용기준 없음,,사용가능,
3371,MALT STARCH,맥아전분,,A1002268000038,식품원료,원료이기에 사용기준 없음,,사용가능,
3372,WORT,맥아즙,,A1002268000026,식품원료,원료이기에 사용기준 없음,,사용가능,
3373,BARLEY MALT EXTRACT,맥아추출물,,A1002268004500,식품원료,원료이기에 사용기준 없음,,사용가능,
3374,MALT EXTRACT POWDER,맥아추출물분말,,A1002268004501,식품원료,원료이기에 사용기준 없음,,사용가능,
3375,,맥아추출액,,A1002268004514,식품원료,원료이기에 사용기준 없음,,사용가능,
3376,BARLEY MALT CRISP,맥아크리스프,,A1002268000076,식품원료,원료이기에 사용기준 없음,,사용가능,
3377,MALTED RYE FLOUR,맥아호밀가루,,A1002820000001,식품원료,원료이기에 사용기준 없음,,사용가능,
3378,,맨드라미,,A1003046140000,식품원료,원료이기에 사용기준 없음,,사용가능,
3379,,맨드라미추출분말,,A1003046144501,식품원료,원료이기에 사용기준 없음,,사용가능,
3380,,머그워트오일,,A1000824000020,식품원료,원료이기에 사용기준 없음,,사용불가,
3381,WILD GRAPE,머루,,A1000825000000,식품원료,원료이기에 사용기준 없음,,사용가능,
3382,,머루열매,,A1000825230000,식품원료,원료이기에 사용기준 없음,,사용가능,
3383,,머루주스,,A1000825000025,식품원료,원료이기에 사용기준 없음,,사용가능,
3384,MUSKMELON,머스크멜론,,A1000826000000,식품원료,원료이기에 사용기준 없음,,사용가능,
3385,MUSKMELON EXTRACT,머스크멜론추출물,,A1000826004500,식품원료,원료이기에 사용기준 없음,,사용가능,
3386,BUTTER BUR,머위,,A1000827000000,식품원료,원료이기에 사용기준 없음,,사용가능,
3387,,머위잎,,A1000827380000,식품원료,원료이기에 사용기준 없음,,사용가능,
3388,BUTTERBUR EXTRACT POWDER,머위추출분말,,A1000827004501,식품원료,원료이기에 사용기준 없음,,사용가능,
3389,,먹물버섯,,A1000828B90000,식품원료,원료이기에 사용기준 없음,,사용가능,
3390,,먹물버섯추출물,,A1000828B94500,식품원료,원료이기에 사용기준 없음,,사용가능,
3391,,멀구슬나무,,A1000829000000,식품원료,원료이기에 사용기준 없음,,사용불가,
3392,MULBERRY COLOR,멀베리색소,,B2000495000000,식품첨가물,"사용기준 못찾음, 별도 확인 필요",,"기타, 별도 확인 필요",
3393,ASIAN RED RASPBERRY,멍덕딸기열매,,A1054204230000,식품원료,원료이기에 사용기준 없음,,사용가능,
3394,ASIAN RED RASPBERRY PUREE,멍덕딸기열매퓌레,,A1054203230034,식품원료,원료이기에 사용기준 없음,,사용가능,
3395,,메기,,A3000314000000,식품원료,원료이기에 사용기준 없음,,사용가능,
3396,메기 분말,메기분말,,A3000314000001,식품원료,원료이기에 사용기준 없음,,사용가능,
3397,MEADOWSWEET,메도우스위트,,A1000836000000,식품원료,원료이기에 사용기준 없음,,사용가능,
3398,,메도우스위트꽃,,A1000836140000,식품원료,원료이기에 사용기준 없음,,사용가능,
3399,,메도우스위트잎분말,,A1000836380001,식품원료,원료이기에 사용기준 없음,,사용가능,
3400,MEADOWSWEET,메도우스위트지상부,,A1000836020000,식품원료,원료이기에 사용기준 없음,,"제한적사용가능, 별도 확인 필요",
3401,MEADOWSWEET EXTRACT,메도우스위트추출물,,A1000836004500,식품원료,원료이기에 사용기준 없음,,사용가능,
3402,BUCKWHEAT,메밀,,A1000837000000,식품원료,원료이기에 사용기준 없음,,사용가능,
3403,BUCKWHEAT POWDER,메밀가루,,A1000837000001,식품원료,원료이기에 사용기준 없음,,사용가능,
3404,BUCKWHEAT GERM POWDER,메밀배아분말,,A1000837A40001,식품원료,원료이기에 사용기준 없음,,사용가능,
3405,BUCKWHEAT FIBER,메밀식이섬유,,A1054160000084,식품원료,원료이기에 사용기준 없음,,사용가능,
3406,,메밀싹,,A1000837C60000,식품원료,원료이기에 사용기준 없음,,사용가능,
3407,,메밀씨앗,,A1000837320000,식품원료,원료이기에 사용기준 없음,,사용가능,
3408,,메밀잎,,A1000837380000,식품원료,원료이기에 사용기준 없음,,사용가능,
3409,BUCKWHEAT EXTRACT,메밀추출물,,A1000837004500,식품원료,원료이기에 사용기준 없음,,사용가능,
3410,BUCKWHEAT FLAKE,메밀플레이크,Buckwheat Flakes,A1000837000051,식품원료,원료이기에 사용기준 없음,,사용가능,
3411,,메추리알,,A20000072B0000,식품원료,원료이기에 사용기준 없음,,사용가능,
3412,PANGASIUS FISH (SUTCHI CATFISH),메콩강큰메기,,A3000041000000,식품원료,원료이기에 사용기준 없음,,사용가능,
3413,PANGASIUS FISH (SUTCHI CATFISH) SKIN,메콩강큰메기껍질,,A3011911030000,식품원료,원료이기에 사용기준 없음,,사용가능,
3414,SUTCHI CATFISH GUT,메콩강큰메기내장,,A3000041060000,식품원료,원료이기에 사용기준 없음,,사용가능,
3415,PANGASIUS FISH (SUTCHI CATFISH) MAW,메콩강큰메기위,,A3011916220000,식품원료,원료이기에 사용기준 없음,,사용가능,
3416,SODIUM METASILICATE,메타규산나트륨,,B1000417000000,식품첨가물,"사용기준 찾음, 별도 확인 필요",여과보조제,"기타, 별도 확인 필요",
3417,SODIUM METAPHOSPHATE,메타인산나트륨,"Sodium hexametaphosphate,Sodium tetrapolyphosphate",B1000054000000,식품첨가물,II. 2. 1)의 규정에 따라 사용하여야 한다.,산도조절제,"기타, 별도 확인 필요",
3418,POTASSIUM METAPHOSPHATE,메타인산칼륨,,B1000055000000,식품첨가물,II. 2. 1)의 규정에 따라 사용하여야 한다.,산도조절제,"기타, 별도 확인 필요",
3419,SODIUM METABISULFITE,메타중아황산나트륨,,B1000333000000,식품첨가물,"사용기준 찾음, 별도 확인 필요",표백제,"기타, 별도 확인 필요",
3420,POTASSIUM METABISULFITE,메타중아황산칼륨,,B1000056000000,식품첨가물,"사용기준 찾음, 별도 확인 필요",표백제,"기타, 별도 확인 필요",
3421,SODIUM METHOXIDE,메톡사이드나트륨,,B1000334000000,식품첨가물,"사용기준 찾음, 별도 확인 필요",제조용제,"기타, 별도 확인 필요",
3422,METHYL BETA-NAPHTHYL KETONE,메틸 β-나프틸케톤,,B1000059000000,식품첨가물,"사용기준 못찾음, 별도 확인 필요",,"기타, 별도 확인 필요",
3423,METHYLMETHACRYLATE-ACRYLONITRILE-BUTADIENE-STYRENE COPOLYMER,메틸메타크릴레이트-아크릴로니트릴-부타디엔-스티렌 공중합체,,D1000030000000,기구 및 용기포장,"사용기준 못찾음, 별도 확인 필요",,"기타, 별도 확인 필요",
3424,METHYL CELLULOSE,메틸셀룰로스,E461,B1003592000000,식품첨가물,II. 2. 1)의 규정에 따라 사용하여야 한다.,증점제,"기타, 별도 확인 필요",
3425,,메틸알콜,,B1000431000000,식품첨가물,"사용기준 찾음, 별도 확인 필요",추출용제,"기타, 별도 확인 필요",
3426,METHYLETHYLCELLULOSE,메틸에틸셀룰로스,,B1003597000000,식품첨가물,II. 2. 1)의 규정에 따라 사용하여야 한다.,증점제,"기타, 별도 확인 필요",
3427,"(6S)-5-Methyltetrahydrofolic acid, Glucosamine Salt",메틸테트라히드로엽산글루코사민,,B1003642000000,식품첨가물,"사용기준 찾음, 별도 확인 필요",영양강화제,"기타, 별도 확인 필요",
3428,METAFOLIN,메틸테트라히드로엽산칼슘,,B9000004000000,식품첨가물,"사용기준 못찾음, 별도 확인 필요",,사용불가,
3429,CHIA(MEXICAN CHIA) SEED,멕시칸치아씨앗,,A1000838320000,식품원료,원료이기에 사용기준 없음,,사용가능,
3430,MEXICAN CHIA SEED POWDER,멕시칸치아씨앗분말,,A1054190320001,식품원료,원료이기에 사용기준 없음,,사용가능,
3431,MELAMINE-FORMALDEHYDE RESIN,멜라민수지,,D1000008000000,기구 및 용기포장,"사용기준 못찾음, 별도 확인 필요",,"기타, 별도 확인 필요",
3432,MELATONIN,멜라토닌(외화획득용 원료),,BZ000005000000,식품첨가물,"사용기준 못찾음, 별도 확인 필요",,사용불가,
3433,,멜라토닌분말,,A6000142000001,식품원료,원료이기에 사용기준 없음,,사용불가,
3434,MELON,멜론,,A1000840000000,식품원료,원료이기에 사용기준 없음,,사용가능,
3435,MELON PULP,멜론과육,,A1000840300000,식품원료,원료이기에 사용기준 없음,,사용가능,
3436,,멜론과즙,,A1000840000026,식품원료,원료이기에 사용기준 없음,,사용가능,
3437,,멜론농축과즙액,,A1000840000826,식품원료,원료이기에 사용기준 없음,,사용가능,
3438,,멜론농축분말,,A1000840000801,식품원료,원료이기에 사용기준 없음,,사용가능,
3439,,멜론농축액,,A1000840000814,식품원료,원료이기에 사용기준 없음,,사용가능,
3440,CONCENTRATED MELON JUICE,멜론농축주스,,A1000840000825,식품원료,원료이기에 사용기준 없음,,사용가능,
3441,,멜론분말,,A1000840000001,식품원료,원료이기에 사용기준 없음,,사용가능,
3442,,멜론시럽,,A1000840000013,식품원료,원료이기에 사용기준 없음,,사용가능,
3443,MELON SEED,멜론씨앗,,A1000840320000,식품원료,원료이기에 사용기준 없음,,사용가능,
3444,MELON OIL,멜론오일,,A1000840000020,식품원료,원료이기에 사용기준 없음,,사용가능,
3445,MELON JUICE,멜론주스,,A1000840000025,식품원료,원료이기에 사용기준 없음,,사용가능,
3446,Melon distillate,멜론증류액,,A1000840006914,식품원료,원료이기에 사용기준 없음,,사용가능,
3447,MELON EXTRACT,멜론추출물,,A1000840004500,식품원료,원료이기에 사용기준 없음,,사용가능,
3448,,멜론추출물분말,,A1000840004501,식품원료,원료이기에 사용기준 없음,,사용가능,
3449,MELON PASTE,멜론페이스트,,A1000840000033,식품원료,원료이기에 사용기준 없음,,사용가능,
3450,MELON PUREE,멜론퓌레,,A1000840000034,식품원료,원료이기에 사용기준 없음,,사용가능,
3451,MELINDJO,멜린조꽃,,A1000841140000,식품원료,원료이기에 사용기준 없음,,사용가능,
3452,MELINDJO SEED,멜린조씨앗,,A1000841320000,식품원료,원료이기에 사용기준 없음,,사용가능,
3453,PADDY RICE,멥쌀,,A1002156000000,식품원료,원료이기에 사용기준 없음,,사용가능,
3454,,멥쌀가루,,A1002156000001,식품원료,원료이기에 사용기준 없음,,사용가능,
3455,NONGLUTINOUS RICE STARCH,멥쌀전분,,A1002156000038,식품원료,원료이기에 사용기준 없음,,사용가능,
3456,,멥쌀튀밥,,A1002156003600,식품원료,원료이기에 사용기준 없음,,사용가능,
3457,OVINE THYMUS,면양흉선,,A2000012420000,식품원료,원료이기에 사용기준 없음,,사용가능,
3458,ANCHOVY,멸치,,A3000315000000,식품원료,원료이기에 사용기준 없음,,사용가능,
3459,HYDROLYZED ANCHOVY PROTEIN,멸치가수분해단백질,,A3000315000208,식품원료,원료이기에 사용기준 없음,,사용가능,
3460,,멸치농축액,,A3000315000814,식품원료,원료이기에 사용기준 없음,,사용가능,
3461,,멸치농축액분말,,A3000315000801,식품원료,원료이기에 사용기준 없음,,사용가능,
3462,ROASTED ANCHOVY,멸치볶음,,A3000315002200,식품원료,원료이기에 사용기준 없음,,사용가능,
3463,ANCHOVY POWDER,멸치분말,,A3000315000001,식품원료,원료이기에 사용기준 없음,,사용가능,
3464,ANCHOVY JUICE,멸치액,,A3000315000014,식품원료,원료이기에 사용기준 없음,,사용가능,
3465,,멸치어유,,A3000315010020,식품원료,원료이기에 사용기준 없음,,사용가능,
3466,,멸치엑기스,,A3000315000017,식품원료,원료이기에 사용기준 없음,,사용가능,
3467,ANCHOVY OIL,멸치오일,,A3000315000020,식품원료,원료이기에 사용기준 없음,,사용가능,
3468,,멸치육수,,A3000315000023,식품원료,원료이기에 사용기준 없음,,사용가능,
3469,ANCHOVY SALTED LIQUID,멸치젓,,A3000315012B03,식품원료,원료이기에 사용기준 없음,,사용가능,
3470,ANCHOVY EXTRACT,멸치추출물,,A3000315004500,식품원료,원료이기에 사용기준 없음,,사용가능,
3471,ANCHOVY EXTRACT POWDER,멸치추출물분말,,A3000315004501,식품원료,원료이기에 사용기준 없음,,사용가능,
3472,,멸치추출액,,A3000315004514,식품원료,원료이기에 사용기준 없음,,사용가능,
3473,ANCHOVY PASTE,멸치페이스트,,A3000315000033,식품원료,원료이기에 사용기준 없음,,사용가능,
3474,,명일엽,,A1000846000000,식품원료,원료이기에 사용기준 없음,,사용가능,
3475,ANGELICKA JUICE CONCENTRATE,명일엽농축물,,A1000846000800,식품원료,원료이기에 사용기준 없음,,사용가능,
3476,,명일엽분말,,A1000846000001,식품원료,원료이기에 사용기준 없음,,사용가능,
3477,,명일엽잎,,A1000846380000,식품원료,원료이기에 사용기준 없음,,사용가능,
3478,,명일엽추출,,A1000846004500,식품원료,원료이기에 사용기준 없음,,사용가능,
3479,,명일엽추출분말,,A1000846004501,식품원료,원료이기에 사용기준 없음,,사용가능,
3480,"POLLACK, WALLEYE POLLACK",명태,,A3000316000000,식품원료,원료이기에 사용기준 없음,,사용가능,
3481,POLLACK LIVER,명태간,,A3000316200000,식품원료,원료이기에 사용기준 없음,,사용가능,
3482,,명태내장,,A3000316060000,식품원료,원료이기에 사용기준 없음,,사용가능,
3483,,명태뼈,,A3000316070000,식품원료,원료이기에 사용기준 없음,,사용가능,
3484,MINCED POLLACK,명태살,,A3000316080000,식품원료,원료이기에 사용기준 없음,,사용가능,
3485,,명태알,,A3000316050000,식품원료,원료이기에 사용기준 없음,,사용가능,
3486,,명태알분말,,A3000316050001,식품원료,원료이기에 사용기준 없음,,사용가능,
3487,,명태엑기스,,A3000316000017,식품원료,원료이기에 사용기준 없음,,사용가능,
3488,,명태채,,A3000316000029,식품원료,원료이기에 사용기준 없음,,사용가능,
3489,,명태추출물,,A3000316004500,식품원료,원료이기에 사용기준 없음,,사용가능,
3490,,명태페이스트,,A3000316000033,식품원료,원료이기에 사용기준 없음,,사용가능,
3491,CHINESE QUINCE,모과,,A1000847000000,식품원료,원료이기에 사용기준 없음,,사용가능,
3492,,모과나무열매,,A1000848230000,식품원료,원료이기에 사용기준 없음,,사용가능,
3493,,모과농축액,,A1000847000814,식품원료,원료이기에 사용기준 없음,,사용가능,
3494,,모과열매,,A1000847230000,식품원료,원료이기에 사용기준 없음,,사용가능,
3495,CHINESE QUINCE PURRE,모과열매퓨레,,A1000847230034,식품원료,원료이기에 사용기준 없음,,사용가능,
3496,CHINESE QUINCE JUICE,모과주스,,A1000847000025,식품원료,원료이기에 사용기준 없음,,사용가능,
3497,CHINESE QUINCE EXTRACT,모과추출물,,A1000847004500,식품원료,원료이기에 사용기준 없음,,사용가능,
3498,,모과추출물분말,,A1000847004501,식품원료,원료이기에 사용기준 없음,,사용가능,
3499,CHINESE QUINCE PASTE,모과페이스트,,A1054055230033,식품원료,원료이기에 사용기준 없음,,사용가능,
3500,MONOMETHYLSILANETRIOL(Organic Silicon),모노메틸실란트리올(외화획득용 등),,BZ000108000000,식품첨가물,"사용기준 못찾음, 별도 확인 필요",,사용불가,
3501,Paeonia suffruiticosa Andr.,모란꽃잎,,A1000849170000,식품원료,원료이기에 사용기준 없음,,사용가능,
3502,SANDBIRD OCTOPUS,모래주꾸미,,A3012026000000,식품원료,원료이기에 사용기준 없음,,사용가능,
3503,MOROSIL,모로오렌지추출분말(기능성원료인정제2021-7호),,C9001007000000,건강기능식품,"사용기준 못찾음, 별도 확인 필요",,"기타, 별도 확인 필요",
3504,,모시잎,,A1000856380000,식품원료,원료이기에 사용기준 없음,,사용가능,
3505,,모시풀,,A1000856000000,식품원료,원료이기에 사용기준 없음,,사용가능,
3506,,모자반,,A3000869000000,식품원료,원료이기에 사용기준 없음,,사용가능,
3507,MORCHELLA CONICA,모첼라코니카,,A1054205B90000,식품원료,원료이기에 사용기준 없음,,"제한적사용가능, 별도 확인 필요",
3508,MAGNOLIA FLOWER,목련꽃잎,,A1000859170000,식품원료,원료이기에 사용기준 없음,,사용가능,
3509,Mokryeon Flower Extract,목련꽃잎추출물,,A1000859174500,식품원료,원료이기에 사용기준 없음,,사용가능,
3510,,목별열매,,A1000861230000,식품원료,원료이기에 사용기준 없음,,사용가능,
3511,GAC,목별열매분말,,A1000861230001,식품원료,원료이기에 사용기준 없음,,사용가능,
3512,GAC OIL,목별열매오일,,A1000861230020,식품원료,원료이기에 사용기준 없음,,사용가능,
3513,GAC FRUIT JUICE,목별열매주스,,A1000861230025,식품원료,원료이기에 사용기준 없음,,사용가능,
3514,GAC PUREE,목별열매퓨레,,A1000861230034,식품원료,원료이기에 사용기준 없음,,사용가능,
3515,OSMANTHUS FRAGRANS LOUR,목서꽃,,A1000862140000,식품원료,원료이기에 사용기준 없음,,사용가능,
3516,CHINESE EAR FUNGUS,목이버섯,,A1000863B90000,식품원료,원료이기에 사용기준 없음,,사용가능,
3517,CHINESE EAR FUNGUS EXTRACT,목이버섯추출물,,A1000863B94500,식품원료,원료이기에 사용기준 없음,,사용가능,
3518,WOOD(EPOXY RESIN COATING),목재류(에폭시수지도장),,D6000002B80000,기구 및 용기포장,"사용기준 못찾음, 별도 확인 필요",,"기타, 별도 확인 필요",
3519,,목향,,A1000868610000,식품원료,원료이기에 사용기준 없음,,사용불가,
3520,Five-leaved chaste tree,목형(외화획득용 등),,AZ000059000000,식품원료,원료이기에 사용기준 없음,,사용불가,
3521,COTTON FLOWER,목화,,A1000869000000,식품원료,원료이기에 사용기준 없음,,"제한적사용가능, 별도 확인 필요",
3522,COTTON SEED,목화씨앗,,A1000869320000,식품원료,원료이기에 사용기준 없음,,"제한적사용가능, 별도 확인 필요",
3523,HYDROGENATED COTTON SEED OIL,목화씨앗경화유,,A1000869327320,식품원료,원료이기에 사용기준 없음,,"제한적사용가능, 별도 확인 필요",
3524,PARTICIALLY HYDROGENATED COTTON SEED OIL,목화씨앗부분경화유,,A1000869327920,식품원료,원료이기에 사용기준 없음,,"제한적사용가능, 별도 확인 필요",
3525,COTTONSEED FIBER,목화씨앗식이섬유,,A1000869320084,식품원료,원료이기에 사용기준 없음,,"제한적사용가능, 별도 확인 필요",
3526,COTTON SEED OIL,목화씨앗유,,A1000869320020,식품원료,원료이기에 사용기준 없음,,"제한적사용가능, 별도 확인 필요",
3527,COTTON SEED OIL POWDER,목화씨앗유분말,,A1000869320092,식품원료,원료이기에 사용기준 없음,,"제한적사용가능, 별도 확인 필요",
3528,CORCHORUS OLITORIUS,몰로키아,,A1000870000000,식품원료,원료이기에 사용기준 없음,,사용가능,
3529,,몰로키아가루,,A1000870380001,식품원료,원료이기에 사용기준 없음,,사용가능,
3530,,몰로키아잎,,A1000870380000,식품원료,원료이기에 사용기준 없음,,사용가능,
3531,MOLYBDENUM TRITURATE-외화획득용,몰리브덴(외화획득용),,BZ000025000000,식품첨가물,"사용기준 못찾음, 별도 확인 필요",,사용불가,
3532,몰리브덴산나트륨,몰리브덴산나트륨,,B1000435000000,식품첨가물,"사용기준 찾음, 별도 확인 필요",영양강화제,"기타, 별도 확인 필요",
3533,AMMONIUM MOLYBDATE,몰리브덴산암모늄,,B1000427000000,식품첨가물,"사용기준 찾음, 별도 확인 필요",영양강화제,"기타, 별도 확인 필요",
3534,GALLIC ACID,몰식자산,,B2000128000000,식품첨가물,II. 2. 1)의 규정에 따라 사용하여야 한다.,산화방지제,"기타, 별도 확인 필요",
3535,PROPYL GALLATE,몰식자산프로필,,B1000064000000,식품첨가물,"사용기준 찾음, 별도 확인 필요",산화방지제,"기타, 별도 확인 필요",
3536,MYRRH,몰약,,A1000871000000,식품원료,원료이기에 사용기준 없음,,사용가능,
3537,,몰약고무수지,,A1000871130000,식품원료,원료이기에 사용기준 없음,,사용가능,
3538,MYRRH OIL,몰약오일,,A1000871000020,식품원료,원료이기에 사용기준 없음,,사용가능,
3539,MYRRHA EXTRACT,몰약추출물,,A1054031004500,식품원료,원료이기에 사용기준 없음,,사용가능,
3540,MORPHOLINE SALTS OF FATTY ACIDS,몰포린지방산염,,B1000065000000,식품첨가물,"사용기준 찾음, 별도 확인 필요",피막제,"기타, 별도 확인 필요",
3541,,몽고뽕나무열매,,A1005041230000,식품원료,원료이기에 사용기준 없음,,사용가능,
3542,,몽치다래,,A3000322000000,식품원료,원료이기에 사용기준 없음,,사용가능,
3543,,몽치다래추출물,,A3000322004500,식품원료,원료이기에 사용기준 없음,,사용가능,
3544,RADISH,무,,A1000872000000,식품원료,원료이기에 사용기준 없음,,사용가능,
3545,ROSE OF SHARON,무궁화,,A1002665000000,식품원료,원료이기에 사용기준 없음,,사용가능,
3546,MUGUNGHWA FLOWER LEAVES EXTRACT POWDER,무궁화꽃잎추출분말,,A1002665174501,식품원료,원료이기에 사용기준 없음,,사용가능,
3547,HIBISCUS COLOR,무궁화색소,,B2000129000000,식품첨가물,"사용기준 찾음, 별도 확인 필요",착색료,"기타, 별도 확인 필요",
3548,RADISH CONCENTRATE,무농축액,,A1000872000814,식품원료,원료이기에 사용기준 없음,,사용가능,
3549,,무늬둥굴레뿌리줄기,,A1000873620000,식품원료,원료이기에 사용기준 없음,,사용가능,
3550,ITTEN FUEDAI,무늬퉁돔,,A3000325000000,식품원료,원료이기에 사용기준 없음,,사용가능,
3551,,무말랭이,,A1003001000400,식품원료,원료이기에 사용기준 없음,,사용가능,
3552,,무분말,,A1000872000001,식품원료,원료이기에 사용기준 없음,,사용가능,
3553,CITRIC ACID ANHYDROUS,무수구연산,,B1003530000201,식품첨가물,"사용기준 못찾음, 별도 확인 필요",,"기타, 별도 확인 필요",
3554,SULFUR DIOXIDE,무수아황산,,B1000066000000,식품첨가물,"사용기준 찾음, 별도 확인 필요",표백제,"기타, 별도 확인 필요",
3555,,무순,,A1000872880000,식품원료,원료이기에 사용기준 없음,,사용가능,
3556,,무씨앗,,A1000872320000,식품원료,원료이기에 사용기준 없음,,사용가능,
3557,,무이라푸아마(외화획득용 등),,AZ000074000000,식품원료,원료이기에 사용기준 없음,,사용불가,
3558,RADISH LEAF,무잎,,A1000872380000,식품원료,원료이기에 사용기준 없음,,사용가능,
3559,무우청추출물,무잎추출물,,A1000872384500,식품원료,원료이기에 사용기준 없음,,사용가능,
3560,FERMENTED RADISH STEM EXTRACT,무잎추출액,,A1000872384514,식품원료,원료이기에 사용기준 없음,,사용가능,
3561,,무주스,,A1000872000025,식품원료,원료이기에 사용기준 없음,,사용가능,
3562,,무주스농축액,,A1000872000825,식품원료,원료이기에 사용기준 없음,,사용가능,
3563,RADISH JUICE,무즙,,A1000872000026,식품원료,원료이기에 사용기준 없음,,사용가능,
3564,,무즙농축액,,A1000872000826,식품원료,원료이기에 사용기준 없음,,사용가능,
3565,,무즙분말,,A1000872610057,식품원료,원료이기에 사용기준 없음,,사용가능,
3566,,무지개송어,,A3000329000000,식품원료,원료이기에 사용기준 없음,,사용가능,
3567,무지방우유,무지방우유,,P0201020600000,식품유형,"사용기준 못찾음, 별도 확인 필요",,"기타, 별도 확인 필요",
3568,NON-FAT COCOA(CACAO) SOLID,무지방카카오고형분,,A1003061009304,식품원료,원료이기에 사용기준 없음,,사용가능,
3569,GLASSES,무착색유리제,,D7000001100000,기구 및 용기포장,"사용기준 못찾음, 별도 확인 필요",,"기타, 별도 확인 필요",
3570,,무착색유리제(가열조리용),,D7000001110000,기구 및 용기포장,"사용기준 못찾음, 별도 확인 필요",,"기타, 별도 확인 필요",
3571,,"무착색유리제(가열조리용, 납함유크리스탈)",,D7000001120000,기구 및 용기포장,"사용기준 못찾음, 별도 확인 필요",,"기타, 별도 확인 필요",
3572,GLASSES(CRYSTAL CONTAINING LEAD),무착색유리제(납함유크리스탈),,D7000001130000,기구 및 용기포장,"사용기준 못찾음, 별도 확인 필요",,"기타, 별도 확인 필요",
3573,,무채,,A1000872000029,식품원료,원료이기에 사용기준 없음,,사용가능,
3574,,무추출물,,A1000872004500,식품원료,원료이기에 사용기준 없음,,사용가능,
3575,FIG,무화과,,A1000878000000,식품원료,원료이기에 사용기준 없음,,사용가능,
3576,,무화과농축,,A1000878000800,식품원료,원료이기에 사용기준 없음,,사용가능,
3577,,무화과농축액,,A1000878000814,식품원료,원료이기에 사용기준 없음,,사용가능,
3578,,무화과분말,,A1000878000001,식품원료,원료이기에 사용기준 없음,,사용가능,
3579,FIG SEED,무화과씨앗,,A1000878320000,식품원료,원료이기에 사용기준 없음,,사용가능,
3580,,무화과열매,,A1000878230000,식품원료,원료이기에 사용기준 없음,,사용가능,
3581,,무화과열매추출물,,A1000878234512,식품원료,원료이기에 사용기준 없음,,사용가능,
3582,,무화과주스,,A1000878000025,식품원료,원료이기에 사용기준 없음,,사용가능,
3583,FIG JUICE CONCENTRATE,무화과주스농축,,A1053966000825,식품원료,원료이기에 사용기준 없음,,사용가능,
3584,,무화과페이스트,,A1000878000033,식품원료,원료이기에 사용기준 없음,,사용가능,
3585,,무화과퓌레,,A1000878000034,식품원료,원료이기에 사용기준 없음,,사용가능,
3586,,문어,,A3000332000000,식품원료,원료이기에 사용기준 없음,,사용가능,
3587,OCTOPUS POWDER,문어가루,,A3000332000001,식품원료,원료이기에 사용기준 없음,,사용가능,
3588,OCTOPUS SUCKER,문어빨판,,A3000332320000,식품원료,원료이기에 사용기준 없음,,사용가능,
3589,,문어살,,A3000332080000,식품원료,원료이기에 사용기준 없음,,사용가능,
3590,OCTOPUS EXTRACT,문어추출물,,A3000332004500,식품원료,원료이기에 사용기준 없음,,사용가능,
3591,,문절망둑,,A3000333000000,식품원료,원료이기에 사용기준 없음,,사용가능,
3592,"SHOTTED HALIBUT, ROUNDNOSE FLOUNDER",물가자미,,A3000335000000,식품원료,원료이기에 사용기준 없음,,사용가능,
3593,,물개,,A4000022000000,식품원료,원료이기에 사용기준 없음,,사용불가,
3594,SEAL OIL,물개오일,,A4000022000020,식품원료,원료이기에 사용기준 없음,,사용불가,
3595,WATER CRESS,물냉이,,A1000880000000,식품원료,원료이기에 사용기준 없음,,사용가능,
3596,WATER CRESS CONCENTRATE,물냉이농축물,,A1000880000800,식품원료,원료이기에 사용기준 없음,,사용가능,
3597,WATER CRESS FLOUR (POWDER),물냉이분말,,A1000880000001,식품원료,원료이기에 사용기준 없음,,사용가능,
3598,,물냉이잎,,A1000880380000,식품원료,원료이기에 사용기준 없음,,사용가능,
3599,WATER CRESS JUICE,물냉이주스,,A1000880000025,식품원료,원료이기에 사용기준 없음,,사용가능,
3600,WATER CRESS EXTRACT,물냉이추출물,,A1000880004500,식품원료,원료이기에 사용기준 없음,,사용가능,
3601,,물레고둥,,A3000337000000,식품원료,원료이기에 사용기준 없음,,사용가능,
3602,,물레나물,,A1000881000000,식품원료,원료이기에 사용기준 없음,,사용가능,
3603,,물망초꽃,,A1000882140000,식품원료,원료이기에 사용기준 없음,,사용가능,
3604,,물메기,,A3000339000000,식품원료,원료이기에 사용기준 없음,,사용가능,
3605,ARTEMISIA,물쑥,,A1000886000000,식품원료,원료이기에 사용기준 없음,,사용가능,
3606,,물엿,,P0108010000000,식품유형,"사용기준 못찾음, 별도 확인 필요",,"기타, 별도 확인 필요",
3607,,물엿분말,,P0108010000001,식품유형,"사용기준 못찾음, 별도 확인 필요",,"기타, 별도 확인 필요",
3608,BOMBAY DUCK,물천구,,A3000340000000,식품원료,원료이기에 사용기준 없음,,사용가능,
3609,,물치다래,,A3000341000000,식품원료,원료이기에 사용기준 없음,,사용가능,
3610,,물치다래분말,,A3000341000001,식품원료,원료이기에 사용기준 없음,,사용가능,
3611,MUCIN,뮤신,,B2000110000000,식품첨가물,II. 2. 1)의 규정에 따라 사용하여야 한다.,영양강화제,"기타, 별도 확인 필요",
3612,,뮤코다당·단백(고시형),,C2000094000000,건강기능식품,"사용기준 못찾음, 별도 확인 필요",,"기타, 별도 확인 필요",
3613,,미강유(현미유),,A1001332C58520,식품원료,원료이기에 사용기준 없음,,사용가능,
3614,미국비름,미국비름,,A1005050000000,식품원료,원료이기에 사용기준 없음,,사용가능,
3615,,미국산수유열매,,A1003086230000,식품원료,원료이기에 사용기준 없음,,사용가능,
3616,AMERICAN GINSENG,미국삼,,A1000892000000,식품원료,원료이기에 사용기준 없음,,사용가능,
3617,,미국삼뿌리,,A1000892610000,식품원료,원료이기에 사용기준 없음,,사용가능,
3618,american ginseng extract,미국삼추출물,,A1000892004500,식품원료,원료이기에 사용기준 없음,,사용가능,
3619,,미꾸라지,,A3000345000000,식품원료,원료이기에 사용기준 없음,,사용가능,
3620,미끈가지,미끈가지,,A1000893010000,식품원료,원료이기에 사용기준 없음,,사용가능,
3621,WATER DROPWART,미나리,,A1000894000000,식품원료,원료이기에 사용기준 없음,,사용가능,
3622,WATER DROPWART EXTRACT,미나리추출물,,A1000894004500,식품원료,원료이기에 사용기준 없음,,사용가능,
3623,,미더덕엑기스분말,,A3000347000018,식품원료,원료이기에 사용기준 없음,,사용가능,
3624,BILBERRY,미르틸루스산앵도,,A1003117000000,식품원료,원료이기에 사용기준 없음,,사용가능,
3625,BILBERRY CONCENTRATE,미르틸루스산앵도농축,,A1003117000800,식품원료,원료이기에 사용기준 없음,,사용가능,
3626,BILLBERRY CONCENTRATED JUICE,미르틸루스산앵도농축액,,A1003117000814,식품원료,원료이기에 사용기준 없음,,사용가능,
3627,BILBERRY POWDER,미르틸루스산앵도분말,,A1003117000001,식품원료,원료이기에 사용기준 없음,,사용가능,
3628,VACCINIUM MYRTILLUS FRUIT BILBERRY,미르틸루스산앵도열매,,A1003117230000,식품원료,원료이기에 사용기준 없음,,사용가능,
3629,,미르틸루스산앵도열매추출물,,A1003117234512,식품원료,원료이기에 사용기준 없음,,사용가능,
3630,,미르틸루스산앵도열매추출물분말,,A1003117234501,식품원료,원료이기에 사용기준 없음,,사용가능,
3631,,미르틸루스산앵도열매추출액,,A1003117234500,식품원료,원료이기에 사용기준 없음,,사용가능,
3632,BILBERRY JUICE,미르틸루스산앵도주스,,A1003117230025,식품원료,원료이기에 사용기준 없음,,사용가능,
3633,BILBERRY FRUIT EXTRACT,미르틸루스산앵도주스추출,,A1003117234525,식품원료,원료이기에 사용기준 없음,,사용가능,
3634,BILBERRY EXTRACT,미르틸루스산앵도추출물,,A1003117004500,식품원료,원료이기에 사용기준 없음,,사용가능,
3635,BILBERRY EXTRACT POWDER,미르틸루스산앵도추출물분말,,A1003117004501,식품원료,원료이기에 사용기준 없음,,사용가능,
3636,BILBERRY PUREE,미르틸루스산앵도퓌레,,A1003117230034,식품원료,원료이기에 사용기준 없음,,사용가능,
3637,,미리갈잉어,,A3000348000000,식품원료,원료이기에 사용기준 없음,,사용가능,
3638,MRIGAL CARP,미리갈잉어알,,A3000348050000,식품원료,원료이기에 사용기준 없음,,사용가능,
3639,MYRISTIC ACID,미리스트산,,B2000186000000,식품첨가물,II. 2. 1)의 규정에 따라 사용하여야 한다.,거품제거제,"기타, 별도 확인 필요",
3640,,미삼,,A1002504000000,식품원료,원료이기에 사용기준 없음,,사용가능,
3641,,미삼뿌리,,A1002504610000,식품원료,원료이기에 사용기준 없음,,사용가능,
3642,MICROFIBRILLATED CELLULOSE,미세섬유상셀룰로스,,B1003602000000,식품첨가물,II. 2. 1)의 규정에 따라 사용하여야 한다.,증점제,"기타, 별도 확인 필요",
3643,,미송나무잎,,A1000896380000,식품원료,원료이기에 사용기준 없음,,사용가능,
3644,"Rohu, Roho labeo",미얀마잉어,,A3000349000000,식품원료,원료이기에 사용기준 없음,,사용가능,
3645,SEA MUSTARD(BROWN SEAWEED),미역,,A3000871000000,식품원료,원료이기에 사용기준 없음,,사용가능,
3646,,미역 등 복합추출물(잔티젠)(기능성원료 인정 제2013-10호),,C9000436000000,건강기능식품,"사용기준 못찾음, 별도 확인 필요",,"기타, 별도 확인 필요",
3647,,미역귀,,A3000871140000,식품원료,원료이기에 사용기준 없음,,사용가능,
3648,,미역귀분말,,A3000871140001,식품원료,원료이기에 사용기준 없음,,사용가능,
3649,,미역귀추출분말,,A3000871144501,식품원료,원료이기에 사용기준 없음,,사용가능,
3650,SEA MUSTARD(BROWN SEAWEED) POWDER,미역분말,,A3000871000001,식품원료,원료이기에 사용기준 없음,,사용가능,
3651,,미역줄기,,A3000871120000,식품원료,원료이기에 사용기준 없음,,사용가능,
3652,SEA MUSTARD(BROWN SEAWEED) EXTRACT,미역추출물,,A3000871004500,식품원료,원료이기에 사용기준 없음,,사용가능,
3653,GOLDENROD,미역취,,A1000897000000,식품원료,원료이기에 사용기준 없음,,사용가능,
3654,SEAWEED FLAKE,미역플레이크,,A3000871000051,식품원료,원료이기에 사용기준 없음,,사용가능,
3655,,민꽃게,,A3000352000000,식품원료,원료이기에 사용기준 없음,,사용가능,
3656,,민달고기,,A3000353000000,식품원료,원료이기에 사용기준 없음,,사용가능,
3657,,민대구,,A3001160010000,식품원료,원료이기에 사용기준 없음,,사용가능,
3658,,민대구어육,,A3001160080000,식품원료,원료이기에 사용기준 없음,,사용가능,
3659,MONGOLIAN DANDELION,민들레,,A1000902000000,식품원료,원료이기에 사용기준 없음,,사용가능,
3660,,민들레분말,,A1000902000001,식품원료,원료이기에 사용기준 없음,,사용가능,
3661,,민들레뿌리,,A1000902610000,식품원료,원료이기에 사용기준 없음,,사용가능,
3662,MONGOLIAN DANDELION ROOT EXTRACT,민들레뿌리추출물,,A1000902614500,식품원료,원료이기에 사용기준 없음,,사용가능,
3663,,민들레잎,,A1000902380000,식품원료,원료이기에 사용기준 없음,,사용가능,
3664,,민들레추출물분말,,A1000902004501,식품원료,원료이기에 사용기준 없음,,사용가능,
3665,,민물송어,,A3001108000000,식품원료,원료이기에 사용기준 없음,,사용가능,
3666,,민보리수나무열매,,A1000905230000,식품원료,원료이기에 사용기준 없음,,사용가능,
3667,,민어,,A3000357000000,식품원료,원료이기에 사용기준 없음,,사용가능,
3668,,민전갱이,,A3000358000000,식품원료,원료이기에 사용기준 없음,,사용가능,
3669,,민태,,A3000359000000,식품원료,원료이기에 사용기준 없음,,사용가능,
3670,WHEAT,밀,,A1000911000000,식품원료,원료이기에 사용기준 없음,,사용가능,
3671,,밀가루,Wheat flour,A1000911320001,식품원료,원료이기에 사용기준 없음,,사용가능,
3672,WHEAT FLOUR CONCENTRATE,밀가루농축,,A1000911000801,식품원료,원료이기에 사용기준 없음,,사용가능,
3673,,밀가루유탕,,A1000911003601,식품원료,원료이기에 사용기준 없음,,사용가능,
3674,,밀가루페이스트,,A1000911000033,식품원료,원료이기에 사용기준 없음,,사용가능,
3675,,밀고지,,A1000911000088,식품원료,원료이기에 사용기준 없음,,사용가능,
3676,WHEAT BRAN,밀기울,,A1000911C40000,식품원료,원료이기에 사용기준 없음,,사용가능,
3677,,밀기울가루,,A1000911C40001,식품원료,원료이기에 사용기준 없음,,사용가능,
3678,WHEAT BRAN FIBER,밀기울식이섬유,,A1000911C40084,식품원료,원료이기에 사용기준 없음,,사용가능,
3679,WHEAT BRAN EXTRACT,밀기울추출물,,A1000911C44500,식품원료,원료이기에 사용기준 없음,,사용가능,
3680,,밀납,,B2000023000000,식품첨가물,II. 2. 1)의 규정에 따라 사용하여야 한다.,피막제,"기타, 별도 확인 필요",
3681,,밀납(황납),,B1006132000000,식품첨가물,"사용기준 못찾음, 별도 확인 필요",,"기타, 별도 확인 필요",
3682,WHEAT PROTEIN,밀단백,,A1000911000008,식품원료,원료이기에 사용기준 없음,,사용가능,
3683,WHEAT PROTEIN CONCENTRATE,밀단백농축물,,A1000911000808,식품원료,원료이기에 사용기준 없음,,사용가능,
3684,WHEAT PROTEIN POWDER,밀단백분말,,A1054167000045,식품원료,원료이기에 사용기준 없음,,사용가능,
3685,,밀단백추출물,,A1000911004508,식품원료,원료이기에 사용기준 없음,,사용가능,
3686,,밀리타리스동충하초,,A6000020000000,식품원료,원료이기에 사용기준 없음,,사용가능,
3687,,밀리타리스동충하초균사체,,A6000020030000,식품원료,원료이기에 사용기준 없음,,사용가능,
3688,,밀리타리스동충하초분말,,A6000020010001,식품원료,원료이기에 사용기준 없음,,사용가능,
3689,,밀리타리스동충하초추출물,,A6000020004500,식품원료,원료이기에 사용기준 없음,,사용가능,
3690,,밀리타리스동충하초추출분말,,A6000020014501,식품원료,원료이기에 사용기준 없음,,사용가능,
3691,WHEAT MALTODEXTRIN,밀말토덱스트린,,P1000018000000,식품유형,"사용기준 못찾음, 별도 확인 필요",,"기타, 별도 확인 필요",
3692,WHEAT MALT,밀맥아,,A1002435000000,식품원료,원료이기에 사용기준 없음,,사용가능,
3693,MALTED WHEAT FLOUR,밀맥아분말,Wheat malt flour,A1002435000001,식품원료,원료이기에 사용기준 없음,,사용가능,
3694,WHEAT MALT EXTRACT,밀맥아추출물,,A1002435004500,식품원료,원료이기에 사용기준 없음,,사용가능,
3695,WHEAT MALT FLAKE,밀맥아플레이크,,A1002435000051,식품원료,원료이기에 사용기준 없음,,사용가능,
3696,FERMENTED WHEAT,밀발효물,,A1000911001900,식품원료,원료이기에 사용기준 없음,,사용가능,
3697,FERMENTED WHEAT FLOUR,밀발효분말,,A1000911001901,식품원료,원료이기에 사용기준 없음,,사용가능,
3698,,밀발효추출물,,A1000911001917,식품원료,원료이기에 사용기준 없음,,사용가능,
3699,,밀배아,,A1000911A40000,식품원료,원료이기에 사용기준 없음,,사용가능,
3700,WHEAT GERM FERMENTATION POWDER,밀배아발효분말,,A1000911A41901,식품원료,원료이기에 사용기준 없음,,사용가능,
3701,,밀배아발효추출물,,A1000911A41917,식품원료,원료이기에 사용기준 없음,,사용가능,
3702,,밀배아분말,,A1000911A40001,식품원료,원료이기에 사용기준 없음,,사용가능,
3703,WHEATGERM OIL REFINED,밀배아유,,A1000911A40020,식품원료,원료이기에 사용기준 없음,,사용가능,
3704,,밀배아추출물,,A1000911A44500,식품원료,원료이기에 사용기준 없음,,사용가능,
3705,,밀배아추출물분말,,A1002936004501,식품원료,원료이기에 사용기준 없음,,사용가능,
3706,WHEAT GERM FLAKE,밀배아플레이크,,A1054126A40051,식품원료,원료이기에 사용기준 없음,,사용가능,
3707,WHEAT ENDOSPERM EXTRACT,밀배유추출물(기능성원료인정제2015-18호),,C9000675000000,건강기능식품,"사용기준 못찾음, 별도 확인 필요",,"기타, 별도 확인 필요",
3708,WHEAT ENDOSPERM EXTRACT,밀배유추출물(기능성원료인정제2025-10호),,C9001058000000,건강기능식품,"사용기준 못찾음, 별도 확인 필요",,사용가능,
3709,,밀복,,A3000361000000,식품원료,원료이기에 사용기준 없음,,사용불가,
3710,,밀분해액,,A1000911002414,식품원료,원료이기에 사용기준 없음,,사용가능,
3711,,밀시럽,,A1000911000013,식품원료,원료이기에 사용기준 없음,,사용가능,
3712,WHEAT FIBER,밀식이섬유,wheat fibre,A1000911000084,식품원료,원료이기에 사용기준 없음,,사용가능,
3713,WHEAT GRASS,밀싹,,A1000911C60000,식품원료,원료이기에 사용기준 없음,,사용가능,
3714,,밀싹농축분말,,A1000911C60801,식품원료,원료이기에 사용기준 없음,,사용가능,
3715,WHEAT GRASS POWDER,밀싹분말,,A1000911C60001,식품원료,원료이기에 사용기준 없음,,사용가능,
3716,WHEAT GRASS JUICE,밀싹즙,,A1000911C60026,식품원료,원료이기에 사용기준 없음,,사용가능,
3717,WHEAT GRASS EXTRACT,밀싹추출물,,A1000911C64500,식품원료,원료이기에 사용기준 없음,,사용가능,
3718,STEAMED WHEAT RICE,밀쌀,,A1002227000000,식품원료,원료이기에 사용기준 없음,,사용가능,
3719,,밀쌀분,,A1002227000001,식품원료,원료이기에 사용기준 없음,,사용가능,
3720,,밀씨앗,,A1000911320000,식품원료,원료이기에 사용기준 없음,,사용가능,
3721,WHEAT OIL,밀오일,,A1000911000020,식품원료,원료이기에 사용기준 없음,,사용가능,
3722,WHEAT LEAF POWDER,밀잎 분말,,A1000911380001,식품원료,원료이기에 사용기준 없음,,사용가능,
3723,WHEAT STARCH,밀전분,,A1000911000038,식품원료,원료이기에 사용기준 없음,,사용가능,
3724,WHEAT STARCH SYRUP,밀전분시럽,,A1000911710013,식품원료,원료이기에 사용기준 없음,,사용가능,
3725,,밀전분식이섬유,,A1000911710084,식품원료,원료이기에 사용기준 없음,,사용가능,
3726,,밀주스,,A1000911000025,식품원료,원료이기에 사용기준 없음,,사용가능,
3727,,밀즙,,A1000911000026,식품원료,원료이기에 사용기준 없음,,사용가능,
3728,,밀추출물,,A1000911004500,식품원료,원료이기에 사용기준 없음,,사용가능,
3729,,밀추출물(기능성원료인정제2020-15호),,C9001004000000,건강기능식품,"사용기준 못찾음, 별도 확인 필요",,"기타, 별도 확인 필요",
3730,MILK THISTLE,밀크씨슬,,A1000915000000,식품원료,원료이기에 사용기준 없음,,사용가능,
3731,MILK THISTLE CONCENTRATE,밀크씨슬농축,,A1000915000800,식품원료,원료이기에 사용기준 없음,,사용가능,
3732,MILK THISTLE CONCENTRATE POWDER,밀크씨슬농축분말,,A1000915000801,식품원료,원료이기에 사용기준 없음,,사용가능,
3733,MILK THISTLE POWDER,밀크씨슬분말,,A1000915000001,식품원료,원료이기에 사용기준 없음,,사용가능,
3734,MILK THISTLE SEEDS,밀크씨슬씨앗,,A1000915320000,식품원료,원료이기에 사용기준 없음,,사용가능,
3735,,밀크씨슬씨앗분말,,A1000915320001,식품원료,원료이기에 사용기준 없음,,사용가능,
3736,MILK THISTLE SEED OIL,밀크씨슬씨앗오일,,A1000915320020,식품원료,원료이기에 사용기준 없음,,사용가능,
3737,,밀크씨슬잎,,A1000915380000,식품원료,원료이기에 사용기준 없음,,사용가능,
3738,MILK THISTLE LEAF EXTRACT,밀크씨슬잎추출물,,A1054105384500,식품원료,원료이기에 사용기준 없음,,사용가능,
3739,MILK THISTLE EXTRACT,밀크씨슬추출물,,A1000915004500,식품원료,원료이기에 사용기준 없음,,사용가능,
3740,MILK THISTLE EXTRACT POWDER,밀크씨슬추출물분말,,A1000915004501,식품원료,원료이기에 사용기준 없음,,사용가능,
3741,WHEAT PUFFED,밀튀밥,,A1000911009800,식품원료,원료이기에 사용기준 없음,,사용가능,
3742,WHEAT FLAKE,밀플레이크,,A1000911000051,식품원료,원료이기에 사용기준 없음,,사용가능,
3743,BANANA,바나나,,A1000917000000,식품원료,원료이기에 사용기준 없음,,사용가능,
3744,BANANA PULP,바나나과육,,A1000917300000,식품원료,원료이기에 사용기준 없음,,사용가능,
3745,BANANA BLOSSOM,바나나꽃,,A1000917140000,식품원료,원료이기에 사용기준 없음,,사용가능,
3746,BANANA CONCENTRATE,바나나농축,,A1000917000800,식품원료,원료이기에 사용기준 없음,,사용가능,
3747,,바나나농축과즙,,A1000917000826,식품원료,원료이기에 사용기준 없음,,사용가능,
3748,,바나나농축분말,,A1000917000801,식품원료,원료이기에 사용기준 없음,,사용가능,
3749,,바나나농축액,,A1000917000814,식품원료,원료이기에 사용기준 없음,,사용가능,
3750,,바나나농축퓨레,,A1000917940834,식품원료,원료이기에 사용기준 없음,,사용가능,
3751,BANANA POWDER,바나나분말,,A1000917000001,식품원료,원료이기에 사용기준 없음,,사용가능,
3752,,바나나새우,,A3000364000000,식품원료,원료이기에 사용기준 없음,,사용가능,
3753,,바나나시럽,,A1000917000013,식품원료,원료이기에 사용기준 없음,,사용가능,
3754,BANANA FIBER,바나나식이섬유,,A1000917000084,식품원료,원료이기에 사용기준 없음,,사용가능,
3755,,바나나열매,,A1000917230000,식품원료,원료이기에 사용기준 없음,,사용가능,
3756,BANANA ESSENCE,바나나오일,,A1000917000020,식품원료,원료이기에 사용기준 없음,,사용가능,
3757,,바나나잎추출물,,A1000917384500,식품원료,원료이기에 사용기준 없음,,사용가능,
3758,BANANA JUICE,바나나주스,,A1000917000025,식품원료,원료이기에 사용기준 없음,,사용가능,
3759,BANANA JUICE CONCENTRATE,바나나주스농축,,A1000917000825,식품원료,원료이기에 사용기준 없음,,사용가능,
3760,BANANA JUICE POWDER,바나나주스분말,,A1000917000069,식품원료,원료이기에 사용기준 없음,,사용가능,
3761,BANANA DISTILLATE,바나나증류액,,A1000917006914,식품원료,원료이기에 사용기준 없음,,사용가능,
3762,BANANA EXTRACT,바나나추출물,,A1000917004500,식품원료,원료이기에 사용기준 없음,,사용가능,
3763,,바나나추출분말,,A1000917004501,식품원료,원료이기에 사용기준 없음,,사용가능,
3764,,바나나추출오일,,A1000917004520,식품원료,원료이기에 사용기준 없음,,사용가능,
3765,BANANA CHIP,바나나칩,,A1000917000048,식품원료,원료이기에 사용기준 없음,,사용가능,
3766,BANANA PULP,바나나펄프,,A1000917000032,식품원료,원료이기에 사용기준 없음,,사용가능,
3767,BANANA PASTE,바나나페이스트,,A1000917000033,식품원료,원료이기에 사용기준 없음,,사용가능,
3768,BANANA PUREE,바나나퓌레,,A1000917000034,식품원료,원료이기에 사용기준 없음,,사용가능,
3769,CONCENTRATED BANANA PUREE,바나나퓌레농축액,,A1000917000834,식품원료,원료이기에 사용기준 없음,,사용가능,
3770,BANANA FLAKE,바나나플레이크,,A1000917000051,식품원료,원료이기에 사용기준 없음,,사용가능,
3771,,바나바분말,,A1000918000001,식품원료,원료이기에 사용기준 없음,,사용가능,
3772,BANABA LEAF,바나바잎,,A1000918380000,식품원료,원료이기에 사용기준 없음,,사용가능,
3773,,바나바잎분말,,A1000918380001,식품원료,원료이기에 사용기준 없음,,사용가능,
3774,,바나바잎추출물,,A1000918384500,식품원료,원료이기에 사용기준 없음,,사용가능,
3775,,바나바추출물분말,,A1000918004501,식품원료,원료이기에 사용기준 없음,,사용가능,
3776,,바늘까치밥나무열매,,A1000919230000,식품원료,원료이기에 사용기준 없음,,사용가능,
3777,VANILLA FRENCH,바닐라,Natural Vanilla,A1000920000000,식품원료,원료이기에 사용기준 없음,,사용가능,
3778,VANILLA FRENCH POD,바닐라꼬투리,,A1000920360000,식품원료,원료이기에 사용기준 없음,,사용가능,
3779,VANILLA CONCENTRATE,바닐라농축,,A1000920000800,식품원료,원료이기에 사용기준 없음,,사용가능,
3780,,바닐라농축액,,A1000920000814,식품원료,원료이기에 사용기준 없음,,사용가능,
3781,VANILLA POWDER,바닐라분말,,A1000920230001,식품원료,원료이기에 사용기준 없음,,사용가능,
3782,VANILLA,바닐라빈,,A1000920230000,식품원료,원료이기에 사용기준 없음,,사용가능,
3783,VANILLA EXTRACT,바닐라빈추출물,,A1000920004500,식품원료,원료이기에 사용기준 없음,,사용가능,
3784,VANILLA SYRUP,바닐라시럽,,A1000920000013,식품원료,원료이기에 사용기준 없음,,사용가능,
3785,VANILLA BEANS SEEDS,바닐라씨앗,,A1000920320000,식품원료,원료이기에 사용기준 없음,,사용가능,
3786,VANILLA OIL,바닐라오일,,A1000920000020,식품원료,원료이기에 사용기준 없음,,사용가능,
3787,,바닐라주스,,A1000920000025,식품원료,원료이기에 사용기준 없음,,사용가능,
3788,,바닐라추출농축액,,A1002919230821,식품원료,원료이기에 사용기준 없음,,사용가능,
3789,VANILLA EXTRACT,바닐라추출물,Natural Vanilla Extract,A1000920234500,식품원료,원료이기에 사용기준 없음,,사용가능,
3790,,바닐라추출분말,,A1000920004501,식품원료,원료이기에 사용기준 없음,,사용가능,
3791,,바닐라추출액,,A1000920234514,식품원료,원료이기에 사용기준 없음,,사용가능,
3792,VANILLA PASTE,바닐라페이스트,,A1000920000033,식품원료,원료이기에 사용기준 없음,,사용가능,
3793,VANILLA PUREE,바닐라퓌레,,A1000920000034,식품원료,원료이기에 사용기준 없음,,사용가능,
3794,VANILLIN,바닐린,,B1000067000000,식품첨가물,"사용기준 찾음, 별도 확인 필요",향료,"기타, 별도 확인 필요",
3795,,바다빙어,,A3000366000000,식품원료,원료이기에 사용기준 없음,,사용가능,
3796,,바다빙어알,,A3000366050000,식품원료,원료이기에 사용기준 없음,,사용가능,
3797,,바다장어,,A3000917000000,식품원료,원료이기에 사용기준 없음,,사용가능,
3798,Sea grape,바다포도,,A1000921010000,식품원료,원료이기에 사용기준 없음,,사용가능,
3799,,바닷가재,,A3000368000000,식품원료,원료이기에 사용기준 없음,,사용가능,
3800,LOBSTER VISCERA,바닷가재내장,,A3000368060000,식품원료,원료이기에 사용기준 없음,,사용가능,
3801,,바닷가재분말,,A3000368000001,식품원료,원료이기에 사용기준 없음,,사용가능,
3802,LOBSTER(MEAT),바닷가재살,,A3000368080000,식품원료,원료이기에 사용기준 없음,,사용가능,
3803,,바닷가재추출물,,A3000368004500,식품원료,원료이기에 사용기준 없음,,사용가능,
3804,JACK FRUIT,바라밀,,A1000923000000,식품원료,원료이기에 사용기준 없음,,사용가능,
3805,,바라밀열매,,A1000923230000,식품원료,원료이기에 사용기준 없음,,사용가능,
3806,,바래복숭열매,,A1005057930000,식품원료,원료이기에 사용기준 없음,,사용가능,
3807,Barbonymus gonionotus,바보니무스 고니오노투스,,A3011975000000,식품원료,원료이기에 사용기준 없음,,사용가능,
3808,BAOBAB TREE FRUIT,바오밥나무열매,,A1000926230000,식품원료,원료이기에 사용기준 없음,,사용가능,
3809,BAOBAB FRUIT POWDER,바오밥나무열매 파우더,,A1000926230001,식품원료,원료이기에 사용기준 없음,,사용가능,
3810,,바오밥나무열매분말,,A1000926230401,식품원료,원료이기에 사용기준 없음,,사용가능,
3811,Baobab fruit extract,바오밥나무열매추출물,,A1000926234500,식품원료,원료이기에 사용기준 없음,,사용가능,
3812,RHODIOLA ROSEA EXTRACT,바위돌꽃추출물,,A1000927004500,식품원료,원료이기에 사용기준 없음,,사용불가,
3813,,바위취잎,,A1000930380000,식품원료,원료이기에 사용기준 없음,,사용가능,
3814,,바지락,,A3000369000000,식품원료,원료이기에 사용기준 없음,,사용가능,
3815,,바지락농축,,A3000369000800,식품원료,원료이기에 사용기준 없음,,사용가능,
3816,,바지락농축액,,A3000369000814,식품원료,원료이기에 사용기준 없음,,사용가능,
3817,,바지락살,,A3000369080000,식품원료,원료이기에 사용기준 없음,,사용가능,
3818,,바지락엑기스,,A3000369000017,식품원료,원료이기에 사용기준 없음,,사용가능,
3819,,바지락추출물,,A3000369004500,식품원료,원료이기에 사용기준 없음,,사용가능,
3820,BASIL,바질,,A1000931000000,식품원료,원료이기에 사용기준 없음,,사용가능,
3821,바씰 농축액,바질농축액,,A1000931000814,식품원료,원료이기에 사용기준 없음,,사용가능,
3822,BASIL POWDER,바질분말,,A1000931000001,식품원료,원료이기에 사용기준 없음,,사용가능,
3823,BASIL SEED,바질씨앗,,A1000931320000,식품원료,원료이기에 사용기준 없음,,사용가능,
3824,BASIL OIL,바질오일,,A1000931000020,식품원료,원료이기에 사용기준 없음,,사용가능,
3825,BASIL LEAF,바질잎,,A1000931380000,식품원료,원료이기에 사용기준 없음,,사용가능,
3826,,바질잎추출물,,A1000931384512,식품원료,원료이기에 사용기준 없음,,사용가능,
3827,BASIL EXTRACT,바질추출물,,A1000931004500,식품원료,원료이기에 사용기준 없음,,사용가능,
3828,BASIL PUREE,바질퓨레,,A1000931000034,식품원료,원료이기에 사용기준 없음,,사용가능,
3829,,바질플레이크,,A1000931000051,식품원료,원료이기에 사용기준 없음,,사용가능,
3830,BUCHU LEAVES,바추잎,,A1002628000000,식품원료,원료이기에 사용기준 없음,,사용불가,
3831,BUCHU LEAF EXTRACT,바추잎추출물,,A1002628004500,식품원료,원료이기에 사용기준 없음,,사용불가,
3832,,바코파몬니에리,,A1000932010000,식품원료,원료이기에 사용기준 없음,,사용불가,
3833,BACOPA MONNIERI EXTRACT DRY POWDER 55%,바코파몬니에리추출물분말,,A1000932004512,식품원료,원료이기에 사용기준 없음,,사용불가,
3834,,바타비아계피,,A1002875000000,식품원료,원료이기에 사용기준 없음,,사용가능,
3835,,박,,A1000933000000,식품원료,원료이기에 사용기준 없음,,사용가능,
3836,,박고지,,A1000933000088,식품원료,원료이기에 사용기준 없음,,사용가능,
3837,WEAK FLOUR,박력분,,A1002417000001,식품원료,원료이기에 사용기준 없음,,사용가능,
3838,,박열매,,A1000933230000,식품원료,원료이기에 사용기준 없음,,사용가능,
3839,PEPPERMINT,박하,,A1000937000000,식품원료,원료이기에 사용기준 없음,,사용가능,
3840,,박하농축,,A1000937000800,식품원료,원료이기에 사용기준 없음,,사용가능,
3841,PEPPERMINT POWDER,박하분말,,A1000937000001,식품원료,원료이기에 사용기준 없음,,사용가능,
3842,PEPPERMINT OIL,박하유,,A1000937000020,식품원료,원료이기에 사용기준 없음,,사용가능,
3843,PEPPERMINT LEAF,박하잎,,A1000937400000,식품원료,원료이기에 사용기준 없음,,사용가능,
3844,DISTILLATE OF PEPPERMINT,박하증류액,,A1000937006914,식품원료,원료이기에 사용기준 없음,,사용가능,
3845,PEPPERMINT EXTRACT,박하추출물,,A1000937004500,식품원료,원료이기에 사용기준 없음,,사용가능,
3846,,반딧불오징어,,A3000371000000,식품원료,원료이기에 사용기준 없음,,사용가능,
3847,,발아메밀,,A1002407000000,식품원료,원료이기에 사용기준 없음,,사용가능,
3848,,발아밀,,A1002322000000,식품원료,원료이기에 사용기준 없음,,사용가능,
3849,,발아밀가루,,A1002322000001,식품원료,원료이기에 사용기준 없음,,사용가능,
3850,MALTED WHEAT FLAKES(발아소맥후레이크),발아밀플레이크,,A1002322000051,식품원료,원료이기에 사용기준 없음,,사용가능,
3851,SPROUTED BARLEY,발아보리,,A1001032B80000,식품원료,원료이기에 사용기준 없음,,사용가능,
3852,KAOLIANG,발아수수,,A1002301000000,식품원료,원료이기에 사용기준 없음,,사용가능,
3853,,발아아마란스,,A1003041000000,식품원료,원료이기에 사용기준 없음,,사용가능,
3854,"PEA SHOOT, GERMINATED PEA SEED",발아완두,,A1053944000000,식품원료,원료이기에 사용기준 없음,,사용가능,
3855,,발아퀴노아,,A1003040000000,식품원료,원료이기에 사용기준 없음,,사용가능,
3856,,발아팥분말,,A1002410000001,식품원료,원료이기에 사용기준 없음,,사용가능,
3857,,발아현미,,A1002201000000,식품원료,원료이기에 사용기준 없음,,사용가능,
3858,SPROUTED BROWN RICE POWDER,발아현미분말,,A1002201000001,식품원료,원료이기에 사용기준 없음,,사용가능,
3859,GERMINATED RYE GRAINS,발아호밀,,A1053943000000,식품원료,원료이기에 사용기준 없음,,사용가능,
3860,,발효검정콩,,A1000318001900,식품원료,원료이기에 사용기준 없음,,사용가능,
3861,,발효고추,,A1000355001900,식품원료,원료이기에 사용기준 없음,,사용가능,
3862,FERMENTED GOURAMI,발효구라미,,A3000104001900,식품원료,원료이기에 사용기준 없음,,사용가능,
3863,,발효노니열매과육,,A1000541301900,식품원료,원료이기에 사용기준 없음,,사용가능,
3864,dark tea,발효녹차,,A1001736381900,식품원료,원료이기에 사용기준 없음,,사용가능,
3865,FERMENTED SOYBEAN,발효대두,,A1000633001900,식품원료,원료이기에 사용기준 없음,,사용가능,
3866,FERMENTED SOY GERM EXTRACT POWDER,발효대두배아추출분말,,A1054146A42101,식품원료,원료이기에 사용기준 없음,,사용가능,
3867,,발효대두페이스트,,A1000633001933,식품원료,원료이기에 사용기준 없음,,사용가능,
3868,,발효미강,,A1001332C51900,식품원료,원료이기에 사용기준 없음,,사용가능,
3869,FERMENTED WHEAT FLOUR,발효밀가루,,A1000911321901,식품원료,원료이기에 사용기준 없음,,사용가능,
3870,,발효밀단백,,A1000911001908,식품원료,원료이기에 사용기준 없음,,사용가능,
3871,FERMENTED WHEAT PROTEIN,발효밀단백질,,A1000911001909,식품원료,원료이기에 사용기준 없음,,사용가능,
3872,FERMENTED WHEAT STARCH,발효밀전분,,A1000911001938,식품원료,원료이기에 사용기준 없음,,사용가능,
3873,FERMENTED PEARS,발효배,,A1000953001900,식품원료,원료이기에 사용기준 없음,,사용가능,
3874,,발효보리,,A1001032001900,식품원료,원료이기에 사용기준 없음,,사용가능,
3875,,발효보리식이섬유,,A1001032001984,식품원료,원료이기에 사용기준 없음,,사용가능,
3876,FERMENTED BARLEY EXTRACT,발효보리추출물,,A1001032001917,식품원료,원료이기에 사용기준 없음,,사용가능,
3877,FERMENTED APPLE JUICE,발효사과주스,,A1001112001925,식품원료,원료이기에 사용기준 없음,,사용가능,
3878,CULTURED PASTEURIZED SKIM MILK,발효살균탈지유,,A2000016001909,식품원료,원료이기에 사용기준 없음,,사용가능,
3879,,발효생성아미노산 복합물(기능성원료인정제2010-21호),,C9000299000000,건강기능식품,"사용기준 못찾음, 별도 확인 필요",,"기타, 별도 확인 필요",
3880,FERMENTED SPELT WHEAT SEED,발효스펠트밀씨앗,,A1001299321900,식품원료,원료이기에 사용기준 없음,,사용가능,
3881,발효식초,발효식초,,P0121010100000,식품유형,"사용기준 못찾음, 별도 확인 필요",,"기타, 별도 확인 필요",
3882,FERMENTED RICE,발효쌀,,A1001332001900,식품원료,원료이기에 사용기준 없음,,사용가능,
3883,FERMENTED RICE PROTEIN,발효쌀단백질,,A1001332001909,식품원료,원료이기에 사용기준 없음,,사용가능,
3884,,발효옥수수,,A1001488001900,식품원료,원료이기에 사용기준 없음,,사용가능,
3885,FERMENTED PEA PROTEIN ISOLATE,발효완두단백,,A1001496001908,식품원료,원료이기에 사용기준 없음,,사용가능,
3886,CULTURED MILK,발효우유,,A2000016001900,식품원료,원료이기에 사용기준 없음,,사용가능,
3887,CULTURED MILK POWDER,발효우유분말,,A2000016001901,식품원료,원료이기에 사용기준 없음,,사용가능,
3888,CULTURED MILK,발효우유증류액,,A2000016001917,식품원료,원료이기에 사용기준 없음,,사용가능,
3889,CULTURED WHEY NON FAT MILK,발효유청,,P0201140101900,식품유형,"사용기준 못찾음, 별도 확인 필요",,"기타, 별도 확인 필요",
3890,CULTURED WHEY PROTEIN IN CONCENTRATE,발효유청단백농축,,P0201140201908,식품유형,"사용기준 못찾음, 별도 확인 필요",,"기타, 별도 확인 필요",
3891,,발효잠두페이스트,,A1001614001933,식품원료,원료이기에 사용기준 없음,,사용가능,
3892,CULTURED LOW FAT MILK,발효저지방우유,,P0201020101900,식품유형,"사용기준 못찾음, 별도 확인 필요",,"기타, 별도 확인 필요",
3893,,발효찹쌀,,A1002165001900,식품원료,원료이기에 사용기준 없음,,사용가능,
3894,FERMENTED WHOLE WHEAT FLOUR,발효통밀가루,,A1002196001901,식품원료,원료이기에 사용기준 없음,,사용가능,
3895,GRAPE,발효포도증류액,,A1001995002100,식품원료,원료이기에 사용기준 없음,,사용가능,
3896,FERMENTED RYE POWDER(FLOUR),발효호밀분말,,A1002077001901,식품원료,원료이기에 사용기준 없음,,사용가능,
3897,,발효홍삼액,,A1002087001914,식품원료,원료이기에 사용기준 없음,,사용가능,
3898,,발효화분,,A1002092001900,식품원료,원료이기에 사용기준 없음,,사용가능,
3899,CHESTNUT,밤,,A1000942000000,식품원료,원료이기에 사용기준 없음,,사용가능,
3900,CHESTNUT POWDER,밤가루,,A1000942000001,식품원료,원료이기에 사용기준 없음,,사용가능,
3901,,밤꽃그물버섯,,A1002578B90000,식품원료,원료이기에 사용기준 없음,,사용가능,
3902,,밤다이스,,A1000942000007,식품원료,원료이기에 사용기준 없음,,사용가능,
3903,ST GEORGES GAMBOSA,밤버섯,,A1000944B90000,식품원료,원료이기에 사용기준 없음,,사용가능,
3904,BLOOD ARK,밤색무늬조개,,A3000374000000,식품원료,원료이기에 사용기준 없음,,사용가능,
3905,,밤속껍질,,A1000943850000,식품원료,원료이기에 사용기준 없음,,사용가능,
3906,,밤앙금,,A1000942000037,식품원료,원료이기에 사용기준 없음,,사용가능,
3907,CHESTNUT ESSENCE,밤오일,,A1000942000020,식품원료,원료이기에 사용기준 없음,,사용가능,
3908,CHESTNUT EXTRACT,밤추출물,,A1000942004500,식품원료,원료이기에 사용기준 없음,,사용가능,
3909,CHESTNUT PASTE,밤페이스트,,A1000942000033,식품원료,원료이기에 사용기준 없음,,사용가능,
3910,CHESTNUT PUREE,밤퓌레,,A1000942000034,식품원료,원료이기에 사용기준 없음,,사용가능,
3911,,방게,,A3000375000000,식품원료,원료이기에 사용기준 없음,,사용가능,
3912,,방사무늬김,,A3001007000000,식품원료,원료이기에 사용기준 없음,,사용가능,
3913,,방아풀,,A1000948000000,식품원료,원료이기에 사용기준 없음,,사용가능,
3914,,방어,,A3000376000000,식품원료,원료이기에 사용기준 없음,,사용가능,
3915,BRUSSELL SPROUTS,방울양배추,,A1001344000000,식품원료,원료이기에 사용기준 없음,,사용가능,
3916,방울양배추 농축,방울양배추농축,,A1001344000800,식품원료,원료이기에 사용기준 없음,,사용가능,
3917,Brussels sprouts,방울양배추잎,,A1003116380000,식품원료,원료이기에 사용기준 없음,,사용가능,
3918,Brussels Sprouts powder,방울양배추잎분말,,A1003116380001,식품원료,원료이기에 사용기준 없음,,사용가능,
3919,,방풍,,C9000556000000,건강기능식품,"사용기준 못찾음, 별도 확인 필요",,사용불가,
3920,PEAR,배,,A1000953000000,식품원료,원료이기에 사용기준 없음,,사용가능,
3921,PEAR PULP,배과육,,A1000953300000,식품원료,원료이기에 사용기준 없음,,사용가능,
3922,,배과즙,,A1002917000014,식품원료,원료이기에 사용기준 없음,,사용가능,
3923,,배농축,,A1000953000800,식품원료,원료이기에 사용기준 없음,,사용가능,
3924,,배농축가루,,A1000953230801,식품원료,원료이기에 사용기준 없음,,사용가능,
3925,,배농축과즙,,A1000953000826,식품원료,원료이기에 사용기준 없음,,사용가능,
3926,,배농축액,,A1000953000814,식품원료,원료이기에 사용기준 없음,,사용가능,
3927,,배분말,,A1000953000001,식품원료,원료이기에 사용기준 없음,,사용가능,
3928,PEAR SYRUP,배시럽,,A1000953000013,식품원료,원료이기에 사용기준 없음,,사용가능,
3929,,배아현미,,A1002166A40000,식품원료,원료이기에 사용기준 없음,,사용가능,
3930,PEAR ESSENCE,배오일,,A1000953000020,식품원료,원료이기에 사용기준 없음,,사용가능,
3931,,배원액,,A1000953000021,식품원료,원료이기에 사용기준 없음,,사용가능,
3932,,배주스,,A1000953000025,식품원료,원료이기에 사용기준 없음,,사용가능,
3933,CONDENSED PEAR JUICE,배주스농축액,,A1000953000825,식품원료,원료이기에 사용기준 없음,,사용가능,
3934,,배즙,,A1000953000026,식품원료,원료이기에 사용기준 없음,,사용가능,
3935,PEAR DISTILLATE,배증류액,,A1000953006914,식품원료,원료이기에 사용기준 없음,,사용가능,
3936,HERBA AGASTACHIS,배초향,,A1000958000000,식품원료,원료이기에 사용기준 없음,,사용가능,
3937,,배초향어린잎,,A1000958400000,식품원료,원료이기에 사용기준 없음,,사용가능,
3938,,배초향지상부,,A1000958020000,식품원료,원료이기에 사용기준 없음,,"제한적사용가능, 별도 확인 필요",
3939,CABBAGE,배추,,A1000959000000,식품원료,원료이기에 사용기준 없음,,사용가능,
3940,CABBAGE POWDER,배추분말,,A1000959000001,식품원료,원료이기에 사용기준 없음,,사용가능,
3941,,배추잎,,A1000959380000,식품원료,원료이기에 사용기준 없음,,사용가능,
3942,CABBAGE JUICE,배추주스,,A1000959000025,식품원료,원료이기에 사용기준 없음,,사용가능,
3943,CABBAGE EXTRACT,배추추출물,,A1000959004500,식품원료,원료이기에 사용기준 없음,,사용가능,
3944,CABBAGE EXTRACT POWDER,배추추출물분말,,A1054059004500,식품원료,원료이기에 사용기준 없음,,사용가능,
3945,PEAR EXTRACT,배추출물,,A1000953004500,식품원료,원료이기에 사용기준 없음,,사용가능,
3946,,배페이스트,,A1000953000033,식품원료,원료이기에 사용기준 없음,,사용가능,
3947,PEAR PUREE,배퓌레,,A1000953000034,식품원료,원료이기에 사용기준 없음,,사용가능,
3948,PEAR PUREE CONCENTRATE,배퓌레농축,,A1000953000834,식품원료,원료이기에 사용기준 없음,,사용가능,
3949,,백강잠,,A4000098000000,식품원료,원료이기에 사용기준 없음,,사용가능,
3950,,백강잠분말,,A4000098000001,식품원료,원료이기에 사용기준 없음,,사용가능,
3951,PLATINUM ALLOY,백금합금제,,D5000004000000,기구 및 용기포장,"사용기준 못찾음, 별도 확인 필요",,사용가능,
3952,Longtail tuna,백다랑어,,A3000380000000,식품원료,원료이기에 사용기준 없음,,사용가능,
3953,,백두구,,A1000964000000,식품원료,원료이기에 사용기준 없음,,사용불가,
3954,SILVER CARP,백련어,,A3000381000000,식품원료,원료이기에 사용기준 없음,,사용가능,
3955,BAILING MUSHROOM,백령버섯,,A1054201000000,식품원료,원료이기에 사용기준 없음,,사용가능,
3956,,백리향,,A1005375000000,식품원료,원료이기에 사용기준 없음,,사용가능,
3957,,백리향추출물,,A1005375004500,식품원료,원료이기에 사용기준 없음,,사용가능,
3958,,백목련꽃잎,,A1000967170000,식품원료,원료이기에 사용기준 없음,,사용가능,
3959,Blackend Swallowwort(root and stem) Extract(연구조사용),백미꽃,,A1002684000000,식품원료,원료이기에 사용기준 없음,,사용불가,
3960,PIMENTA(ALLSPICE),백미후추,,A1000968000000,식품원료,원료이기에 사용기준 없음,,"제한적사용가능, 별도 확인 필요",
3961,ALLSPICE POWDER,백미후추분말,,A1000968230001,식품원료,원료이기에 사용기준 없음,,"제한적사용가능, 별도 확인 필요",
3962,ALL SPICE,백미후추열매,,A1000968230000,식품원료,원료이기에 사용기준 없음,,"제한적사용가능, 별도 확인 필요",
3963,ALLSPICE OIL,백미후추오일,,A1000968230020,식품원료,원료이기에 사용기준 없음,,"제한적사용가능, 별도 확인 필요",
3964,PIMENTA LEAF,백미후추잎,,A1000968380000,식품원료,원료이기에 사용기준 없음,,사용불가,
3965,ALLSPICE EXTRACT,백미후추추출물,,A1000968234500,식품원료,원료이기에 사용기준 없음,,"제한적사용가능, 별도 확인 필요",
3966,,백밀가루,,A1002257000001,식품원료,원료이기에 사용기준 없음,,사용가능,
3967,,백산차잎,,A1000970380000,식품원료,원료이기에 사용기준 없음,,사용가능,
3968,WHITE SNOW TEA,백설차,,A1003033010000,식품원료,원료이기에 사용기준 없음,,"제한적사용가능, 별도 확인 필요",
3969,,백설탕,,P0105010000000,식품유형,"사용기준 못찾음, 별도 확인 필요",,"기타, 별도 확인 필요",
3970,,백아몬드,,A1002391000000,식품원료,원료이기에 사용기준 없음,,사용가능,
3971,,백작약추출액,,A1002444004514,식품원료,원료이기에 사용기준 없음,,"제한적사용가능, 별도 확인 필요",
3972,,백지,,A1000977000000,식품원료,원료이기에 사용기준 없음,,사용불가,
3973,WHITE TEA,백차,,A1053978000000,식품원료,원료이기에 사용기준 없음,,사용가능,
3974,WHITE TEA EXTRACT,백차추출물,,A1053990004500,식품원료,원료이기에 사용기준 없음,,사용가능,
3975,,백출,,A1001176980000,식품원료,원료이기에 사용기준 없음,,"제한적사용가능, 별도 확인 필요",
3976,,백출추출물,,A1001176984514,식품원료,원료이기에 사용기준 없음,,"제한적사용가능, 별도 확인 필요",
3977,,백태,,A1002232000000,식품원료,원료이기에 사용기준 없음,,사용가능,
3978,,백태분말,,A1002232000001,식품원료,원료이기에 사용기준 없음,,사용가능,
3979,WHITE GRAPE,백포도,,A1002258000000,식품원료,원료이기에 사용기준 없음,,사용가능,
3980,,백포도과즙,,A1002916000014,식품원료,원료이기에 사용기준 없음,,사용가능,
3981,WHITE GRAPE CONCENTRATE,백포도농축,,A1002258000800,식품원료,원료이기에 사용기준 없음,,사용가능,
3982,,백포도농축과즙,,A1002258000826,식품원료,원료이기에 사용기준 없음,,사용가능,
3983,,백포도농축액,,A1002258000814,식품원료,원료이기에 사용기준 없음,,사용가능,
3984,WHITE GRAPE POWDER,백포도분말,,A1002258000001,식품원료,원료이기에 사용기준 없음,,사용가능,
3985,WHITE GRAPE JUICE,백포도주스,,A1002258000025,식품원료,원료이기에 사용기준 없음,,사용가능,
3986,WHITE GRAPE JUICE CONCENTRATED,백포도주스농축액,,A1002258000825,식품원료,원료이기에 사용기준 없음,,사용가능,
3987,TIGER LILY,백합,,A1000979000000,식품원료,원료이기에 사용기준 없음,,사용가능,
3988,WHITE TRUMPET POWDER,백합가루,,A1000979000001,식품원료,원료이기에 사용기준 없음,,사용가능,
3989,,백합뿌리,,A1000979610000,식품원료,원료이기에 사용기준 없음,,사용가능,
3990,BUTTERNUT SQUASH,백호두나무스쿼시,,A1000980000085,식품원료,원료이기에 사용기준 없음,,사용가능,
3991,BUTTER NUT,백호두나무씨앗,,A1000980320000,식품원료,원료이기에 사용기준 없음,,사용가능,
3992,Butternut Seed Powder,백호두나무씨앗분말,,A1000980320001,식품원료,원료이기에 사용기준 없음,,사용가능,
3993,BUTTERNUT SQUASH,백호두나무씨앗스쿼시,,A1000980320085,식품원료,원료이기에 사용기준 없음,,사용가능,
3994,,밴댕이,,A3000386000000,식품원료,원료이기에 사용기준 없음,,사용가능,
3995,EEL,뱀장어,,A3000387000000,식품원료,원료이기에 사용기준 없음,,사용가능,
3996,EEL POWDER,뱀장어분말,,A3000387000001,식품원료,원료이기에 사용기준 없음,,사용가능,
3997,EEL EXTRACT,뱀장어추출물,,A3000387004500,식품원료,원료이기에 사용기준 없음,,사용가능,
3998,WHITEBAIT,뱅어,,A3000388000000,식품원료,원료이기에 사용기준 없음,,사용가능,
3999,WILLOW,버드나무,,A1000985000000,식품원료,원료이기에 사용기준 없음,,"제한적사용가능, 별도 확인 필요",
4000,,버드나무가지,,A1000985550000,식품원료,원료이기에 사용기준 없음,,"제한적사용가능, 별도 확인 필요",
4001,WILLOW BARK EXTRACT,버드나무가지껍질,,A1000985570000,식품원료,원료이기에 사용기준 없음,,"제한적사용가능, 별도 확인 필요",
4002,WILLOW BRANCH BARK EXTRACT POWDER,버드나무가지껍질추출분말,,A1000985574501,식품원료,원료이기에 사용기준 없음,,"제한적사용가능, 별도 확인 필요",
4003,,버드나무가지추출분말,,A1000985554501,식품원료,원료이기에 사용기준 없음,,"제한적사용가능, 별도 확인 필요",
4004,,버드나무껍질,,A1000985770000,식품원료,원료이기에 사용기준 없음,,"제한적사용가능, 별도 확인 필요",
4005,WILLOW BARK EXTRACT POWDER,버드나무껍질추출물분말,,A1000985774501,식품원료,원료이기에 사용기준 없음,,"제한적사용가능, 별도 확인 필요",
4006,SALIX KOREENSIS POWDER,버드나무분말,,A1000985000001,식품원료,원료이기에 사용기준 없음,,"제한적사용가능, 별도 확인 필요",
4007,,버드나무추출물분말,,A1000985004501,식품원료,원료이기에 사용기준 없음,,"제한적사용가능, 별도 확인 필요",
4008,PO DUL SONG I,버들송이,,A1000987B90000,식품원료,원료이기에 사용기준 없음,,사용가능,
4009,CHERRY,버찌,,A1000991000000,식품원료,원료이기에 사용기준 없음,,사용가능,
4010,,버찌농축,,A1000991000800,식품원료,원료이기에 사용기준 없음,,사용가능,
4011,,버찌분말,,A1000991000001,식품원료,원료이기에 사용기준 없음,,사용가능,
4012,,버찌시럽,,A1000991000013,식품원료,원료이기에 사용기준 없음,,사용가능,
4013,,버찌열매,,A1000991930000,식품원료,원료이기에 사용기준 없음,,사용가능,
4014,,버찌주스,,A1000991000025,식품원료,원료이기에 사용기준 없음,,사용가능,
4015,CHERRY DISTILLATE,버찌증류액,,A1054085006914,식품원료,원료이기에 사용기준 없음,,사용가능,
4016,CHERRY EXTRACT,버찌추출물,,A1000991004500,식품원료,원료이기에 사용기준 없음,,사용가능,
4017,,버찌페이스트,,A1000991000033,식품원료,원료이기에 사용기준 없음,,사용가능,
4018,BUTTER,버터,fine butter,P0201100100000,식품유형,세부성분확인,,"기타, 별도 확인 필요",
4019,BUTTER CONCENTRATE,버터농축,concentrated butter,P1201100100800,식품유형,"사용기준 못찾음, 별도 확인 필요",,"기타, 별도 확인 필요",
4020,CLARIFIED BUTTER,버터오일,butter oil,P0201100300000,식품유형,"사용기준 못찾음, 별도 확인 필요",,"기타, 별도 확인 필요",
4021,BUTTER MILK,버터유,Buttermilk,P0201070100000,식품유형,"사용기준 못찾음, 별도 확인 필요",,"기타, 별도 확인 필요",
4022,BUTTER MILK SOLID,버터유고형분,,P1201070100004,식품유형,"사용기준 못찾음, 별도 확인 필요",,"기타, 별도 확인 필요",
4023,,버터유분말,buttermilk powder,P0201070200000,식품유형,"사용기준 못찾음, 별도 확인 필요",,"기타, 별도 확인 필요",
4024,BUTTER FAT,버터유지,,P0201100100006,식품유형,"사용기준 못찾음, 별도 확인 필요",,"기타, 별도 확인 필요",
4025,BUTTER DISTILLATE,버터증류액,,P1201100106914,식품유형,"사용기준 못찾음, 별도 확인 필요",,"기타, 별도 확인 필요",
4026,BUTTER EXTRACT,버터추출물,,P0201100104500,식품유형,"사용기준 못찾음, 별도 확인 필요",,"기타, 별도 확인 필요",
4027,Buffalo milk,버팔로우유,,A40000713G0000,식품원료,원료이기에 사용기준 없음,,사용가능,
4028,Pasteurized buffalo's whey,버팔로우유유청,,A40000713G8000,식품원료,원료이기에 사용기준 없음,,사용가능,
4029,NEW ZEALAND SPIANCH,번행초,,A1000992000000,식품원료,원료이기에 사용기준 없음,,사용가능,
4030,,번행초잎,,A1000992380000,식품원료,원료이기에 사용기준 없음,,사용가능,
4031,HONEY,벌꿀,,A6000010000000,식품원료,원료이기에 사용기준 없음,,사용가능,
4032,HONEY GRANULE,벌꿀과립,,A6001452000043,식품원료,원료이기에 사용기준 없음,,사용가능,
4033,HONEY POWDER,벌꿀분말,,A6000010000001,식품원료,원료이기에 사용기준 없음,,사용가능,
4034,,벌꿀시럽,,A6000010000013,식품원료,원료이기에 사용기준 없음,,사용가능,
4035,HONEY DISTILLATE,벌꿀증류액,,A6000010006914,식품원료,원료이기에 사용기준 없음,,사용가능,
4036,HONEY EXTRACT,벌꿀추출물,,A6000010004500,식품원료,원료이기에 사용기준 없음,,사용가능,
4037,,벌사상자,,A1000996000000,식품원료,원료이기에 사용기준 없음,,사용가능,
4038,"HONEYCOMB, CUT COMB HONEY",벌집꿀,,P0129070100000,식품유형,"사용기준 못찾음, 별도 확인 필요",,"기타, 별도 확인 필요",
4039,ENAMELED,법랑,,D7000003000000,기구 및 용기포장,"사용기준 못찾음, 별도 확인 필요",,"기타, 별도 확인 필요",
4040,벚나무꽃,벚나무꽃,,A1001000140000,식품원료,원료이기에 사용기준 없음,,사용가능,
4041,ORIENTAL FLOWERING CHERRY POWDER,벚나무꽃분말,,A1001000140001,식품원료,원료이기에 사용기준 없음,,사용가능,
4042,CHERRY BLOSSOM ESSENCE,벚나무꽃오일,,A1001000140020,식품원료,원료이기에 사용기준 없음,,사용가능,
4043,cherry blossom extract powder,벚나무꽃추출분말,,A1001000144501,식품원료,원료이기에 사용기준 없음,,사용가능,
4044,벚꽃잎엑기스,벚나무꽃추출액,,A1001000144514,식품원료,원료이기에 사용기준 없음,,사용가능,
4045,,벚나무열매,,A1001000930000,식품원료,원료이기에 사용기준 없음,,사용가능,
4046,CHERRY LEAVES,벚나무잎,,A1001000380000,식품원료,원료이기에 사용기준 없음,,사용가능,
4047,CHINESE APPLE,벚잎꽃사과열매,,A1003105230000,식품원료,원료이기에 사용기준 없음,,사용가능,
4048,HORSEMINT(BERGAMOT),베르가모트,,A1001003000000,식품원료,원료이기에 사용기준 없음,,사용가능,
4049,,베르가모트껍질,,A1001003770000,식품원료,원료이기에 사용기준 없음,,사용가능,
4050,BERGAMOT CONCENTRATE,베르가모트농축,,A1001003000800,식품원료,원료이기에 사용기준 없음,,사용가능,
4051,BERGAMOT MINT,베르가모트민트,,A1001005000000,식품원료,원료이기에 사용기준 없음,,사용가능,
4052,BERGAMOT MINT OIL,베르가모트민트오일,,A1001005000020,식품원료,원료이기에 사용기준 없음,,사용가능,
4053,,베르가모트민트잎,,A1001005380000,식품원료,원료이기에 사용기준 없음,,사용가능,
4054,BERGAMOT POWDER,베르가모트분말,,A1001003000001,식품원료,원료이기에 사용기준 없음,,사용가능,
4055,CITRUS BERGAMIA,베르가모트오렌지,,A1001006000000,식품원료,원료이기에 사용기준 없음,,사용가능,
4056,BERGAMOT ORANGE,베르가모트오렌지열매,,A1001006230000,식품원료,원료이기에 사용기준 없음,,사용가능,
4057,BERGAMOT ORANGE OIL,베르가모트오렌지열매오일,,A1001006230020,식품원료,원료이기에 사용기준 없음,,사용가능,
4058,BERGAMOT ORANGE EXTRACT,베르가모트오렌지열매추출물,,A1001006234500,식품원료,원료이기에 사용기준 없음,,사용가능,
4059,BERGAMOT ORANGE PUREE,베르가모트오렌지열매퓨레,,A1001006230034,식품원료,원료이기에 사용기준 없음,,사용가능,
4060,CITRUS BERGAMIA JUICE,베르가모트오렌지주스,,A1001006000025,식품원료,원료이기에 사용기준 없음,,사용가능,
4061,BERGAMOT OIL,베르가모트오일,,A1001003000020,식품원료,원료이기에 사용기준 없음,,사용가능,
4062,베로가못잎오일,베르가모트잎,,A1001003380000,식품원료,원료이기에 사용기준 없음,,사용가능,
4063,BERGAMOT JUICE,베르가모트주스,,A1001003000025,식품원료,원료이기에 사용기준 없음,,사용가능,
4064,BERGAMOT EXTRACT,베르가모트추출물,,A1001003004500,식품원료,원료이기에 사용기준 없음,,사용가능,
4065,,베리,,A1001007000000,식품원료,원료이기에 사용기준 없음,,사용가능,
4066,LASOORA(BERRY GOLD),베리골드열매,,A1001008230000,식품원료,원료이기에 사용기준 없음,,사용가능,
4067,BERRIES COLOR,베리류색소,,B2000025000000,식품첨가물,"사용기준 찾음, 별도 확인 필요",착색료,"기타, 별도 확인 필요",
4068,,베리퓌레,,A1001007000034,식품원료,원료이기에 사용기준 없음,,사용가능,
4069,WILD STRAWBERRY,베스카딸기,,A1003131000000,식품원료,원료이기에 사용기준 없음,,사용가능,
4070,WILDBERRY,베스카딸기열매,,A1003131230000,식품원료,원료이기에 사용기준 없음,,사용가능,
4071,,베스카딸기잎,,A1003131380000,식품원료,원료이기에 사용기준 없음,,사용가능,
4072,TENNER CRAB,베어다이대게,,A3012012000000,식품원료,원료이기에 사용기준 없음,,사용가능,
4073,BEAR BERRY,베어베리잎,,A1001009380000,식품원료,원료이기에 사용기준 없음,,"제한적사용가능, 별도 확인 필요",
4074,BEARBERRY LEAF EXTRACT,베어베리잎추출물,,A1054002384500,식품원료,원료이기에 사용기준 없음,,"제한적사용가능, 별도 확인 필요",
4075,BAY,베이분말,,A1001010000001,식품원료,원료이기에 사용기준 없음,,사용가능,
4076,,베이잎,,A1001010380000,식품원료,원료이기에 사용기준 없음,,사용가능,
4077,Beta-Nicotinamide Mononucleotide(NMN)(연구조사용 등),베타-니코틴산아미드 모노뉴클레오타이드(엔엠엔)(연구조사용 등),,BZ000065000000,식품첨가물,"사용기준 못찾음, 별도 확인 필요",,사용불가,
4078,β-sitosterol,베타-시트롤스테롤(고시형),,C2000065000000,건강기능식품,"사용기준 못찾음, 별도 확인 필요",,"기타, 별도 확인 필요",
4079,BETAINE,베타인,,B2000026000000,식품첨가물,II. 2. 1)의 규정에 따라 사용하여야 한다.,향미증진제,"기타, 별도 확인 필요",
4080,VETIVER,베티버,,A1001012000000,식품원료,원료이기에 사용기준 없음,,사용불가,
4081,BENZOIN RESIN,벤조인나무,,A1002626000000,식품원료,원료이기에 사용기준 없음,,사용불가,
4082,BENZALDEHYDE,벤즈알데히드,,B1000071000000,식품첨가물,"사용기준 찾음, 별도 확인 필요",향료,"기타, 별도 확인 필요",
4083,BENZYL ALCOHOL,벤질알콜,,B1000072000000,식품첨가물,"사용기준 찾음, 별도 확인 필요",향료,"기타, 별도 확인 필요",
4084,BENTONITE,벤토나이트,,B2000027000000,식품첨가물,"사용기준 찾음, 별도 확인 필요",여과보조제,"기타, 별도 확인 필요",
4085,,벨레릭미로발란,,A1001015010000,식품원료,원료이기에 사용기준 없음,,사용불가,
4086,Terminalia belerica fruit extract (연구조사 등),벨레릭열매추출물(연구조사용 등),,AZ000027234500,식품원료,원료이기에 사용기준 없음,,사용불가,
4087,Velvet bean,벨벳빈,,A1001016000000,식품원료,원료이기에 사용기준 없음,,사용불가,
4088,VELVET BEAN SPROUT EXTRACT,벨벳빈순추출물,,A1001016884500,식품원료,원료이기에 사용기준 없음,,사용가능,
4089,,벵에돔,,A3000397000000,식품원료,원료이기에 사용기준 없음,,사용가능,
4090,STARCH MODIFIED,변성전분,,B1000174000000,식품첨가물,II. 2. 1)의 규정에 따라 사용하여야 한다.,증점제,"기타, 별도 확인 필요",
4091,MODIFIED HOP EXTRACT,변성호프추출물,,B1000335000000,식품첨가물,"사용기준 찾음, 별도 확인 필요",향미증진제,"기타, 별도 확인 필요",
4092,CHICKWEED,별꽃,,A1001020000000,식품원료,원료이기에 사용기준 없음,,사용가능,
4093,,별목탁가자미,,A3000400000000,식품원료,원료이기에 사용기준 없음,,사용가능,
4094,,볏짚버섯,,A1001022B90000,식품원료,원료이기에 사용기준 없음,,사용가능,
4095,,병꽃풀,,A1001024000000,식품원료,원료이기에 사용기준 없음,,사용가능,
4096,,병꽃풀어린잎,,A1001024400000,식품원료,원료이기에 사용기준 없음,,사용가능,
4097,,병꽃풀잎,,A1001024380000,식품원료,원료이기에 사용기준 없음,,사용가능,
4098,,병어,,A3000404000000,식품원료,원료이기에 사용기준 없음,,사용가능,
4099,"GOTU KOLA, ASIAN PENNYWORT",병풀,,A1001025000000,식품원료,원료이기에 사용기준 없음,,"제한적사용가능, 별도 확인 필요",
4100,"GOTU KOLA, ASIAN PENNYWORT POWDER",병풀분말,,A1001025000001,식품원료,원료이기에 사용기준 없음,,"제한적사용가능, 별도 확인 필요",
4101,,병풀잎,,A1001025380000,식품원료,원료이기에 사용기준 없음,,"제한적사용가능, 별도 확인 필요",
4102,,병풀잎추출물분말,,A1001025384501,식품원료,원료이기에 사용기준 없음,,"제한적사용가능, 별도 확인 필요",
4103,,병풀잎추출액,,A1001025384514,식품원료,원료이기에 사용기준 없음,,"제한적사용가능, 별도 확인 필요",
4104,GOTU KOLA EXTRACT,병풀추출,,A1001025004500,식품원료,원료이기에 사용기준 없음,,"제한적사용가능, 별도 확인 필요",
4105,CENTELLA ASIATICA EXTRACT,병풀추출분말(기능성원료인정제2021-24호),,C9001048000000,건강기능식품,"사용기준 못찾음, 별도 확인 필요",,사용가능,
4106,NOPAL,보검선인장,,A1003076000000,식품원료,원료이기에 사용기준 없음,,사용가능,
4107,,보검선인장가루,,A1003076000001,식품원료,원료이기에 사용기준 없음,,사용가능,
4108,,보검선인장농축,,A1003076000800,식품원료,원료이기에 사용기준 없음,,사용가능,
4109,CACTUS CONCENTRATE POWDER,보검선인장농축분말,,A1003076000801,식품원료,원료이기에 사용기준 없음,,사용가능,
4110,,보검선인장열매,,A1003076230000,식품원료,원료이기에 사용기준 없음,,사용가능,
4111,,보검선인장열매농축,,A1003076230800,식품원료,원료이기에 사용기준 없음,,사용가능,
4112,,보검선인장열매주스,,A1003076230025,식품원료,원료이기에 사용기준 없음,,사용가능,
4113,,보검선인장주스,,A1003076000025,식품원료,원료이기에 사용기준 없음,,사용가능,
4114,,보검선인장줄기,,A1003076490000,식품원료,원료이기에 사용기준 없음,,사용가능,
4115,,보검선인장줄기분말,,A1003076490001,식품원료,원료이기에 사용기준 없음,,사용가능,
4116,OPUNTIA FICUS-INDICA STEM EXTRACT,보검선인장줄기추출물,,A1053968494500,식품원료,원료이기에 사용기준 없음,,사용가능,
4117,,보검선인장추출물분말,,A1003076004501,식품원료,원료이기에 사용기준 없음,,사용가능,
4118,,보검선인장추출액,,A1003076004500,식품원료,원료이기에 사용기준 없음,,사용가능,
4119,,보구치,,A3000406000000,식품원료,원료이기에 사용기준 없음,,사용가능,
4120,,보구치어육,,A3000406080000,식품원료,원료이기에 사용기준 없음,,사용가능,
4121,,보드카,,P0127090400000,식품유형,"사용기준 못찾음, 별도 확인 필요",,"기타, 별도 확인 필요",
4122,PURPLE POTATO EXTRACT,보라색(자색)감자추출물,,A1002872004500,식품원료,원료이기에 사용기준 없음,,사용가능,
4123,BARLEY,보리,,A1001032000000,식품원료,원료이기에 사용기준 없음,,사용가능,
4124,BARLEY POWDER,보리가루,,A1001032000001,식품원료,원료이기에 사용기준 없음,,사용가능,
4125,,보리겨,,A1001032C40000,식품원료,원료이기에 사용기준 없음,,사용가능,
4126,BARLEY KOJI,보리고지,,A1001032000088,식품원료,원료이기에 사용기준 없음,,사용가능,
4127,,보리멸,,A3000410000000,식품원료,원료이기에 사용기준 없음,,사용가능,
4128,,보리멸뼈,,A3000410070000,식품원료,원료이기에 사용기준 없음,,사용가능,
4129,,보리멸어육,,A3000410080000,식품원료,원료이기에 사용기준 없음,,사용가능,
4130,,보리밀,,A1002836000000,식품원료,원료이기에 사용기준 없음,,사용가능,
4131,,보리배아,,A1001032A40000,식품원료,원료이기에 사용기준 없음,,사용가능,
4132,,보리새싹분말,,A1001032070001,식품원료,원료이기에 사용기준 없음,,사용가능,
4133,,보리새우,,A3000411000000,식품원료,원료이기에 사용기준 없음,,사용가능,
4134,Autumn Elaeagnus,보리수나무열매,,A1001034230000,식품원료,원료이기에 사용기준 없음,,사용가능,
4135,,보리순,,A1001032880000,식품원료,원료이기에 사용기준 없음,,사용가능,
4136,BARLEY GRASS POWDER,보리순분말,,A1001032880001,식품원료,원료이기에 사용기준 없음,,사용가능,
4137,BARLEY GRASS JUICE POWDER,보리순주스분말,,A1001032880069,식품원료,원료이기에 사용기준 없음,,사용가능,
4138,BARLEY GRASS JUICE EXTRACT,보리순주스추출,,A1001032884525,식품원료,원료이기에 사용기준 없음,,사용가능,
4139,,보리순추출물,,A1001032884500,식품원료,원료이기에 사용기준 없음,,사용가능,
4140,,보리순추출물분말,,A1001032884501,식품원료,원료이기에 사용기준 없음,,사용가능,
4141,BARLEY SYRUP,보리시럽,,A1001032000013,식품원료,원료이기에 사용기준 없음,,사용가능,
4142,,보리식이섬유,,A1001032000084,식품원료,원료이기에 사용기준 없음,,사용가능,
4143,,보리싹,,A1001032070000,식품원료,원료이기에 사용기준 없음,,사용가능,
4144,,보리싹주스,,A1001032070025,식품원료,원료이기에 사용기준 없음,,사용가능,
4145,,보리싹주스분말,,A1001032070069,식품원료,원료이기에 사용기준 없음,,사용가능,
4146,,보리쌀,,A1002158000000,식품원료,원료이기에 사용기준 없음,,사용가능,
4147,,보리씨앗,,A1001032320000,식품원료,원료이기에 사용기준 없음,,사용가능,
4148,,보리씨앗분말,,A1001032320001,식품원료,원료이기에 사용기준 없음,,사용가능,
4149,EARLY BARLEY GRASS EXTRACT POWDER,보리어린잎추출분말,,A1001032404501,식품원료,원료이기에 사용기준 없음,,사용가능,
4150,,보리잎,,A1001032380000,식품원료,원료이기에 사용기준 없음,,사용가능,
4151,,보리잎분말,,A1001032380001,식품원료,원료이기에 사용기준 없음,,사용가능,
4152,,보리전분,,A1001032000038,식품원료,원료이기에 사용기준 없음,,사용가능,
4153,,보리주스,,A1001032000025,식품원료,원료이기에 사용기준 없음,,사용가능,
4154,BORAGE,보리지,,A1001036000000,식품원료,원료이기에 사용기준 없음,,사용가능,
4155,,보리지씨앗,,A1001036320000,식품원료,원료이기에 사용기준 없음,,사용가능,
4156,BORAGE SEED OIL,보리지씨앗오일,,A1001036320020,식품원료,원료이기에 사용기준 없음,,사용가능,
4157,,보리지유,,A1001036000020,식품원료,원료이기에 사용기준 없음,,사용가능,
4158,BORAGE LEAF EXTRACT,보리지잎추출물,,A1001036384500,식품원료,원료이기에 사용기준 없음,,사용가능,
4159,,보리추출단백가수분해물,,A1001032000200,식품원료,원료이기에 사용기준 없음,,사용가능,
4160,BARLEY EXTRACT,보리추출물,,A1001032004500,식품원료,원료이기에 사용기준 없음,,사용가능,
4161,BARLEY EXTRACT POWDER,보리추출물분말,,A1001032014501,식품원료,원료이기에 사용기준 없음,,사용가능,
4162,BARLEY FLAKE,보리플레이크,barley flakes,A1001032000051,식품원료,원료이기에 사용기준 없음,,사용가능,
4163,BOSWELLIA GUM RESIN,보스웰리아검레진,,A1001037130000,식품원료,원료이기에 사용기준 없음,,"제한적사용가능, 별도 확인 필요",
4164,BOSWELLIA POWDER,보스웰리아분말,,A1001037130001,식품원료,원료이기에 사용기준 없음,,"제한적사용가능, 별도 확인 필요",
4165,BOSWELLIA SERRATE EXTRACE,보스웰리아추출물,,A1001037134500,식품원료,원료이기에 사용기준 없음,,"제한적사용가능, 별도 확인 필요",
4166,BOSWELLIA SERRATA EXTRACT(SERRATRIN),보스웰리아추출물(기능성원료인정제2022-17호),,C9001017000000,건강기능식품,"사용기준 못찾음, 별도 확인 필요",,"기타, 별도 확인 필요",
4167,Boswellia serrata Extract,보스웰리아추출물(기능성원료인정제2024-15호),,C9001039000000,건강기능식품,"사용기준 못찾음, 별도 확인 필요",,사용가능,
4168,Boswellia Extract Powder,보스웰리아추출물분말,,A1001037134501,식품원료,원료이기에 사용기준 없음,,"제한적사용가능, 별도 확인 필요",
4169,,보이즌베리,,A1001038000000,식품원료,원료이기에 사용기준 없음,,사용가능,
4170,BOYSENBERRY JUICE,보이즌베리주스,,A1001038000025,식품원료,원료이기에 사용기준 없음,,사용가능,
4171,BOYSENBERRY JUICE CONCENTRATE,보이즌베리주스농축액,,A1001038000825,식품원료,원료이기에 사용기준 없음,,사용가능,
4172,BOYSENBERRY EXTRACT,보이즌베리추출물,,A1001038004500,식품원료,원료이기에 사용기준 없음,,사용가능,
4173,,보이즌베리퓌레,,A1001038000034,식품원료,원료이기에 사용기준 없음,,사용가능,
4174,,보이차,,A1002822000000,식품원료,원료이기에 사용기준 없음,,사용가능,
4175,보이차 추출물,보이차추출물,,A1002822004500,식품원료,원료이기에 사용기준 없음,,사용가능,
4176,,보이차추출물(기능성원료인정제2014-7호),,C9000471000000,건강기능식품,"사용기준 못찾음, 별도 확인 필요",,"기타, 별도 확인 필요",
4177,,보이차추출물분말,,A1002822004501,식품원료,원료이기에 사용기준 없음,,사용가능,
4178,TUCKAHOE,복령,,A1001040000000,식품원료,원료이기에 사용기준 없음,,"제한적사용가능, 별도 확인 필요",
4179,,복령균핵,,A1001040050000,식품원료,원료이기에 사용기준 없음,,"제한적사용가능, 별도 확인 필요",
4180,,복령균핵분말,,A1001040050001,식품원료,원료이기에 사용기준 없음,,"제한적사용가능, 별도 확인 필요",
4181,,복령균핵추출물,,A1001040054500,식품원료,원료이기에 사용기준 없음,,"제한적사용가능, 별도 확인 필요",
4182,,복령추출물분말,,A1001040054501,식품원료,원료이기에 사용기준 없음,,"제한적사용가능, 별도 확인 필요",
4183,,복령추출액,,A1001040054514,식품원료,원료이기에 사용기준 없음,,"제한적사용가능, 별도 확인 필요",
4184,FRUCTUS RUBI,복분자,,A1001041000000,식품원료,원료이기에 사용기준 없음,,사용가능,
4185,,복분자과즙분말,,A1001041230057,식품원료,원료이기에 사용기준 없음,,사용가능,
4186,,복분자농축,,A1001041000800,식품원료,원료이기에 사용기준 없음,,사용가능,
4187,,복분자농축액,,A1001041000814,식품원료,원료이기에 사용기준 없음,,사용가능,
4188,FRUCTUS RUBI POWDER,복분자분말,,A1001041000001,식품원료,원료이기에 사용기준 없음,,사용가능,
4189,,복분자추출물,,A1001041004500,식품원료,원료이기에 사용기준 없음,,사용가능,
4190,,복분자추출물분말,,A1001041004501,식품원료,원료이기에 사용기준 없음,,사용가능,
4191,,복분자추출액,,A1001041004514,식품원료,원료이기에 사용기준 없음,,사용가능,
4192,PEACH,복사,,A1001044000000,식품원료,원료이기에 사용기준 없음,,사용가능,
4193,PEACH OIL,복사 오일,,A1001044000020,식품원료,원료이기에 사용기준 없음,,사용가능,
4194,PEACH GRANULE,복사과립,,A1001044000043,식품원료,원료이기에 사용기준 없음,,사용가능,
4195,PEACH PULP,복사과육,,A1001044300000,식품원료,원료이기에 사용기준 없음,,사용가능,
4196,,복사과즙,,A1001044000026,식품원료,원료이기에 사용기준 없음,,사용가능,
4197,,복사꽃,,A1001044140000,식품원료,원료이기에 사용기준 없음,,"제한적사용가능, 별도 확인 필요",
4198,,복사나무열매,,A1001045230000,식품원료,원료이기에 사용기준 없음,,사용가능,
4199,,복사농축,,A1001044000800,식품원료,원료이기에 사용기준 없음,,사용가능,
4200,,복사농축과즙,,A1001044000826,식품원료,원료이기에 사용기준 없음,,사용가능,
4201,,복사농축액,,A1001044000814,식품원료,원료이기에 사용기준 없음,,사용가능,
4202,CONCENTRATED PEACH PUREE,복사농축퓌레,,A1001044000834,식품원료,원료이기에 사용기준 없음,,사용가능,
4203,PEACH POWDER,복사분말,,A1001044000001,식품원료,원료이기에 사용기준 없음,,사용가능,
4204,PEACH SYRUP,복사시럽,,A1001044000013,식품원료,원료이기에 사용기준 없음,,사용가능,
4205,PEACH EXTRACT,복사엑기스,,A1001044000017,식품원료,원료이기에 사용기준 없음,,사용가능,
4206,PIECES OF DRIED PEACHES,복사조각,,A1001044000024,식품원료,원료이기에 사용기준 없음,,사용가능,
4207,PEACH JUICE,복사주스,,A1001044000025,식품원료,원료이기에 사용기준 없음,,사용가능,
4208,PEACH JUICE CONCENTRATE,복사주스농축액,,A1001044000825,식품원료,원료이기에 사용기준 없음,,사용가능,
4209,PEACH JUICE POWDER,복사주스분말,,A1001044000069,식품원료,원료이기에 사용기준 없음,,사용가능,
4210,PEACH DISTILLATE,복사증류액,,A1054082006914,식품원료,원료이기에 사용기준 없음,,사용가능,
4211,PEACH EXTRACT,복사추출물,,A1001044004500,식품원료,원료이기에 사용기준 없음,,사용가능,
4212,PEACH PASTE,복사페이스트,,A1001044000033,식품원료,원료이기에 사용기준 없음,,사용가능,
4213,PEACH PUREE,복사퓌레,,A1001044000034,식품원료,원료이기에 사용기준 없음,,사용가능,
4214,,복어,,A3000415000000,식품원료,원료이기에 사용기준 없음,,사용불가,
4215,,볶은가지,,A1000215002200,식품원료,원료이기에 사용기준 없음,,사용가능,
4216,ROAST NIBBED HAZELNUTS,볶은개암,,A1000284232200,식품원료,원료이기에 사용기준 없음,,사용가능,
4217,ROASTED HAZELNUT POWDER,볶은개암분말,,A1000284232201,식품원료,원료이기에 사용기준 없음,,사용가능,
4218,,볶은검정콩,,A1000318002200,식품원료,원료이기에 사용기준 없음,,사용가능,
4219,,볶은결명자,,A1000330002200,식품원료,원료이기에 사용기준 없음,,사용가능,
4220,ROASTED OAT,볶은귀리,,A1000415002200,식품원료,원료이기에 사용기준 없음,,사용가능,
4221,,볶은녹두,,A1000564002200,식품원료,원료이기에 사용기준 없음,,사용가능,
4222,ROASTED GREEN TEA EXTRACT,볶은녹차추출물,,A1001736382217,식품원료,원료이기에 사용기준 없음,,사용가능,
4223,ROASTED PEANUT OIL,볶은땅콩오일,,A1000729002220,식품원료,원료이기에 사용기준 없음,,사용가능,
4224,,볶은렌즈콩,,A1002945012203,식품원료,원료이기에 사용기준 없음,,사용가능,
4225,,볶은마늘분말,,A1000774002201,식품원료,원료이기에 사용기준 없음,,사용가능,
4226,,볶은마늘오일,,A1000774002220,식품원료,원료이기에 사용기준 없음,,사용가능,
4227,CRY ROASTED MACADAMIA NUT,볶은마카다미아,,A1000789002200,식품원료,원료이기에 사용기준 없음,,사용가능,
4228,MACA ROAST POWDER,볶은마카분말,,A1000788612201,식품원료,원료이기에 사용기준 없음,,"제한적사용가능, 별도 확인 필요",
4229,,볶은마테,,A1000791382200,식품원료,원료이기에 사용기준 없음,,사용가능,
4230,MALT ROAST,볶은맥아,,A1002268002200,식품원료,원료이기에 사용기준 없음,,사용가능,
4231,MALT ROASTED FLOUR,볶은맥아분말,,A1002268002201,식품원료,원료이기에 사용기준 없음,,사용가능,
4232,ROASTED BUCKWHEAT,볶은메밀,,A1000837002200,식품원료,원료이기에 사용기준 없음,,사용가능,
4233,,볶은메밀가루,,A1000837002201,식품원료,원료이기에 사용기준 없음,,사용가능,
4234,,볶은밀,,A1000911002200,식품원료,원료이기에 사용기준 없음,,사용가능,
4235,ROASTED WHEAT BRAN,볶은밀기울,,A1054050C42200,식품원료,원료이기에 사용기준 없음,,사용가능,
4236,ROASTED MALTED WHEAT FLOUR,볶은밀맥아분말,,A1002435002201,식품원료,원료이기에 사용기준 없음,,사용가능,
4237,,볶은발아밀가루,,A1002322002201,식품원료,원료이기에 사용기준 없음,,사용가능,
4238,,볶은발아현미,,A1002201002200,식품원료,원료이기에 사용기준 없음,,사용가능,
4239,ROASTED BARLEY,볶은보리,,A1001032002200,식품원료,원료이기에 사용기준 없음,,사용가능,
4240,,볶은비파잎,,A1001099382200,식품원료,원료이기에 사용기준 없음,,"제한적사용가능, 별도 확인 필요",
4241,,볶은뽕나무(오디나무)잎,,A1001107382200,식품원료,원료이기에 사용기준 없음,,사용가능,
4242,,볶은삼백초,,A1001169012200,식품원료,원료이기에 사용기준 없음,,"제한적사용가능, 별도 확인 필요",
4243,,볶은쌀,,A1001332002200,식품원료,원료이기에 사용기준 없음,,사용가능,
4244,,볶은쌀가루,,A1001332002201,식품원료,원료이기에 사용기준 없음,,사용가능,
4245,ROASTED AMARANTH SEEDS,볶은아마란스씨앗,,A1001357322200,식품원료,원료이기에 사용기준 없음,,사용가능,
4246,ROASTED LINSEED(FLAXSEED),볶은아마씨앗,,A1001356322200,식품원료,원료이기에 사용기준 없음,,"제한적사용가능, 별도 확인 필요",
4247,DRY ROASTED ALMONDS,볶은아몬드,Whole Roasted Almonds,A1001359002200,식품원료,원료이기에 사용기준 없음,,사용가능,
4248,,볶은양파,,A1001431002200,식품원료,원료이기에 사용기준 없음,,사용가능,
4249,,볶은양파분말,,A1001431002201,식품원료,원료이기에 사용기준 없음,,사용가능,
4250,ROAST BARLEY MALT,볶은엿기름,,A1053942002200,식품원료,원료이기에 사용기준 없음,,사용가능,
4251,,볶은옥수수,,A1001488002200,식품원료,원료이기에 사용기준 없음,,사용가능,
4252,,볶은율무,,A1001555322200,식품원료,원료이기에 사용기준 없음,,사용가능,
4253,ROASTED CHICKPEA,볶은이집트콩,,A1001573902200,식품원료,원료이기에 사용기준 없음,,사용가능,
4254,,볶은잇꽃씨앗,,A1005378322200,식품원료,원료이기에 사용기준 없음,,사용가능,
4255,,볶은잉카피넛열매,,A1001587232200,식품원료,원료이기에 사용기준 없음,,사용가능,
4256,ROASTED GREEN TEA,볶은차나무잎,,A1001736382200,식품원료,원료이기에 사용기준 없음,,사용가능,
4257,ROASTED SESAME,볶은참깨,Toasted Sesame Seed,A1001742002200,식품원료,원료이기에 사용기준 없음,,사용가능,
4258,,볶은참깨가루,,A1001742002201,식품원료,원료이기에 사용기준 없음,,사용가능,
4259,ROASTED SESAME EXTRACT,볶은참깨추출,,A1001742002217,식품원료,원료이기에 사용기준 없음,,사용가능,
4260,,볶은찹쌀,,A1002165002200,식품원료,원료이기에 사용기준 없음,,사용가능,
4261,ROASTED CHICORY,볶은치커리,,A1001811002200,식품원료,원료이기에 사용기준 없음,,사용가능,
4262,,볶은치커리뿌리,,A1001811612200,식품원료,원료이기에 사용기준 없음,,사용가능,
4263,,볶은카카오,,A1003061002200,식품원료,원료이기에 사용기준 없음,,사용가능,
4264,COCOA NIBS POWDER,볶은카카오분말,,A1003061002201,식품원료,원료이기에 사용기준 없음,,사용가능,
4265,,볶은캐롭,,A1001838002200,식품원료,원료이기에 사용기준 없음,,사용가능,
4266,ROASTED CAROB BEAN(LOCUST BEAN),볶은캐롭씨앗,,A1001838322200,식품원료,원료이기에 사용기준 없음,,사용가능,
4267,,볶은캐슈,,A1003177332200,식품원료,원료이기에 사용기준 없음,,사용가능,
4268,ROASTED COFFEE,볶은커피,,P0117010000000,식품유형,"사용기준 못찾음, 별도 확인 필요",,"기타, 별도 확인 필요",
4269,ROASTED COFFEE POWDER,볶은커피분말,,A1001846002201,식품원료,원료이기에 사용기준 없음,,사용가능,
4270,,볶은커피원두,,A1001846C22200,식품원료,원료이기에 사용기준 없음,,사용가능,
4271,ROASTED COCONUT,볶은코코넛,,A1001855002200,식품원료,원료이기에 사용기준 없음,,사용가능,
4272,,볶은코코넛칩,,A1001855000548,식품원료,원료이기에 사용기준 없음,,사용가능,
4273,,볶은콩가루,,A1002905002201,식품원료,원료이기에 사용기준 없음,,사용가능,
4274,,볶은퀴노아,,A1001870002200,식품원료,원료이기에 사용기준 없음,,사용가능,
4275,,볶은피칸,,A1002024332200,식품원료,원료이기에 사용기준 없음,,사용가능,
4276,ROASTED JALAPENO PEPPER,볶은할라피뇨,,A1002213002200,식품원료,원료이기에 사용기준 없음,,사용가능,
4277,ROASTED SUNFLOWER SEED,볶은해바라기씨앗,,A1002051322200,식품원료,원료이기에 사용기준 없음,,사용가능,
4278,,볶은현미,,A1002166002200,식품원료,원료이기에 사용기준 없음,,사용가능,
4279,,볶은현미분말,,A1002166002201,식품원료,원료이기에 사용기준 없음,,사용가능,
4280,GRILLED WALNUTMEATS,볶은호두,,A1002070002200,식품원료,원료이기에 사용기준 없음,,사용가능,
4281,,볶은호밀,,A1002077002200,식품원료,원료이기에 사용기준 없음,,사용가능,
4282,ROASTED RYE FLOUR,볶은호밀가루,,A1002077002201,식품원료,원료이기에 사용기준 없음,,사용가능,
4283,,볶은호박씨앗,,A1002078322200,식품원료,원료이기에 사용기준 없음,,사용가능,
4284,,볶은흑미분말,,A1002167942201,식품원료,원료이기에 사용기준 없음,,사용가능,
4285,ROASTED PEANUT,볶음땅콩,,A1000729002200,식품원료,원료이기에 사용기준 없음,,사용가능,
4286,,볶음땅콩분말,,A1000729002201,식품원료,원료이기에 사용기준 없음,,사용가능,
4287,,볶음땅콩분태,,A1000729002235,식품원료,원료이기에 사용기준 없음,,사용가능,
4288,,볶음밀가루,,A1000911002201,식품원료,원료이기에 사용기준 없음,,사용가능,
4289,,볶음백태,,A1002232002200,식품원료,원료이기에 사용기준 없음,,사용가능,
4290,,볶음보리분말,,A1001032002201,식품원료,원료이기에 사용기준 없음,,사용가능,
4291,,볶음아몬드분태,,A1001359002235,식품원료,원료이기에 사용기준 없음,,사용가능,
4292,,볶음퀴노아분말,,A1001870902201,식품원료,원료이기에 사용기준 없음,,사용가능,
4293,,볶음팥분말,,A1001983002201,식품원료,원료이기에 사용기준 없음,,사용가능,
4294,,볼락,,A3000418000000,식품원료,원료이기에 사용기준 없음,,사용가능,
4295,,봉선화추출물,,B2000171000000,식품첨가물,II. 2. 1)의 규정에 따라 사용하여야 한다.,산화방지제,"기타, 별도 확인 필요",
4296,ZEDOARY BARK,봉출뿌리줄기,,A1001046620000,식품원료,원료이기에 사용기준 없음,,"제한적사용가능, 별도 확인 필요",
4297,봉출 추출물,봉출추출물,,A1001046624500,식품원료,원료이기에 사용기준 없음,,"제한적사용가능, 별도 확인 필요",
4298,,부리홍볼락,,A3011924000000,식품원료,원료이기에 사용기준 없음,,사용가능,
4299,PARTIALLY HYDROGENATED SOYBEAN OIL,부분경화대두유,,A1000633007920,식품원료,원료이기에 사용기준 없음,,사용가능,
4300,PARTIALLY HYDROGENATED PEANUT OIL,부분경화땅콩오일,,A1000729007920,식품원료,원료이기에 사용기준 없음,,사용가능,
4301,PARTIALLY HYDROGENATED RICE OIL,부분경화쌀오일,,A1001332007920,식품원료,원료이기에 사용기준 없음,,사용가능,
4302,PARTIALLY HYDROGENATED CORN OIL,부분경화옥수수유,,A1001488A47920,식품원료,원료이기에 사용기준 없음,,사용가능,
4303,PARTIALLY HYDROGENATED RAPESEED OIL,부분경화유채유,,A1001545327920,식품원료,원료이기에 사용기준 없음,,사용가능,
4304,PARTIALLY HYDROGENATED COCONUT OIL (FAT),부분경화코코넛유,,A1001855007920,식품원료,원료이기에 사용기준 없음,,사용가능,
4305,부분경화팜올레인유,부분경화팜올레인유,,P0114120207900,식품유형,"사용기준 못찾음, 별도 확인 필요",,"기타, 별도 확인 필요",
4306,PARTIALLY HYDROGENATED PALM OIL(FAT),부분경화팜유,,A1001982007920,식품원료,원료이기에 사용기준 없음,,사용가능,
4307,PARTIALLY HYDROGENATED PALM KERNEL OIL,부분경화팜핵유,,A1001982B27920,식품원료,원료이기에 사용기준 없음,,사용가능,
4308,PARTIALLY HYDROGENATED SUNFLOWER OIL,부분경화해바라기씨앗유,,A1002051327920,식품원료,원료이기에 사용기준 없음,,사용가능,
4309,,부세,,A3000420000000,식품원료,원료이기에 사용기준 없음,,사용가능,
4310,,부시리,,A3000421000000,식품원료,원료이기에 사용기준 없음,,사용가능,
4311,BUAH MERAH(PANDANUS CONOIDEUS),부아메라,,A1001047230000,식품원료,원료이기에 사용기준 없음,,사용가능,
4312,BUAH MERAH OIL,부아메라오일,,A1001047230006,식품원료,원료이기에 사용기준 없음,,사용가능,
4313,BUAH MERAH EXTRACT,부아메라추출물,,A1001047004500,식품원료,원료이기에 사용기준 없음,,사용가능,
4314,DIOSCOREA NIPPONICA MAKINO,부채마,,A1001048000000,식품원료,원료이기에 사용기준 없음,,사용가능,
4315,LEEK,부추,,A1001050000000,식품원료,원료이기에 사용기준 없음,,사용가능,
4316,,부추꽃,,A1001050140000,식품원료,원료이기에 사용기준 없음,,사용가능,
4317,,부추농축액,,A1001050000814,식품원료,원료이기에 사용기준 없음,,사용가능,
4318,LEEK POWDER,부추분말,,A1001050000001,식품원료,원료이기에 사용기준 없음,,사용가능,
4319,,부추오일,,A1001050000020,식품원료,원료이기에 사용기준 없음,,사용가능,
4320,,부추잎,,A1001050380000,식품원료,원료이기에 사용기준 없음,,사용가능,
4321,LEEK JUICE,부추주스,,A1001050000025,식품원료,원료이기에 사용기준 없음,,사용가능,
4322,LEEK EXTRACT,부추추출물,,A1001050004500,식품원료,원료이기에 사용기준 없음,,사용가능,
4323,BUTANE,부탄,,B2000213000000,식품첨가물,"사용기준 찾음, 별도 확인 필요",추출용제,"기타, 별도 확인 필요",
4324,BHUT JOLOKIA PEPPER,부트졸로키아고추,,A1054123000000,식품원료,원료이기에 사용기준 없음,,사용가능,
4325,BUTYLENESUCCINATE COPOLYMER,부틸렌숙시네이트 공중합체,,D1000047000000,기구 및 용기포장,"사용기준 못찾음, 별도 확인 필요",,사용가능,
4326,BUTYLENESUCCINATE-ADIPATE COPOLYMER,부틸렌숙시네이트-아디페이트 공중합체,,D1000039000000,기구 및 용기포장,"사용기준 못찾음, 별도 확인 필요",,"기타, 별도 확인 필요",
4327,BUTYLATED HYDROXYANISOLE,부틸히드록시아니솔,,B1000073000000,식품첨가물,"사용기준 찾음, 별도 확인 필요",산화방지제,"기타, 별도 확인 필요",
4328,,북방대합,,A3000423000000,식품원료,원료이기에 사용기준 없음,,사용가능,
4329,NORTHERN SHRIMP,북방도화새우,,A3012017000000,식품원료,원료이기에 사용기준 없음,,사용가능,
4330,,북방산개구리,,A4000027000000,식품원료,원료이기에 사용기준 없음,,사용가능,
4331,,북범꼬리,,A1002679000000,식품원료,원료이기에 사용기준 없음,,사용가능,
4332,,북아메리카 장어,,A3001114000000,식품원료,원료이기에 사용기준 없음,,사용가능,
4333,,북오미자열매,,A1005077230000,식품원료,원료이기에 사용기준 없음,,사용가능,
4334,Alaskan pink shrimp,북쪽분홍새우,,A3000424000000,식품원료,원료이기에 사용기준 없음,,사용가능,
4335,,북쪽은행게,,A3000638000000,식품원료,원료이기에 사용기준 없음,,사용가능,
4336,,분개구리밥잎,,A1005078380000,식품원료,원료이기에 사용기준 없음,,사용가능,
4337,SOYBEAN PROTEIN ISOLATE,분리대두단백,,A1000633008008,식품원료,원료이기에 사용기준 없음,,사용가능,
4338,,분리대두단백분말,,A1000633008045,식품원료,원료이기에 사용기준 없음,,사용가능,
4339,,분리대두분말,,A1000633008001,식품원료,원료이기에 사용기준 없음,,사용가능,
4340,WHEAT PROTEIN ISOLATE,분리밀단백질,,A1000911008008,식품원료,원료이기에 사용기준 없음,,사용가능,
4341,ISOLATED RICE PROTEIN,분리쌀단백,,A1001332008008,식품원료,원료이기에 사용기준 없음,,사용가능,
4342,PEA PROTEIN ISOLATE,분리완두단백,,A1001496008008,식품원료,원료이기에 사용기준 없음,,사용가능,
4343,MILK PROTEIN ISOLATE,분리유단백,,A2000016008008,식품원료,원료이기에 사용기준 없음,,사용가능,
4344,WHEY PROTEIN ISOLATE,분리유청단백,,P0201140108008,식품유형,"사용기준 못찾음, 별도 확인 필요",,"기타, 별도 확인 필요",
4345,WHEY PROTEIN ISOLATE POWDER,분리유청단백분말,,P0201140408000,식품유형,"사용기준 못찾음, 별도 확인 필요",,"기타, 별도 확인 필요",
4346,CHICKPEA PROTEIN ISOLATE,분리이집트콩단백,,A1001573008008,식품원료,원료이기에 사용기준 없음,,사용가능,
4347,BROAD BEAN PROTEIN ISOLATE,분리잠두단백,,A1054119008008,식품원료,원료이기에 사용기준 없음,,사용가능,
4348,DRIED GLUCOSE(DEXTROSE),분말결정포도당,,P0106020000000,식품유형,"사용기준 못찾음, 별도 확인 필요",,"기타, 별도 확인 필요",
4349,DRY FORMED VITAMIN A,분말비타민 A,,B1000074000000,식품첨가물,II. 2. 1)의 규정에 따라 사용하여야 한다.,영양강화제,"기타, 별도 확인 필요",
4350,"CELLULOSE, POWDERED",분말셀룰로스,Powdered Cellulose,B1003601000000,식품첨가물,II. 2. 1)의 규정에 따라 사용하여야 한다.,증점제,"기타, 별도 확인 필요",
4351,,분말유크림,,P0201090300000,식품유형,"사용기준 못찾음, 별도 확인 필요",,"기타, 별도 확인 필요",
4352,,분말종국,,B2000053000001,식품첨가물,"사용기준 못찾음, 별도 확인 필요",,"기타, 별도 확인 필요",
4353,,분쇄생강,,A1001184002300,식품원료,원료이기에 사용기준 없음,,사용가능,
4354,아몬드 밀,분쇄아몬드,,A1001359002300,식품원료,원료이기에 사용기준 없음,,사용가능,
4355,GRATED COCONUT,분쇄코코넛,,A1001855002300,식품원료,원료이기에 사용기준 없음,,사용가능,
4356,Branching Glycosyltransferase,분지글리코실트랜스퍼라아제,,B2000633000000,식품첨가물,II. 2. 1)의 규정에 따라 사용하여야 한다.,효소제,"기타, 별도 확인 필요",
4357,GREEK OREGANO,불가레오레가노,,A1003104000000,식품원료,원료이기에 사용기준 없음,,사용가능,
4358,FURCATA,불등가사리,,A3000874000000,식품원료,원료이기에 사용기준 없음,,사용가능,
4359,,불로초균사체,,A1001464B30000,식품원료,원료이기에 사용기준 없음,,사용가능,
4360,,불로초균사체추출물,,A1001464B34500,식품원료,원료이기에 사용기준 없음,,사용가능,
4361,,불로초균사체추출물분말,,A1001464B34501,식품원료,원료이기에 사용기준 없음,,사용가능,
4362,,불로초농축분말,,A1001464B90801,식품원료,원료이기에 사용기준 없음,,사용가능,
4363,,불로초농축액,,A1001464B90814,식품원료,원료이기에 사용기준 없음,,사용가능,
4364,,불로초엑기스,,A1001464B90017,식품원료,원료이기에 사용기준 없음,,사용가능,
4365,GANODERMA LUCIDUM,불로초자실체,,A1001464B90000,식품원료,원료이기에 사용기준 없음,,사용가능,
4366,,불로초자실체분말,,A1001464B90001,식품원료,원료이기에 사용기준 없음,,사용가능,
4367,GANODERMA LUCIDUM FRUIT BODY EXTRACT,불로초자실체추출물,,A1001464B94500,식품원료,원료이기에 사용기준 없음,,사용가능,
4368,GANODERMA LUCIDUM FRUIT BODY EXTRACT POWDER,불로초자실체추출물분말,,A1001464014501,식품원료,원료이기에 사용기준 없음,,사용가능,
4369,,불로초추출물,,A1001464014514,식품원료,원료이기에 사용기준 없음,,사용가능,
4370,,불로초추출물분말,,A1001464004501,식품원료,원료이기에 사용기준 없음,,사용가능,
4371,,불볼락,,A3000428000000,식품원료,원료이기에 사용기준 없음,,사용가능,
4372,FLUOROCARBON RESIN,불소수지,,D1000026000000,기구 및 용기포장,"사용기준 못찾음, 별도 확인 필요",,"기타, 별도 확인 필요",
4373,FINGERED CITRON FRUIT,불수귤나무열매,,A1001055230000,식품원료,원료이기에 사용기준 없음,,사용가능,
4374,SODIUM FLUORIDE,불화나트륨,,B1000437000000,식품첨가물,"사용기준 찾음, 별도 확인 필요",영양강화제,"기타, 별도 확인 필요",
4375,,붉돔,,A3000430000000,식품원료,원료이기에 사용기준 없음,,사용가능,
4376,,붉은강낭콩씨앗,,A1001058320000,식품원료,원료이기에 사용기준 없음,,사용가능,
4377,RED ROCK LOBSTER,붉은남방닭새우,,A3011995000000,식품원료,원료이기에 사용기준 없음,,사용가능,
4378,,붉은덕다리버섯,,A1001060000000,식품원료,원료이기에 사용기준 없음,,사용가능,
4379,,붉은멍게,,A3000957000000,식품원료,원료이기에 사용기준 없음,,사용가능,
4380,붉은멍게추출물,붉은멍게추출물,,A3000957004500,식품원료,원료이기에 사용기준 없음,,사용가능,
4381,,붉은메기,,A3000436000000,식품원료,원료이기에 사용기준 없음,,사용가능,
4382,Tiger toothed croaker,붉은이석태,,A3000439000000,식품원료,원료이기에 사용기준 없음,,사용가능,
4383,,붉은젖버섯,,A1001065B90000,식품원료,원료이기에 사용기준 없음,,사용가능,
4384,"RED CLOVER, PURPLE CLOVER",붉은토끼풀,,A1001066000000,식품원료,원료이기에 사용기준 없음,,사용가능,
4385,,붉은토끼풀꽃,,A1001066140000,식품원료,원료이기에 사용기준 없음,,"제한적사용가능, 별도 확인 필요",
4386,,붉은토끼풀분말,,A1001066140001,식품원료,원료이기에 사용기준 없음,,"제한적사용가능, 별도 확인 필요",
4387,,붉은토끼풀어린잎,,A1001066400000,식품원료,원료이기에 사용기준 없음,,사용가능,
4388,,붉은토끼풀어린잎추출물,,A1001066404500,식품원료,원료이기에 사용기준 없음,,사용가능,
4389,RED CLOVER /LEAVES,붉은토끼풀잎,,A1001066380000,식품원료,원료이기에 사용기준 없음,,사용가능,
4390,RED CLOVER LEAF POWDER,붉은토끼풀잎분말,,A1001066380001,식품원료,원료이기에 사용기준 없음,,사용가능,
4391,,붉은토끼풀잎추출물,,A1001066384500,식품원료,원료이기에 사용기준 없음,,사용가능,
4392,,붉은토끼풀추출물,,A1001066144500,식품원료,원료이기에 사용기준 없음,,"제한적사용가능, 별도 확인 필요",
4393,RED CLOVER EXTRACT POWDER,붉은토끼풀추출물분말,,A1001066144501,식품원료,원료이기에 사용기준 없음,,"제한적사용가능, 별도 확인 필요",
4394,,붉은팥,,A1002159000000,식품원료,원료이기에 사용기준 없음,,사용가능,
4395,Channel catfish,붕메기,,A3000442000000,식품원료,원료이기에 사용기준 없음,,사용가능,
4396,BORON AAC-외화획득용,붕소 아미노산킬레이트(외화획득용),,BZ000029000000,식품첨가물,"사용기준 못찾음, 별도 확인 필요",,사용불가,
4397,,붕어,,A3000443000000,식품원료,원료이기에 사용기준 없음,,사용가능,
4398,,붕장어,,A3000444000000,식품원료,원료이기에 사용기준 없음,,사용가능,
4399,,붕장어살,,A3000444080000,식품원료,원료이기에 사용기준 없음,,사용가능,
4400,,붕장어추출물,,A3000444004500,식품원료,원료이기에 사용기준 없음,,사용가능,
4401,BRAZIL NUT,브라질넛,,A1001070000000,식품원료,원료이기에 사용기준 없음,,사용가능,
4402,BRANDY,브랜디,,P0127080000000,식품유형,"사용기준 못찾음, 별도 확인 필요",,"기타, 별도 확인 필요",
4403,,브레비폴리아유카가루,,A1003135000001,식품원료,원료이기에 사용기준 없음,,"제한적사용가능, 별도 확인 필요",
4404,YUCCA SCHIDIGERA,브레비폴리아유카뿌리,,A1003135610000,식품원료,원료이기에 사용기준 없음,,"제한적사용가능, 별도 확인 필요",
4405,YUCCA POWDER,브레비폴리아유카뿌리분말,,A1003135610001,식품원료,원료이기에 사용기준 없음,,"제한적사용가능, 별도 확인 필요",
4406,YUCCA SCHIDIGERA EXTRACT,브레비폴리아유카뿌리추출물,,A1003135614500,식품원료,원료이기에 사용기준 없음,,"제한적사용가능, 별도 확인 필요",
4407,YUCCA SCHIDIGERA EXTRACT SOLID,브레비폴리아유카추출물분말,,A1003135614501,식품원료,원료이기에 사용기준 없음,,"제한적사용가능, 별도 확인 필요",
4408,BROMELAIN PINEAPPLE FRUIT,브로멜라인,,B2009142000000,식품첨가물,"사용기준 못찾음, 별도 확인 필요",,"기타, 별도 확인 필요",
4409,BROCCOLI,브로콜리,,A1001071000000,식품원료,원료이기에 사용기준 없음,,사용가능,
4410,,브로콜리꽃봉오리,,A1001071150000,식품원료,원료이기에 사용기준 없음,,사용가능,
4411,브로콜리꽃봉오리분말,브로콜리꽃봉오리분말,,A1001071150001,식품원료,원료이기에 사용기준 없음,,사용가능,
4412,,브로콜리농축,,A1001071000800,식품원료,원료이기에 사용기준 없음,,사용가능,
4413,,브로콜리농축액,,A1001071000814,식품원료,원료이기에 사용기준 없음,,사용가능,
4414,BROCCOLI POWDER,브로콜리분말,,A1001071000001,식품원료,원료이기에 사용기준 없음,,사용가능,
4415,브로콜리싹 농축액,브로콜리새싹농축액,,A1001071C60814,식품원료,원료이기에 사용기준 없음,,사용가능,
4416,Broccoli Sprout Powder,브로콜리새싹분말,,A1001071C60001,식품원료,원료이기에 사용기준 없음,,사용가능,
4417,BROCCOLI SPROUT,브로콜리싹,,A1001071C60000,식품원료,원료이기에 사용기준 없음,,사용가능,
4418,BROCCOLI SPROUT JUICE,브로콜리싹즙,,A1001071C60026,식품원료,원료이기에 사용기준 없음,,사용가능,
4419,BROCCOLI SPROUT EXTRACT,브로콜리싹추출물,,A1001071C64500,식품원료,원료이기에 사용기준 없음,,사용가능,
4420,BROCCOLOI SEED,브로콜리씨앗,,A1001071320000,식품원료,원료이기에 사용기준 없음,,사용가능,
4421,BROCCOLOI SEED EXTRACT,브로콜리씨앗추출물,,A1001071324500,식품원료,원료이기에 사용기준 없음,,사용가능,
4422,DEFATTED BROCCOLOI SEED POWDER,브로콜리씨앗탈지분말,,A1001071329301,식품원료,원료이기에 사용기준 없음,,사용가능,
4423,,브로콜리잎,,A1001071380000,식품원료,원료이기에 사용기준 없음,,사용가능,
4424,BROCCOLI LEAF POWDER,브로콜리잎분말,,A1001071380001,식품원료,원료이기에 사용기준 없음,,사용가능,
4425,BROCCOLI JUICE,브로콜리주스,,A1001071000025,식품원료,원료이기에 사용기준 없음,,사용가능,
4426,,브로콜리줄기,,A1001071490000,식품원료,원료이기에 사용기준 없음,,사용가능,
4427,브로콜리줄기분말,브로콜리줄기분말,,A1001071490001,식품원료,원료이기에 사용기준 없음,,사용가능,
4428,,브로콜리추출물,,A1001071004500,식품원료,원료이기에 사용기준 없음,,사용가능,
4429,BROCCOLI EXTRACT POWDER,브로콜리추출물분말,,A1001071004501,식품원료,원료이기에 사용기준 없음,,사용가능,
4430,BROCCOLI PULP,브로콜리펄프,,A1054138000000,식품원료,원료이기에 사용기준 없음,,사용가능,
4431,BROCCOLI PUREE,브로콜리퓨레,,A1053987000034,식품원료,원료이기에 사용기준 없음,,사용가능,
4432,BLADDERWRACK,블래드랙,,A1001075010000,식품원료,원료이기에 사용기준 없음,,사용가능,
4433,BLADDERWRACK EXTRACT,블래드랙추출물,,A1001075004500,식품원료,원료이기에 사용기준 없음,,사용가능,
4434,BLACK CARROT CONCENTRATE,블랙당근농축액,,A1001078610814,식품원료,원료이기에 사용기준 없음,,사용가능,
4435,BLACK CARROT POWDER,블랙당근분말,,A1001078000001,식품원료,원료이기에 사용기준 없음,,사용가능,
4436,Black Carrot,블랙당근뿌리,,A1001078610000,식품원료,원료이기에 사용기준 없음,,사용가능,
4437,BLACK CARROT JUICE,블랙당근주스,,A1001078610025,식품원료,원료이기에 사용기준 없음,,사용가능,
4438,BLACK CARROT JUICE CONCENTRATE,블랙당근주스농축,,A1001078000825,식품원료,원료이기에 사용기준 없음,,사용가능,
4439,BLACK CARROT EXTRACT,블랙당근추출물,,A1001078004500,식품원료,원료이기에 사용기준 없음,,사용가능,
4440,,블랙당근추출액,,A1001078614500,식품원료,원료이기에 사용기준 없음,,사용가능,
4441,,블랙라즈베리,,A1001076000000,식품원료,원료이기에 사용기준 없음,,사용가능,
4442,,블랙라즈베리주스,,A1001076000025,식품원료,원료이기에 사용기준 없음,,사용가능,
4443,BLACKBERRY,블랙베리,,A1001080000000,식품원료,원료이기에 사용기준 없음,,사용가능,
4444,BLACKBERRY CONCENTRATE,블랙베리농축,,A1001080000800,식품원료,원료이기에 사용기준 없음,,사용가능,
4445,,블랙베리농축액,,A1001080230814,식품원료,원료이기에 사용기준 없음,,사용가능,
4446,BLACKBERRY POWDER,블랙베리분말,,A1001080230001,식품원료,원료이기에 사용기준 없음,,사용가능,
4447,BLACKBERRY COLOR,블랙베리색소,,B2000490000000,식품첨가물,"사용기준 못찾음, 별도 확인 필요",,"기타, 별도 확인 필요",
4448,,블랙베리오일,,A1001080230020,식품원료,원료이기에 사용기준 없음,,사용가능,
4449,,블랙베리원액,,A1054005000021,식품원료,원료이기에 사용기준 없음,,사용가능,
4450,,블랙베리잎,,A1001080380000,식품원료,원료이기에 사용기준 없음,,사용가능,
4451,BLACKBERRY LEAF EXTRACT,블랙베리잎추출물,,A1001080384500,식품원료,원료이기에 사용기준 없음,,사용가능,
4452,BLACKBERRY JUICE,블랙베리주스,,A1001080230025,식품원료,원료이기에 사용기준 없음,,사용가능,
4453,BLACKBERRY JUICE CONCENTRATE,블랙베리주스농축액,,A1001080230825,식품원료,원료이기에 사용기준 없음,,사용가능,
4454,BLACKBERRY EXTRACT,블랙베리추출물,,A1001080234500,식품원료,원료이기에 사용기준 없음,,사용가능,
4455,BLACKBERRY PASTE,블랙베리페이스트,,A1001080230033,식품원료,원료이기에 사용기준 없음,,사용가능,
4456,BLACKBERRY PUREE,블랙베리퓌레,,A1001080230034,식품원료,원료이기에 사용기준 없음,,사용가능,
4457,BLACKBERRY PUREE CONCENTRATE,블랙베리퓌레농축액,,A1001080230834,식품원료,원료이기에 사용기준 없음,,사용가능,
4458,SLOE BERRIES(BLACKTHORN BERRIES),블랙손열매,,A1003164930000,식품원료,원료이기에 사용기준 없음,,사용가능,
4459,SLOE BERRIES JUICE CONCENTRATE,블랙손열매주스농축,,A1003164930825,식품원료,원료이기에 사용기준 없음,,사용가능,
4460,,블랙엘더베리,,A1003133000000,식품원료,원료이기에 사용기준 없음,,사용가능,
4461,,블랙엘더베리꽃,,A1003133140000,식품원료,원료이기에 사용기준 없음,,사용가능,
4462,ELDER FLOWERS CONCENTRATE,블랙엘더베리꽃농축액,,A1003133140814,식품원료,원료이기에 사용기준 없음,,사용가능,
4463,,블랙엘더베리꽃시럽,,A1003133140013,식품원료,원료이기에 사용기준 없음,,사용가능,
4464,ELDERBERRY FLOWER EXTRACT,블랙엘더베리꽃추출물,,A1054009144500,식품원료,원료이기에 사용기준 없음,,사용가능,
4465,,블랙엘더베리꽃추출액,,A1003133144500,식품원료,원료이기에 사용기준 없음,,사용가능,
4466,BLACK ELDERBERRY CONCENTRATE,블랙엘더베리농축액,,A1003133000814,식품원료,원료이기에 사용기준 없음,,사용가능,
4467,BLACK ELDERBERRY JUICE CONCENTRATE POWDER,블랙엘더베리농축주스분말,,A1053977940869,식품원료,원료이기에 사용기준 없음,,사용가능,
4468,CONCENTRATED ELDERBERRY 65'B,블랙엘더베리열매농축,,A1003133940800,식품원료,원료이기에 사용기준 없음,,사용가능,
4469,BLACK ELDERBERRY JUICE CONCENTRATE,블랙엘더베리열매농축주스,,A1003133940825,식품원료,원료이기에 사용기준 없음,,사용가능,
4470,,블랙엘더베리주스,,A1003133000025,식품원료,원료이기에 사용기준 없음,,사용가능,
4471,BLACK ELDERBERRY JUICE CONCENTRATE,블랙엘더베리주스농축,,A1003133000825,식품원료,원료이기에 사용기준 없음,,사용가능,
4472,BLACK ELDERBERRY EXTRACT,블랙엘더베리추출물,,A1003133004500,식품원료,원료이기에 사용기준 없음,,사용가능,
4473,BLACK EDLDERBERRY FRUIT EXTRACT POWDER,블랙엘더베리추출분말,,A1003133944501,식품원료,원료이기에 사용기준 없음,,사용가능,
4474,,블랙엘더베리추출액,,A1003133004514,식품원료,원료이기에 사용기준 없음,,사용가능,
4475,ELDERBERRY PUREE,블랙엘더베리퓌레,,A1003133000034,식품원료,원료이기에 사용기준 없음,,사용가능,
4476,BLACK OREODORY,블랙오레오도리,,A3000446000000,식품원료,원료이기에 사용기준 없음,,사용가능,
4477,BLACK OLIVE,블랙올리브,"Pitted Black Kalamata Olives,  black olives",A1002235000000,식품원료,원료이기에 사용기준 없음,,사용가능,
4478,BLACK OLIVE PULP,블랙올리브펄프,,A1002235000032,식품원료,원료이기에 사용기준 없음,,사용가능,
4479,BLACK OLIVE PASTE,블랙올리브페이스트,,A1002235000033,식품원료,원료이기에 사용기준 없음,,사용가능,
4480,BLACK CURRANT COLOR,블랙커런트색소,,B2000562000000,식품첨가물,"사용기준 못찾음, 별도 확인 필요",,"기타, 별도 확인 필요",
4481,,블랙커런트세이지잎,,A1001082380000,식품원료,원료이기에 사용기준 없음,,사용가능,
4482,BLACK CUMIN FIBER,블랙커민식이섬유,,A1054158000084,식품원료,원료이기에 사용기준 없음,,사용가능,
4483,BLACK CUMIN,블랙커민씨앗,,A1001083320000,식품원료,원료이기에 사용기준 없음,,사용가능,
4484,BLACK CUMIN EXTRACT,블랙커민씨앗추출물,,A1054157324500,식품원료,원료이기에 사용기준 없음,,사용가능,
4485,BLACK CUMIN OIL,블랙커민오일,,A1001083320020,식품원료,원료이기에 사용기준 없음,,사용가능,
4486,BLUEBERRY,블루베리,,A1001085000000,식품원료,원료이기에 사용기준 없음,,사용가능,
4487,,블루베리과즙,,A1001085000026,식품원료,원료이기에 사용기준 없음,,사용가능,
4488,,블루베리과즙분말,,A1001085000057,식품원료,원료이기에 사용기준 없음,,사용가능,
4489,BLUEBERRY CONCENTRATE,블루베리농축,,A1001085000800,식품원료,원료이기에 사용기준 없음,,사용가능,
4490,,블루베리농축과즙,,A1001085000826,식품원료,원료이기에 사용기준 없음,,사용가능,
4491,,블루베리농축분말,,A1001085000801,식품원료,원료이기에 사용기준 없음,,사용가능,
4492,,블루베리농축액,,A1001085000814,식품원료,원료이기에 사용기준 없음,,사용가능,
4493,BLUEBERRY POWDER,블루베리분말,,A1001085000001,식품원료,원료이기에 사용기준 없음,,사용가능,
4494,BLUEBERRY COLOR,블루베리색소,,B2000613000000,식품첨가물,"사용기준 못찾음, 별도 확인 필요",,"기타, 별도 확인 필요",
4495,,블루베리시럽,,A1001085000013,식품원료,원료이기에 사용기준 없음,,사용가능,
4496,,블루베리식이섬유,,A1001085000084,식품원료,원료이기에 사용기준 없음,,사용가능,
4497,WILD BLUEBERRY,블루베리열매,,A1001085230000,식품원료,원료이기에 사용기준 없음,,사용가능,
4498,BLUE BERRY LEAF,블루베리잎,,A1001085380000,식품원료,원료이기에 사용기준 없음,,사용가능,
4499,BLUEBERRY LEAF EXTRACT,블루베리잎추출물,,A1001085384500,식품원료,원료이기에 사용기준 없음,,사용가능,
4500,BLUEBERRY JUICE,블루베리주스,,A1001085000025,식품원료,원료이기에 사용기준 없음,,사용가능,
4501,,블루베리주스농축물,,A1001085230825,식품원료,원료이기에 사용기준 없음,,사용가능,
4502,BLUEBERRY JUICE CONCENTRATE,블루베리주스농축액,,A1001085000825,식품원료,원료이기에 사용기준 없음,,사용가능,
4503,BLUEBERRY JUICE POWDER,블루베리주스분말,,A1001085000069,식품원료,원료이기에 사용기준 없음,,사용가능,
4504,BLUEBERRY EXTRACT,블루베리추출물,,A1001085004512,식품원료,원료이기에 사용기준 없음,,사용가능,
4505,,블루베리추출분말,,A1001085004501,식품원료,원료이기에 사용기준 없음,,사용가능,
4506,,블루베리추출액,,A1001085004514,식품원료,원료이기에 사용기준 없음,,사용가능,
4507,BLUEBERRY PUREE,블루베리페이스트,,A1001085000033,식품원료,원료이기에 사용기준 없음,,사용가능,
4508,,블루베리퓌레,,A1001085000034,식품원료,원료이기에 사용기준 없음,,사용가능,
4509,BLUEBERRY PUREE CONCENTRATE,블루베리퓌레농축액,,A1001085000834,식품원료,원료이기에 사용기준 없음,,사용가능,
4510,,비누풀,,A1002705000000,식품원료,원료이기에 사용기준 없음,,사용불가,
4511,,비단그물버섯,,A1001086000000,식품원료,원료이기에 사용기준 없음,,사용가능,
4512,PIGEON PEA,비둘기콩씨앗,,A1005356320000,식품원료,원료이기에 사용기준 없음,,사용가능,
4513,AMARANTH,비름,,A1001089000000,식품원료,원료이기에 사용기준 없음,,사용가능,
4514,EDIBLE AMARANTH SPROUT EXTRACT,비름순추출물,,A1001089884500,식품원료,원료이기에 사용기준 없음,,사용가능,
4515,,비수리,,A1001092000000,식품원료,원료이기에 사용기준 없음,,사용가능,
4516,,비수리분말,,A1001092000001,식품원료,원료이기에 사용기준 없음,,사용가능,
4517,,비수리잎,,A1001092380000,식품원료,원료이기에 사용기준 없음,,사용가능,
4518,LESPEDEZA CUNEATA LEAF EXTRACT,비수리잎추출물,,A1001092384500,식품원료,원료이기에 사용기준 없음,,사용가능,
4519,,비수리추출물,,A1001092004500,식품원료,원료이기에 사용기준 없음,,사용가능,
4520,,비수리추출분말,,A1001092004501,식품원료,원료이기에 사용기준 없음,,사용가능,
4521,SIBERIAN ELM,비술나무나무껍질,,A1001093580000,식품원료,원료이기에 사용기준 없음,,사용가능,
4522,,비술나무추출물분말,,A1001093004501,식품원료,원료이기에 사용기준 없음,,사용가능,
4523,BIOTIN(D-BIOTIN),비오틴,Biotin,B1000076000000,식품첨가물,II. 2. 1)의 규정에 따라 사용하여야 한다.,영양강화제,"기타, 별도 확인 필요",
4524,TORREYA,비자나무,,A1001095000000,식품원료,원료이기에 사용기준 없음,,사용가능,
4525,UNREFINED SUGAR BEET SYRUP,비정제사탕무시럽,,A1001126000026,식품원료,원료이기에 사용기준 없음,,사용가능,
4526,BEES WAX ALCOHOL,비즈왁스알코올(기능성원료인정제2010-1호),,C9000279000000,건강기능식품,"사용기준 못찾음, 별도 확인 필요",,"기타, 별도 확인 필요",
4527,VITAMIN B12 (CYANOCOBALAMIN),비타민 B12,"Vitamin B12, Cyanocobalamin",B2000029000000,식품첨가물,II. 2. 1)의 규정에 따라 사용하여야 한다.,영양강화제,"기타, 별도 확인 필요",
4528,"VITAMIN B1(THIAMINE) NAPHTHALENE-1,5-DISULFONATE","비타민 B1나프탈린-1,5-디설폰산염",,B1000077000000,식품첨가물,II. 2. 1)의 규정에 따라 사용하여야 한다.,영양강화제,"기타, 별도 확인 필요",
4529,VITAMIN B1(THIAMINE) DILAURYLSULFATE,비타민 B1라우릴황산염,,B1000079000000,식품첨가물,II. 2. 1)의 규정에 따라 사용하여야 한다.,영양강화제,"기타, 별도 확인 필요",
4530,VITAMIN B1(THIAMINE) THIOCYANATE,비타민 B1로단산염,,B1000080000000,식품첨가물,II. 2. 1)의 규정에 따라 사용하여야 한다.,영양강화제,"기타, 별도 확인 필요",
4531,VITAMIN B1(THIAMINE) HYDROCHLORIDE,비타민 B1염산염,,B1000081000000,식품첨가물,II. 2. 1)의 규정에 따라 사용하여야 한다.,영양강화제,"기타, 별도 확인 필요",
4532,VITAMIN B1(THIAMINE) MONONITRATE,비타민 B1질산염,"Thiamine Mononitrate, Thiamin Mononitrate",B1000082000000,식품첨가물,II. 2. 1)의 규정에 따라 사용하여야 한다.,영양강화제,"기타, 별도 확인 필요",
4533,VITAMIN B2 (RIBOFLAVIN),비타민 B2,Riboflavin,B1000084000000,식품첨가물,II. 2. 1)의 규정에 따라 사용하여야 한다.,영양강화제,"기타, 별도 확인 필요",
4534,VITAMIN B2 (RIBOFLAVIN-5'-PHOSPHATE SODIUM),비타민 B2 인산에스테르나트륨,,B1000085000000,식품첨가물,"사용기준 못찾음, 별도 확인 필요",,"기타, 별도 확인 필요",
4535,PYRIDOXINE HYDROCHLORIDE,비타민 B6 염산염,,B1000086000000,식품첨가물,II. 2. 1)의 규정에 따라 사용하여야 한다.,,"기타, 별도 확인 필요",
4536,VITAMIN C (L-ASCORBIC ACID),비타민 C,"ascorbic acid, Vitamin C, E300",B1000087000000,식품첨가물,II. 2. 1)의 규정에 따라 사용하여야 한다.,산화방지제,"기타, 별도 확인 필요",
4537,VITAMIN C(L-ASCORBIC ACID)POWDER,비타민 C 분말,,B1000087000001,식품첨가물,"사용기준 못찾음, 별도 확인 필요",,"기타, 별도 확인 필요",
4538,VITAMIN D2(CALCIFEROL),비타민 D2,Vitamin D2,B1000088000000,식품첨가물,II. 2. 1)의 규정에 따라 사용하여야 한다.,영양강화제,"기타, 별도 확인 필요",
4539,VITAMIN D3 (CHOLECALCIFEROL),비타민 D3,vitamin D3,B1000089000000,식품첨가물,II. 2. 1)의 규정에 따라 사용하여야 한다.,영양강화제,"기타, 별도 확인 필요",
4540,VITAMIN E(DL-ALPHA-TOCOPHEROL),비타민 E,Vitamin E,B1000090000000,식품첨가물,II. 2. 1)의 규정에 따라 사용하여야 한다.,영양강화제,"기타, 별도 확인 필요",
4541,PHYLLOQUINONE,비타민 K1,,B1000336000000,식품첨가물,"사용기준 찾음, 별도 확인 필요",영양강화제,"기타, 별도 확인 필요",
4542,VITAMIN D3 POWDER,비타민D3 분말,,B1000089000001,식품첨가물,"사용기준 못찾음, 별도 확인 필요",,"기타, 별도 확인 필요",
4543,Menaquinone-7,비타민K2,,B1062569000000,식품첨가물,"사용기준 찾음, 별도 확인 필요",영양강화제,사용가능,
4544,VITAMIN K2,비타민K2(외화획득용),,BZ000088000000,식품첨가물,"사용기준 못찾음, 별도 확인 필요",,사용불가,
4545,BEET RED,비트레드,,B2000030000000,식품첨가물,"사용기준 찾음, 별도 확인 필요",착색료,"기타, 별도 확인 필요",
4546,BEETROOT,비트루트,,A1001098000000,식품원료,원료이기에 사용기준 없음,,사용가능,
4547,BEETROOT CONCENTRATE,비트루트농축,,A1001098000800,식품원료,원료이기에 사용기준 없음,,사용가능,
4548,,비트루트농축액,,A1001098610814,식품원료,원료이기에 사용기준 없음,,사용가능,
4549,,비트루트농축액분말,,A1001098000801,식품원료,원료이기에 사용기준 없음,,사용가능,
4550,BEETROOT POWDER,비트루트분말,,A1001098000001,식품원료,원료이기에 사용기준 없음,,사용가능,
4551,,비트루트뿌리,,A1001098610000,식품원료,원료이기에 사용기준 없음,,사용가능,
4552,BEETROOT ROOT PASTE,비트루트뿌리페이스트,,A1001098610033,식품원료,원료이기에 사용기준 없음,,사용가능,
4553,BEETROOT FIBER,비트루트식이섬유,,A1054001000084,식품원료,원료이기에 사용기준 없음,,사용가능,
4554,BEETROOT JUICE,비트루트주스,,A1001098000025,식품원료,원료이기에 사용기준 없음,,사용가능,
4555,BEETROOT JUICE,비트루트주스농축액,,A1054011000825,식품원료,원료이기에 사용기준 없음,,사용가능,
4556,BEETROOT JUICE POWDER,비트루트주스분말,,A1054129000069,식품원료,원료이기에 사용기준 없음,,사용가능,
4557,BEETROOT EXTRACT,비트루트추출물,,A1001098004500,식품원료,원료이기에 사용기준 없음,,사용가능,
4558,BEETROOT EXTRACT CONCENTRATE,비트루트추출물농축,,A1054106001000,식품원료,원료이기에 사용기준 없음,,사용가능,
4559,VITAMIN A ACETATE(외화획득용 등),비티민 A 아세테이트(외화획득용 등),,BZ000074000000,식품첨가물,"사용기준 못찾음, 별도 확인 필요",,사용불가,
4560,LOQUAT,비파,,A1001099000000,식품원료,원료이기에 사용기준 없음,,사용가능,
4561,,비파나무열매(씨앗제외),,A1003081930000,식품원료,원료이기에 사용기준 없음,,사용가능,
4562,LOQUAT JUICE,비파나무열매주스,,A1001099930025,식품원료,원료이기에 사용기준 없음,,사용가능,
4563,LIQUAT FRUIT EXTRACT,비파나무열매추출물,,A1003081934500,식품원료,원료이기에 사용기준 없음,,사용가능,
4564,,비파엑기스,,A1001099380017,식품원료,원료이기에 사용기준 없음,,"제한적사용가능, 별도 확인 필요",
4565,,비파열매,,A1001099930000,식품원료,원료이기에 사용기준 없음,,사용가능,
4566,,비파잎,,A1001099380000,식품원료,원료이기에 사용기준 없음,,"제한적사용가능, 별도 확인 필요",
4567,,비파추출물,,A1001099384500,식품원료,원료이기에 사용기준 없음,,"제한적사용가능, 별도 확인 필요",
4568,,비피도박테리움 락티스 비피더스균분말,,A5000026000001,식품원료,원료이기에 사용기준 없음,,사용가능,
4569,DRY YEAST(INACTIVE),비활성효모,,B2009143000000,식품첨가물,"사용기준 못찾음, 별도 확인 필요",,"기타, 별도 확인 필요",
4570,,빌베리추출물(기능성원료인정제2018-2호),,C9000957000000,건강기능식품,"사용기준 못찾음, 별도 확인 필요",,"기타, 별도 확인 필요",
4571,BAEL,빌트리열매,,A1001105230000,식품원료,원료이기에 사용기준 없음,,사용가능,
4572,,빙어,,A3000459000000,식품원료,원료이기에 사용기준 없음,,사용가능,
4573,,빙어란,,A3000459050000,식품원료,원료이기에 사용기준 없음,,사용가능,
4574,GLACIAL ACETIC ACID,빙초산,,B1000092000000,식품첨가물,II. 2. 1)의 규정에 따라 사용하여야 한다.,산도조절제,"기타, 별도 확인 필요",
4575,BERYX SPLENDENS,빛금눈돔,,A3000460000000,식품원료,원료이기에 사용기준 없음,,사용가능,
4576,"ALFONSINO, KIMMEDAI",빛금눈돔살,,A3000460080000,식품원료,원료이기에 사용기준 없음,,사용가능,
4577,,빨간대구,,A3000462000000,식품원료,원료이기에 사용기준 없음,,사용가능,
4578,,빨간무,,A1002744000000,식품원료,원료이기에 사용기준 없음,,사용가능,
4579,,빨간무추출물,,A1002744004500,식품원료,원료이기에 사용기준 없음,,사용가능,
4580,"BREADNUT, KAMANSI",빵나무,,A1001106000000,식품원료,원료이기에 사용기준 없음,,사용가능,
4581,,빵나무열매,,A1001106230000,식품원료,원료이기에 사용기준 없음,,사용가능,
4582,OATMEAL,빻은귀리(오트밀),,A1000415000082,식품원료,원료이기에 사용기준 없음,,사용가능,
4583,,뽕나무,,A1001107000000,식품원료,원료이기에 사용기준 없음,,사용가능,
4584,,뽕나무버섯,,A1001109000000,식품원료,원료이기에 사용기준 없음,,사용가능,
4585,,뽕나무뿌리껍질추출물,,A1001107654500,식품원료,원료이기에 사용기준 없음,,사용가능,
4586,,뽕나무어린가지추출액,,A1001107564514,식품원료,원료이기에 사용기준 없음,,사용가능,
4587,,뽕나무열매,,A1001107230000,식품원료,원료이기에 사용기준 없음,,사용가능,
4588,,뽕나무잎,,A1001107380000,식품원료,원료이기에 사용기준 없음,,사용가능,
4589,,뽕나무잎가루,,A1001107380001,식품원료,원료이기에 사용기준 없음,,사용가능,
4590,,뽕나무잎농축액,,A1001107380814,식품원료,원료이기에 사용기준 없음,,사용가능,
4591,,뽕나무잎추출물,,A1001107384500,식품원료,원료이기에 사용기준 없음,,사용가능,
4592,,뽕나무잎추출분말,,A1001107384501,식품원료,원료이기에 사용기준 없음,,사용가능,
4593,MULBERRY-LEAF LINDEN FLOWER EXTRACT,뽕잎피나무꽃추출물,,A1054008144500,식품원료,원료이기에 사용기준 없음,,사용가능,
4594,,뽕잎피나무분말,,A1005094000001,식품원료,원료이기에 사용기준 없음,,사용가능,
4595,,뽕잎피나무잎,,A1005094380000,식품원료,원료이기에 사용기준 없음,,사용가능,
4596,,뿔나팔버섯,,A1001110000000,식품원료,원료이기에 사용기준 없음,,사용가능,
4597,,뿔돔,,A3000469000000,식품원료,원료이기에 사용기준 없음,,사용가능,
4598,AURICULARIA CORNEA,뿔목이,,A1054199000000,식품원료,원료이기에 사용기준 없음,,사용가능,
4599,SAGO PALM,사고야자,,A1001111000000,식품원료,원료이기에 사용기준 없음,,사용가능,
4600,SAGO PALM STARCH,사고야자전분,,A1001111710000,식품원료,원료이기에 사용기준 없음,,사용가능,
4601,,사골,,A20000111O0000,식품원료,원료이기에 사용기준 없음,,사용가능,
4602,,사골농축액,,A20000111O0814,식품원료,원료이기에 사용기준 없음,,사용가능,
4603,,사골농축엑기스,,A20000111O4517,식품원료,원료이기에 사용기준 없음,,사용가능,
4604,,사골엑기스,,A20000111O0017,식품원료,원료이기에 사용기준 없음,,사용가능,
4605,,사골엑기스분말,,A20000111O0018,식품원료,원료이기에 사용기준 없음,,사용가능,
4606,,사골육수,,A20000111O0023,식품원료,원료이기에 사용기준 없음,,사용가능,
4607,,사골추출물,,A20000111O4500,식품원료,원료이기에 사용기준 없음,,사용가능,
4608,,사골추출분말,,A20000111O4501,식품원료,원료이기에 사용기준 없음,,사용가능,
4609,APPLE,사과,Apples,A1001112000000,식품원료,원료이기에 사용기준 없음,,사용가능,
4610,APPLE GRANULE,사과과립,,A1001112000043,식품원료,원료이기에 사용기준 없음,,사용가능,
4611,APPLE PULP,사과과육,,A1001112300000,식품원료,원료이기에 사용기준 없음,,사용가능,
4612,,사과과즙분말,,A1001112000057,식품원료,원료이기에 사용기준 없음,,사용가능,
4613,,사과껍질,,A1001112770000,식품원료,원료이기에 사용기준 없음,,사용가능,
4614,,사과냉동,,A1001112000600,식품원료,원료이기에 사용기준 없음,,사용가능,
4615,APPLE CONCENTRATE,사과농축,,A1001112000800,식품원료,원료이기에 사용기준 없음,,사용가능,
4616,,사과농축분말,,A1001112000801,식품원료,원료이기에 사용기준 없음,,사용가능,
4617,APPLE CONCENTRATE,사과농축액,,A1001112000814,식품원료,원료이기에 사용기준 없음,,사용가능,
4618,,사과다이스,,A1001112000007,식품원료,원료이기에 사용기준 없음,,사용가능,
4619,APPLE POMACE,사과박,,A1053973000075,식품원료,원료이기에 사용기준 없음,,사용가능,
4620,,사과발효액,,A1001112001914,식품원료,원료이기에 사용기준 없음,,사용가능,
4621,APPLE POWDER,사과분말,,A1001112000001,식품원료,원료이기에 사용기준 없음,,사용가능,
4622,,사과시럽,,A1001112000013,식품원료,원료이기에 사용기준 없음,,사용가능,
4623,,사과식이섬유,,A1001112000084,식품원료,원료이기에 사용기준 없음,,사용가능,
4624,,사과액,,A1001112000014,식품원료,원료이기에 사용기준 없음,,사용가능,
4625,,사과엑기스,,A1001112000017,식품원료,원료이기에 사용기준 없음,,사용가능,
4626,,사과열매,,A1001112230000,식품원료,원료이기에 사용기준 없음,,사용가능,
4627,,사과오일,,A1001112000020,식품원료,원료이기에 사용기준 없음,,사용가능,
4628,,사과원액,,A1001112000021,식품원료,원료이기에 사용기준 없음,,사용가능,
4629,PIECES OF DRIED APPLES,사과조각,,A1001112000024,식품원료,원료이기에 사용기준 없음,,사용가능,
4630,APPLE JUICE,사과주스,,A1001112000025,식품원료,원료이기에 사용기준 없음,,사용가능,
4631,APPLE JUICE POWDER,사과주스분말,,A1001112000069,식품원료,원료이기에 사용기준 없음,,사용가능,
4632,,사과즙,,A1001112000026,식품원료,원료이기에 사용기준 없음,,사용가능,
4633,Apple Distillate,사과증류액,,A1001112006914,식품원료,원료이기에 사용기준 없음,,사용가능,
4634,,사과착즙액,,A1001112233214,식품원료,원료이기에 사용기준 없음,,사용가능,
4635,APPLE EXTRACT,사과추출물,,A1001112004500,식품원료,원료이기에 사용기준 없음,,사용가능,
4636,,사과추출물분말,,A1001112004501,식품원료,원료이기에 사용기준 없음,,사용가능,
4637,APPLE CHIPS,사과칩,,A1001112000048,식품원료,원료이기에 사용기준 없음,,사용가능,
4638,APPLE PASTE,사과페이스트,,A1001112000033,식품원료,원료이기에 사용기준 없음,,사용가능,
4639,APPLE PUREE,사과퓌레,,A1001112000034,식품원료,원료이기에 사용기준 없음,,사용가능,
4640,CONCENTRATED APPLE PUREE,사과퓌레농축액,,A1001112000834,식품원료,원료이기에 사용기준 없음,,사용가능,
4641,APPLE FLAKE,사과플레이크,,A1001112000051,식품원료,원료이기에 사용기준 없음,,사용가능,
4642,APPLE FLAVOR,사과향,,B6000008000000,식품첨가물,"사용기준 못찾음, 별도 확인 필요",,사용가능,
4643,,사군자추출분말(기능성원료인정제2021-3호),,C9001005000000,건강기능식품,"사용기준 못찾음, 별도 확인 필요",,"기타, 별도 확인 필요",
4644,SHOREA ROBUSTA GAERTNER F.,사라수나무열매,,A1001113230000,식품원료,원료이기에 사용기준 없음,,사용가능,
4645,SAL OIL,사라수오일,,A1001113000020,식품원료,원료이기에 사용기준 없음,,사용가능,
4646,,사랑놀래기,,A3000473000000,식품원료,원료이기에 사용기준 없음,,사용가능,
4647,SARSAPARILLA,사사파릴라,,A1001115000000,식품원료,원료이기에 사용기준 없음,,사용가능,
4648,,사사파릴라추출물,,A1001115004500,식품원료,원료이기에 사용기준 없음,,사용가능,
4649,DOTTED BELLFLOWER,사삼,,A1001116000000,식품원료,원료이기에 사용기준 없음,,사용가능,
4650,THREE-LEAF LADYBELL EXTRACT,사삼(잔대)추출물,,A1053962004500,식품원료,원료이기에 사용기준 없음,,사용가능,
4651,,사삼뿌리,,A1001116610000,식품원료,원료이기에 사용기준 없음,,사용가능,
4652,,사삼순,,A1001116880000,식품원료,원료이기에 사용기준 없음,,사용가능,
4653,Adenophora Triphylla var. Japonica Hara Extract,사삼추출물(기능성원료인정제2022-7호),,C9001015000000,건강기능식품,"사용기준 못찾음, 별도 확인 필요",,"기타, 별도 확인 필요",
4654,FRUCTUS TORILIS,사상자,,A1001117000000,식품원료,원료이기에 사용기준 없음,,"제한적사용가능, 별도 확인 필요",
4655,,사슴고기,,A2000009070000,식품원료,원료이기에 사용기준 없음,,사용가능,
4656,,사슴꼬리,,A40000060E0000,식품원료,원료이기에 사용기준 없음,,사용가능,
4657,DEER SPLEEN POWDER,사슴비장분말,,A20000093O0001,식품원료,원료이기에 사용기준 없음,,사용가능,
4658,,사슴뼈,,A20000091M0000,식품원료,원료이기에 사용기준 없음,,사용가능,
4659,,사슴추출액,,A2000009004514,식품원료,원료이기에 사용기준 없음,,사용가능,
4660,DEER PLACENTA POWDER,사슴태반분말,,A4000006260001,식품원료,원료이기에 사용기준 없음,,사용가능,
4661,STAG BLOOD,사슴피,,A20000093C0000,식품원료,원료이기에 사용기준 없음,,사용가능,
4662,FREEZE DRIED STAG BLOOD POWDER,사슴피분말,,A20000093C0001,식품원료,원료이기에 사용기준 없음,,사용가능,
4663,,사시나무(외화획득용),,AZ000002000000,식품원료,원료이기에 사용기준 없음,,사용불가,
4664,,사양벌꿀,,P0000169000000,식품유형,"사용기준 못찾음, 별도 확인 필요",,"기타, 별도 확인 필요",
4665,THOUSAND ISLAND FLAVORS,사우전드아일랜드향,,B6000011000000,식품첨가물,"사용기준 못찾음, 별도 확인 필요",,사용가능,
4666,,사이곤계피,,A1002876000000,식품원료,원료이기에 사용기준 없음,,사용가능,
4667,AMOMI SEMEN,사인,,A1001123000000,식품원료,원료이기에 사용기준 없음,,"제한적사용가능, 별도 확인 필요",
4668,,사인씨앗,,A1001123320000,식품원료,원료이기에 사용기준 없음,,"제한적사용가능, 별도 확인 필요",
4669,,사인씨앗추출액,,A1001123324514,식품원료,원료이기에 사용기준 없음,,"제한적사용가능, 별도 확인 필요",
4670,PSYLLIUM SEED GUM,사일리움씨드검,,B2000132000000,식품첨가물,II. 2. 1)의 규정에 따라 사용하여야 한다.,증점제,"기타, 별도 확인 필요",
4671,,사철쑥,,A1001125000000,식품원료,원료이기에 사용기준 없음,,사용가능,
4672,,사철쑥농축액,,A1001125000814,식품원료,원료이기에 사용기준 없음,,사용가능,
4673,,사철쑥분말,,A1001125000001,식품원료,원료이기에 사용기준 없음,,사용가능,
4674,,사철쑥추출물,,A1001125004500,식품원료,원료이기에 사용기준 없음,,사용가능,
4675,,사철쑥추출물분말,,A1001125024501,식품원료,원료이기에 사용기준 없음,,사용가능,
4676,SODIUM SACCHARIN,사카린나트륨,,B1003603000000,식품첨가물,"사용기준 찾음, 별도 확인 필요",감미료,"기타, 별도 확인 필요",
4677,SUGAR BEET,사탕무,,A1001126000000,식품원료,원료이기에 사용기준 없음,,사용가능,
4678,HYDROLYZED SUGAR BEET PROTEIN,사탕무단백가수분해물,,A1001126000208,식품원료,원료이기에 사용기준 없음,,사용가능,
4679,,사탕무뿌리,,A1001126610000,식품원료,원료이기에 사용기준 없음,,사용가능,
4680,SUGAR BEET CONCENTRATE,사탕무뿌리농축액,,A1001126610814,식품원료,원료이기에 사용기준 없음,,사용가능,
4681,SUGAR BEET POWDER,사탕무뿌리분말,,A1001126610001,식품원료,원료이기에 사용기준 없음,,사용가능,
4682,SUGAR BEET FIBER,사탕무뿌리식이섬유,,A1001126610084,식품원료,원료이기에 사용기준 없음,,사용가능,
4683,BEET JUICE,사탕무뿌리주스,,A1001126610025,식품원료,원료이기에 사용기준 없음,,사용가능,
4684,,사탕무섬유,,A1001126000084,식품원료,원료이기에 사용기준 없음,,사용가능,
4685,SUGAR BEET SYRUP,사탕무시럽,,A1001126000013,식품원료,원료이기에 사용기준 없음,,사용가능,
4686,SUGAR BEET EXTRACT,사탕무추출물,,A1001126004500,식품원료,원료이기에 사용기준 없음,,사용가능,
4687,SUGARCANE,사탕수수,,A1001127000000,식품원료,원료이기에 사용기준 없음,,사용가능,
4688,,사탕수수가루,,A1001127000001,식품원료,원료이기에 사용기준 없음,,사용가능,
4689,SUGARCANE GRANULE,사탕수수과립,,A1054148000043,식품원료,원료이기에 사용기준 없음,,사용가능,
4690,SUGARCANE CONCENTRATE,사탕수수농축액,,A1054020000814,식품원료,원료이기에 사용기준 없음,,사용가능,
4691,SUGAR CANE SYRUP,사탕수수시럽,,A1001127000013,식품원료,원료이기에 사용기준 없음,,사용가능,
4692,SUGAR CANE FIBER,사탕수수식이섬유,,A1001127000084,식품원료,원료이기에 사용기준 없음,,사용가능,
4693,SUGAR CANE WAX EXTRACT,사탕수수왁스추출물(외화획득용 등),,AZ000032000000,식품원료,원료이기에 사용기준 없음,,사용불가,
4694,SUGARCANE JUICE,사탕수수주스,,A1001127000025,식품원료,원료이기에 사용기준 없음,,사용가능,
4695,CANE JUICE POWDER,사탕수수주스분말,,A1001127000069,식품원료,원료이기에 사용기준 없음,,사용가능,
4696,,사탕수수줄기,,A1001127490000,식품원료,원료이기에 사용기준 없음,,사용가능,
4697,EVAPORATED CANE JUICE,사탕수수즙,,A1001127000026,식품원료,원료이기에 사용기준 없음,,사용가능,
4698,,사탕수수즙액,,A1001127120000,식품원료,원료이기에 사용기준 없음,,사용가능,
4699,SUGAR CANE DISTILLATE,사탕수수증류액,,A1001127006914,식품원료,원료이기에 사용기준 없음,,사용가능,
4700,SUGARCANE EXTRACT,사탕수수추출물,,A1001127004500,식품원료,원료이기에 사용기준 없음,,사용가능,
4701,SUGARCANE EXTRACT POWDER,사탕수수추출분말,,A1001127004501,식품원료,원료이기에 사용기준 없음,,사용가능,
4702,SUGAR PALM,사탕야자,,A1001128000000,식품원료,원료이기에 사용기준 없음,,사용가능,
4703,,사탕야자수액,,A1001128100000,식품원료,원료이기에 사용기준 없음,,사용가능,
4704,SUGAR PALM JUICE,사탕야자즙,,A1001128000026,식품원료,원료이기에 사용기준 없음,,사용가능,
4705,SWEETCORN,사탕옥수수,,A1002738000000,식품원료,원료이기에 사용기준 없음,,사용가능,
4706,SWEETCORN POWDER,사탕옥수수분말,,A1002738000001,식품원료,원료이기에 사용기준 없음,,사용가능,
4707,SUGAR CORN SYRUP,사탕옥수수시럽,,A1002738000013,식품원료,원료이기에 사용기준 없음,,사용가능,
4708,SAFFRON,사프란,,A1001130000000,식품원료,원료이기에 사용기준 없음,,사용가능,
4709,SAFFRON COLOR,사프란색소,,B2000133000000,식품첨가물,"사용기준 찾음, 별도 확인 필요",착색료,"기타, 별도 확인 필요",
4710,,사프란암술머리,,A1001130200000,식품원료,원료이기에 사용기준 없음,,사용가능,
4711,SAFFRON POWDER,사프란암술머리분말,,A1001130200001,식품원료,원료이기에 사용기준 없음,,사용가능,
4712,SAFFRON EXTRACT,사프란암술머리추출물,,A1001130204500,식품원료,원료이기에 사용기준 없음,,사용가능,
4713,,사프란암술머리추출물분말,,A1001130204501,식품원료,원료이기에 사용기준 없음,,사용가능,
4714,Wright’s viburnum JUICE,산가막살나무열매쥬스,,A1005102230025,식품원료,원료이기에 사용기준 없음,,사용가능,
4715,,산골취,,A1001133000000,식품원료,원료이기에 사용기준 없음,,사용가능,
4716,,산그물버섯,,A1002585B90000,식품원료,원료이기에 사용기준 없음,,사용가능,
4717,,산느타리,,A1001135000000,식품원료,원료이기에 사용기준 없음,,사용가능,
4718,,산돌배나무열매,,A1001137230000,식품원료,원료이기에 사용기준 없음,,사용가능,
4719,RASPBERRY,산딸기,,A1001139000000,식품원료,원료이기에 사용기준 없음,,사용가능,
4720,WILDBERRY FRUIT PIECES,산딸기과육,,A1001139300000,식품원료,원료이기에 사용기준 없음,,사용가능,
4721,RASPBERRY CONCENTRATE,산딸기농축물,,A1001139000800,식품원료,raspberry 100% 인지 확인,,사용가능,
4722,RASPBERRY CONCENTRATE JUICE,산딸기농축주스,,A1001139000825,식품원료,raspberry 100% 인지 확인,,사용가능,
4723,RASPBERRY POWDER,산딸기분말,,A1001139000001,식품원료,원료이기에 사용기준 없음,,사용가능,
4724,RASPBERRY SYRUP,산딸기시럽,,A1001139000013,식품원료,원료이기에 사용기준 없음,,사용가능,
4725,RASPBERRY SEED,산딸기씨앗,,A1001139320000,식품원료,원료이기에 사용기준 없음,,사용가능,
4726,,산딸기열매,,A1001139230000,식품원료,원료이기에 사용기준 없음,,사용가능,
4727,RASPBERRY ESSENCE,산딸기유,,A1001139000020,식품원료,원료이기에 사용기준 없음,,사용가능,
4728,RASPBERRY LEAF,산딸기잎,,A1001139380000,식품원료,원료이기에 사용기준 없음,,사용가능,
4729,RASPBERRY JUICE,산딸기주스,,A1001139000025,식품원료,raspberry 100% 인지 확인,,사용가능,
4730,RASPBERRY JUICE POWDER,산딸기주스분말,,A1001139000069,식품원료,원료이기에 사용기준 없음,,사용가능,
4731,RASPBERRIES DISTILLATE,산딸기증류액,,A1001139006914,식품원료,원료이기에 사용기준 없음,,사용가능,
4732,,산딸기추출물,,A1001139004500,식품원료,원료이기에 사용기준 없음,,사용가능,
4733,RASPBERRY PASTE,산딸기페이스트,,A1001139000033,식품원료,원료이기에 사용기준 없음,,사용가능,
4734,,산딸기편,,A1001139000039,식품원료,원료이기에 사용기준 없음,,사용가능,
4735,RASPBERRY PUREE,산딸기퓌레,raspberries purée,A1001139000034,식품원료,raspberry 100% 인지 확인,,사용가능,
4736,RASPBERRY PUREE CONCENTRATE,산딸기퓌레농축물,,A1001139000834,식품원료,raspberry 100% 인지 확인,,사용가능,
4737,YAM,산마,,A1002275000000,식품원료,원료이기에 사용기준 없음,,사용가능,
4738,WILD GARLIC,산마늘,,A1001141000000,식품원료,원료이기에 사용기준 없음,,사용가능,
4739,,산마늘잎,,A1001141380000,식품원료,원료이기에 사용기준 없음,,사용가능,
4740,,산마분말,,A1002275000001,식품원료,원료이기에 사용기준 없음,,사용가능,
4741,,산매자나무열매,,A1001142230000,식품원료,원료이기에 사용기준 없음,,사용가능,
4742,VITIS KAEMPFERI K. KOCH CONCENTRATE,산머루농축액,,A1000825000814,식품원료,원료이기에 사용기준 없음,,사용가능,
4743,,산머루열매,,A1002502230000,식품원료,원료이기에 사용기준 없음,,사용가능,
4744,,산미나리잎,,A1005105380000,식품원료,원료이기에 사용기준 없음,,사용가능,
4745,,산복사열매,,A1001145930000,식품원료,원료이기에 사용기준 없음,,사용가능,
4746,WILD LEEK,산부추,,A1002622000000,식품원료,원료이기에 사용기준 없음,,사용가능,
4747,"HAW, BLACK, BARK",산사나무,,A1001147000000,식품원료,원료이기에 사용기준 없음,,사용가능,
4748,,산사나무분말,,A1001147000001,식품원료,원료이기에 사용기준 없음,,사용가능,
4749,HAWTHORN,산사나무열매,,A1001147230000,식품원료,원료이기에 사용기준 없음,,사용가능,
4750,,산사나무열매농축액,,A1001147230814,식품원료,원료이기에 사용기준 없음,,사용가능,
4751,HAWTHORN POWDER,산사나무열매분말,,A1001147230001,식품원료,원료이기에 사용기준 없음,,사용가능,
4752,산사주스,산사나무열매주스,,A1001147230025,식품원료,원료이기에 사용기준 없음,,사용가능,
4753,,산사나무열매추출물,,A1001147234500,식품원료,원료이기에 사용기준 없음,,사용가능,
4754,,산사나무열매추출분말,,A1001147234501,식품원료,원료이기에 사용기준 없음,,사용가능,
4755,HAWTHORN LEAVES,산사나무잎,,A1001147380000,식품원료,원료이기에 사용기준 없음,,"제한적사용가능, 별도 확인 필요",
4756,,산삼,,A1053945000000,식품원료,원료이기에 사용기준 없음,,사용가능,
4757,,산삼배양근농축액,,A1002225610814,식품원료,원료이기에 사용기준 없음,,사용가능,
4758,ACID CLAY,산성백토,,B2000031000000,식품첨가물,"사용기준 찾음, 별도 확인 필요",여과보조제,"기타, 별도 확인 필요",
4759,SODIUM BISULFITE,산성아황산나트륨,,B1000096000000,식품첨가물,"사용기준 찾음, 별도 확인 필요",표백제,"기타, 별도 확인 필요",
4760,"SODIUM ALUMINIUM PHOSPHATE, ACIDIC",산성알루미늄인산나트륨,,B1000399000000,식품첨가물,"사용기준 찾음, 별도 확인 필요",산도조절제,"기타, 별도 확인 필요",
4761,SODIUM ACID PYROPHOSPHATE(DISODIUM DIHYDROGEN PYROPHOSPHATE),산성피로인산나트륨,"Sodium Acid Pyrophosphate, E450(i), DISODIUM DIHYDROGEN PYROPHOSPHATE, E450i",B1000097000000,식품첨가물,II. 2. 1)의 규정에 따라 사용하여야 한다.,산도조절제,"기타, 별도 확인 필요",
4762,CALCIUM DIHYDROGEN DIPHOSPHATE,산성피로인산칼슘,,B1062493000000,식품첨가물,II. 2. 1)의 규정에 따라 사용하여야 한다.,산도조절제,"기타, 별도 확인 필요",
4763,OXYGEN,산소,E948,B2000177000000,식품첨가물,II. 2. 1)의 규정에 따라 사용하여야 한다.,분사제,"기타, 별도 확인 필요",
4764,,산수유,,A1001148000000,식품원료,원료이기에 사용기준 없음,,사용가능,
4765,CORNUS OFFICINALIS SIEBOLD ET ZUCC CONCENTRATE,산수유농축액,,A1001148000814,식품원료,원료이기에 사용기준 없음,,사용가능,
4766,CORNUS OFFICINALIS SIEB.ET ZUCC POWDER,산수유분말,,A1001148000001,식품원료,원료이기에 사용기준 없음,,사용가능,
4767,,산수유열매,,A1001148230000,식품원료,원료이기에 사용기준 없음,,사용가능,
4768,CORNUS FRUIT JUICE,산수유주스,,A1001148000025,식품원료,원료이기에 사용기준 없음,,사용가능,
4769,,산수유추출물,,A1001148004500,식품원료,원료이기에 사용기준 없음,,사용가능,
4770,,산수유추출분말,,A1001148004501,식품원료,원료이기에 사용기준 없음,,사용가능,
4771,CORNUS FRUIT PUREE,산수유퓌레,,A1001148000034,식품원료,원료이기에 사용기준 없음,,사용가능,
4772,JAPANESE BUSH CHERRY,산앵도나무,,A1001150000000,식품원료,원료이기에 사용기준 없음,,사용가능,
4773,,산양삼추출액,,A1002433004514,식품원료,원료이기에 사용기준 없음,,사용가능,
4774,,산양유,,A20000103G0000,식품원료,원료이기에 사용기준 없음,,사용가능,
4775,GOAT MILK SOLIDS,산양유고형분,,A20000103G0004,식품원료,원료이기에 사용기준 없음,,사용가능,
4776,GOAT MILK PROTEIN,산양유단백,,A20000103G0008,식품원료,원료이기에 사용기준 없음,,사용가능,
4777,,산양유분말,,A20000103G0001,식품원료,원료이기에 사용기준 없음,,사용가능,
4778,GOAT WHEY,산양유청,,A20000103G8000,식품원료,원료이기에 사용기준 없음,,사용가능,
4779,GOAT WHEY PROTEIN CONCENTRATE,산양유청단백농축,,A20000103G0808,식품원료,원료이기에 사용기준 없음,,사용가능,
4780,GOAT WHEY POWDER,산양유청분말,,A20000103G8001,식품원료,원료이기에 사용기준 없음,,사용가능,
4781,GOAT COLOSTRUM POWDER,산양초유분말,,A6001459000001,식품원료,원료이기에 사용기준 없음,,사용가능,
4782,CIRSIUM DIPSACOLEPIS,산우엉뿌리,,A1001155610000,식품원료,원료이기에 사용기준 없음,,사용가능,
4783,CIRSIUM DIPSACOLEPIS EXTRACT,산우엉뿌리추출물,,A1001155614500,식품원료,원료이기에 사용기준 없음,,사용가능,
4784,,산자고,,A1002724000000,식품원료,원료이기에 사용기준 없음,,사용불가,
4785,WOODLAND PEONY EXTRACT,산작약뿌리추출물,,A1001156614500,식품원료,원료이기에 사용기준 없음,,"제한적사용가능, 별도 확인 필요",
4786,ZIZYPHUS JUJUBA MILLER VAR,산조,,A1005377000000,식품원료,원료이기에 사용기준 없음,,"제한적사용가능, 별도 확인 필요",
4787,,산조씨앗,,A1005377320000,식품원료,원료이기에 사용기준 없음,,"제한적사용가능, 별도 확인 필요",
4788,,산조씨앗추출물,,A1005377324500,식품원료,원료이기에 사용기준 없음,,"제한적사용가능, 별도 확인 필요",
4789,,산초나무,,A1001160000000,식품원료,원료이기에 사용기준 없음,,사용가능,
4790,,산초나무씨앗,,A1001160320000,식품원료,원료이기에 사용기준 없음,,사용가능,
4791,,산초나무열매,,A1001160230000,식품원료,원료이기에 사용기준 없음,,사용가능,
4792,,산초나무열매분말,,A1001160230001,식품원료,원료이기에 사용기준 없음,,사용가능,
4793,CHINESE PEPPER FRUIT DISTILLATE,산초나무열매증류액,,A1001160236914,식품원료,원료이기에 사용기준 없음,,사용가능,
4794,CHINESE PEPPER EXTRACT,산초나무열매추출물,,A1001160234500,식품원료,원료이기에 사용기준 없음,,사용가능,
4795,,산초나무열매추출액,,A1001160234514,식품원료,원료이기에 사용기준 없음,,사용가능,
4796,CHINESE PEPPER OIL,산초나무유,,A1001160000020,식품원료,원료이기에 사용기준 없음,,사용가능,
4797,,산초나무잎,,A1001160380000,식품원료,원료이기에 사용기준 없음,,사용가능,
4798,,산파,,A1001161000000,식품원료,원료이기에 사용기준 없음,,사용가능,
4799,CORAL,산호,,A6000130000000,식품원료,원료이기에 사용기준 없음,,"제한적사용가능, 별도 확인 필요",
4800,CORAL POWDER,산호분말,,A6000130000001,식품원료,원료이기에 사용기준 없음,,"제한적사용가능, 별도 확인 필요",
4801,CORAL CALCIUM,산호칼슘,,A6001438000000,식품원료,원료이기에 사용기준 없음,,사용가능,
4802,MAGNESIUM OXIDE,산화마그네슘,,B1000337000000,식품첨가물,II. 2. 1)의 규정에 따라 사용하여야 한다.,영양강화제,"기타, 별도 확인 필요",
4803,ZINC OXIDE,산화아연,,B1000098000000,식품첨가물,II. 2. 1)의 규정에 따라 사용하여야 한다.,영양강화제,"기타, 별도 확인 필요",
4804,OXIDIZED STARCH,산화전분,,B1003576000000,식품첨가물,"사용기준 못찾음, 별도 확인 필요",,"기타, 별도 확인 필요",
4805,IRON OXIDES,산화철,,B1062562000000,식품첨가물,"사용기준 찾음, 별도 확인 필요",착색료,"기타, 별도 확인 필요",
4806,CALCIUM OXIDE,산화칼슘,,B1000356000000,식품첨가물,II. 2. 1)의 규정에 따라 사용하여야 한다.,영양강화제,"기타, 별도 확인 필요",
4807,APRICOT,살구,,A1001164000000,식품원료,원료이기에 사용기준 없음,,사용가능,
4808,APRICOT PULP,살구과육,,A1001164300000,식품원료,원료이기에 사용기준 없음,,사용가능,
4809,APRICOT KERNEL(PERSIC OIL),살구나무씨앗,,A1001165320000,식품원료,원료이기에 사용기준 없음,,사용불가,
4810,APRICOT ESSENCE,살구나무열매오일,,A1001165230020,식품원료,원료이기에 사용기준 없음,,사용가능,
4811,,살구나무열매추출물,,A1001165234500,식품원료,원료이기에 사용기준 없음,,사용가능,
4812,APRICOT FRUIT CONCENTRATE,살구농축,,A1001164000800,식품원료,원료이기에 사용기준 없음,,사용가능,
4813,APRICOT POWDER,살구분말,,A1001164000001,식품원료,원료이기에 사용기준 없음,,사용가능,
4814,APRICOT JUICE,살구주스,,A1001164000025,식품원료,원료이기에 사용기준 없음,,사용가능,
4815,살구 농축 쥬스,살구주스농축,,A1001164000825,식품원료,원료이기에 사용기준 없음,,사용가능,
4816,APRICOT PASTE,살구페이스트,,A1001164000033,식품원료,원료이기에 사용기준 없음,,사용가능,
4817,APRICOT PUREE,살구퓌레,,A1001164000034,식품원료,원료이기에 사용기준 없음,,사용가능,
4818,APRICOT PUREE CONCENTRATE,살구퓌레농축,,A1001164000834,식품원료,원료이기에 사용기준 없음,,사용가능,
4819,STERILIZED EGG WHITE,살균난백,,A20000023J8200,식품원료,원료이기에 사용기준 없음,,사용가능,
4820,,살균난황,,A20000020I8200,식품원료,원료이기에 사용기준 없음,,사용가능,
4821,PASTEURIZED GOAT'S MILK,살균산양유,,A20000103G8200,식품원료,원료이기에 사용기준 없음,,사용가능,
4822,저온살균양유,살균양유,,A20000123G8200,식품원료,원료이기에 사용기준 없음,,사용가능,
4823,PASTEURIZED MILK,살균우유,pasteurized cow's milk,A2000016008200,식품원료,원료이기에 사용기준 없음,,사용가능,
4824,,살균원유,,A2000047008200,식품원료,원료이기에 사용기준 없음,,사용가능,
4825,,살균전란,,A2000002008200,식품원료,원료이기에 사용기준 없음,,사용가능,
4826,,살균전란액,,A2000002008214,식품원료,원료이기에 사용기준 없음,,사용가능,
4827,,살라시아,,A1001166010000,식품원료,원료이기에 사용기준 없음,,사용불가,
4828,SALAK(SNAKEFRUIT),살라크열매,,A1005108930000,식품원료,원료이기에 사용기준 없음,,사용가능,
4829,SALIDROSIDE,살리드로사이드(외화획득용 등),,BZ000109000000,식품첨가물,"사용기준 못찾음, 별도 확인 필요",,사용불가,
4830,METHYL SALICYLATE,살리실산메틸,,B1000099000000,식품첨가물,"사용기준 찾음, 별도 확인 필요",향료,"기타, 별도 확인 필요",
4831,SAGE,살비아,,A1003122000000,식품원료,원료이기에 사용기준 없음,,사용가능,
4832,SAGE POWDER,살비아분말,,A1003122000001,식품원료,원료이기에 사용기준 없음,,사용가능,
4833,,살비아잎,,A1003122380000,식품원료,원료이기에 사용기준 없음,,사용가능,
4834,,살비아잎분말,,A1003122380001,식품원료,원료이기에 사용기준 없음,,사용가능,
4835,SAGE OIL,살비아잎오일,,A1003122380020,식품원료,원료이기에 사용기준 없음,,사용가능,
4836,,살비아잎추출물분말,,A1003122384501,식품원료,원료이기에 사용기준 없음,,사용가능,
4837,,살비아잎추출액,,A1003122384500,식품원료,원료이기에 사용기준 없음,,사용가능,
4838,SAGE EXTRACT,살비아추출물,,A1003122004500,식품원료,원료이기에 사용기준 없음,,사용가능,
4839,,살오징어,,A3000479000000,식품원료,원료이기에 사용기준 없음,,사용가능,
4840,,살튀밥,,A1001332323600,식품원료,원료이기에 사용기준 없음,,사용가능,
4841,HEMP(CANNABIS SATIVA L),삼,,A1001167000000,식품원료,원료이기에 사용기준 없음,,사용가능,
4842,,삼백초,,A1001169000000,식품원료,원료이기에 사용기준 없음,,"제한적사용가능, 별도 확인 필요",
4843,SAURURUS CHINENSIS EXTRACT,삼백초추출물,,A1053961014500,식품원료,원료이기에 사용기준 없음,,"제한적사용가능, 별도 확인 필요",
4844,,삼백초추출물분말,,A1001169014501,식품원료,원료이기에 사용기준 없음,,"제한적사용가능, 별도 확인 필요",
4845,SAMBUNG NYAWA,삼붕냐와,,A1001170000000,식품원료,원료이기에 사용기준 없음,,사용가능,
4846,,삼붕냐와잎,,A1001170380000,식품원료,원료이기에 사용기준 없음,,사용가능,
4847,Gynura procumbens leaf extract,삼붕냐와잎추출물,,A1001170384500,식품원료,원료이기에 사용기준 없음,,사용가능,
4848,WILD PANSY LEAF EXTRACT,삼색제비꽃꽃,,A1001172140000,식품원료,원료이기에 사용기준 없음,,사용가능,
4849,PANSY FLOWER EXTRACT,삼색제비꽃추출물,,A1001172144500,식품원료,원료이기에 사용기준 없음,,사용가능,
4850,,삼씨앗,,A1001167780000,식품원료,원료이기에 사용기준 없음,,사용가능,
4851,HEMP SEED PROTEIN,삼씨앗단백,,A1001167780008,식품원료,원료이기에 사용기준 없음,,사용가능,
4852,HEMP SEED PROTEIN CONCENTRATE,삼씨앗단백농축,,A1001167780808,식품원료,원료이기에 사용기준 없음,,사용가능,
4853,,삼씨앗분말,,A1001167780001,식품원료,원료이기에 사용기준 없음,,사용가능,
4854,HEMPSEED OIL,삼씨앗유,,A1001167780020,식품원료,원료이기에 사용기준 없음,,사용가능,
4855,,삼씨앗추출액,,A1001167784514,식품원료,원료이기에 사용기준 없음,,사용가능,
4856,IRON SESQUIOXIDE,삼이산화철,,B1000100000000,식품첨가물,"사용기준 못찾음, 별도 확인 필요",,"기타, 별도 확인 필요",
4857,,삼지구엽초,,A1001173000000,식품원료,원료이기에 사용기준 없음,,"제한적사용가능, 별도 확인 필요",
4858,,삼지구엽초추출물,,A1001173024514,식품원료,원료이기에 사용기준 없음,,"제한적사용가능, 별도 확인 필요",
4859,,삼치,,A3000483000000,식품원료,원료이기에 사용기준 없음,,사용가능,
4860,,삼치가수분해단백질,,A3000483000208,식품원료,원료이기에 사용기준 없음,,사용가능,
4861,,삼치분말,,A3000483000001,식품원료,원료이기에 사용기준 없음,,사용가능,
4862,,삼치살,,A3000483080000,식품원료,원료이기에 사용기준 없음,,사용가능,
4863,,삽주,,A1001176000000,식품원료,원료이기에 사용기준 없음,,"제한적사용가능, 별도 확인 필요",
4864,,삽주분말,,A1001176000001,식품원료,원료이기에 사용기준 없음,,"제한적사용가능, 별도 확인 필요",
4865,,삽주뿌리,,A1001176610000,식품원료,원료이기에 사용기준 없음,,"제한적사용가능, 별도 확인 필요",
4866,,삽주뿌리줄기,,A1001176620000,식품원료,원료이기에 사용기준 없음,,"제한적사용가능, 별도 확인 필요",
4867,OAK TREE,상수리,,A1001178000000,식품원료,원료이기에 사용기준 없음,,사용가능,
4868,,상수리나무열매,,A1001178230000,식품원료,원료이기에 사용기준 없음,,사용가능,
4869,,상어,,A3000485000000,식품원료,원료이기에 사용기준 없음,,사용가능,
4870,,상어간유,,A3000485200020,식품원료,원료이기에 사용기준 없음,,사용가능,
4871,상어껍질,상어껍질,,A3000485030000,식품원료,원료이기에 사용기준 없음,,사용가능,
4872,,상어살,,A3000485080000,식품원료,원료이기에 사용기준 없음,,사용가능,
4873,,상어알,,A3000485050000,식품원료,원료이기에 사용기준 없음,,사용가능,
4874,SHARK CARTILAGE,상어연골,,A3000485090000,식품원료,원료이기에 사용기준 없음,,사용가능,
4875,SHARK CARTILAGE POWDER,상어연골분말,,A3000485090001,식품원료,원료이기에 사용기준 없음,,사용가능,
4876,SHARK CARTILAGE EXTRACT,상어연골추출물,,A3000485094500,식품원료,원료이기에 사용기준 없음,,사용가능,
4877,SHARK CARTILAGE EXTRACT POWDER,상어연골추출물분말,,A3000485094501,식품원료,원료이기에 사용기준 없음,,사용가능,
4878,SHARK LIPID(OIL),상어유,,A3000485000020,식품원료,원료이기에 사용기준 없음,,사용가능,
4879,,상어지느러미,,A3000485160000,식품원료,원료이기에 사용기준 없음,,사용가능,
4880,SHARK PINNA EXTRACT,상어지느러미추출물,,A3000485164500,식품원료,원료이기에 사용기준 없음,,사용가능,
4881,,상추,,A1001179000000,식품원료,원료이기에 사용기준 없음,,사용가능,
4882,,상추잎,,A1001179380000,식품원료,원료이기에 사용기준 없음,,사용가능,
4883,NATURAL LETTUCE EXTRACT,상추추출물,,A1001179004500,식품원료,원료이기에 사용기준 없음,,사용가능,
4884,,상황버섯등 추출복합물(기능성원료인정제2019-8호),,C9000982000000,건강기능식품,"사용기준 못찾음, 별도 확인 필요",,"기타, 별도 확인 필요",
4885,,새가라지,,A3000486000000,식품원료,원료이기에 사용기준 없음,,사용가능,
4886,,새삼,,A1001180000000,식품원료,원료이기에 사용기준 없음,,"제한적사용가능, 별도 확인 필요",
4887,,새삼씨앗,,A1001180320000,식품원료,원료이기에 사용기준 없음,,"제한적사용가능, 별도 확인 필요",
4888,,새삼씨앗가루,,A1001180320001,식품원료,원료이기에 사용기준 없음,,"제한적사용가능, 별도 확인 필요",
4889,Japanese dodder seed extract,새삼씨앗추출물,,A1001180324500,식품원료,원료이기에 사용기준 없음,,"제한적사용가능, 별도 확인 필요",
4890,,새우,,A3000491000000,식품원료,원료이기에 사용기준 없음,,사용가능,
4891,PRAWN SHELL,새우껍질,,A3000491030000,식품원료,원료이기에 사용기준 없음,,사용가능,
4892,,새우농축,,A3000491000800,식품원료,원료이기에 사용기준 없음,,사용가능,
4893,새우머리,새우머리,,A3000491100003,식품원료,원료이기에 사용기준 없음,,사용가능,
4894,SHRIMP POWDER,새우분말,,A3000491000001,식품원료,원료이기에 사용기준 없음,,사용가능,
4895,,새우살,,A3000491080000,식품원료,원료이기에 사용기준 없음,,사용가능,
4896,SHRIMP ROE,새우알,,A3000491050000,식품원료,원료이기에 사용기준 없음,,사용가능,
4897,,새우엑기스,,A3000491000017,식품원료,원료이기에 사용기준 없음,,사용가능,
4898,,새우엑기스분말,,A3000491000018,식품원료,원료이기에 사용기준 없음,,사용가능,
4899,SHRIMP OIL,새우오일,,A3000491000020,식품원료,원료이기에 사용기준 없음,,사용가능,
4900,,새우즙,,A3000491000026,식품원료,원료이기에 사용기준 없음,,사용가능,
4901,,새우추출물,,A3000491004500,식품원료,원료이기에 사용기준 없음,,사용가능,
4902,,새우추출분말,,A3000491084501,식품원료,원료이기에 사용기준 없음,,사용가능,
4903,SHRIMP PASTE,새우페이스트,,A3000491000033,식품원료,원료이기에 사용기준 없음,,사용가능,
4904,,새조개,,A3000492000000,식품원료,원료이기에 사용기준 없음,,사용가능,
4905,,샛돔,,A3000495000000,식품원료,원료이기에 사용기준 없음,,사용가능,
4906,,샛줄멸,,A3000497000000,식품원료,원료이기에 사용기준 없음,,사용가능,
4907,GINGER,생강,,A1001184000000,식품원료,원료이기에 사용기준 없음,,사용가능,
4908,GINGER POWDER,생강가루,,A1001184000001,식품원료,원료이기에 사용기준 없음,,사용가능,
4909,GINGER CONCENTRATE,생강농축,,A1001184000800,식품원료,원료이기에 사용기준 없음,,사용가능,
4910,,생강농축분말,,A1001184000801,식품원료,원료이기에 사용기준 없음,,사용가능,
4911,,생강농축액,,A1001184000814,식품원료,원료이기에 사용기준 없음,,사용가능,
4912,,생강뿌리,,A1001184610000,식품원료,원료이기에 사용기준 없음,,사용가능,
4913,GINGER ROOT POWDER,생강뿌리분말,,A1001184610001,식품원료,원료이기에 사용기준 없음,,사용가능,
4914,,생강뿌리줄기,,A1001184620000,식품원료,원료이기에 사용기준 없음,,사용가능,
4915,GINGER ROOT EXTRACT,생강뿌리추출물,,A1001184614500,식품원료,원료이기에 사용기준 없음,,"기타, 별도 확인 필요",
4916,,생강슬라이스,,A1001184000039,식품원료,원료이기에 사용기준 없음,,사용가능,
4917,,생강시럽,,A1001184000013,식품원료,원료이기에 사용기준 없음,,사용가능,
4918,,생강액,,A1001184000014,식품원료,원료이기에 사용기준 없음,,사용가능,
4919,,생강엑기스,,A1001184000017,식품원료,원료이기에 사용기준 없음,,사용가능,
4920,GINGER OIL,생강오일,,A1001184000020,식품원료,원료이기에 사용기준 없음,,사용가능,
4921,,생강잎,,A1001184380000,식품원료,원료이기에 사용기준 없음,,사용가능,
4922,GINGER JUICE,생강주스,,A1001184000025,식품원료,원료이기에 사용기준 없음,,사용가능,
4923,GINGER STEM,생강줄기,,A1001184490000,식품원료,원료이기에 사용기준 없음,,사용가능,
4924,,생강즙,,A1001184000026,식품원료,원료이기에 사용기준 없음,,사용가능,
4925,GINGER DISTILLATE,생강증류액,,A1054086006914,식품원료,원료이기에 사용기준 없음,,사용가능,
4926,,생강착즙액,,A1001184623221,식품원료,원료이기에 사용기준 없음,,사용가능,
4927,GINGER EXTRACT POWDER,생강추출분말,,A1001184004501,식품원료,원료이기에 사용기준 없음,,사용가능,
4928,GINGER EXTRACT,생강추출액,,A1001184004514,식품원료,원료이기에 사용기준 없음,,사용가능,
4929,GINGER PASTE,생강페이스트,,A1001184000033,식품원료,원료이기에 사용기준 없음,,사용가능,
4930,GINGER PUREE,생강퓌레,,A1001184000034,식품원료,원료이기에 사용기준 없음,,사용가능,
4931,FRESH ROYALL JELLY,생로얄젤리,,P0129240100000,식품유형,"사용기준 못찾음, 별도 확인 필요",,"기타, 별도 확인 필요",
4932,FISH SCALE,생선 비늘(정제가공용 원료),,AZ000020000000,식품원료,원료이기에 사용기준 없음,,사용불가,
4933,,생선뼈칼슘,,A6001433000000,식품원료,원료이기에 사용기준 없음,,사용가능,
4934,,생선콜라겐,,A6000048000000,식품원료,원료이기에 사용기준 없음,,사용가능,
4935,,생선콜라겐가수분해분말,,A6000048000201,식품원료,원료이기에 사용기준 없음,,사용가능,
4936,,생선콜라겐분말,,A6000048000001,식품원료,원료이기에 사용기준 없음,,사용가능,
4937,COLLAGEN PEPTIDE(FISH),생선콜라겐펩타이드,,A6000048000008,식품원료,원료이기에 사용기준 없음,,사용가능,
4938,,생선콜라겐펩타이드분말,,A6000048000045,식품원료,원료이기에 사용기준 없음,,사용가능,
4939,CHAYOTE,샤요트,,A1001188000000,식품원료,원료이기에 사용기준 없음,,사용가능,
4940,ANNUAL NETTLE,서양,,A1002802000000,식품원료,원료이기에 사용기준 없음,,"제한적사용가능, 별도 확인 필요",
4941,St.John`s Wort,서양고추나물,,A1003123000000,식품원료,원료이기에 사용기준 없음,,"제한적사용가능, 별도 확인 필요",
4942,,서양고추나물분말,,A1003123000001,식품원료,원료이기에 사용기준 없음,,"제한적사용가능, 별도 확인 필요",
4943,ST. JOHNS WORT EXTRACT POWDER,서양고추나물추출분말,,A1003123004501,식품원료,원료이기에 사용기준 없음,,"제한적사용가능, 별도 확인 필요",
4944,ST. JOHNS WORT EXTRACT,서양고추나물추출액,,A1003123004500,식품원료,원료이기에 사용기준 없음,,"제한적사용가능, 별도 확인 필요",
4945,HORSERADISH EXTRACT,서양고추냉이추출물,,A1003158004500,식품원료,원료이기에 사용기준 없음,,사용가능,
4946,GOOSEBERRY,서양까치밥나무열매,,A1005117230000,식품원료,원료이기에 사용기준 없음,,사용가능,
4947,Gooseberry concentrate,서양까치밥나무열매농축액,,A1005117230814,식품원료,원료이기에 사용기준 없음,,사용가능,
4948,GOOSEBERRY JUICE,서양까치밥나무열매주스,,A1005117230025,식품원료,원료이기에 사용기준 없음,,사용가능,
4949,DANDELION,서양민들레,,A1001191000000,식품원료,원료이기에 사용기준 없음,,사용가능,
4950,DANDELION POWDER,서양민들레분말,,A1001191000001,식품원료,원료이기에 사용기준 없음,,사용가능,
4951,,서양민들레뿌리,,A1001191610000,식품원료,원료이기에 사용기준 없음,,사용가능,
4952,,서양민들레뿌리추출물,,A1001191614500,식품원료,원료이기에 사용기준 없음,,사용가능,
4953,,서양민들레어린잎,,A1001191400000,식품원료,원료이기에 사용기준 없음,,사용가능,
4954,,서양민들레어린잎추출물,,A1001191404500,식품원료,원료이기에 사용기준 없음,,사용가능,
4955,DANDELION LEAF,서양민들레잎,,A1001191380000,식품원료,원료이기에 사용기준 없음,,사용가능,
4956,DANDELION LEAF EXTRACT POWDER,서양민들레잎추출물분말,,A1054108384501,식품원료,원료이기에 사용기준 없음,,사용가능,
4957,,서양민들레잎추출액,,A1001191384500,식품원료,원료이기에 사용기준 없음,,사용가능,
4958,DANDELION EXTRACT,서양민들레추출물,,A1001191004500,식품원료,원료이기에 사용기준 없음,,사용가능,
4959,,서양민들레추출물분말,,A1001191004501,식품원료,원료이기에 사용기준 없음,,사용가능,
4960,MENTHAE PIPERITAE FOLIUM,서양박하,,A1003052000000,식품원료,원료이기에 사용기준 없음,,사용가능,
4961,,서양박하껍질,,A1003052770000,식품원료,원료이기에 사용기준 없음,,사용가능,
4962,ORAGNIC PEPPERMINT,서양박하잎,,A1003052380000,식품원료,원료이기에 사용기준 없음,,사용가능,
4963,,서양박하잎분말,,A1003052380001,식품원료,원료이기에 사용기준 없음,,사용가능,
4964,,서양박하잎오일,,A1003052380020,식품원료,원료이기에 사용기준 없음,,사용가능,
4965,PEPPERMINT EXTRACT,서양박하잎추출물,,A1003052384500,식품원료,원료이기에 사용기준 없음,,사용가능,
4966,,서양박하잎추출분말,,A1003052384501,식품원료,원료이기에 사용기준 없음,,사용가능,
4967,,서양배,,A1001193000000,식품원료,원료이기에 사용기준 없음,,사용가능,
4968,,서양배열매주스농축액,,A1001193230825,식품원료,원료이기에 사용기준 없음,,사용가능,
4969,,서양배열매퓌레,,A1001193230034,식품원료,원료이기에 사용기준 없음,,사용가능,
4970,HAWTHORN BERRY,서양산사자,,A1001195000000,식품원료,원료이기에 사용기준 없음,,사용가능,
4971,HAWTHORN BERRY,서양산사자열매,,A1001195230000,식품원료,원료이기에 사용기준 없음,,"제한적사용가능, 별도 확인 필요",
4972,HAWTHORN BERRY POWDER,서양산사자열매분말,,A1001195230001,식품원료,원료이기에 사용기준 없음,,"제한적사용가능, 별도 확인 필요",
4973,HAWTHORN BERRY EXTRACT CONCENTRATE,서양산사자열매추출물,,A1001195234500,식품원료,원료이기에 사용기준 없음,,"제한적사용가능, 별도 확인 필요",
4974,HAWTHORN BERRY EXTRACT POWDER,서양산사자열매추출분말,,A1001195234501,식품원료,원료이기에 사용기준 없음,,"제한적사용가능, 별도 확인 필요",
4975,,서양산사자잎,,A1001195380000,식품원료,원료이기에 사용기준 없음,,사용가능,
4976,HAWTHORN LEAF EXTRACT,서양산사자잎추출물,,A1001195384500,식품원료,원료이기에 사용기준 없음,,사용가능,
4977,,서양산사자추출물,,A1001195004500,식품원료,원료이기에 사용기준 없음,,사용가능,
4978,,서양산사자추출물분말,,A1001195004501,식품원료,원료이기에 사용기준 없음,,사용가능,
4979,,서양수수꽃다리꽃,,A1001196140000,식품원료,원료이기에 사용기준 없음,,사용가능,
4980,,서양잎,,A1002802380000,식품원료,원료이기에 사용기준 없음,,"제한적사용가능, 별도 확인 필요",
4981,푸룬,서양자두,,A1000125930000,식품원료,원료이기에 사용기준 없음,,사용가능,
4982,PRUNE CONCENTRATE,서양자두농축,,A1000125930800,식품원료,원료이기에 사용기준 없음,,사용가능,
4983,,서양자두농축분말,,A1000125930801,식품원료,원료이기에 사용기준 없음,,사용가능,
4984,,서양자두농축액,,A1000125930814,식품원료,원료이기에 사용기준 없음,,사용가능,
4985,,서양자두농축주스,,A1000125930825,식품원료,원료이기에 사용기준 없음,,사용가능,
4986,,서양자두분말,,A1000125930001,식품원료,원료이기에 사용기준 없음,,사용가능,
4987,PLUM JUICE,서양자두주스,,A1000125930025,식품원료,원료이기에 사용기준 없음,,사용가능,
4988,,서양자두주스분말,,A1000125930069,식품원료,원료이기에 사용기준 없음,,사용가능,
4989,PRUNE DISTILLATE,서양자두증류액,,A1000125936914,식품원료,원료이기에 사용기준 없음,,사용가능,
4990,PRUNE EXTRACT,서양자두추출물,,A1000125934500,식품원료,원료이기에 사용기준 없음,,사용가능,
4991,,서양자두추출분말,,A1000125934501,식품원료,원료이기에 사용기준 없음,,사용가능,
4992,,서양자두페이스트,,A1000125930033,식품원료,원료이기에 사용기준 없음,,사용가능,
4993,DILL,서양자초,,A1001198000000,식품원료,원료이기에 사용기준 없음,,사용가능,
4994,DILL CONCENTRATE,서양자초농축물,,A1001198000800,식품원료,원료이기에 사용기준 없음,,사용가능,
4995,,서양자초분말,,A1001198000001,식품원료,원료이기에 사용기준 없음,,사용가능,
4996,DILL SEED,서양자초씨앗,,A1001198320000,식품원료,원료이기에 사용기준 없음,,사용가능,
4997,DILL SEED POWDER,서양자초씨앗분말,,A1001198320001,식품원료,원료이기에 사용기준 없음,,사용가능,
4998,,서양자초열매,,A1001198230000,식품원료,원료이기에 사용기준 없음,,사용가능,
4999,DILL OIL,서양자초오일,,A1001198000020,식품원료,원료이기에 사용기준 없음,,사용가능,
5000,,서양자초잎,,A1001198380000,식품원료,원료이기에 사용기준 없음,,"제한적사용가능, 별도 확인 필요",
5001,DILL JUICE,서양자초주스,,A1001198230025,식품원료,원료이기에 사용기준 없음,,사용가능,
5002,DILL EXTRACT,서양자초추출물,,A1001198004500,식품원료,원료이기에 사용기준 없음,,사용가능,
5003,ANNUAL NETTLE EXTRACT,서양추출물,,A1002802004500,식품원료,원료이기에 사용기준 없음,,"제한적사용가능, 별도 확인 필요",
5004,ZUCCHINI,서양호박,,A1003120000000,식품원료,원료이기에 사용기준 없음,,사용가능,
5005,,서양호박농축분말,,A1003120940801,식품원료,원료이기에 사용기준 없음,,사용가능,
5006,PUMPKIN POWER,서양호박분말,,A1003120230001,식품원료,원료이기에 사용기준 없음,,사용가능,
5007,ZUCCHINI,서양호박씨앗,,A1003120320000,식품원료,원료이기에 사용기준 없음,,사용가능,
5008,,석결명,,A1002688000000,식품원료,원료이기에 사용기준 없음,,사용불가,
5009,,석곡,,A1001202010000,식품원료,원료이기에 사용기준 없음,,사용불가,
5010,POMEGRANATE,석류,Punica granatum,A1001203230000,식품원료,원료이기에 사용기준 없음,,사용가능,
5011,,석류과즙,,A1001203230026,식품원료,원료이기에 사용기준 없음,,사용가능,
5012,,석류과즙농축액,,A1001203230826,식품원료,원료이기에 사용기준 없음,,사용가능,
5013,석류쥬스분말,석류과즙분말,,A1001203230057,식품원료,원료이기에 사용기준 없음,,사용가능,
5014,,석류농축고형분,,A1001203230804,식품원료,원료이기에 사용기준 없음,,사용가능,
5015,,석류농축과즙,,A1001203000826,식품원료,원료이기에 사용기준 없음,,사용가능,
5016,,석류농축분말,,A1001203230801,식품원료,원료이기에 사용기준 없음,,사용가능,
5017,,석류농축분말(기능성원료인정제2018-8호),,C9000966000000,건강기능식품,"사용기준 못찾음, 별도 확인 필요",,"기타, 별도 확인 필요",
5018,POMEGRANATE CONCENTRATE,석류농축액,,A1001203230814,식품원료,원료이기에 사용기준 없음,,사용가능,
5019,,석류농축액(기능성원료인정제2014-22호),,C9000613000000,건강기능식품,"사용기준 못찾음, 별도 확인 필요",,"기타, 별도 확인 필요",
5020,POMEGRANATE POWDER,석류분말,,A1001203000001,식품원료,원료이기에 사용기준 없음,,사용가능,
5021,POMEGRANATE SEED,석류씨앗,,A1001203320000,식품원료,원료이기에 사용기준 없음,,"제한적사용가능, 별도 확인 필요",
5022,POMEGRANATE OIL,석류오일,,A1054049230020,식품원료,원료이기에 사용기준 없음,,사용가능,
5023,,석류원액,,A1001203230021,식품원료,원료이기에 사용기준 없음,,사용가능,
5024,POMEGRANATE JUICE,석류주스,,A1001203230025,식품원료,원료이기에 사용기준 없음,,사용가능,
5025,,석류착즙액,,A1001203233226,식품원료,원료이기에 사용기준 없음,,사용가능,
5026,POMEGRANATE EXTRACT,석류추출물,,A1001203234500,식품원료,원료이기에 사용기준 없음,,사용가능,
5027,,석류추출물(기능성원료인정제2015-28호),,C9000922000000,건강기능식품,"사용기준 못찾음, 별도 확인 필요",,"기타, 별도 확인 필요",
5028,POMEGRANATE EXTRACT POWDER,석류추출물분말,,A1001203234501,식품원료,원료이기에 사용기준 없음,,사용가능,
5029,POMEGRANATE PASTE,석류페이스트,,A1001203230033,식품원료,원료이기에 사용기준 없음,,사용가능,
5030,,석송,,A1002689000000,식품원료,원료이기에 사용기준 없음,,사용불가,
5031,PETROLEUM WAX,석유왁스,,B2000033000000,식품첨가물,II. 2. 1)의 규정에 따라 사용하여야 한다.,피막제,"기타, 별도 확인 필요",
5032,,석이버섯,,A1001206B90000,식품원료,원료이기에 사용기준 없음,,사용가능,
5033,RHIZOMA ACORI GRAMINEI,석창포,,A1001208000000,식품원료,원료이기에 사용기준 없음,,"제한적사용가능, 별도 확인 필요",
5034,,석창포뿌리줄기,,A1001208620000,식품원료,원료이기에 사용기준 없음,,"제한적사용가능, 별도 확인 필요",
5035,,석창포뿌리줄기물추출물고형분,,A1001208624504,식품원료,원료이기에 사용기준 없음,,"제한적사용가능, 별도 확인 필요",
5036,,석창포추출물,,A1001208624500,식품원료,원료이기에 사용기준 없음,,"제한적사용가능, 별도 확인 필요",
5037,"WOODRUFF, SWEET",선갈퀴잎,,A1001209380000,식품원료,원료이기에 사용기준 없음,,"제한적사용가능, 별도 확인 필요",
5038,VALERIAN RHIZOME OR ROOTS,설령쥐오줌풀뿌리,,A1005373610000,식품원료,원료이기에 사용기준 없음,,"제한적사용가능, 별도 확인 필요",
5039,,설령쥐오줌풀뿌리추출물,,A1005373614500,식품원료,원료이기에 사용기준 없음,,"제한적사용가능, 별도 확인 필요",
5040,SUGAR,설탕,"granulated sugar, Cane sugar,Organic Sugar,Raw Sugar, Sugars",P0105000000000,식품유형,원료이기에 사용기준 없음,,"기타, 별도 확인 필요",
5041,MAPLE SAP,설탕단풍수액,,A1001217100000,식품원료,원료이기에 사용기준 없음,,사용가능,
5042,SUGAR SYRUP,설탕시럽,,P0105000000013,식품유형,원료이기에 사용기준 없음,,"기타, 별도 확인 필요",
5043,,성게,,A3000501000000,식품원료,원료이기에 사용기준 없음,,사용가능,
5044,SEA URCHIN EGGS,성게알,,A3000501050000,식품원료,원료이기에 사용기준 없음,,사용가능,
5045,ECHINOID EXTRACT,성게추출물,,A3000501004500,식품원료,원료이기에 사용기준 없음,,사용가능,
5046,,성대,,A3000502000000,식품원료,원료이기에 사용기준 없음,,사용가능,
5047,BLACK CHERRY,세로티나벚나무,,A1001081930000,식품원료,원료이기에 사용기준 없음,,사용가능,
5048,,세로티나벚나무과육,,A1001081300000,식품원료,원료이기에 사용기준 없음,,사용가능,
5049,BLACK CHERRY CONCENTRATE,세로티나벚나무농축,,A1001081000800,식품원료,원료이기에 사용기준 없음,,사용가능,
5050,BLACK CHERRY JUICE,세로티나벚나무주스,,A1001081000025,식품원료,원료이기에 사용기준 없음,,사용가능,
5051,BLACK CHERRY JUICE CONCENTRATE,세로티나벚나무주스농축액,,A1054079000825,식품원료,원료이기에 사용기준 없음,,사용가능,
5052,BLACK CHERRY EXTRACT,세로티나벚나무추출물,,A1001081934500,식품원료,원료이기에 사용기준 없음,,사용가능,
5053,"Wild thyme, Creeping thyme, Serpyllum",세르필룸백리향잎,,A1003124380000,식품원료,원료이기에 사용기준 없음,,사용가능,
5054,SODIUM SESQUICARBONATE,세스퀴탄산나트륨,,B1000358000000,식품첨가물,II. 2. 1)의 규정에 따라 사용하여야 한다.,산도조절제,"기타, 별도 확인 필요",
5055,SATOR,세이터,,A1001226000000,식품원료,원료이기에 사용기준 없음,,사용가능,
5056,"SENNA, ALENXANDRIA",센나,,A1001230010000,식품원료,원료이기에 사용기준 없음,,사용불가,
5057,SENNA LEAF,센나잎,,A1001230380000,식품원료,원료이기에 사용기준 없음,,사용불가,
5058,CELERY,셀러리,,A1001231000000,식품원료,원료이기에 사용기준 없음,,사용가능,
5059,CELERY CONCENTRATE,셀러리농축,,A1001231000800,식품원료,원료이기에 사용기준 없음,,사용가능,
5060,CELERY CONCENTRATE POWDER,셀러리농축분말,,A1001231000801,식품원료,원료이기에 사용기준 없음,,사용가능,
5061,,셀러리농축액,,A1001231000814,식품원료,원료이기에 사용기준 없음,,사용가능,
5062,CELERY POWDER,셀러리분말,,A1001231000001,식품원료,원료이기에 사용기준 없음,,사용가능,
5063,CELERY ROOT,셀러리뿌리,,A1001231610000,식품원료,원료이기에 사용기준 없음,,사용가능,
5064,CELERY SEED,셀러리씨앗,,A1001231320000,식품원료,원료이기에 사용기준 없음,,사용가능,
5065,CELERY SEED POWDER,셀러리씨앗분말,,A1001231320001,식품원료,원료이기에 사용기준 없음,,사용가능,
5066,CELERY SEED OIL,셀러리씨앗오일,,A1001231320020,식품원료,원료이기에 사용기준 없음,,사용가능,
5067,CELERY SEED EXTRACT,셀러리씨앗추출물,,A1001231324500,식품원료,원료이기에 사용기준 없음,,사용가능,
5068,CELERY OIL,셀러리오일,,A1001231000020,식품원료,원료이기에 사용기준 없음,,사용가능,
5069,,셀러리잎,,A1001231380000,식품원료,원료이기에 사용기준 없음,,사용가능,
5070,샐러리잎분말,셀러리잎분말,,A1001231380001,식품원료,원료이기에 사용기준 없음,,사용가능,
5071,CELERY JUICE,셀러리주스,,A1001231000025,식품원료,원료이기에 사용기준 없음,,사용가능,
5072,CELERY EXTRACT,셀러리추출물,,A1001231004500,식품원료,원료이기에 사용기준 없음,,사용가능,
5073,CELERY PUREE,셀러리퓌레,,A1001231000034,식품원료,원료이기에 사용기준 없음,,사용가능,
5074,SELENIUM MONOMETHIONINE-외화획득용,셀렌(외화획득용),,BZ000024000000,식품첨가물,"사용기준 못찾음, 별도 확인 필요",,사용불가,
5075,셀렌산나트륨,셀렌산나트륨,,B1000434000000,식품첨가물,"사용기준 찾음, 별도 확인 필요",영양강화제,"기타, 별도 확인 필요",
5076,CELLULASE,셀룰라아제,,B2000034000000,식품첨가물,II. 2. 1)의 규정에 따라 사용하여야 한다.,효소제,"기타, 별도 확인 필요",
5077,,소,,A2000011000000,식품원료,원료이기에 사용기준 없음,,사용가능,
5078,,소간,,A2000011020000,식품원료,원료이기에 사용기준 없음,,사용가능,
5079,RIB OF A COW,소갈비,,A2000011040000,식품원료,원료이기에 사용기준 없음,,사용가능,
5080,BEEF,소고기,,A2000011070000,식품원료,원료이기에 사용기준 없음,,사용가능,
5081,,소고기기름,,A20000113P0000,식품원료,원료이기에 사용기준 없음,,사용가능,
5082,BEEF FAT FLAVOUR,소고기기름향,,B6000007000000,식품첨가물,"사용기준 못찾음, 별도 확인 필요",,사용가능,
5083,,소고기농축분말,,A2000011070801,식품원료,원료이기에 사용기준 없음,,사용가능,
5084,,소고기농축액,,A2000011070814,식품원료,원료이기에 사용기준 없음,,사용가능,
5085,,소고기분말,,A2000011070001,식품원료,원료이기에 사용기준 없음,,사용가능,
5086,,소고기식용부산물,,A20000113T0000,식품원료,원료이기에 사용기준 없음,,사용가능,
5087,,소고기엑기스,,A2000011070017,식품원료,원료이기에 사용기준 없음,,사용가능,
5088,BEEF MEAT OIL,소고기오일,,A2000011070020,식품원료,원료이기에 사용기준 없음,,사용가능,
5089,BEEF BROTH,소고기육수,,A2000011070023,식품원료,원료이기에 사용기준 없음,,사용가능,
5090,BEEF BROTH POWDER,소고기육수분말,,A2000011070091,식품원료,원료이기에 사용기준 없음,,사용가능,
5091,,소고기추출,,A2000011074500,식품원료,원료이기에 사용기준 없음,,사용가능,
5092,,소고기추출분말,,A2000011074501,식품원료,원료이기에 사용기준 없음,,사용가능,
5093,,소고기추출액,,A2000011074514,식품원료,원료이기에 사용기준 없음,,사용가능,
5094,,소고기추출페이스트,,A2000011074533,식품원료,원료이기에 사용기준 없음,,사용가능,
5095,,소고기페이스트,,A2000011070033,식품원료,원료이기에 사용기준 없음,,사용가능,
5096,,소고기플레이크,,A2000011070051,식품원료,원료이기에 사용기준 없음,,사용가능,
5097,BEEF FLAVOUR,소고기향,,B6000006000000,식품첨가물,"사용기준 못찾음, 별도 확인 필요",,사용가능,
5098,,소곱창,,A2000011080000,식품원료,원료이기에 사용기준 없음,,사용가능,
5099,,소귀나무,,A1001234000000,식품원료,원료이기에 사용기준 없음,,사용가능,
5100,,소귀나무열매,,A1001234230000,식품원료,원료이기에 사용기준 없음,,사용가능,
5101,"Yumberry juice powder, Waxberry",소귀나무열매분말,,A1001234230001,식품원료,원료이기에 사용기준 없음,,사용가능,
5102,YUMBERRY JUICE CONCENTRATE,소귀나무열매주스농축액,,A1001234230825,식품원료,원료이기에 사용기준 없음,,사용가능,
5103,WAXBERRY FRUIT EXTRACT,소귀나무열매추출물,,A1001234234500,식품원료,원료이기에 사용기준 없음,,사용가능,
5104,,소껍질,,A20000110D0000,식품원료,원료이기에 사용기준 없음,,사용가능,
5105,BEEF TAIL,소꼬리,,A20000110E0000,식품원료,원료이기에 사용기준 없음,,사용가능,
5106,PINE TREE,소나무,,A1001236000000,식품원료,원료이기에 사용기준 없음,,사용가능,
5107,,소나무가지,,A1001236550000,식품원료,원료이기에 사용기준 없음,,사용가능,
5108,PINE BARK,소나무껍질,,A1001236800000,식품원료,원료이기에 사용기준 없음,,사용가능,
5109,PINE BARK POWDER,소나무껍질분말,,A1001236800001,식품원료,원료이기에 사용기준 없음,,사용가능,
5110,PINE BARK EXTRACT,소나무껍질추출물,,A1001236774500,식품원료,원료이기에 사용기준 없음,,사용가능,
5111,,소나무껍질추출물분말,,A1001236774501,식품원료,원료이기에 사용기준 없음,,사용가능,
5112,"PINE, SCOTCH ,NEEDLES OR TWIGS",소나무꽃가루,,A1001236180000,식품원료,원료이기에 사용기준 없음,,사용가능,
5113,,소나무순,,A1001236880000,식품원료,원료이기에 사용기준 없음,,사용가능,
5114,PINE BUD OIL,소나무순오일,,A1001236880020,식품원료,원료이기에 사용기준 없음,,사용가능,
5115,PINE BUD EXTRACT CONCENTRATE,소나무순추출물,,A1001236884500,식품원료,원료이기에 사용기준 없음,,사용가능,
5116,PINE FIBER,소나무식이섬유,,A1001236000084,식품원료,원료이기에 사용기준 없음,,사용가능,
5117,PINE OIL,소나무오일,,A1001236000020,식품원료,원료이기에 사용기준 없음,,사용가능,
5118,PINENEEDLE,소나무잎,,A1001236380000,식품원료,원료이기에 사용기준 없음,,사용가능,
5119,PINENEEDLE CONCENTRATE,소나무잎농축액,,A1001236380814,식품원료,원료이기에 사용기준 없음,,사용가능,
5120,,소나무잎유,,A1001236380020,식품원료,원료이기에 사용기준 없음,,사용가능,
5121,,소나무잎증류농축액,,A1001236386917,식품원료,원료이기에 사용기준 없음,,사용가능,
5122,,소나무잎추출물,,A1001236384500,식품원료,원료이기에 사용기준 없음,,사용가능,
5123,,소나무잎추출분말,,A1001236384501,식품원료,원료이기에 사용기준 없음,,사용가능,
5124,,소나무줄기,,A1001236490000,식품원료,원료이기에 사용기준 없음,,사용가능,
5125,,소나무추출물,,A1001236004500,식품원료,원료이기에 사용기준 없음,,사용가능,
5126,,소나무화분,,A1001236180001,식품원료,원료이기에 사용기준 없음,,사용가능,
5127,,소내장,,A20000110K0000,식품원료,원료이기에 사용기준 없음,,사용가능,
5128,,소내장육수,,A20000110K0023,식품원료,원료이기에 사용기준 없음,,사용가능,
5129,,소대창,,A20000110N0000,식품원료,원료이기에 사용기준 없음,,사용가능,
5130,,소도가니,,A20000110M0000,식품원료,원료이기에 사용기준 없음,,사용가능,
5131,CARDAMOM,소두구,,A1001237000000,식품원료,원료이기에 사용기준 없음,,사용가능,
5132,,소두구분말,,A1001237000001,식품원료,원료이기에 사용기준 없음,,사용가능,
5133,CARDAMOM SEED,소두구씨앗,,A1001237320000,식품원료,원료이기에 사용기준 없음,,사용가능,
5134,CARDAMON SEED EXTRACT,소두구씨앗추출물,,A1001237324500,식품원료,원료이기에 사용기준 없음,,사용가능,
5135,,소두구열매,,A1001237230000,식품원료,원료이기에 사용기준 없음,,사용가능,
5136,CARDAMOM OIL,소두구오일,,A1001237000020,식품원료,원료이기에 사용기준 없음,,사용가능,
5137,,소두구추출물,,A1001237004500,식품원료,원료이기에 사용기준 없음,,사용가능,
5138,,소등심,,A20000110U0000,식품원료,원료이기에 사용기준 없음,,사용가능,
5139,,소라,,A3000507000000,식품원료,원료이기에 사용기준 없음,,사용가능,
5140,SORVA,소르바,,B2000547000000,식품첨가물,"사용기준 못찾음, 별도 확인 필요",,"기타, 별도 확인 필요",
5141,SORBITAN ESTERS OF FATTY ACIDS,소르비탄지방산에스테르,,B1000101000000,식품첨가물,II. 2. 1)의 규정에 따라 사용하여야 한다.,유화제,"기타, 별도 확인 필요",
5142,CURL LEAFED DOCK SORREL,소리쟁이,,A1001238000000,식품원료,원료이기에 사용기준 없음,,사용가능,
5143,,소리쟁이잎,,A1001238380000,식품원료,원료이기에 사용기준 없음,,사용가능,
5144,,소리쟁이추출물,,A1001238004512,식품원료,원료이기에 사용기준 없음,,사용가능,
5145,소막창,소막창,,A20000110Z0000,식품원료,원료이기에 사용기준 없음,,사용가능,
5146,,소머리고기,,A2000011110000,식품원료,원료이기에 사용기준 없음,,사용가능,
5147,,소목뼈,,A2000011150000,식품원료,원료이기에 사용기준 없음,,사용가능,
5148,,소목심,,A2000011160000,식품원료,원료이기에 사용기준 없음,,사용가능,
5149,,소목심살,,A2000011170000,식품원료,원료이기에 사용기준 없음,,사용가능,
5150,BEEF CHEEK MEAT,소볼살,,A2000051410000,식품원료,원료이기에 사용기준 없음,,사용가능,
5151,SORBIC ACID,소브산,E200,B1003605000000,식품첨가물,"사용기준 찾음, 별도 확인 필요",보존료,"기타, 별도 확인 필요",
5152,POTASSIUM SORBATE,소브산칼륨,E202,B1003606000000,식품첨가물,"사용기준 찾음, 별도 확인 필요",보존료,"기타, 별도 확인 필요",
5153,CALCIUM SORBATE,소브산칼슘,E203,B1003607000000,식품첨가물,"사용기준 찾음, 별도 확인 필요",보존료,"기타, 별도 확인 필요",
5154,BOVINE SPLEEN POWDER,소비장분말,,A20000111N0001,식품원료,원료이기에 사용기준 없음,,사용가능,
5155,BEEF BONE,소뼈,,A20000111M0000,식품원료,원료이기에 사용기준 없음,,사용가능,
5156,,소뼈농축액,,A20000111M0814,식품원료,원료이기에 사용기준 없음,,사용가능,
5157,COW BONES POWDER,소뼈분말,,A20000111M0001,식품원료,원료이기에 사용기준 없음,,사용가능,
5158,BEEF BONE OIL,소뼈오일,,A20000111M0020,식품원료,원료이기에 사용기준 없음,,사용가능,
5159,,소뼈육수,,A20000111M0023,식품원료,원료이기에 사용기준 없음,,사용가능,
5160,,소뼈추출물,,A20000111M4500,식품원료,원료이기에 사용기준 없음,,사용가능,
5161,BEEF BONE EXTRAC CONCENTRATE,소뼈추출액,,A20000111M4514,식품원료,원료이기에 사용기준 없음,,사용가능,
5162,,소사태,,A20000111Q0000,식품원료,원료이기에 사용기준 없음,,사용가능,
5163,,소설도,,A20000111Y0000,식품원료,원료이기에 사용기준 없음,,사용가능,
5164,,소소장,,A2000011200000,식품원료,원료이기에 사용기준 없음,,사용가능,
5165,,소스지,,A2000011220000,식품원료,원료이기에 사용기준 없음,,사용가능,
5166,,소안심,,A2000011280000,식품원료,원료이기에 사용기준 없음,,사용가능,
5167,,소안심살,,A2000011290000,식품원료,원료이기에 사용기준 없음,,사용가능,
5168,,소양지,,A20000112I0000,식품원료,원료이기에 사용기준 없음,,사용가능,
5169,,소연골,,A20000113X0000,식품원료,원료이기에 사용기준 없음,,사용가능,
5170,,소연골분말,,A20000113X0001,식품원료,원료이기에 사용기준 없음,,사용가능,
5171,,소연골추출물,,A20000113X4500,식품원료,원료이기에 사용기준 없음,,사용가능,
5172,,소연골추출분말,,A20000113X4501,식품원료,원료이기에 사용기준 없음,,사용가능,
5173,,소염통,,A2000011250000,식품원료,원료이기에 사용기준 없음,,사용가능,
5174,,소우둔,,A20000112O0000,식품원료,원료이기에 사용기준 없음,,사용가능,
5175,,소위,,A20000112R0000,식품원료,원료이기에 사용기준 없음,,사용가능,
5176,,소정육,,A20000112X0000,식품원료,원료이기에 사용기준 없음,,사용가능,
5177,,소지방,,A20000112Z0000,식품원료,원료이기에 사용기준 없음,,사용가능,
5178,,소채끝,,A2000011350000,식품원료,원료이기에 사용기준 없음,,사용가능,
5179,,소채끝살,,A2000011360000,식품원료,원료이기에 사용기준 없음,,사용가능,
5180,,소토시살,,A20000113A0000,식품원료,원료이기에 사용기준 없음,,사용가능,
5181,TONGUE OF A COW,소혀고기,,A20000113F0000,식품원료,원료이기에 사용기준 없음,,사용가능,
5182,,소홍두깨살,,A20000113I0000,식품원료,원료이기에 사용기준 없음,,사용가능,
5183,RED SNAPPER SCALE,속임금눈돔비늘,,A3000981240000,식품원료,원료이기에 사용기준 없음,,사용불가,
5184,,솔버섯,,A1002542000000,식품원료,원료이기에 사용기준 없음,,사용불가,
5185,,솔송그물버섯,,A1001251B90000,식품원료,원료이기에 사용기준 없음,,사용가능,
5186,,솜대잎,,A1001256380000,식품원료,원료이기에 사용기준 없음,,사용가능,
5187,,송로버섯,,A1001259000000,식품원료,원료이기에 사용기준 없음,,사용가능,
5188,TRUFFLE OIL ESSENCE,송로버섯오일,,A1001259000020,식품원료,원료이기에 사용기준 없음,,사용가능,
5189,,송로버섯주스,,A1001259000025,식품원료,원료이기에 사용기준 없음,,사용가능,
5190,,송로버섯추출물,,A1001259004500,식품원료,원료이기에 사용기준 없음,,사용가능,
5191,TROUT SALMON,송어,,A3000510000000,식품원료,원료이기에 사용기준 없음,,사용가능,
5192,TROUT SALMON`S ROE,송어알,,A3000510050000,식품원료,원료이기에 사용기준 없음,,사용가능,
5193,MATSUTAKE FUNGUS,송이,,A1001261000000,식품원료,원료이기에 사용기준 없음,,사용가능,
5194,,송이분말,,A1001261000001,식품원료,원료이기에 사용기준 없음,,사용가능,
5195,MATSUTAKE FUNGUS JUICE,송이즙,,A1054076000026,식품원료,원료이기에 사용기준 없음,,사용가능,
5196,,송이추출물,,A1001261004500,식품원료,원료이기에 사용기준 없음,,사용가능,
5197,,쇠귀나물,,A1001235000000,식품원료,원료이기에 사용기준 없음,,사용가능,
5198,"HORSETAIL, FIELD HORSETAIL",쇠뜨기,,A1001264000000,식품원료,원료이기에 사용기준 없음,,사용가능,
5199,,쇠뜨기잎,,A1001264380000,식품원료,원료이기에 사용기준 없음,,사용가능,
5200,,쇠뜨기잎추출분말,,A1001264384501,식품원료,원료이기에 사용기준 없음,,사용가능,
5201,,쇠뜨기추출물,,A1001264004500,식품원료,원료이기에 사용기준 없음,,사용가능,
5202,RADIX ACHYRANTHIS,쇠무릅뿌리,,A1003125610000,식품원료,원료이기에 사용기준 없음,,"제한적사용가능, 별도 확인 필요",
5203,,쇠무릅뿌리분말,,A1003125610001,식품원료,원료이기에 사용기준 없음,,"제한적사용가능, 별도 확인 필요",
5204,,쇠무릅뿌리추출분말,,A1003125614501,식품원료,원료이기에 사용기준 없음,,"제한적사용가능, 별도 확인 필요",
5205,,쇠무릅뿌리추출액,,A1003125614514,식품원료,원료이기에 사용기준 없음,,"제한적사용가능, 별도 확인 필요",
5206,,쇠무릅잎추출물,,A1003125384500,식품원료,원료이기에 사용기준 없음,,사용가능,
5207,,쇠무릅줄기,,A1003125490000,식품원료,원료이기에 사용기준 없음,,사용가능,
5208,,쇠무릅추출물고형분,,A1003125004504,식품원료,원료이기에 사용기준 없음,,사용가능,
5209,,쇠무릅추출물분말,,A1003125384501,식품원료,원료이기에 사용기준 없음,,사용가능,
5210,PURSLANE,쇠비름,,A1001267000000,식품원료,원료이기에 사용기준 없음,,사용가능,
5211,Purslane Extract,쇠비름추출물,,A1001267004500,식품원료,원료이기에 사용기준 없음,,사용가능,
5212,,쇠채순,,A1005131880000,식품원료,원료이기에 사용기준 없음,,사용가능,
5213,Shortening(soybean),쇼트닝(대두유),,P1204275100000,식품유형,"사용기준 못찾음, 별도 확인 필요",,사용가능,
5214,Shortening(cotton seed),쇼트닝(면실유),,P1204275700000,식품유형,"사용기준 못찾음, 별도 확인 필요",,사용가능,
5215,Shortening(rice bran oil),쇼트닝(미강유),,P1204276600000,식품유형,"사용기준 못찾음, 별도 확인 필요",,사용가능,
5216,Shortening(coconut oil),쇼트닝(야자유),,P1204277100000,식품유형,"사용기준 못찾음, 별도 확인 필요",,사용가능,
5217,Shortening(corn),쇼트닝(옥수수유),,P1204275400000,식품유형,"사용기준 못찾음, 별도 확인 필요",,사용가능,
5218,Shortening(beef fat),쇼트닝(우지),,P1204275500000,식품유형,"사용기준 못찾음, 별도 확인 필요",,사용가능,
5219,Shortening(rapeseed oil),쇼트닝(유채유),,P1204277600000,식품유형,"사용기준 못찾음, 별도 확인 필요",,사용가능,
5220,Shortening(canola),쇼트닝(카놀라유),,P1204275300000,식품유형,"사용기준 못찾음, 별도 확인 필요",,사용가능,
5221,SHORTENING(PALM STEARIN OIL),쇼트닝(팜스테아린유),,P1204278000000,식품유형,"사용기준 못찾음, 별도 확인 필요",,사용가능,
5222,Shortening(palm),쇼트닝(팜유),,P1204275200000,식품유형,"사용기준 못찾음, 별도 확인 필요",,사용가능,
5223,Shortening(sunflower seed),쇼트닝(해바라기씨유),,P1204277500000,식품유형,"사용기준 못찾음, 별도 확인 필요",,"기타, 별도 확인 필요",
5224,,수국,,A1001269000000,식품원료,원료이기에 사용기준 없음,,사용가능,
5225,HYDRANGEA,수국잎,,A1001269380000,식품원료,원료이기에 사용기준 없음,,사용가능,
5226,,수랑,,A3000511000000,식품원료,원료이기에 사용기준 없음,,사용가능,
5227,CORNFLOWER,수레국화,,A1003153000000,식품원료,원료이기에 사용기준 없음,,사용가능,
5228,CORNFLOWER PETALS,수레국화꽃잎,,A1003153170000,식품원료,원료이기에 사용기준 없음,,사용가능,
5229,CORNFLOWER EXTRACT,수레국화추출물,,A1003153174500,식품원료,원료이기에 사용기준 없음,,사용가능,
5230,"SURICHWI, WILD PLANT",수리취,,A1001272000000,식품원료,원료이기에 사용기준 없음,,사용가능,
5231,WATERMELON,수박,,A1001273000000,식품원료,원료이기에 사용기준 없음,,사용가능,
5232,,수박농축액,,A1001273000814,식품원료,원료이기에 사용기준 없음,,사용가능,
5233,WATERMELON POWDER,수박분말,,A1001273000001,식품원료,원료이기에 사용기준 없음,,사용가능,
5234,WATERMELON SEED,수박씨앗,,A1001273320000,식품원료,원료이기에 사용기준 없음,,사용가능,
5235,,수박열매,,A1001273230000,식품원료,원료이기에 사용기준 없음,,사용가능,
5236,,수박열매껍질추출물,,A1001273774500,식품원료,원료이기에 사용기준 없음,,사용가능,
5237,WATERMELON JUICE,수박주스,,A1001273000025,식품원료,원료이기에 사용기준 없음,,사용가능,
5238,WATERMELON JUICE CONCENTRATE,수박주스농축,,A1001273000825,식품원료,원료이기에 사용기준 없음,,사용가능,
5239,WATERMELON JUICE POWDER,수박주스분말,,A1001273000069,식품원료,원료이기에 사용기준 없음,,사용가능,
5240,WATERMELON EXTRACT,수박추출물,,A1001273004500,식품원료,원료이기에 사용기준 없음,,사용가능,
5241,WATERMELON PUREE,수박퓌레,,A1001273000034,식품원료,원료이기에 사용기준 없음,,사용가능,
5242,SODIUM HYDROXIDE,수산화나트륨,,B1000107000000,식품첨가물,"사용기준 찾음, 별도 확인 필요",산도조절제,"기타, 별도 확인 필요",
5243,SODIUM HYDROXIDE SOLUTION,수산화나트륨액,,B1000108000000,식품첨가물,"사용기준 찾음, 별도 확인 필요",산도조절제,"기타, 별도 확인 필요",
5244,MAGNESIUM HYDROXIDE,수산화마그네슘,,B1000359000000,식품첨가물,II. 2. 1)의 규정에 따라 사용하여야 한다.,산도조절제,"기타, 별도 확인 필요",
5245,AMMONIUM HYDROXIDE,수산화암모늄,,B1000360000000,식품첨가물,II. 2. 1)의 규정에 따라 사용하여야 한다.,산도조절제,"기타, 별도 확인 필요",
5246,POTASSIUM HYDROXIDE,수산화칼륨,,B1000109000000,식품첨가물,"사용기준 찾음, 별도 확인 필요",산도조절제,"기타, 별도 확인 필요",
5247,CALCIUM HYDROXIDE,수산화칼슘,,B1000110000000,식품첨가물,II. 2. 1)의 규정에 따라 사용하여야 한다.,산도조절제,"기타, 별도 확인 필요",
5248,Sponge Gourd,수세미오이,,A1001274000000,식품원료,원료이기에 사용기준 없음,,사용가능,
5249,HYDROGEN,수소,,B2000202000000,식품첨가물,"사용기준 찾음, 별도 확인 필요",충전제,"기타, 별도 확인 필요",
5250,OKAHIJIKI,수송나물,,A1001275000000,식품원료,원료이기에 사용기준 없음,,사용가능,
5251,INDIAN MILLET(KAOLIANG),수수,,A1001276000000,식품원료,원료이기에 사용기준 없음,,사용가능,
5252,INDIAN MILLET(KAOLIANG) MALT,수수맥아,,A1054173000000,식품원료,원료이기에 사용기준 없음,,사용가능,
5253,,수수분말,,A1001276000001,식품원료,원료이기에 사용기준 없음,,사용가능,
5254,,수수쌀,,A1001276780000,식품원료,원료이기에 사용기준 없음,,사용가능,
5255,,수수씨앗,,A1001276320000,식품원료,원료이기에 사용기준 없음,,사용가능,
5256,,수수전분,,A1001276000038,식품원료,원료이기에 사용기준 없음,,사용가능,
5257,,수수추출물,,A1001276004500,식품원료,원료이기에 사용기준 없음,,사용가능,
5258,"DOCK, SORREL",수영,,A1001278000000,식품원료,원료이기에 사용기준 없음,,사용가능,
5259,"ANNATTO, WATER-SOLUBLE",수용성안나토,,B1000111000000,식품첨가물,"사용기준 찾음, 별도 확인 필요",착색료,"기타, 별도 확인 필요",
5260,,수조기,,A3000514000000,식품원료,원료이기에 사용기준 없음,,사용가능,
5261,SUCRALOSE,수크랄로스,,B1000396000000,식품첨가물,"사용기준 찾음, 별도 확인 필요",감미료,"기타, 별도 확인 필요",
5262,SHALLOT,숙근초,,A1001280000000,식품원료,원료이기에 사용기준 없음,,사용가능,
5263,SHALLOT POWDER,숙근초분말,,A1001280000001,식품원료,원료이기에 사용기준 없음,,사용가능,
5264,,숙근초비늘줄기,,A1001280520000,식품원료,원료이기에 사용기준 없음,,사용가능,
5265,SHALLOT OIL ESSENCE,숙근초비늘줄기오일,,A1001280520020,식품원료,원료이기에 사용기준 없음,,사용가능,
5266,,숙성다시마,,A3000864002B00,식품원료,원료이기에 사용기준 없음,,사용가능,
5267,GREEN BEAN SPROUTS,숙주나물,,A1002222000000,식품원료,원료이기에 사용기준 없음,,사용가능,
5268,REHMANNIAE RADIX PREPARATA,숙지황,,A1001721A20000,식품원료,원료이기에 사용기준 없음,,"제한적사용가능, 별도 확인 필요",
5269,REHMANNIAE RADIX PREPARATA CONCENTRATE,숙지황농축액,,A1001721A20814,식품원료,원료이기에 사용기준 없음,,"제한적사용가능, 별도 확인 필요",
5270,,숙지황추출물,,A1001721A24500,식품원료,원료이기에 사용기준 없음,,"제한적사용가능, 별도 확인 필요",
5271,,숙지황추출물분말,,A1001721A24501,식품원료,원료이기에 사용기준 없음,,"제한적사용가능, 별도 확인 필요",
5272,TURNIP,순무,,A1001282000000,식품원료,원료이기에 사용기준 없음,,사용가능,
5273,,순무분말,,A1001282610001,식품원료,원료이기에 사용기준 없음,,사용가능,
5274,,순무뿌리,,A1001282610000,식품원료,원료이기에 사용기준 없음,,사용가능,
5275,TURNIP SEED OIL,순무씨앗,,A1001282320000,식품원료,원료이기에 사용기준 없음,,사용가능,
5276,,순무씨앗유,,A1001282320020,식품원료,원료이기에 사용기준 없음,,사용가능,
5277,,순무잎,,A1001282380000,식품원료,원료이기에 사용기준 없음,,사용가능,
5278,,순무잎분말,,A1001282380001,식품원료,원료이기에 사용기준 없음,,사용가능,
5279,,순무채,,A1001282610029,식품원료,원료이기에 사용기준 없음,,사용가능,
5280,WATER SHIELD,순채,,A1001284000000,식품원료,원료이기에 사용기준 없음,,사용가능,
5281,SALAD BURNET/어린잎(Sanguisorba minor),술모이풀어린잎,,A1005136400000,식품원료,원료이기에 사용기준 없음,,사용가능,
5282,,술모이풀잎,,A1005136380000,식품원료,원료이기에 사용기준 없음,,사용가능,
5283,,술지게미,,P1204275900000,식품유형,"사용기준 못찾음, 별도 확인 필요",,사용가능,
5284,,숭어,,A3000515000000,식품원료,원료이기에 사용기준 없음,,사용가능,
5285,Common mullet roe,숭어알,,A3000515050000,식품원료,원료이기에 사용기준 없음,,사용가능,
5286,SHELLAC,쉘락,,B2000035000000,식품첨가물,II. 2. 1)의 규정에 따라 사용하여야 한다.,피막제,"기타, 별도 확인 필요",
5287,,쉽싸리지상부,,A1001287020000,식품원료,원료이기에 사용기준 없음,,사용가능,
5288,PSEUDOMONAS AERUGINOSA,슈도모나스 에루지노사(고시형),,C2000034000000,건강기능식품,"사용기준 못찾음, 별도 확인 필요",,"기타, 별도 확인 필요",
5289,SMOKE FLAVOUR,스모크향,,B2000160000000,식품첨가물,"사용기준 찾음, 별도 확인 필요",향료,"기타, 별도 확인 필요",
5290,,스밀렉스오피시날리스뿌리,,A1001288610000,식품원료,원료이기에 사용기준 없음,,"제한적사용가능, 별도 확인 필요",
5291,SWEET CHESTNUT ROSE(CILI),스위트체스트넛로즈열매,,A1001289230000,식품원료,원료이기에 사용기준 없음,,사용가능,
5292,CONCENTRATED CILI JUICE,스위트체스트넛열매농축주스,,A1001289230825,식품원료,원료이기에 사용기준 없음,,사용가능,
5293,SWEET FENNEL POWDER,스위트펜넬분말,,A1001291000001,식품원료,원료이기에 사용기준 없음,,사용가능,
5294,,스위트펜넬씨앗,,A1001291320000,식품원료,원료이기에 사용기준 없음,,사용가능,
5295,SWEET FENNEL,스위트펜넬열매,,A1001291230000,식품원료,원료이기에 사용기준 없음,,사용가능,
5296,,스위트펜넬잎,,A1001291380000,식품원료,원료이기에 사용기준 없음,,사용가능,
5297,SWEETIE,스위티,,A1053948000000,식품원료,원료이기에 사용기준 없음,,사용가능,
5298,,스쿠알렌(고시형),,C2000058000000,건강기능식품,"사용기준 못찾음, 별도 확인 필요",,"기타, 별도 확인 필요",
5299,CLARY(CLARY SAGE),스클라레아살비아,,A1003147000000,식품원료,원료이기에 사용기준 없음,,사용가능,
5300,CLARY SAGE OIL,스클라레아살비아오일,,A1003147380020,식품원료,원료이기에 사용기준 없음,,사용가능,
5301,,스타아니스,,A1003032000000,식품원료,원료이기에 사용기준 없음,,사용가능,
5302,STAR ANISE POWDER,스타아니스분말,,A1003032000001,식품원료,원료이기에 사용기준 없음,,사용가능,
5303,STAR ANISE SEED,스타아니스씨앗,,A1003032320000,식품원료,원료이기에 사용기준 없음,,사용가능,
5304,STAR ANISE SEED EXTRACT,스타아니스씨앗추출물,,A1003032324500,식품원료,원료이기에 사용기준 없음,,사용가능,
5305,STAR ANISE FRUIT,스타아니스열매,,A1003032230000,식품원료,원료이기에 사용기준 없음,,사용가능,
5306,,스타아니스열매분말,,A1003032230001,식품원료,원료이기에 사용기준 없음,,사용가능,
5307,STAR ANIS FRUIT OIL,스타아니스열매오일,,A1003032230020,식품원료,원료이기에 사용기준 없음,,사용가능,
5308,STAR ANISE OIL,스타아니스오일,,A1003032000020,식품원료,원료이기에 사용기준 없음,,사용가능,
5309,STAR ANIS EXTRACT,스타아니스추출물,,A1003032004500,식품원료,원료이기에 사용기준 없음,,사용가능,
5310,STAR APPLE,스타애플,,A1001293000000,식품원료,원료이기에 사용기준 없음,,사용가능,
5311,STACHYS GEOBOMBYCIS(외화획득용에 한함),스타키스 게오봄비시스(외화획득용),,AZ000023000000,식품원료,원료이기에 사용기준 없음,,사용불가,
5312,CARAMBOLA(STARFRUIT),스타후르츠,,A1001294000000,식품원료,원료이기에 사용기준 없음,,사용가능,
5313,STARFRUIT POWER,스타후르츠분말,,A1001294230001,식품원료,원료이기에 사용기준 없음,,사용가능,
5314,STEVIA STEVIA REBAUDIANA,스테비아,,A1001295000000,식품원료,원료이기에 사용기준 없음,,사용가능,
5315,STEVIA LEAF POWDER,스테비아분말,,A1001295000001,식품원료,원료이기에 사용기준 없음,,사용가능,
5316,STEVIA LEAF,스테비아잎,,A1001295380000,식품원료,원료이기에 사용기준 없음,,사용가능,
5317,,스테비아잎농축액,,A1001295380814,식품원료,원료이기에 사용기준 없음,,사용가능,
5318,STEVIA POWDER,스테비아잎분말,,A1001295380001,식품원료,원료이기에 사용기준 없음,,사용가능,
5319,STEVIA REBAUDIANA EXTRACT POWDER,스테비아잎추출분말,,A1001295384501,식품원료,원료이기에 사용기준 없음,,사용가능,
5320,,스테비아추출물,,A1001295384500,식품원료,원료이기에 사용기준 없음,,사용가능,
5321,STEVIA EXTRACT POWDER,스테비아추출분말,,A1001295004501,식품원료,원료이기에 사용기준 없음,,사용가능,
5322,Steviol glycoside(STEVIOSIDE),스테비올배당체,,B2000036000000,식품첨가물,"사용기준 찾음, 별도 확인 필요",감미료,"기타, 별도 확인 필요",
5323,STEARIC ACID,스테아린산,,B2000181000000,식품첨가물,II. 2. 1)의 규정에 따라 사용하여야 한다.,제조용제,"기타, 별도 확인 필요",
5324,MAGNESIUM STEARATE,스테아린산마그네슘,,B1000112000000,식품첨가물,II. 2. 1)의 규정에 따라 사용하여야 한다.,영양강화제,"기타, 별도 확인 필요",
5325,CALCIUM STEARATE,스테아린산칼슘,,B1000403000000,식품첨가물,II. 2. 1)의 규정에 따라 사용하여야 한다.,영양강화제,"기타, 별도 확인 필요",
5326,SODIUM STEAROYL LACTYLATE,스테아릴젖산나트륨,,B1000113000000,식품첨가물,"사용기준 찾음, 별도 확인 필요",유화제,"기타, 별도 확인 필요",
5327,CALCIUM STEAROYL LACTYLATE,스테아릴젖산칼슘,,B1000114000000,식품첨가물,"사용기준 찾음, 별도 확인 필요",유화제,"기타, 별도 확인 필요",
5328,STAINLESS STEEL,스테인레스,,D5000001300000,기구 및 용기포장,"사용기준 못찾음, 별도 확인 필요",,"기타, 별도 확인 필요",
5329,STAINLESS STEEL ALLOY,스테인레스합금제,,D5000001310000,기구 및 용기포장,"사용기준 못찾음, 별도 확인 필요",,"기타, 별도 확인 필요",
5330,ANTHOCYANINS(STRAWBERRY COLOR),스트로베리색소,,B2000498000000,식품첨가물,"사용기준 못찾음, 별도 확인 필요",,"기타, 별도 확인 필요",
5331,STINGING NETTLE,스팅잉네틀,,A1001297000000,식품원료,원료이기에 사용기준 없음,,"제한적사용가능, 별도 확인 필요",
5332,NETTLE ROOT EXTRACT,스팅잉네틀뿌리추출물,,A1001297614500,식품원료,원료이기에 사용기준 없음,,"기타, 별도 확인 필요",
5333,STINGING NETTLE YOUNG LEAF EXTRACT,스팅잉네틀어린잎추출물,,A1001297404500,식품원료,원료이기에 사용기준 없음,,"제한적사용가능, 별도 확인 필요",
5334,STINGING NETTLE URTICADIOICA LEAF,스팅잉네틀잎,,A1001297380000,식품원료,원료이기에 사용기준 없음,,"제한적사용가능, 별도 확인 필요",
5335,NETTLE LEAF POWDER,스팅잉네틀잎분말,,A1002667380001,식품원료,원료이기에 사용기준 없음,,"제한적사용가능, 별도 확인 필요",
5336,,스팅잉네틀잎추출물,,A1001297384500,식품원료,원료이기에 사용기준 없음,,"제한적사용가능, 별도 확인 필요",
5337,STINGING NETTLE LEAVES EXTRACT POWDER,스팅잉네틀잎추출분말,,A1053981384501,식품원료,원료이기에 사용기준 없음,,"제한적사용가능, 별도 확인 필요",
5338,SPERMIDINE,스퍼미딘(외화획득용 등),,BZ000103000000,식품첨가물,"사용기준 못찾음, 별도 확인 필요",,사용불가,
5339,LIQUORICE ROOTS(GLYCYRRHIZA GLABRA),스페인감초뿌리,,A1001298610000,식품원료,원료이기에 사용기준 없음,,"제한적사용가능, 별도 확인 필요",
5340,LIQUORICE ROOT(Glycyrrhiza glabra) EXTRACT,스페인감초추출물,,A1001298614500,식품원료,원료이기에 사용기준 없음,,"제한적사용가능, 별도 확인 필요",
5341,,스페인감초추출물(기능성원료인정제2014-4호),,C9000468000000,건강기능식품,"사용기준 못찾음, 별도 확인 필요",,"기타, 별도 확인 필요",
5342,,스페인감초추출물(기능성원료인정제2019-7호),,C9000981000000,건강기능식품,"사용기준 못찾음, 별도 확인 필요",,"기타, 별도 확인 필요",
5343,SPELT WHEAT,스펠트밀,,A1001299000000,식품원료,원료이기에 사용기준 없음,,사용가능,
5344,SPELT FLOUR,스펠트밀가루,,A1001299000001,식품원료,원료이기에 사용기준 없음,,사용가능,
5345,,스펠트밀씨앗,,A1001299320000,식품원료,원료이기에 사용기준 없음,,사용가능,
5346,SPELT FLAKE,스펠트밀플레이크,,A1001299000051,식품원료,원료이기에 사용기준 없음,,사용가능,
5347,"SPRUCE NEEDLES, TWIGS",스프루스,,A1002658000000,식품원료,원료이기에 사용기준 없음,,사용불가,
5348,SPIRULINA,스피루리나,,A3000877000000,식품원료,원료이기에 사용기준 없음,,사용가능,
5349,SPIRULINA CONCENTRATE POWDER,스피루리나농축분말,,A3000877000801,식품원료,원료이기에 사용기준 없음,,사용가능,
5350,스피룰리나농축액,스피루리나농축액,,A3000877000814,식품원료,원료이기에 사용기준 없음,,사용가능,
5351,,스피루리나분말,,A3000877000001,식품원료,원료이기에 사용기준 없음,,사용가능,
5352,,스피루리나속 조류(고시형),,C2000019000000,건강기능식품,"사용기준 못찾음, 별도 확인 필요",,"기타, 별도 확인 필요",
5353,,스피루리나주스,,A3000877000025,식품원료,원료이기에 사용기준 없음,,사용가능,
5354,Spirulina concentrate,스피루리나추출물,,A3000877004500,식품원료,원료이기에 사용기준 없음,,사용가능,
5355,SPIRULINA COLOR,스피룰리나색소,,B2000037000000,식품첨가물,"사용기준 찾음, 별도 확인 필요",착색료,"기타, 별도 확인 필요",
5356,,스피카툼꽃생강열매,,A1005144230000,식품원료,원료이기에 사용기준 없음,,사용가능,
5357,NECTARINE,승도열매,,A1003108930000,식품원료,원료이기에 사용기준 없음,,사용가능,
5358,PASSION FLOWER,시계꽃,,A1001305000000,식품원료,원료이기에 사용기준 없음,,사용가능,
5359,PASSION FLOWER POWDER,시계꽃분말,,A1001305000001,식품원료,원료이기에 사용기준 없음,,사용가능,
5360,,시계꽃열매,,A1001305230000,식품원료,원료이기에 사용기준 없음,,사용가능,
5361,,시계꽃열매추출분말,,A1001305234501,식품원료,원료이기에 사용기준 없음,,사용가능,
5362,PASSION FLOWER LEAVES,시계꽃잎,,A1001305380000,식품원료,원료이기에 사용기준 없음,,사용가능,
5363,PASSION FLOWER LEAVES EXTRACT,시계꽃잎추출물,,A1054026384500,식품원료,원료이기에 사용기준 없음,,사용가능,
5364,,시계꽃주스,,A1001305000025,식품원료,원료이기에 사용기준 없음,,사용가능,
5365,PASSION FLOWER EXTRACT,시계꽃추출물,,A1001305004500,식품원료,원료이기에 사용기준 없음,,사용가능,
5366,SPINACH,시금치,,A1001306000000,식품원료,원료이기에 사용기준 없음,,사용가능,
5367,SPINACH CONCENTRATE,시금치농축물,,A1001306000800,식품원료,원료이기에 사용기준 없음,,사용가능,
5368,,시금치농축액,,A1001306000814,식품원료,원료이기에 사용기준 없음,,사용가능,
5369,SPINACH POWDER,시금치분말,,A1001306000001,식품원료,원료이기에 사용기준 없음,,사용가능,
5370,,시금치잎,,A1001306380000,식품원료,원료이기에 사용기준 없음,,사용가능,
5371,SPINACH JUICE,시금치주스,,A1001306000025,식품원료,원료이기에 사용기준 없음,,사용가능,
5372,SPINACH EXTRACT,시금치추출물,,A1001306004500,식품원료,원료이기에 사용기준 없음,,사용가능,
5373,,시금치추출물분말,,A1001306004501,식품원료,원료이기에 사용기준 없음,,사용가능,
5374,SPINACH PULP,시금치펄프,,A1054140000000,식품원료,원료이기에 사용기준 없음,,사용가능,
5375,SPINACH PASTE,시금치페이스트,,A1001306000033,식품원료,원료이기에 사용기준 없음,,사용가능,
5376,SPINACH PUREE,시금치퓌레,,A1001306000034,식품원료,원료이기에 사용기준 없음,,사용가능,
5377,SPINACH FLAKE,시금치플레이크,,A1001306000051,식품원료,원료이기에 사용기준 없음,,사용가능,
5378,"Crowberry, Korean crowberry",시로미열매,,A1001308230000,식품원료,원료이기에 사용기준 없음,,사용가능,
5379,Szechuan pepper,시물란스초피열매,,A1003098230000,식품원료,원료이기에 사용기준 없음,,사용가능,
5380,Szechuan pepper powder,시물란스초피열매분말,,A1003098230001,식품원료,원료이기에 사용기준 없음,,사용가능,
5381,Szechuan pepper,시물란스초피열매오일,,A1003098230020,식품원료,원료이기에 사용기준 없음,,사용가능,
5382,Szechuan pepper,시물란스초피열매추출물,,A1003098234500,식품원료,원료이기에 사용기준 없음,,사용가능,
5383,,시베리아철갑상어,,A3000517000000,식품원료,원료이기에 사용기준 없음,,사용가능,
5384,SIBERIAN STURGEON CAVIAR,시베리아철갑상어알,,A3000517050000,식품원료,원료이기에 사용기준 없음,,사용가능,
5385,CISSUS QUADRANGULARIS(연구조사용),시서스추출물,,A1002826004500,식품원료,원료이기에 사용기준 없음,,사용불가,
5386,CISSUS QUADRANGULARIS EXTRACT,시서스추출물(기능성원료인정제2018-14호),,C9000971000000,건강기능식품,"사용기준 못찾음, 별도 확인 필요",,"기타, 별도 확인 필요",
5387,HADJORA EXTRACT POWDER,시서스추출분말,,A1002826004501,식품원료,원료이기에 사용기준 없음,,사용불가,
5388,SHEA STEARIN,시아스테아린,,A1053954000000,식품원료,원료이기에 사용기준 없음,,사용가능,
5389,SHEA OLEIN,시아올레인,,A1053953000000,식품원료,원료이기에 사용기준 없음,,사용가능,
5390,SHEA BUTTER,시어버터나무씨앗,,A1001311320000,식품원료,원료이기에 사용기준 없음,,사용가능,
5391,SHEA BUTTER OIL,시어버터나무씨앗오일,,A1001311320020,식품원료,원료이기에 사용기준 없음,,사용가능,
5392,"CYCLODEXTRIN (ALPHA, BETA, GAMMA)",시클로덱스트린,,B2000038000000,식품첨가물,II. 2. 1)의 규정에 따라 사용하여야 한다.,안정제,"기타, 별도 확인 필요",
5393,CYCLODEXTRIN SYRUP,시클로덱스트린시럽,,B2000136000000,식품첨가물,II. 2. 1)의 규정에 따라 사용하여야 한다.,안정제,"기타, 별도 확인 필요",
5394,ALLYL CYCLOHEXANEPROPIONATE,시클로헥산프로피온산알릴,,B1000117000000,식품첨가물,"사용기준 찾음, 별도 확인 필요",향료,"기타, 별도 확인 필요",
5395,CITRAL,시트랄,,B1000118000000,식품첨가물,"사용기준 찾음, 별도 확인 필요",향료,"기타, 별도 확인 필요",
5396,CITRUS BIOFLAVONOID,시트러스바이오플라보노이드,,P1000019000000,식품유형,"사용기준 못찾음, 별도 확인 필요",,"기타, 별도 확인 필요",
5397,CITRONELLAL,시트로넬랄,,B1000119000000,식품첨가물,"사용기준 찾음, 별도 확인 필요",향료,"기타, 별도 확인 필요",
5398,CITRONELLOL,시트로넬롤,,B1000120000000,식품첨가물,"사용기준 찾음, 별도 확인 필요",향료,"기타, 별도 확인 필요",
5399,,시트론,,A1001313000000,식품원료,원료이기에 사용기준 없음,,사용가능,
5400,Citron peels,시트론껍질,,A1001313770000,식품원료,원료이기에 사용기준 없음,,사용가능,
5401,,시트론주스,,A1001313000025,식품원료,원료이기에 사용기준 없음,,사용가능,
5402,,시트론추출물,,A1001313004500,식품원료,원료이기에 사용기준 없음,,사용가능,
5403,,시호,,A1001314000000,식품원료,원료이기에 사용기준 없음,,사용가능,
5404,,식물성유지 디글리세라이드(기능성원료인정제2009-21호),,C9000202000000,건강기능식품,"사용기준 못찾음, 별도 확인 필요",,"기타, 별도 확인 필요",
5405,,식물스테롤,,A6000027000000,식품원료,원료이기에 사용기준 없음,,"제한적사용가능, 별도 확인 필요",
5406,PHYTOSTEROLESTER,식물스테롤에스테르,,A6000026000000,식품원료,원료이기에 사용기준 없음,,"제한적사용가능, 별도 확인 필요",
5407,SALT(SODIUM CHLORIDE),식염,,P0129120000000,식품유형,"사용기준 못찾음, 별도 확인 필요",,"기타, 별도 확인 필요",
5408,,식용개구리,,A4000038000000,식품원료,원료이기에 사용기준 없음,,사용가능,
5409,,식용개구리/다리,,A4000038210000,식품원료,원료이기에 사용기준 없음,,사용가능,
5410,SILK POWDER,식용누에번데기고치분말,,A4000010290001,식품원료,원료이기에 사용기준 없음,,"제한적사용가능, 별도 확인 필요",
5411,,식용달팽이,,A4000040000000,식품원료,원료이기에 사용기준 없음,,사용가능,
5412,,식용달팽이분말,,A4000040000001,식품원료,원료이기에 사용기준 없음,,사용가능,
5413,,식용달팽이추출물,,A4000040004500,식품원료,원료이기에 사용기준 없음,,사용가능,
5414,,식용달팽이추출물분말,,A4000040004501,식품원료,원료이기에 사용기준 없음,,사용가능,
5415,FOOD GREEN NO.3,식용색소녹색제3호,,B1000121000000,식품첨가물,"사용기준 찾음, 별도 확인 필요",착색료,"기타, 별도 확인 필요",
5416,"BROWN HT, CHOCOLATE BROWN HT(외화획득용)",식용색소브라운(외화획득용),,BZ000068000000,식품첨가물,"사용기준 못찾음, 별도 확인 필요",,사용불가,
5417,FOOD RED NO.106,식용색소적색106호(외화획득용 등),,BZ000053000000,식품첨가물,"사용기준 못찾음, 별도 확인 필요",,사용불가,
5418,FOOD RED NO.102,식용색소적색제102호,,B1000395000000,식품첨가물,"사용기준 찾음, 별도 확인 필요",착색료,"기타, 별도 확인 필요",
5419,FOOD RED NO.2,식용색소적색제2호,,B1000123000000,식품첨가물,"사용기준 찾음, 별도 확인 필요",착색료,"기타, 별도 확인 필요",
5420,FOOD RED NO.2 ALUMINUM LAKE,식용색소적색제2호알루미늄레이크,,B1000124000000,식품첨가물,"사용기준 못찾음, 별도 확인 필요",,"기타, 별도 확인 필요",
5421,FOOD RED NO.3,식용색소적색제3호,,B1000125000000,식품첨가물,"사용기준 찾음, 별도 확인 필요",착색료,"기타, 별도 확인 필요",
5422,FOOD RED NO.40,식용색소적색제40호,,B1000126000000,식품첨가물,"사용기준 찾음, 별도 확인 필요",착색료,"기타, 별도 확인 필요",
5423,FOOD RED NO.40 ALUMINUM LAKE,식용색소적색제40호알루미늄레이크,,B1000127000000,식품첨가물,"사용기준 못찾음, 별도 확인 필요",,"기타, 별도 확인 필요",
5424,FOOD BLUE NO.1,식용색소청색제1호,"E133, INS133, INS NO 133",B1000128000000,식품첨가물,"사용기준 찾음, 별도 확인 필요",착색료,"기타, 별도 확인 필요",
5425,FOOD BLUE NO. 1 ALUMINUM LAKE,식용색소청색제1호알루미늄레이크,,B1000129000000,식품첨가물,"사용기준 못찾음, 별도 확인 필요",,"기타, 별도 확인 필요",
5426,FOOD BLUE NO.2,식용색소청색제2호,,B1000130000000,식품첨가물,"사용기준 찾음, 별도 확인 필요",착색료,"기타, 별도 확인 필요",
5427,FOOD BLUE NO. 2 ALUMINUM LAKE,식용색소청색제2호알루미늄레이크,,B1000131000000,식품첨가물,"사용기준 못찾음, 별도 확인 필요",,"기타, 별도 확인 필요",
5428,FOOD YELLOW NO.4(TARTRAZINE),식용색소황색제4호,"E102, INS102, INS NO 102",B1000132000000,식품첨가물,"사용기준 찾음, 별도 확인 필요",착색료,"기타, 별도 확인 필요",
5429,FOOD YELLOW NO.4 ALUMINUM LAKE,식용색소황색제4호알루미늄레이크,,B1000133000000,식품첨가물,"사용기준 못찾음, 별도 확인 필요",,"기타, 별도 확인 필요",
5430,FOOD YELLOW NO.5(FD&C YELLOW 6),식용색소황색제5호,,B1000134000000,식품첨가물,"사용기준 찾음, 별도 확인 필요",착색료,"기타, 별도 확인 필요",
5431,FOOD YELLOW NO.5 ALUMINUM LAKE,식용색소황색제5호알루미늄레이크,,B1000135000000,식품첨가물,"사용기준 못찾음, 별도 확인 필요",,"기타, 별도 확인 필요",
5432,BIG-BELLY SEA HORSE,식용양식해마,,A3001004000000,식품원료,원료이기에 사용기준 없음,,"제한적사용가능, 별도 확인 필요",
5433,,식용양식해마분말,,A3001004000001,식품원료,원료이기에 사용기준 없음,,"제한적사용가능, 별도 확인 필요",
5434,,식용얼음,,P0129170100000,식품유형,"사용기준 못찾음, 별도 확인 필요",,"기타, 별도 확인 필요",
5435,EDIBLE B. TALLOW,식용우지,,P0202090200000,식품유형,"사용기준 못찾음, 별도 확인 필요",,"기타, 별도 확인 필요",
5436,,식용자라유,,A4000041000020,식품원료,원료이기에 사용기준 없음,,사용가능,
5437,MEAT CASING,식육케이싱,,P1202050005800,식품유형,"사용기준 못찾음, 별도 확인 필요",,"기타, 별도 확인 필요",
5438,VINEGAR,식초,,P0121010000000,식품유형,세부성분확인,,"기타, 별도 확인 필요",
5439,VINEGAR SOLID,식초고형분,,P1121010000004,식품유형,"사용기준 못찾음, 별도 확인 필요",,"기타, 별도 확인 필요",
5440,,신령주름버섯균사체발효분말,,A1001316B31901,식품원료,원료이기에 사용기준 없음,,사용가능,
5441,,신령주름버섯균사체추출물,,A1001316B34500,식품원료,원료이기에 사용기준 없음,,사용가능,
5442,,신령주름버섯분말,,A1001316B90001,식품원료,원료이기에 사용기준 없음,,사용가능,
5443,,신령주름버섯자실체,,A1001316B90000,식품원료,원료이기에 사용기준 없음,,사용가능,
5444,AGARICUS BLAZEI MURILL WATER EXTRACT,신령주름버섯자실체추출물,,A1001316B94500,식품원료,원료이기에 사용기준 없음,,사용가능,
5445,,신령주름버섯추출물,,A1001316004500,식품원료,원료이기에 사용기준 없음,,사용가능,
5446,MARASQUE,신양벚나무열매,,A1001319230000,식품원료,원료이기에 사용기준 없음,,사용가능,
5447,MARASQUE CONCENTRATE,신양벚나무열매농축,,A1001319230800,식품원료,원료이기에 사용기준 없음,,사용가능,
5448,CHERRY JUICE COCENTRATE GRANULES,신양벚나무열매농축과립,,A1001319230843,식품원료,원료이기에 사용기준 없음,,사용가능,
5449,SOURCHERRY JUICE CONCENTRATE,신양벚나무열매농축과즙,,A1001319930826,식품원료,원료이기에 사용기준 없음,,사용가능,
5450,TART CHERRY POWDER,신양벚나무열매분말,,A1001319010001,식품원료,원료이기에 사용기준 없음,,사용가능,
5451,SOUR CHERRY JUICE,신양벚나무열매주스,,A1054033230025,식품원료,원료이기에 사용기준 없음,,사용가능,
5452,SOUR CHERRY FRUIT EXTRACT,신양벚나무열매추출물,,A1054034234500,식품원료,원료이기에 사용기준 없음,,사용가능,
5453,SOUR CHERRY PUREE,신양벚나무열매퓌레,,A1001319000034,식품원료,원료이기에 사용기준 없음,,사용가능,
5454,SOUR CHERRY PUREE CONCENTRATE,신양벚나무열매퓌레농축,,A1001319000834,식품원료,원료이기에 사용기준 없음,,사용가능,
5455,,신양벚나무줄기,,A1001319490000,식품원료,원료이기에 사용기준 없음,,"제한적사용가능, 별도 확인 필요",
5456,Sour Cherry Stem Extract,신양벚나무줄기추출물,,A1001319494500,식품원료,원료이기에 사용기준 없음,,"제한적사용가능, 별도 확인 필요",
5457,Sour Cherry Stem Extract Powder,신양벚나무줄기추출분말,,A1001319494501,식품원료,원료이기에 사용기준 없음,,"제한적사용가능, 별도 확인 필요",
5458,,실고추,,P0121050200000,식품유형,"사용기준 못찾음, 별도 확인 필요",,"기타, 별도 확인 필요",
5459,GOLDEN-THREADFINBREAM,실꼬리돔,,A3000519000000,식품원료,원료이기에 사용기준 없음,,사용가능,
5460,GOLDEN THREADFIN BREAM PROTEIN,실꼬리돔단백,,A3000519000008,식품원료,원료이기에 사용기준 없음,,사용가능,
5461,THREADFIN BREAM FISH MEAT,실꼬리돔어육,,A3000519080000,식품원료,원료이기에 사용기준 없음,,사용가능,
5462,GOLDEN-THREAD PASTE,실꼬리돔페이스트,,A3000519000033,식품원료,원료이기에 사용기준 없음,,사용가능,
5463,Shilajit extract,실라짓추출물(연구조사용 등),,AZ000029004500,식품원료,원료이기에 사용기준 없음,,사용불가,
5464,CEYLON CINNAMON,실론시나몬,,A1054051000000,식품원료,원료이기에 사용기준 없음,,사용가능,
5465,SODIUM SILICOALUMINATE,실리코알루민산나트륨,,B1000136000000,식품첨가물,"사용기준 찾음, 별도 확인 필요",고결방지제,"기타, 별도 확인 필요",
5466,SILVERBERRY,실버베리,,A1001322000000,식품원료,원료이기에 사용기준 없음,,사용가능,
5467,,실붉돔,,A3000942000000,식품원료,원료이기에 사용기준 없음,,사용가능,
5468,,실전갱이,,A3000520000000,식품원료,원료이기에 사용기준 없음,,사용가능,
5469,Silk protein acid hydrolysate(Sil-Q1),실크단백질 산가수분해물(Sil-Q1)(기능성원료인정제2021-1호),,C9001025000000,건강기능식품,"사용기준 못찾음, 별도 확인 필요",,사용가능,
5470,,실파,,A1002245000000,식품원료,원료이기에 사용기준 없음,,사용가능,
5471,TURMERIC OLEORESIN,심황색소,E100,B2000039000000,식품첨가물,"사용기준 찾음, 별도 확인 필요",착색료,"기타, 별도 확인 필요",
5472,CORAL FUNGUS,싸리버섯,,A1001331B90000,식품원료,원료이기에 사용기준 없음,,사용가능,
5473,RICE,쌀,,A1001332000000,식품원료,원료이기에 사용기준 없음,,사용가능,
5474,,쌀가루,"rice flour, Whole Rice Flour",A1001332000001,식품원료,원료이기에 사용기준 없음,,사용가능,
5475,RICE BRAN,쌀겨,,A1001332C50000,식품원료,원료이기에 사용기준 없음,,사용가능,
5476,쌀겨농축분말,쌀겨농축분말,,A1001332C50801,식품원료,원료이기에 사용기준 없음,,사용가능,
5477,,쌀겨발효분말,,A1001332C51901,식품원료,원료이기에 사용기준 없음,,사용가능,
5478,RICE BRAN POWDER,쌀겨분말,,A1001332C50001,식품원료,원료이기에 사용기준 없음,,사용가능,
5479,RICE BRAN STEARIN OIL,쌀겨스테아린유,,A1053971C58020,식품원료,원료이기에 사용기준 없음,,사용가능,
5480,RICE BRAN WAX,쌀겨왁스,,B2000137000000,식품첨가물,II. 2. 1)의 규정에 따라 사용하여야 한다.,피막제,"기타, 별도 확인 필요",
5481,,쌀겨유,,A1001332C50020,식품원료,원료이기에 사용기준 없음,,사용가능,
5482,RICE BRAN OIL EXTRACT,쌀겨유추출물,,A1001332C54520,식품원료,원료이기에 사용기준 없음,,사용가능,
5483,RICE BRAN EXTRACT,쌀겨추출물,,A1001332C54500,식품원료,원료이기에 사용기준 없음,,사용가능,
5484,RICE BRAN EX PW,쌀겨추출분말,,A1001332C54501,식품원료,원료이기에 사용기준 없음,,사용가능,
5485,RICE KOJI,쌀고지,,A1001332000088,식품원료,원료이기에 사용기준 없음,,사용가능,
5486,RICE GRITS,쌀그릿츠,,A1001332000060,식품원료,원료이기에 사용기준 없음,,사용가능,
5487,RICE OIL EXTRACT,쌀기름추출물,,A1001332004506,식품원료,원료이기에 사용기준 없음,,사용가능,
5488,,쌀농축,,A1001332000800,식품원료,원료이기에 사용기준 없음,,사용가능,
5489,쌀농축분말,쌀농축분말,,A1001332000801,식품원료,원료이기에 사용기준 없음,,사용가능,
5490,,쌀농축액,,A1001332320814,식품원료,원료이기에 사용기준 없음,,사용가능,
5491,RICE GERM,쌀눈,,A1001332A40000,식품원료,원료이기에 사용기준 없음,,사용가능,
5492,RICE GERM OIL,쌀눈유,,A1001332A40020,식품원료,원료이기에 사용기준 없음,,사용가능,
5493,RICE PROTEIN,쌀단백,,A1001332000008,식품원료,원료이기에 사용기준 없음,,사용가능,
5494,RICE PROTEIN CONCENTRATE,쌀단백농축,,A1001332000808,식품원료,원료이기에 사용기준 없음,,사용가능,
5495,,쌀단백분말,,A1001332000045,식품원료,원료이기에 사용기준 없음,,사용가능,
5496,RICE MALTODEXTRIN,쌀말토덱스트린,,P1204278100000,식품유형,"사용기준 못찾음, 별도 확인 필요",,"기타, 별도 확인 필요",
5497,RICE MALT,쌀맥아,,A1053949000000,식품원료,원료이기에 사용기준 없음,,사용가능,
5498,쌀발효분말,쌀발효분말,,A1001332001901,식품원료,원료이기에 사용기준 없음,,사용가능,
5499,쌀발효액,쌀발효액,,A1001332001914,식품원료,원료이기에 사용기준 없음,,사용가능,
5500,쌀발효추출물,쌀발효추출물,,A1001332001917,식품원료,원료이기에 사용기준 없음,,사용가능,
5501,RICE GERM EXTRACT,쌀배아추출물,,A1001332A44500,식품원료,원료이기에 사용기준 없음,,사용가능,
5502,RICE GERM EXTRACT POWDER,쌀배아추출물분말,,A1001332A44501,식품원료,원료이기에 사용기준 없음,,사용가능,
5503,,쌀분태,,A1001332000035,식품원료,원료이기에 사용기준 없음,,사용가능,
5504,RICE STARCH SYRUP,쌀시럽,,A1001332000013,식품원료,원료이기에 사용기준 없음,,사용가능,
5505,RICE FIBER,쌀식이섬유,,A1001332000084,식품원료,원료이기에 사용기준 없음,,사용가능,
5506,VEGETABIE OIL(RICE),쌀오일,,A1001332000020,식품원료,원료이기에 사용기준 없음,,사용가능,
5507,,쌀왕겨,,A1001332340000,식품원료,원료이기에 사용기준 없음,,사용불가,
5508,,쌀왕겨농축액(외화획득용 등),,BZ000129000000,식품첨가물,"사용기준 못찾음, 별도 확인 필요",,사용불가,
5509,,쌀전분,Rice Starch,A1001332000038,식품원료,원료이기에 사용기준 없음,,사용가능,
5510,,쌀전분발효물,,A1001332001938,식품원료,원료이기에 사용기준 없음,,사용가능,
5511,,쌀조각,,A1001332000024,식품원료,원료이기에 사용기준 없음,,사용가능,
5512,RICE EXTRACT,쌀추출물,,A1001332004500,식품원료,원료이기에 사용기준 없음,,사용가능,
5513,RICE EXTRACT POWDER,쌀추출물분말,,A1001332004501,식품원료,원료이기에 사용기준 없음,,사용가능,
5514,,쌀추출액,,A1001332004514,식품원료,원료이기에 사용기준 없음,,사용가능,
5515,RICE ORISPIES,쌀크리스피,,A1001332000076,식품원료,원료이기에 사용기준 없음,,사용가능,
5516,PUFFED RICE,쌀튀밥,,A1001332009800,식품원료,원료이기에 사용기준 없음,,사용가능,
5517,,쌀페이스트,,A1001332000033,식품원료,원료이기에 사용기준 없음,,사용가능,
5518,RICE FLAKE,쌀플레이크,,A1001332000051,식품원료,원료이기에 사용기준 없음,,사용가능,
5519,,쌀피,,A1001332770000,식품원료,원료이기에 사용기준 없음,,사용가능,
5520,,쌍동가리,,A3000522000000,식품원료,원료이기에 사용기준 없음,,사용가능,
5521,,쌍별귀뚜라미분말,,A4000090000001,식품원료,원료이기에 사용기준 없음,,사용가능,
5522,SAW PALMETTO FRUIT EXTRACT,쏘팔메토열매추출물(고시형),,C2002424004500,건강기능식품,"사용기준 못찾음, 별도 확인 필요",,"기타, 별도 확인 필요",
5523,,쏘팔메토열매추출물등복합물(기능성원료인정제2008-79호),,C9000176000000,건강기능식품,"사용기준 못찾음, 별도 확인 필요",,"기타, 별도 확인 필요",
5524,,쏨뱅이,,A3000528000000,식품원료,원료이기에 사용기준 없음,,사용가능,
5525,"NETTLE, STINGING NETTLE",쐐기풀,,A1001333000000,식품원료,원료이기에 사용기준 없음,,사용불가,
5526,,쐐기풀분말,,A1001333000001,식품원료,원료이기에 사용기준 없음,,사용불가,
5527,,쐐기풀추출물,,A1001333004500,식품원료,원료이기에 사용기준 없음,,사용불가,
5528,LUMPFISH ROE,쑤기미알,,A3000530050000,식품원료,원료이기에 사용기준 없음,,사용가능,
5529,,쑥가루,,A1001334000001,식품원료,원료이기에 사용기준 없음,,사용가능,
5530,CROWN DAISY,쑥갓,,A1001335000000,식품원료,원료이기에 사용기준 없음,,사용가능,
5531,,쑥농축액,,A1001334000814,식품원료,원료이기에 사용기준 없음,,사용가능,
5532,ASTER YOMENA EXTRACT,쑥부쟁이추출물,,A1001336004500,식품원료,원료이기에 사용기준 없음,,사용가능,
5533,쑥,쑥잎,,A1001334380000,식품원료,원료이기에 사용기준 없음,,사용가능,
5534,,쑥추출액,,A1001334004514,식품원료,원료이기에 사용기준 없음,,사용가능,
5535,,쓴메밀,,A1005381000000,식품원료,원료이기에 사용기준 없음,,사용가능,
5536,,쓴메밀싹,,A1005381C60000,식품원료,원료이기에 사용기준 없음,,사용가능,
5537,,쓴메밀씨앗분말,,A1005381320001,식품원료,원료이기에 사용기준 없음,,사용가능,
5538,HOREHOUND(HOARHOUND),쓴박하,,A1001338000000,식품원료,원료이기에 사용기준 없음,,사용가능,
5539,,쓴박하분말,,A1001338000001,식품원료,원료이기에 사용기준 없음,,사용가능,
5540,,쓴박하잎,,A1001338380000,식품원료,원료이기에 사용기준 없음,,사용가능,
5541,WORMWOOD,쓴쑥,,A1001340010000,식품원료,원료이기에 사용기준 없음,,사용불가,
5542,WORMWOOD OIL,쓴쑥오일,,A1001340000020,식품원료,원료이기에 사용기준 없음,,사용불가,
5543,WORMWOOD EXTRACT,쓴쑥추출물,,A1001340004500,식품원료,원료이기에 사용기준 없음,,사용불가,
5544,,씀바귀,,A1001341000000,식품원료,원료이기에 사용기준 없음,,사용가능,
5545,,씀바귀추출물,,A1001341004500,식품원료,원료이기에 사용기준 없음,,사용가능,
5546,,씨앗겨자,,A1002399000000,식품원료,원료이기에 사용기준 없음,,사용가능,
5547,AGARIKON MUSHROOM-외화획득용,아가리콘버섯(외화획득용),,AZ000008000000,식품원료,원료이기에 사용기준 없음,,사용불가,
5548,SPADENOSE SHARK,아구상어,,A3000532000000,식품원료,원료이기에 사용기준 없음,,사용가능,
5549,AGUAJE FRUIT PULP POWDER,아구아헤과육분말,,A9000032000000,식품원료,원료이기에 사용기준 없음,,사용불가,
5550,AGUAJE FRUIT POWDER,아구아헤열매분말,,A9000028000001,식품원료,원료이기에 사용기준 없음,,사용불가,
5551,AGUAJE OIL,아구아헤오일,,A9000029000000,식품원료,원료이기에 사용기준 없음,,사용불가,
5552,AGUAJE PUREE,아구아헤퓨레,,A9000030000000,식품원료,원료이기에 사용기준 없음,,사용불가,
5553,,아귀,,A3000533000000,식품원료,원료이기에 사용기준 없음,,사용가능,
5554,ANGLER(FISH) LIVER,아귀간,,A3000533200000,식품원료,원료이기에 사용기준 없음,,사용가능,
5555,LOPHIOMUS SETIGERUS BONE,아귀뼈,,A3000533070000,식품원료,원료이기에 사용기준 없음,,사용가능,
5556,Lophiomus Meat,아귀어육,,A3000533080000,식품원료,원료이기에 사용기준 없음,,사용가능,
5557,Agrimony CONCENTRATE POWDER,아그리모니농축분말,,A1001343000801,식품원료,원료이기에 사용기준 없음,,사용가능,
5558,"AMERICAN LOCUST, FALSE ACACIA",아까시나무,,A1003128000000,식품원료,원료이기에 사용기준 없음,,사용가능,
5559,,아까시나무꽃,,A1003128140000,식품원료,원료이기에 사용기준 없음,,사용가능,
5560,,아까시나무꽃분말,,A1003128140001,식품원료,원료이기에 사용기준 없음,,사용가능,
5561,"AMERICAN LOCUST, FALSE ACACIA FIBER",아까시나무꽃식이섬유,,A1003128140084,식품원료,원료이기에 사용기준 없음,,사용가능,
5562,ANISE,아니스,,A1001347000000,식품원료,원료이기에 사용기준 없음,,사용가능,
5563,ANIS POWDER,아니스분말,,A1001347000001,식품원료,원료이기에 사용기준 없음,,사용가능,
5564,ANISE SEED,아니스씨앗,Grain Anise,A1001347320000,식품원료,원료이기에 사용기준 없음,,사용가능,
5565,ANISE SEED POWDER,아니스씨앗분말,,A1001347320001,식품원료,원료이기에 사용기준 없음,,사용가능,
5566,ANISE SEED OIL,아니스씨앗오일,,A1001347320020,식품원료,원료이기에 사용기준 없음,,사용가능,
5567,ANISALDEHYDE,아니스알데히드,,B1000137000000,식품첨가물,"사용기준 찾음, 별도 확인 필요",향료,"기타, 별도 확인 필요",
5568,ANIS FRUIT,아니스열매,,A1001347230000,식품원료,원료이기에 사용기준 없음,,사용가능,
5569,ANIS FRUIT POWDER,아니스열매분말,,A1001347230001,식품원료,원료이기에 사용기준 없음,,사용가능,
5570,ANISE OIL,아니스오일,,A1001347000020,식품원료,원료이기에 사용기준 없음,,사용가능,
5571,ANISE EXTRACT,아니스추출물,,A1001347004500,식품원료,원료이기에 사용기준 없음,,사용가능,
5572,SCREW PINE,아단,,A1001348000000,식품원료,원료이기에 사용기준 없음,,사용가능,
5573,,아단주스,,A1001348230025,식품원료,원료이기에 사용기준 없음,,사용가능,
5574,ADIPIC ACID,아디프산,,B1003608000000,식품첨가물,II. 2. 1)의 규정에 따라 사용하여야 한다.,산도조절제,"기타, 별도 확인 필요",
5575,ARABINO GALACTAN,아라비노갈락탄,,B2000138000000,식품첨가물,II. 2. 1)의 규정에 따라 사용하여야 한다.,증점제,"기타, 별도 확인 필요",
5576,ARABIC GUM (ACACIA GUM),아라비아검,"GUM ARABIC, acacia gum",B2000040000000,식품첨가물,II. 2. 1)의 규정에 따라 사용하여야 한다.,증점제,"기타, 별도 확인 필요",
5577,,아라비아고무나무,,A1002668000000,식품원료,원료이기에 사용기준 없음,,사용불가,
5578,아라비안자스민꽃,아라비안자스민꽃,,A1001350140000,식품원료,원료이기에 사용기준 없음,,사용가능,
5579,ARABIAN JASMINE OIL,아라비안자스민오일,,A1053986140020,식품원료,원료이기에 사용기준 없음,,사용가능,
5580,ARAZA(EUGENIA STIPITATA MAC VAUGH),아라자,,A1001351000000,식품원료,원료이기에 사용기준 없음,,사용가능,
5581,ARACHIDONIC ACID,아라키돈산(외화획득용),,AZ000036000000,식품원료,원료이기에 사용기준 없음,,사용불가,
5582,"ARONIA, BLACK CHOKEBERRY",아로니아,,A1001352000000,식품원료,원료이기에 사용기준 없음,,사용가능,
5583,,아로니아건조분말,,A1001352230401,식품원료,원료이기에 사용기준 없음,,사용가능,
5584,,아로니아농축,,A1001352230800,식품원료,원료이기에 사용기준 없음,,사용가능,
5585,,아로니아농축분말,,A1001352230801,식품원료,원료이기에 사용기준 없음,,사용가능,
5586,,아로니아농축액,,A1001352230814,식품원료,원료이기에 사용기준 없음,,사용가능,
5587,ARONIA FIBER,아로니아식이섬유,,A1001352000084,식품원료,원료이기에 사용기준 없음,,사용가능,
5588,,아로니아열매,,A1001352230000,식품원료,원료이기에 사용기준 없음,,사용가능,
5589,ARONIA POWDER,아로니아열매분말,,A1001352230001,식품원료,원료이기에 사용기준 없음,,사용가능,
5590,,아로니아원액,,A1001352230021,식품원료,원료이기에 사용기준 없음,,사용가능,
5591,,아로니아주스,,A1001352230025,식품원료,원료이기에 사용기준 없음,,사용가능,
5592,CONCENTRATED ARONIABERRY JUICE,아로니아주스농축액,,A1001352230825,식품원료,원료이기에 사용기준 없음,,사용가능,
5593,BLACK CHOKEBERRY EXTRACT,아로니아추출물,,A1001352234500,식품원료,원료이기에 사용기준 없음,,사용가능,
5594,,아로니아추출물분말,,A1001352234501,식품원료,원료이기에 사용기준 없음,,사용가능,
5595,ARONIA PUREE,아로니아퓨레,,A1001352000034,식품원료,원료이기에 사용기준 없음,,사용가능,
5596,,아르간열매,,A1001353230000,식품원료,원료이기에 사용기준 없음,,사용가능,
5597,,아르간열매오일,,A1001353250000,식품원료,원료이기에 사용기준 없음,,사용가능,
5598,ARGAN OIL,아르간유,,A1001353000020,식품원료,원료이기에 사용기준 없음,,사용가능,
5599,ARNICA FLOWERS EXTRACT,아르니카추출물,,A1001354004500,식품원료,원료이기에 사용기준 없음,,사용불가,
5600,Apricot,아르메니아살구열매,,A1001355230000,식품원료,원료이기에 사용기준 없음,,사용가능,
5601,APRICOT JUICE CONCENTRATE,아르메니아살구열매주스농축액,,A1001355230825,식품원료,원료이기에 사용기준 없음,,사용가능,
5602,APRICOT,아르메니아살구퓌레,,A1001355230034,식품원료,원료이기에 사용기준 없음,,사용가능,
5603,ARBOL CHILI PEPPER,아르볼 고추,,A1054120000000,식품원료,원료이기에 사용기준 없음,,사용가능,
5604,FLAX,아마,,A1001356000000,식품원료,원료이기에 사용기준 없음,,"제한적사용가능, 별도 확인 필요",
5605,AMARANTH,아마란스,,A1001357000000,식품원료,원료이기에 사용기준 없음,,사용가능,
5606,,아마란스분말,,A1001357000001,식품원료,원료이기에 사용기준 없음,,사용가능,
5607,AMARANTH SEEDS,아마란스씨앗,,A1001357320000,식품원료,원료이기에 사용기준 없음,,사용가능,
5608,AMARANTH SEED FLOUR,아마란스씨앗분말,,A1001357320001,식품원료,원료이기에 사용기준 없음,,사용가능,
5609,AMARANTH LEAF,아마란스잎,,A1001357380000,식품원료,원료이기에 사용기준 없음,,사용가능,
5610,AMARANTH LEAF FLOUR,아마란스잎분말,,A1001357380001,식품원료,원료이기에 사용기준 없음,,사용가능,
5611,AMARANTH LEAF EXTRACT,아마란스잎추출물,,A1001357384500,식품원료,원료이기에 사용기준 없음,,사용가능,
5612,AMARANTH LEAF EXTRACT POWDER,아마란스잎추출분말,,A1001357384501,식품원료,원료이기에 사용기준 없음,,사용가능,
5613,,아마란스플레이크,,A1001357000051,식품원료,원료이기에 사용기준 없음,,사용가능,
5614,,아마분말,,A1001356000001,식품원료,원료이기에 사용기준 없음,,"제한적사용가능, 별도 확인 필요",
5615,LINSEED(FLAXSEED),아마씨앗,"Flax Seeds, flax seed",A1001356320000,식품원료,학명자료확인. 함량확인,,"제한적사용가능, 별도 확인 필요",
5616,LINSEED(FLAXSEED) POWDER,아마씨앗분말,,A1001356320001,식품원료,학명자료확인. 함량확인,,"제한적사용가능, 별도 확인 필요",
5617,LINSEED(FLAXSEED) FIBER,아마씨앗식이섬유,Flaxseed Fibre,A1001356320084,식품원료,원료이기에 사용기준 없음,,"제한적사용가능, 별도 확인 필요",
5618,LINSEED(FLAXSEED) OIL,아마씨앗유,,A1001356320020,식품원료,원료이기에 사용기준 없음,,"제한적사용가능, 별도 확인 필요",
5619,LINSEED(FLAXSEED) EXTRACT,아마씨앗추출물,,A1001356324500,식품원료,원료이기에 사용기준 없음,,"제한적사용가능, 별도 확인 필요",
5620,LINSEED(FLAXSEED) EXTRACT POWDER,아마씨앗추출분말,,A1001356324501,식품원료,원료이기에 사용기준 없음,,"제한적사용가능, 별도 확인 필요",
5621,JUMBO FLYING SQUID,아메리카대왕오징어,,A3001126010000,식품원료,원료이기에 사용기준 없음,,사용가능,
5622,ALMOND,아몬드,almonds,A1001359000000,식품원료,원료이기에 사용기준 없음,,사용가능,
5623,ALMOND CONCENTRATE,아몬드농축,,A1001359000800,식품원료,원료이기에 사용기준 없음,,사용가능,
5624,ALMOND PROTEIN,아몬드단백,,A1054080000008,식품원료,원료이기에 사용기준 없음,,사용가능,
5625,ALMOND MASS,아몬드매스,,A1001359000090,식품원료,원료이기에 사용기준 없음,,사용가능,
5626,ALMOND POWDER,아몬드분말,"ground almonds, ground almond,Almond Flour",A1001359330001,식품원료,원료이기에 사용기준 없음,,사용가능,
5627,,아몬드분태,,A1001359000035,식품원료,원료이기에 사용기준 없음,,사용가능,
5628,,아몬드슬라이스,Sliced Almonds,A1001359330039,식품원료,원료이기에 사용기준 없음,,사용가능,
5629,ALMOND OIL,아몬드오일,,A1001359000020,식품원료,원료이기에 사용기준 없음,,사용가능,
5630,ALMOND EXTRACT,아몬드추출물,,A1001359004500,식품원료,원료이기에 사용기준 없음,,사용가능,
5631,ALMOND PASTE,아몬드페이스트,,A1001359000033,식품원료,원료이기에 사용기준 없음,,사용가능,
5632,ALMOND PUREE,아몬드퓨레,,A1054097000034,식품원료,원료이기에 사용기준 없음,,사용가능,
5633,ALMOND FLAKES,아몬드플레이크,Flaked Almonds,A1001359000051,식품원료,원료이기에 사용기준 없음,,사용가능,
5634,AMIDATED PECTIN,아미드펙틴,,B1000433000000,식품첨가물,II. 2. 1)의 규정에 따라 사용하여야 한다.,증점제,"기타, 별도 확인 필요",
5635,AVOCADO,아보카도,,A1001360000000,식품원료,원료이기에 사용기준 없음,,사용가능,
5636,AVOCADO CONCENTRATE,아보카도농축물,,A1001360230800,식품원료,원료이기에 사용기준 없음,,사용가능,
5637,,아보카도열매분말,,A1001360230001,식품원료,원료이기에 사용기준 없음,,사용가능,
5638,AVOCADO EXTRACT,아보카도열매추출물,,A1001360234500,식품원료,원료이기에 사용기준 없음,,사용가능,
5639,,아보카도오일,,A1001360230020,식품원료,원료이기에 사용기준 없음,,사용가능,
5640,AVOCADO JUICE,아보카도주스,,A1001360000025,식품원료,원료이기에 사용기준 없음,,사용가능,
5641,AVOCADO PUREE,아보카도퓨레,,A1001360000034,식품원료,원료이기에 사용기준 없음,,사용가능,
5642,ACAI,아사이팜열매,,A1003127230000,식품원료,원료이기에 사용기준 없음,,사용가능,
5643,,아사이팜열매과즙,,A1003127230026,식품원료,원료이기에 사용기준 없음,,사용가능,
5644,,아사이팜열매과즙분말,,A1003127230057,식품원료,원료이기에 사용기준 없음,,사용가능,
5645,,아사이팜열매농축과즙주스,,A1003127230886,식품원료,원료이기에 사용기준 없음,,사용가능,
5646,ACAI PALM CONCENTRATE,아사이팜열매농축액,,A1003127230814,식품원료,원료이기에 사용기준 없음,,사용가능,
5647,ACAI PALM POWDER,아사이팜열매분말,,A1003127230001,식품원료,원료이기에 사용기준 없음,,사용가능,
5648,,아사이팜열매주스,,A1003127230025,식품원료,원료이기에 사용기준 없음,,사용가능,
5649,ACAI PALM EXTRACT,아사이팜열매추출물,,A1003127234500,식품원료,원료이기에 사용기준 없음,,사용가능,
5650,ASSAI PALM FRUIT PULP,아사이팜열매펄프,,A1003127230032,식품원료,원료이기에 사용기준 없음,,사용가능,
5651,ACAI PALM PUREE,아사이팜열매퓌레,,A1003127230034,식품원료,원료이기에 사용기준 없음,,사용가능,
5652,ACAI PALM PUREE CONCENTRATE,아사이팜열매퓨레농축,,A1054069230834,식품원료,원료이기에 사용기준 없음,,사용가능,
5653,NITROUS OXIDE,아산화질소,,B1000397000000,식품첨가물,II. 2. 1)의 규정에 따라 사용하여야 한다.,분사제,"기타, 별도 확인 필요",
5654,,아선약,,A1001362010000,식품원료,원료이기에 사용기준 없음,,사용불가,
5655,ACEROLA,아세로라,,A1001363000000,식품원료,원료이기에 사용기준 없음,,사용가능,
5656,ACEROLA CONCENTRATE,아세로라농축,,A1001363230800,식품원료,원료이기에 사용기준 없음,,사용가능,
5657,,아세로라농축분말,,A1001363230801,식품원료,원료이기에 사용기준 없음,,사용가능,
5658,,아세로라농축액,,A1001363230814,식품원료,원료이기에 사용기준 없음,,사용가능,
5659,ACEROLA POWDER,아세로라분말,,A1001363230001,식품원료,원료이기에 사용기준 없음,,사용가능,
5660,ACEROLA FIBER,아세로라식이섬유,,A1001363230084,식품원료,원료이기에 사용기준 없음,,사용가능,
5661,,아세로라열매,,A1001363230000,식품원료,원료이기에 사용기준 없음,,사용가능,
5662,ACEROLA JUICE,아세로라주스,,A1001363230025,식품원료,원료이기에 사용기준 없음,,사용가능,
5663,,아세로라주스분말,,A1001363230069,식품원료,원료이기에 사용기준 없음,,사용가능,
5664,ACEROLA EXTRACT,아세로라추출물,,A1001363234500,식품원료,원료이기에 사용기준 없음,,사용가능,
5665,,아세로라추출분말,,A1001363234501,식품원료,원료이기에 사용기준 없음,,사용가능,
5666,ACEROLA PULP,아세로라펄프,,A1001363300000,식품원료,원료이기에 사용기준 없음,,사용가능,
5667,ACEROLA PUREE,아세로라퓌레,,A1001363230034,식품원료,원료이기에 사용기준 없음,,사용가능,
5668,ACESULFAME POTASSIUM,아세설팜칼륨,,B1000393000000,식품첨가물,"사용기준 찾음, 별도 확인 필요",감미료,"기타, 별도 확인 필요",
5669,ETHYL ACETOACETATE,아세토초산에틸,,B1000141000000,식품첨가물,"사용기준 찾음, 별도 확인 필요",향료,"기타, 별도 확인 필요",
5670,ACETOPHENONE,아세토페논,,B1000142000000,식품첨가물,"사용기준 찾음, 별도 확인 필요",향료,"기타, 별도 확인 필요",
5671,ACETONE,아세톤,,B1000428000000,식품첨가물,"사용기준 찾음, 별도 확인 필요",추출용제,"기타, 별도 확인 필요",
5672,ACETYLATED OXIDIZED STARCH,아세틸산화전분,,B1062560000000,식품첨가물,"사용기준 못찾음, 별도 확인 필요",,사용가능,
5673,ACETYLATED DISTARCH ADIPATE,아세틸아디프산이전분,,B1003577000000,식품첨가물,"사용기준 못찾음, 별도 확인 필요",,"기타, 별도 확인 필요",
5674,ACETYLATED DISTARCH PHOSPHATE,아세틸인산이전분,E1414,B1003578000000,식품첨가물,"사용기준 못찾음, 별도 확인 필요",,"기타, 별도 확인 필요",
5675,SODIUM SELENITE,아셀렌산나트륨,,B1000429000000,식품첨가물,"사용기준 찾음, 별도 확인 필요",영양강화제,"기타, 별도 확인 필요",
5676,Sodium hydrogen selenite,아셀렌산수소나트륨(선천성대사질환자용),,BZ000092000000,식품첨가물,"사용기준 못찾음, 별도 확인 필요",,사용불가,
5677,,아쉬아간다 추출물,,A9000002004500,식품원료,원료이기에 사용기준 없음,,사용불가,
5678,ASHWAGANDHA EXTRACT(Shoden®),아쉬아간다 추출물(Shoden®)(기능성원료인정제2022-27호),,C9001019000000,건강기능식품,"사용기준 못찾음, 별도 확인 필요",,사용가능,
5679,,아쉬아간다 추출물(기능성원료인정제2012-33호),,C9000421000000,건강기능식품,"사용기준 못찾음, 별도 확인 필요",,"기타, 별도 확인 필요",
5680,ASHWAGANDHA EXTRACT,아슈와간다(외화획득용),,AZ000007000000,식품원료,원료이기에 사용기준 없음,,사용불가,
5681,ASHWAGANDHA EXTRACT POWDER,"아슈와간다추출분말(외화획득,연구조사용)",,AZ000009000000,식품원료,원료이기에 사용기준 없음,,사용불가,
5682,ASPARAGUS,아스파라거스,,A1001364000000,식품원료,원료이기에 사용기준 없음,,사용가능,
5683,,아스파라거스농축액,,A1001364000814,식품원료,원료이기에 사용기준 없음,,사용가능,
5684,ASPARAGUS POWDER,아스파라거스분말,,A1001364000001,식품원료,원료이기에 사용기준 없음,,사용가능,
5685,ASPARAGUS CONCENTRATES,아스파라거스순농축액,,A1001364880814,식품원료,원료이기에 사용기준 없음,,사용가능,
5686,아스파라거스순분말,아스파라거스순분말,,A1001364880001,식품원료,원료이기에 사용기준 없음,,사용가능,
5687,ASPARAGUS JUICE,아스파라거스주스,,A1001364000025,식품원료,원료이기에 사용기준 없음,,사용가능,
5688,ASPARAGUS EXTRACT,아스파라거스추출물,,A1001364004500,식품원료,원료이기에 사용기준 없음,,사용가능,
5689,,아스파라거스추출분말,,A1001364004501,식품원료,원료이기에 사용기준 없음,,사용가능,
5690,ASPARAGUS PASTE,아스파라거스페이스트,,A1001364000033,식품원료,원료이기에 사용기준 없음,,사용가능,
5691,ASPARAGUS PUREE,아스파라거스퓌레,,A1001364000034,식품원료,원료이기에 사용기준 없음,,사용가능,
5692,아스파라지나아제,아스파라지나아제,,B1003615000000,식품첨가물,II. 2. 1)의 규정에 따라 사용하여야 한다.,효소제,"기타, 별도 확인 필요",
5693,ASPARAGINASE,아스파라지나아제(한시적 인정 식품첨가물),,B9000006000000,식품첨가물,"사용기준 못찾음, 별도 확인 필요",,사용가능,
5694,ASPARTAME,아스파탐,,B1000148000000,식품첨가물,"사용기준 찾음, 별도 확인 필요",감미료,"기타, 별도 확인 필요",
5695,ZINC AAC-외화획득용,아연 아미노산킬레이트(외화획득용),,BZ000026000000,식품첨가물,"사용기준 못찾음, 별도 확인 필요",,사용불가,
5696,ZINC AAC(외화획득용),아연아미노산킬레이트(외화획득용 등),,BZ000069000000,식품첨가물,"사용기준 못찾음, 별도 확인 필요",,사용불가,
5697,ZINC ALLOY,아연합금제,,D5000001410000,기구 및 용기포장,"사용기준 못찾음, 별도 확인 필요",,"기타, 별도 확인 필요",
5698,,아오리사과,,A1002747000000,식품원료,원료이기에 사용기준 없음,,사용가능,
5699,,아오리사과분말,,A1002747000001,식품원료,원료이기에 사용기준 없음,,사용가능,
5700,MALLOW,아욱,,A1001367000000,식품원료,원료이기에 사용기준 없음,,사용가능,
5701,,아욱잎,,A1001367380000,식품원료,원료이기에 사용기준 없음,,사용가능,
5702,,아위버섯자실체,,A1001368B90000,식품원료,원료이기에 사용기준 없음,,사용가능,
5703,,아이리쉬모스,,A1001369010000,식품원료,원료이기에 사용기준 없음,,사용가능,
5704,Eyebright,아이브라이트,,A1001370010000,식품원료,원료이기에 사용기준 없음,,사용불가,
5705,Eyebright Extract(외화획득용에 한함),아이브라이트추출물(외화획득용),,AZ000016000000,식품원료,원료이기에 사용기준 없음,,사용불가,
5706,IVY LEAF EXTRACT,아이비잎추출물(외화획득용 등),,AZ000061000000,식품원료,원료이기에 사용기준 없음,,사용불가,
5707,IRONWORT(Sideritis syriaca),아이언워트,,A1001371000000,식품원료,원료이기에 사용기준 없음,,사용가능,
5708,AZODICARBONAMIDE,아조디카르본아미드,,B1000149000000,식품첨가물,"사용기준 찾음, 별도 확인 필요",밀가루개량제,"기타, 별도 확인 필요",
5709,AJOWAIN(CAROM),아조완,,A1001372000000,식품원료,원료이기에 사용기준 없음,,사용가능,
5710,AJWAN FRUIT,아조완열매,,A1001372230000,식품원료,원료이기에 사용기준 없음,,사용가능,
5711,AJWAN FRUIT,아조완열매분말,,A1053997230001,식품원료,원료이기에 사용기준 없음,,사용가능,
5712,SODIUM NITRITE,아질산나트륨,E250,B1000150000000,식품첨가물,"사용기준 찾음, 별도 확인 필요",발색제,"기타, 별도 확인 필요",
5713,ACACIA CATECHU EXTRACT,아카시아추출물분말(외화획득용 등),,AZ000031004501,식품원료,원료이기에 사용기준 없음,,사용불가,
5714,ACRYLONITRILE-BUTADIENE-STYRENE COPOLYMER,아크릴로니트릴-부타디엔-스티렌 공중합체,,D1000018000000,기구 및 용기포장,"사용기준 못찾음, 별도 확인 필요",,"기타, 별도 확인 필요",
5715,ACRYLONITRILE-BUTADIENE-STYRENE COPOLYMER(ALUMINIUM PLATING),아크릴로니트릴-부타디엔-스티렌 공중합체(알루미늄도금),,D1000018B70000,기구 및 용기포장,"사용기준 못찾음, 별도 확인 필요",,"기타, 별도 확인 필요",
5716,ACRYLONITRILE-BUTADIENE-STYRENE COPOLYMER(CHROM PLATING),아크릴로니트릴-부타디엔-스티렌 공중합체(크롬도금),,D1000018C30000,기구 및 용기포장,"사용기준 못찾음, 별도 확인 필요",,"기타, 별도 확인 필요",
5717,ACRYLONITRILE-STYRENE COPOLYMER,아크릴로니트릴-스티렌 공중합체,,D1000019000000,기구 및 용기포장,"사용기준 못찾음, 별도 확인 필요",,"기타, 별도 확인 필요",
5718,ACRYLONITRILE-STYRENE COPOLYMER(CHROM PLATING),아크릴로니트릴-스티렌 공중합체(크롬도금),,D1000049C30000,기구 및 용기포장,"사용기준 못찾음, 별도 확인 필요",,"기타, 별도 확인 필요",
5719,ACRYLIC RESIN,아크릴수지,,D1000011000000,기구 및 용기포장,"사용기준 못찾음, 별도 확인 필요",,"기타, 별도 확인 필요",
5720,CHERIMOYA,아테모야,,A1001374000000,식품원료,원료이기에 사용기준 없음,,사용가능,
5721,ATEMOYA(FRUIT),아테모야열매,,A1001374930000,식품원료,원료이기에 사용기준 없음,,사용가능,
5722,CARDOON,아티초크,,A1001375000000,식품원료,원료이기에 사용기준 없음,,사용가능,
5723,,아티초크꽃,,A1001375140000,식품원료,원료이기에 사용기준 없음,,사용가능,
5724,,아티초크꽃봉오리,,A1001375150000,식품원료,원료이기에 사용기준 없음,,사용가능,
5725,ARTICHOKE CONCENTRATE,아티초크농축물,,A1001375000800,식품원료,원료이기에 사용기준 없음,,사용가능,
5726,,아티초크분말,,A1001375000001,식품원료,원료이기에 사용기준 없음,,사용가능,
5727,,아티초크어린순,,A1001375060000,식품원료,원료이기에 사용기준 없음,,사용가능,
5728,,아티초크어린잎,,A1001375400000,식품원료,원료이기에 사용기준 없음,,사용가능,
5729,,아티초크어린잎추출물,,A1001375404500,식품원료,원료이기에 사용기준 없음,,사용가능,
5730,,아티초크잎,,A1001375380000,식품원료,원료이기에 사용기준 없음,,사용가능,
5731,,아티초크잎농축주스,,A1001375380825,식품원료,원료이기에 사용기준 없음,,사용가능,
5732,,아티초크잎분말,,A1001375380001,식품원료,원료이기에 사용기준 없음,,사용가능,
5733,,아티초크잎추출물,,A1001375384500,식품원료,원료이기에 사용기준 없음,,사용가능,
5734,CARDOON,아티초크잎추출분말,,A1001375384501,식품원료,원료이기에 사용기준 없음,,사용가능,
5735,ARTICHOKE EXTRACT,아티초크추출물,,A1001375004500,식품원료,원료이기에 사용기준 없음,,사용가능,
5736,,아티초크추출분말,,A1001375004501,식품원료,원료이기에 사용기준 없음,,사용가능,
5737,,아파니조메논플로스아쿠아,,A1001376000000,식품원료,원료이기에 사용기준 없음,,사용불가,
5738,AFRICAN MANGO,아프리카망고,,A1001377000000,식품원료,원료이기에 사용기준 없음,,사용가능,
5739,AFRICAN MANGO SEED,아프리카망고씨앗,,A1001377320000,식품원료,원료이기에 사용기준 없음,,"제한적사용가능, 별도 확인 필요",
5740,AFRICAN MANGO SEED POWDER,아프리카망고씨앗분말,,A1001377320001,식품원료,원료이기에 사용기준 없음,,"제한적사용가능, 별도 확인 필요",
5741,AFRICAN MANGO SEED EXTRACT,아프리카망고씨앗추출물,,A1001377324500,식품원료,원료이기에 사용기준 없음,,"제한적사용가능, 별도 확인 필요",
5742,,아프리카망고씨앗추출물분말,,A1001377324501,식품원료,원료이기에 사용기준 없음,,"제한적사용가능, 별도 확인 필요",
5743,,아프리카망고열매추출물분말,,A1002921234501,식품원료,원료이기에 사용기준 없음,,사용가능,
5744,AFRICA MANGO EXTRACT,아프리카망고추출물,,A1001377004500,식품원료,원료이기에 사용기준 없음,,사용가능,
5745,APIGENIN,아피제닌(외화획득용 등),,BZ000101000000,식품첨가물,"사용기준 못찾음, 별도 확인 필요",,사용불가,
5746,SODIUM SULFITE,아황산나트륨,,B1000152000000,식품첨가물,"사용기준 찾음, 별도 확인 필요",표백제,"기타, 별도 확인 필요",
5747,,악어고기,,A4000044100000,식품원료,원료이기에 사용기준 없음,,사용가능,
5748,ANNATTO,안나토,,A1001346000000,식품원료,원료이기에 사용기준 없음,,사용불가,
5749,ANNATTO POWDER,안나토분말,,A1001346000001,식품원료,원료이기에 사용기준 없음,,사용불가,
5750,ANNATTO EXTRACT,안나토색소,,B2000043000000,식품첨가물,"사용기준 찾음, 별도 확인 필요",착색료,"기타, 별도 확인 필요",
5751,,안나토추출물,,A1001346004500,식품원료,원료이기에 사용기준 없음,,사용불가,
5752,,안나토추출분말,,A1001346004501,식품원료,원료이기에 사용기준 없음,,사용불가,
5753,BENZOIC ACID,안식향산,,B1000153000000,식품첨가물,"사용기준 찾음, 별도 확인 필요",보존료,"기타, 별도 확인 필요",
5754,SODIUM BENZOATE,안식향산나트륨,,B1000154000000,식품첨가물,"사용기준 찾음, 별도 확인 필요",보존료,"기타, 별도 확인 필요",
5755,POTASSIUM BENZOATE,안식향산칼륨,,B1000388000000,식품첨가물,"사용기준 찾음, 별도 확인 필요",보존료,"기타, 별도 확인 필요",
5756,CALCIUM BENZOATE,안식향산칼슘,,B1000389000000,식품첨가물,"사용기준 찾음, 별도 확인 필요",보존료,"기타, 별도 확인 필요",
5757,,안젤리카,,A1001380000000,식품원료,원료이기에 사용기준 없음,,사용가능,
5758,,안젤리카분말,,A1001380000001,식품원료,원료이기에 사용기준 없음,,사용가능,
5759,ANGELICA ROOT,안젤리카뿌리,,A1001380610000,식품원료,원료이기에 사용기준 없음,,사용가능,
5760,ANGELICA ROOT OIL,안젤리카뿌리오일,,A1001380610020,식품원료,원료이기에 사용기준 없음,,사용가능,
5761,ANGELICA SEED,안젤리카씨앗,,A1001380320000,식품원료,원료이기에 사용기준 없음,,사용가능,
5762,,안젤리카잎,,A1001380380000,식품원료,원료이기에 사용기준 없음,,사용가능,
5763,,안젤리카추출물,,A1001380004500,식품원료,원료이기에 사용기준 없음,,사용가능,
5764,METHYL ANTHRANILATE,안트라닐산메틸,,B1000155000000,식품첨가물,"사용기준 찾음, 별도 확인 필요",향료,"기타, 별도 확인 필요",
5765,,알감자,,A1002393000000,식품원료,원료이기에 사용기준 없음,,사용가능,
5766,ALGINIC ACID,알긴산,,B2000044000000,식품첨가물,II. 2. 1)의 규정에 따라 사용하여야 한다.,유화제,"기타, 별도 확인 필요",
5767,SODIUM ALGINATE,알긴산나트륨,"gelling agent: sodium alginate, E401",B1000156000000,식품첨가물,II. 2. 1)의 규정에 따라 사용하여야 한다.,유화제,"기타, 별도 확인 필요",
5768,AMMONIUM ALGINATE,알긴산암모늄,,B1000363000000,식품첨가물,II. 2. 1)의 규정에 따라 사용하여야 한다.,유화제,"기타, 별도 확인 필요",
5769,POTASSIUM ALGINATE,알긴산칼륨,,B1000364000000,식품첨가물,II. 2. 1)의 규정에 따라 사용하여야 한다.,유화제,"기타, 별도 확인 필요",
5770,CALCIUM ALGINATE,알긴산칼슘,,B1000365000000,식품첨가물,II. 2. 1)의 규정에 따라 사용하여야 한다.,유화제,"기타, 별도 확인 필요",
5771,PROPYLENE GLYCOL ALGINATE,알긴산프로필렌글리콜,,B1000157000000,식품첨가물,"사용기준 찾음, 별도 확인 필요",유화제,"기타, 별도 확인 필요",
5772,ALOE,알로에,,A1001382000000,식품원료,원료이기에 사용기준 없음,,사용가능,
5773,,알로에겔분말,,A1001382390001,식품원료,원료이기에 사용기준 없음,,사용가능,
5774,ALOE GEL POWDER CONCENTRATE,알로에겔분말농축(고시형),,C2000131000801,건강기능식품,"사용기준 못찾음, 별도 확인 필요",,"기타, 별도 확인 필요",
5775,ALOE VERA GEL EXTRACT,알로에겔추출물(고시형),,C2000131004500,건강기능식품,"사용기준 못찾음, 별도 확인 필요",,"기타, 별도 확인 필요",
5776,,알로에농축액,,A1001382970814,식품원료,원료이기에 사용기준 없음,,사용가능,
5777,ALOE VERA,알로에베라,,A1001383000000,식품원료,원료이기에 사용기준 없음,,사용가능,
5778,ALOE VERA GEL FREEZE DRIED POWDER,알로에베라겔건조분말,,A1001383390401,식품원료,원료이기에 사용기준 없음,,사용가능,
5779,ALOE VERA GEL CONCENTRATE,알로에베라겔농축물,,A1001383390800,식품원료,원료이기에 사용기준 없음,,사용가능,
5780,ALOE VERA GEL CONCENTRATE POWDER,알로에베라겔농축분말,,A1001383390801,식품원료,원료이기에 사용기준 없음,,사용가능,
5781,ALOE VERA GEL POWDER,알로에베라겔분말,,A1001383390001,식품원료,원료이기에 사용기준 없음,,사용가능,
5782,,알로에베라겔원액,,A1001383390021,식품원료,원료이기에 사용기준 없음,,사용가능,
5783,,알로에베라겔주스,,A1001383390025,식품원료,원료이기에 사용기준 없음,,사용가능,
5784,,알로에베라겔즙,,A1001383390026,식품원료,원료이기에 사용기준 없음,,사용가능,
5785,ALOE VERA GEL EXTRACT POWDER,알로에베라겔추출분말,,A1001383394501,식품원료,원료이기에 사용기준 없음,,사용가능,
5786,ALOE VERA GEL CRUSH,알로에베라겔크러쉬,,A1001383390082,식품원료,원료이기에 사용기준 없음,,사용가능,
5787,ALOE VERA POWDER,알로에베라분말,,A1001383000001,식품원료,원료이기에 사용기준 없음,,사용가능,
5788,ALOE VERA LEAF,알로에베라잎,,A1001383380000,식품원료,원료이기에 사용기준 없음,,사용불가,
5789,ALOE VERA GEL,알로에베라잎(껍질제외),,A1001383390000,식품원료,원료이기에 사용기준 없음,,사용가능,
5790,COLORLESS WHOLE LEAF ALOE VERA JUICE,알로에베라주스,,A1001383000025,식품원료,원료이기에 사용기준 없음,,사용가능,
5791,ALOE VERA EXTRACT,알로에베라추출물,,A1001383004500,식품원료,원료이기에 사용기준 없음,,사용가능,
5792,ALOE ABORESCENCE POWDER,알로에분말,,A1001382970001,식품원료,원료이기에 사용기준 없음,,사용가능,
5793,,알로에사포나리아잎,,A1001384390000,식품원료,원료이기에 사용기준 없음,,사용가능,
5794,ALOE LEAF,알로에잎,,A1001382390000,식품원료,원료이기에 사용기준 없음,,사용불가,
5795,ALOE VERA LEAF EXTRACT,알로에잎추출물,,A1001383384500,식품원료,원료이기에 사용기준 없음,,사용가능,
5796,,알로에전잎분말(외화획득용 등),,A1001382010001,식품원료,원료이기에 사용기준 없음,,사용불가,
5797,,알로에주스,,A1001382970025,식품원료,원료이기에 사용기준 없음,,사용가능,
5798,ALOE EXTRACT,알로에추출물,,A1001382974500,식품원료,원료이기에 사용기준 없음,,사용가능,
5799,,알로에추출물분말,,A1001382974501,식품원료,원료이기에 사용기준 없음,,사용가능,
5800,ALUMINUM,알루미늄,,D5000001500000,기구 및 용기포장,"사용기준 못찾음, 별도 확인 필요",,"기타, 별도 확인 필요",
5801,ALUMINIUM ALLOY,알루미늄합금제,,D5000001510000,기구 및 용기포장,"사용기준 못찾음, 별도 확인 필요",,"기타, 별도 확인 필요",
5802,ALLULOSE,알룰로오스,,A6001465000000,식품원료,원료이기에 사용기준 없음,,사용가능,
5803,ALLIUM HOOKERI,알리움후커리,,A1003129000000,식품원료,원료이기에 사용기준 없음,,사용가능,
5804,ALLIUM HOOKERI POWDER,알리움후커리분말,,A1003129000001,식품원료,원료이기에 사용기준 없음,,사용가능,
5805,,알마늘,,A1002246000000,식품원료,원료이기에 사용기준 없음,,사용가능,
5806,Argentine red shrimp,알젠틴붉은대롱수염새우,,A3000535000000,식품원료,원료이기에 사용기준 없음,,사용가능,
5807,COCOAMASS PROCESSED WITH ALKALI,알칼리처리코코아매스,,P0103010109C00,식품유형,"사용기준 못찾음, 별도 확인 필요",,"기타, 별도 확인 필요",
5808,COCOA POWDER PROCESSED WITH ALKALI,알칼리처리코코아분말,,P0103010309C00,식품유형,"사용기준 못찾음, 별도 확인 필요",,"기타, 별도 확인 필요",
5809,,알콕시글리세롤(고시형),,C2000069000000,건강기능식품,"사용기준 못찾음, 별도 확인 필요",,"기타, 별도 확인 필요",
5810,ALPHA-GALACTOSIDASE,알파갈락토시다아제,,B2000199000000,식품첨가물,II. 2. 1)의 규정에 따라 사용하여야 한다.,효소제,"기타, 별도 확인 필요",
5811,,알파옥수수,,A1001488009900,식품원료,원료이기에 사용기준 없음,,사용가능,
5812,,알파옥수수분말,,A1001488009901,식품원료,원료이기에 사용기준 없음,,사용가능,
5813,MAIZE STARCH PREGELATINIZED,알파옥수수전분,,A1001488009938,식품원료,원료이기에 사용기준 없음,,사용가능,
5814,α-Carotene,알파카로틴(외화획득용),,C1001434000000,건강기능식품,"사용기준 못찾음, 별도 확인 필요",,사용불가,
5815,,알파현미분말,,A1002166009901,식품원료,원료이기에 사용기준 없음,,사용가능,
5816,ALFALFA EXTRACT,알팔파추출색소,,B2000112000000,식품첨가물,"사용기준 찾음, 별도 확인 필요",착색료,"기타, 별도 확인 필요",
5817,AMMONIUM PHOSPHATIDE,암모늄포스파타이드,,B1003648000000,식품첨가물,"사용기준 찾음, 별도 확인 필요",유화제,"기타, 별도 확인 필요",
5818,AMBRETTE(SEED),암브레테,,A1002624000000,식품원료,원료이기에 사용기준 없음,,사용불가,
5819,HALITE,암염,,P1000016000000,식품유형,"사용기준 못찾음, 별도 확인 필요",,"기타, 별도 확인 필요",
5820,,압착고추씨기름,,P0114180100000,식품유형,"사용기준 못찾음, 별도 확인 필요",,"기타, 별도 확인 필요",
5821,WHOLE GRAIN ROLLED OATS,압착귀리,,A1000415003200,식품원료,원료이기에 사용기준 없음,,사용가능,
5822,,압착대두,,A1000633003200,식품원료,원료이기에 사용기준 없음,,사용가능,
5823,,압착대두단백,,A1000633003208,식품원료,원료이기에 사용기준 없음,,사용가능,
5824,SOYMILK POWDER,압착대두분말,,A1000633003201,식품원료,원료이기에 사용기준 없음,,사용가능,
5825,,압착대두플레이크,,A1000633003251,식품원료,원료이기에 사용기준 없음,,사용가능,
5826,EXTRUDE WHEAT BRAN,압착밀기울,,A1000911C43200,식품원료,원료이기에 사용기준 없음,,사용가능,
5827,ROLLED BARLEY,압착보리,,A1001032003200,식품원료,원료이기에 사용기준 없음,,사용가능,
5828,,압착아보카도오일,,A1054039233220,식품원료,원료이기에 사용기준 없음,,사용가능,
5829,PRESSED OLIVE OIL,압착올리브유,Extra VirginOlive Oil,A1001489003220,식품원료,원료이기에 사용기준 없음,,사용가능,
5830,,압착유채유,,A1001545323220,식품원료,원료이기에 사용기준 없음,,사용가능,
5831,PRESSED SAFFLOWER OIL,압착잇꽃(홍화)씨앗유,,A1005378323220,식품원료,원료이기에 사용기준 없음,,사용가능,
5832,,애기수영,,A1001398000000,식품원료,원료이기에 사용기준 없음,,사용가능,
5833,JAPANESE POLYGALA,애기풀,,A1001403000000,식품원료,원료이기에 사용기준 없음,,사용가능,
5834,,애기풀가사리,,A1002860000000,식품원료,원료이기에 사용기준 없음,,사용불가,
5835,,애꼬치,,A3000539000000,식품원료,원료이기에 사용기준 없음,,사용가능,
5836,PASSION FRUIT SEED,애둘리스시계꽃씨앗,,A1003154C10000,식품원료,원료이기에 사용기준 없음,,사용가능,
5837,ARROW ROOT,애로루트,,A1001404000000,식품원료,원료이기에 사용기준 없음,,사용가능,
5838,,애로루트뿌리줄기,,A1001404620000,식품원료,원료이기에 사용기준 없음,,사용가능,
5839,ARROW ROOT STARCH,애로루트전분,,A1001404620038,식품원료,원료이기에 사용기준 없음,,사용가능,
5840,APPLE MINT LEAF,애플민트잎,,A1001405380000,식품원료,원료이기에 사용기준 없음,,사용가능,
5841,"Apple mint Extract, Round-leave Extract",애플민트잎추출물,,A1001405384512,식품원료,원료이기에 사용기준 없음,,사용가능,
5842,,애호박,,A1002195000000,식품원료,원료이기에 사용기준 없음,,사용가능,
5843,,애호박과즙농축액,,A1002195000826,식품원료,원료이기에 사용기준 없음,,사용가능,
5844,,액상계란,liquid egg,A2000002000014,식품원료,원료이기에 사용기준 없음,,사용가능,
5845,,액상과당,"glucose-fructose syrup,High Fructose Corn Syrup",P0107010000000,식품유형,"사용기준 못찾음, 별도 확인 필요",,"기타, 별도 확인 필요",
5846,,액상포도당,,P0106010000000,식품유형,"사용기준 못찾음, 별도 확인 필요",,"기타, 별도 확인 필요",
5847,,액상효모,,B2000099000014,식품첨가물,"사용기준 못찾음, 별도 확인 필요",,"기타, 별도 확인 필요",
5848,,앵두,,A1001407000000,식품원료,원료이기에 사용기준 없음,,사용가능,
5849,,야낭,,A1001410000000,식품원료,원료이기에 사용기준 없음,,사용가능,
5850,YANANG LEAVES,야낭잎,,A1001410380000,식품원료,원료이기에 사용기준 없음,,사용가능,
5851,YANANG LEAVES JUICE,야낭잎즙,,A1001410380026,식품원료,원료이기에 사용기준 없음,,사용가능,
5852,YANANG LEAF EXTRACT,야낭잎추출물,,A1001410384500,식품원료,원료이기에 사용기준 없음,,사용가능,
5853,YARROW,야로,,A1001411000000,식품원료,원료이기에 사용기준 없음,,"제한적사용가능, 별도 확인 필요",
5854,YARROW ACHILLEA MILLEFOLIUM FLOWER,야로꽃,,A1001411140000,식품원료,원료이기에 사용기준 없음,,"제한적사용가능, 별도 확인 필요",
5855,YARROW LEAVES,야로잎,,A1001411380000,식품원료,원료이기에 사용기준 없음,,"제한적사용가능, 별도 확인 필요",
5856,,야로추출물,,A1001411004500,식품원료,원료이기에 사용기준 없음,,"제한적사용가능, 별도 확인 필요",
5857,YACON,야콘,,A1001417000000,식품원료,원료이기에 사용기준 없음,,"제한적사용가능, 별도 확인 필요",
5858,YACON POWDER,야콘분말,,A1001417000001,식품원료,원료이기에 사용기준 없음,,"제한적사용가능, 별도 확인 필요",
5859,,약모밀(어성초),,A1001418010000,식품원료,원료이기에 사용기준 없음,,"제한적사용가능, 별도 확인 필요",
5860,,약모밀(어성초)추출물분말,,A1001418014501,식품원료,원료이기에 사용기준 없음,,"제한적사용가능, 별도 확인 필요",
5861,,약모밀지상부,,A1001418020000,식품원료,원료이기에 사용기준 없음,,"제한적사용가능, 별도 확인 필요",
5862,,약모밀추출물,,A1001418004500,식품원료,원료이기에 사용기준 없음,,"제한적사용가능, 별도 확인 필요",
5863,ARTEMISIA HERB,약쑥잎,,A1001419380000,식품원료,원료이기에 사용기준 없음,,사용가능,
5864,,약쑥줄기,,A1001419490000,식품원료,원료이기에 사용기준 없음,,"제한적사용가능, 별도 확인 필요",
5865,,약쑥추출물,,A1001419004500,식품원료,원료이기에 사용기준 없음,,사용가능,
5866,,약콩,,A1002215000000,식품원료,원료이기에 사용기준 없음,,사용가능,
5867,,얌뿌리,,A1001421610000,식품원료,원료이기에 사용기준 없음,,사용가능,
5868,WATER YAM JUICE,얌주스,,A1001421610025,식품원료,원료이기에 사용기준 없음,,사용가능,
5869,MUTTON LIVER,양간,,A2000012020000,식품원료,원료이기에 사용기준 없음,,사용가능,
5870,MUTTON,양고기,,A2000012070000,식품원료,원료이기에 사용기준 없음,,사용가능,
5871,LARGESEED FALSEFLAX SEED,양구슬냉이씨앗,,A1001422320000,식품원료,원료이기에 사용기준 없음,,사용가능,
5872,Gold of pleasure Oil (Largseed Falseflax Oil),양구슬냉이씨앗유,,A1001422320020,식품원료,원료이기에 사용기준 없음,,사용가능,
5873,POPPY,양귀비,,A1001423000000,식품원료,원료이기에 사용기준 없음,,사용불가,
5874,RIBES,양까막까치밥나무,,A1003132000000,식품원료,원료이기에 사용기준 없음,,사용가능,
5875,BLACK CURRANT CONCENTRATE,양까막까치밥나무 농축,,A1003132000800,식품원료,원료이기에 사용기준 없음,,사용가능,
5876,,양까막까치밥나무농축액,,A1003132000814,식품원료,원료이기에 사용기준 없음,,사용가능,
5877,,양까막까치밥나무분말,,A1003132000001,식품원료,원료이기에 사용기준 없음,,사용가능,
5878,BLACK CURRANT SEED OIL,양까막까치밥나무씨앗오일,,A1003132C10020,식품원료,원료이기에 사용기준 없음,,사용가능,
5879,,양까막까치밥나무열매,,A1003132230000,식품원료,원료이기에 사용기준 없음,,사용가능,
5880,BLACK CURRANT FRUIT JUICE,양까막까치밥나무열매과즙,,A1053988230086,식품원료,원료이기에 사용기준 없음,,사용가능,
5881,BLACK CURRANT CONCENTRATE,양까막까치밥나무열매농축액,,A1003132230814,식품원료,원료이기에 사용기준 없음,,사용가능,
5882,BLACK CURRANT POWDER,양까막까치밥나무열매분말,,A1003132230001,식품원료,원료이기에 사용기준 없음,,사용가능,
5883,BLACK CURRANT OIL,양까막까치밥나무열매오일,,A1003132230020,식품원료,원료이기에 사용기준 없음,,사용가능,
5884,,양까막까치밥나무열매주스,,A1003132230025,식품원료,원료이기에 사용기준 없음,,사용가능,
5885,,양까막까치밥나무열매주스농축,,A1003132230825,식품원료,원료이기에 사용기준 없음,,사용가능,
5886,BLACK CURRANT JUICE POWDER,양까막까치밥나무열매주스분말,,A1003132230069,식품원료,원료이기에 사용기준 없음,,사용가능,
5887,블랙커런트즙,양까막까치밥나무열매즙,,A1003132230026,식품원료,원료이기에 사용기준 없음,,사용가능,
5888,BLACK CURRANT PUREE,양까막까치밥나무열매퓨레,,A1003132230034,식품원료,원료이기에 사용기준 없음,,사용가능,
5889,BLACK CURRANT LEAF,양까막까치밥나무잎,,A1003132380000,식품원료,원료이기에 사용기준 없음,,사용가능,
5890,BLACK CURRANT/BUDS,양까막까치밥나무잎눈,,A1003132480000,식품원료,원료이기에 사용기준 없음,,사용가능,
5891,BLACK CURRANT EXTRACT POWDER,양까막까치밥나무잎추출분말,,A1003132384501,식품원료,원료이기에 사용기준 없음,,사용가능,
5892,,양까막까치밥나무주스,,A1003132000025,식품원료,원료이기에 사용기준 없음,,사용가능,
5893,,양까막까치밥나무즙,,A1003132000026,식품원료,원료이기에 사용기준 없음,,사용가능,
5894,,양까막까치밥나무추출물,,A1003132004500,식품원료,원료이기에 사용기준 없음,,사용가능,
5895,,양까막까치밥나무퓌레,,A1003132000034,식품원료,원료이기에 사용기준 없음,,사용가능,
5896,MUTTON OFFALS,양내장,,A20000120K0000,식품원료,원료이기에 사용기준 없음,,사용가능,
5897,CABBAGE,양배추,,A1001425000000,식품원료,원료이기에 사용기준 없음,,사용가능,
5898,CABBAGE CONCENTRATE,양배추농축,,A1001425000800,식품원료,원료이기에 사용기준 없음,,사용가능,
5899,,양배추농축분말,,A1001425000801,식품원료,원료이기에 사용기준 없음,,사용가능,
5900,,양배추농축액,,A1001425000814,식품원료,원료이기에 사용기준 없음,,사용가능,
5901,CABBAGE POWDER,양배추분말,,A1001425000001,식품원료,원료이기에 사용기준 없음,,사용가능,
5902,CABBAGE FIBER,양배추식이섬유,,A1001425000084,식품원료,원료이기에 사용기준 없음,,사용가능,
5903,CABBAGE OIL,양배추오일,,A1001425000020,식품원료,원료이기에 사용기준 없음,,사용가능,
5904,CABBAGE LEAVES,양배추잎,,A1001425380000,식품원료,원료이기에 사용기준 없음,,사용가능,
5905,CABBAGE JUICE,양배추주스,,A1001425000025,식품원료,원료이기에 사용기준 없음,,사용가능,
5906,,양배추즙,,A1001425000026,식품원료,원료이기에 사용기준 없음,,사용가능,
5907,CABBAGE EXTRACT,양배추추출물,,A1001425004500,식품원료,원료이기에 사용기준 없음,,사용가능,
5908,CABBAGE EXTRACT POWDER,양배추추출분말,,A1054060004501,식품원료,원료이기에 사용기준 없음,,사용가능,
5909,,양배추추출액분말,,A1001425384558,식품원료,원료이기에 사용기준 없음,,사용가능,
5910,,양벚나무열매,,A1001426930000,식품원료,원료이기에 사용기준 없음,,사용가능,
5911,,양볼락,,A3000541000000,식품원료,원료이기에 사용기준 없음,,사용가능,
5912,,양뼈,,A20000121M0000,식품원료,원료이기에 사용기준 없음,,사용가능,
5913,LETTUS,양상추,,A1001427000000,식품원료,원료이기에 사용기준 없음,,사용가능,
5914,,양상추농축액,,A1001427000800,식품원료,원료이기에 사용기준 없음,,사용가능,
5915,,양상추주스,,A1001427000025,식품원료,원료이기에 사용기준 없음,,사용가능,
5916,MUSHROOM CONCENTRATE,양송이농축,,A1001428B90800,식품원료,원료이기에 사용기준 없음,,사용가능,
5917,MUSHROOM,양송이버섯,,A1001428B90000,식품원료,원료이기에 사용기준 없음,,사용가능,
5918,MUSHROOM POWDER,양송이버섯분말,,A1001428B90001,식품원료,원료이기에 사용기준 없음,,사용가능,
5919,Cultivated mushroom,양송이버섯자실체단백,,A1001428B90008,식품원료,원료이기에 사용기준 없음,,사용가능,
5920,MUSHROOM JUICE,양송이주스,,A1001428B90025,식품원료,원료이기에 사용기준 없음,,사용가능,
5921,MUSHROOM EXTRACT,양송이추출물,,A1001428B94500,식품원료,원료이기에 사용기준 없음,,사용가능,
5922,MUSHROOM EXTRACT POWDER,양송이추출분말,,A1001428B94501,식품원료,원료이기에 사용기준 없음,,사용가능,
5923,MUSHROOM FLAKE,양송이플레이크,,A1001428B90051,식품원료,원료이기에 사용기준 없음,,사용가능,
5924,SHEEP CARTILAGE POWDER,양연골분말,,A20000123X0000,식품원료,원료이기에 사용기준 없음,,사용가능,
5925,LAMB TRIPE,양위,,A20000122R0000,식품원료,원료이기에 사용기준 없음,,사용가능,
5926,SHEEP MILK,양유,,A20000123G0000,식품원료,원료이기에 사용기준 없음,,사용가능,
5927,SHEEP WHEY,양유청,,A20000123G8000,식품원료,원료이기에 사용기준 없음,,사용가능,
5928,LAMB TROTTERS,양족,,A20000121C0000,식품원료,원료이기에 사용기준 없음,,사용가능,
5929,MUTTON FAT,양지방,,A20000122Z0000,식품원료,원료이기에 사용기준 없음,,사용가능,
5930,,양창자,,A2000012340000,식품원료,원료이기에 사용기준 없음,,사용가능,
5931,Amomum Villosum extract,양춘사추출물(기능성원료인정제2023-6호),,C9001026000000,건강기능식품,"사용기준 못찾음, 별도 확인 필요",,사용가능,
5932,,양태,,A3000544000000,식품원료,원료이기에 사용기준 없음,,사용가능,
5933,SHEEP PLACENTA POWDER,양태반분말,,A4000046260001,식품원료,원료이기에 사용기준 없음,,사용가능,
5934,SHEEP PLACENTA EXTRACT,양태반추출물,,A4000046264500,식품원료,원료이기에 사용기준 없음,,사용가능,
5935,,양태살,,A3000988080000,식품원료,원료이기에 사용기준 없음,,사용가능,
5936,ONION,양파,"Organic Onion, onions",A1001431000000,식품원료,원료이기에 사용기준 없음,,사용가능,
5937,,양파과립,,A1001431000043,식품원료,원료이기에 사용기준 없음,,사용가능,
5938,ONION PEEL EXTRACT,양파껍질추출물,,A1001431774500,식품원료,원료이기에 사용기준 없음,,사용가능,
5939,ONION CONCENTRATE,양파농축,,A1001431000800,식품원료,원료이기에 사용기준 없음,,사용가능,
5940,,양파농축액,,A1001431000814,식품원료,원료이기에 사용기준 없음,,사용가능,
5941,ONION POWDER,양파분말,,A1001431000001,식품원료,원료이기에 사용기준 없음,,사용가능,
5942,ONION COLOR,양파색소,,B2000139000000,식품첨가물,"사용기준 찾음, 별도 확인 필요",착색료,"기타, 별도 확인 필요",
5943,ONION SEED,양파씨앗,,A1001431320000,식품원료,원료이기에 사용기준 없음,,사용가능,
5944,양파엑기스,양파엑기스,,A1001431000017,식품원료,원료이기에 사용기준 없음,,사용가능,
5945,,양파엑기스분말,,A1001431000018,식품원료,원료이기에 사용기준 없음,,사용가능,
5946,ONION OIL,양파오일,,A1001431000020,식품원료,원료이기에 사용기준 없음,,사용가능,
5947,FRIED ONION,양파유탕,,A1001431003600,식품원료,원료이기에 사용기준 없음,,사용가능,
5948,,양파잎,,A1001431380000,식품원료,원료이기에 사용기준 없음,,사용가능,
5949,ONION JUICE,양파주스,,A1001431000025,식품원료,원료이기에 사용기준 없음,,사용가능,
5950,,양파주스농축액,,A1001431000825,식품원료,원료이기에 사용기준 없음,,사용가능,
5951,,양파즙,,A1001431000026,식품원료,원료이기에 사용기준 없음,,사용가능,
5952,,양파채,,A1001431000029,식품원료,원료이기에 사용기준 없음,,사용가능,
5953,ONION EXTRACT,양파추출물,,A1001431004500,식품원료,원료이기에 사용기준 없음,,사용가능,
5954,ONION EXTRACT CONCENTRATE POWDER,양파추출분말,,A1001431004501,식품원료,원료이기에 사용기준 없음,,사용가능,
5955,,양파추출액,,A1001431004514,식품원료,원료이기에 사용기준 없음,,사용가능,
5956,,양파크리스피,,A1001431000076,식품원료,원료이기에 사용기준 없음,,사용가능,
5957,ONION PASTE,양파페이스트,,A1001431000033,식품원료,원료이기에 사용기준 없음,,사용가능,
5958,ONION PUREE,양파퓌레,,A1001431000034,식품원료,원료이기에 사용기준 없음,,사용가능,
5959,ONION FLAKE,양파플레이크,,A1001431000051,식품원료,원료이기에 사용기준 없음,,사용가능,
5960,JAPANESE GINGER,양하,,A1001432000000,식품원료,원료이기에 사용기준 없음,,사용가능,
5961,,양하화서,,A1001432A30000,식품원료,원료이기에 사용기준 없음,,사용가능,
5962,,어름돔,,A3000546000000,식품원료,원료이기에 사용기준 없음,,사용가능,
5963,CACALIA PSEUDO-TAIMINGASA,어리병풍,,A1001433000000,식품원료,원료이기에 사용기준 없음,,사용가능,
5964,Water snowflake,어리연꽃뿌리,,A1005173610000,식품원료,원료이기에 사용기준 없음,,사용가능,
5965,,어린강낭콩,,A1000250260000,식품원료,원료이기에 사용기준 없음,,사용가능,
5966,,어린리마콩,,A1000767260000,식품원료,원료이기에 사용기준 없음,,사용가능,
5967,BARLEY GRASS POWDER,어린보리잎분말,,A1001032400001,식품원료,원료이기에 사용기준 없음,,사용가능,
5968,,어수리잎,,A1001434380000,식품원료,원료이기에 사용기준 없음,,사용가능,
5969,,어유,,P1000006000000,식품유형,"사용기준 못찾음, 별도 확인 필요",,"기타, 별도 확인 필요",
5970,,억새순,,A1001435880000,식품원료,원료이기에 사용기준 없음,,사용가능,
5971,HARLEQUIN ROCKFISH,얼룩볼락,,A3011927000000,식품원료,원료이기에 사용기준 없음,,사용가능,
5972,GIANT TIGER PRAWN,얼룩새우,,A3000798000000,식품원료,원료이기에 사용기준 없음,,사용가능,
5973,,얼룩조릿대,,A1001437000000,식품원료,원료이기에 사용기준 없음,,사용가능,
5974,얼룩조릿대(어린잎),얼룩조릿대어린잎,,A1001437400000,식품원료,원료이기에 사용기준 없음,,사용가능,
5975,,얼룩조릿대잎,,A1001437380000,식품원료,원료이기에 사용기준 없음,,사용가능,
5976,,얼룩통구멍,,A3000548000000,식품원료,원료이기에 사용기준 없음,,사용가능,
5977,,얼린명태,,A3000316000600,식품원료,원료이기에 사용기준 없음,,사용가능,
5978,,얼린명태살,,A3000316080600,식품원료,원료이기에 사용기준 없음,,사용가능,
5979,,엇갈이배추,,A1001439000000,식품원료,원료이기에 사용기준 없음,,사용가능,
5980,PLUMED THISTLE,엉겅퀴,,A1001440000000,식품원료,원료이기에 사용기준 없음,,사용가능,
5981,,엉겅퀴분말,,A1001440000001,식품원료,원료이기에 사용기준 없음,,사용가능,
5982,,엉겅퀴어린잎,,A1001440400000,식품원료,원료이기에 사용기준 없음,,사용가능,
5983,,엉겅퀴추출물,,A1001440004500,식품원료,원료이기에 사용기준 없음,,사용가능,
5984,,엉겅퀴추출물분말,,A1001440004501,식품원료,원료이기에 사용기준 없음,,사용가능,
5985,애둘리스시계꽃,에둘리스시계꽃,,A1003154000000,식품원료,원료이기에 사용기준 없음,,사용가능,
5986,PASSION FRUIT PULP,에둘리스시계꽃과육,,A1003154300000,식품원료,원료이기에 사용기준 없음,,사용가능,
5987,,에둘리스시계꽃농축,,A1003154000800,식품원료,원료이기에 사용기준 없음,,사용가능,
5988,,에둘리스시계꽃농축액,,A1003154000814,식품원료,원료이기에 사용기준 없음,,사용가능,
5989,PASSION FRUIT,에둘리스시계꽃열매,,A1003154230000,식품원료,원료이기에 사용기준 없음,,사용가능,
5990,PASSIONFRUIT POWDER,에둘리스시계꽃열매가루,,A1003154230001,식품원료,원료이기에 사용기준 없음,,사용가능,
5991,PASSIONFRUIT GRANULE,에둘리스시계꽃열매과립,,A1003154230043,식품원료,원료이기에 사용기준 없음,,사용가능,
5992,PASSIONFRUIT CONCENTRATE,에둘리스시계꽃열매농축,,A1003154230800,식품원료,원료이기에 사용기준 없음,,사용가능,
5993,PASSION FRUIT JUICE CONCENTRATE,에둘리스시계꽃열매농축주스,,A1003154230825,식품원료,원료이기에 사용기준 없음,,사용가능,
5994,PASSIONFRUIT JUICE,에둘리스시계꽃열매주스,,A1003154230025,식품원료,원료이기에 사용기준 없음,,사용가능,
5995,,에둘리스시계꽃열매추출물,,A1003154234500,식품원료,원료이기에 사용기준 없음,,사용가능,
5996,PASSIONFRUIT PASTE,에둘리스시계꽃열매페이스트,,A1003154230033,식품원료,원료이기에 사용기준 없음,,사용가능,
5997,PASSIONFRUIT PUREE,에둘리스시계꽃열매퓌레,,A1003154230034,식품원료,원료이기에 사용기준 없음,,사용가능,
5998,PASSION FRUIT OIL,에둘리스시계꽃오일,,A1003154000020,식품원료,원료이기에 사용기준 없음,,사용가능,
5999,,에둘리스시계꽃주스,,A1003154000025,식품원료,원료이기에 사용기준 없음,,사용가능,
6000,,에둘리스시계꽃주스농축액,,A1003154000825,식품원료,원료이기에 사용기준 없음,,사용가능,
6001,,에둘리스시계꽃추출물,,A1003154004500,식품원료,원료이기에 사용기준 없음,,사용가능,
6002,,에둘리스시계꽃펄프,,A1003154000032,식품원료,원료이기에 사용기준 없음,,사용가능,
6003,,에둘리스시계꽃퓌레,,A1003154000034,식품원료,원료이기에 사용기준 없음,,사용가능,
6004,ERGOTHIONEINE,에르고티오네인(외화획득용),,BZ000095000000,식품첨가물,"사용기준 못찾음, 별도 확인 필요",,사용불가,
6005,ERYTHRITOL,에리스리톨,,B2000178000000,식품첨가물,II. 2. 1)의 규정에 따라 사용하여야 한다.,향미증진제,"기타, 별도 확인 필요",
6006,ERYTHORBIC ACID,에리토브산,,B1003617000000,식품첨가물,"사용기준 찾음, 별도 확인 필요",산화방지제,"기타, 별도 확인 필요",
6007,SODIUM ERYTHORBATE,에리토브산나트륨,E316,B1003618000000,식품첨가물,"사용기준 찾음, 별도 확인 필요",산화방지제,"기타, 별도 확인 필요",
6008,,에스쿨렌타마니호트덩이뿌리분말,,A1005361630001,식품원료,원료이기에 사용기준 없음,,사용가능,
6009,ESTER GUM,에스테르검,,B1000161000000,식품첨가물,"사용기준 찾음, 별도 확인 필요",껌기초제,"기타, 별도 확인 필요",
6010,ESTERIFIED RAPESEED OIL,에스테르화유채유,,A1001545008320,식품원료,원료이기에 사용기준 없음,,사용가능,
6011,ESTERIFIES COCONUT OIL,에스테르화코코넛오일,,A1001855008320,식품원료,원료이기에 사용기준 없음,,사용가능,
6012,INTERESTERIFIED PALM OIL(FAT),에스테르화팜유,,A1054012008320,식품원료,원료이기에 사용기준 없음,,사용가능,
6013,ESTERIFIED PALM OIL,에스테르화팜핵유,,A1001982B28320,식품원료,원료이기에 사용기준 없음,,사용가능,
6014,ESPRESSO COFFEE,에스프레소커피,,A1002479000000,식품원료,원료이기에 사용기준 없음,,사용가능,
6015,ESPRESSO COFFEE POWDER,에스프레소커피분말,,A1002479000001,식품원료,원료이기에 사용기준 없음,,사용가능,
6016,ESPRESSO COFFEE EXTRACT,에스프레소커피추출물,,A1002479004500,식품원료,원료이기에 사용기준 없음,,사용가능,
6017,ECHINACEA EXTRACT,에키네시아추출물(기능성원료인정제2024-3호),,C9001053000000,건강기능식품,"사용기준 못찾음, 별도 확인 필요",,사용가능,
6018,Amomum Villosum extract,에키네시아추출물(기능성원료제2023-1호),,C9001027000000,건강기능식품,"사용기준 못찾음, 별도 확인 필요",,사용가능,
6019,,에탄올,,B3000035000000,식품첨가물,"사용기준 못찾음, 별도 확인 필요",,"기타, 별도 확인 필요",
6020,ETHYLENE-VINYLACETATE COPOLYMER,에틸렌-초산비닐 공중합체,,D1000029000000,기구 및 용기포장,"사용기준 못찾음, 별도 확인 필요",,"기타, 별도 확인 필요",
6021,ETHYLENEDIAMINETETRAACETIC ACID(EDTA) FERRIC SODIUM SALT,에틸렌디아민테트라아세트산 제2철나트륨(외화획득용),,BZ000097000000,식품첨가물,"사용기준 못찾음, 별도 확인 필요",,사용불가,
6022,"ETHYLENEDIAMINETETRAACETIC ACID(EDTA), TETRASODIUM SALT","에틸렌디아민테트라아세트산, 사나트륨",,B3000037000000,식품첨가물,"사용기준 못찾음, 별도 확인 필요",,"기타, 별도 확인 필요",
6023,"ETHYLENEDIAMINETETRAACETIC ACID(EDTA), DISODIUM SALT","에틸렌디아민테트라아세트산, 이나트륨",,B3000038000000,식품첨가물,"사용기준 못찾음, 별도 확인 필요",,"기타, 별도 확인 필요",
6024,ETHYL VANILLIN,에틸바닐린,,B1000164000000,식품첨가물,"사용기준 찾음, 별도 확인 필요",향료,"기타, 별도 확인 필요",
6025,ETHYL CELLULOSE,에틸셀룰로스,,B1003598000000,식품첨가물,II. 2. 1)의 규정에 따라 사용하여야 한다.,증점제,"기타, 별도 확인 필요",
6026,EPOXY RESIN,에폭시수지,,D1000032000000,기구 및 용기포장,"사용기준 못찾음, 별도 확인 필요",,"기타, 별도 확인 필요",
6027,BLACK ELDERBERRY COLOR,엘더베리색소,,B2000615000000,식품첨가물,"사용기준 못찾음, 별도 확인 필요",,"기타, 별도 확인 필요",
6028,Elderflower distillate,엘더플라워증류액,,A1003133146914,식품원료,원료이기에 사용기준 없음,,사용가능,
6029,ELASTIN,엘라스틴,,A6000029000000,식품원료,원료이기에 사용기준 없음,,사용가능,
6030,ELASTIN(HORSE),엘라스틴(말),,A6001458000000,식품원료,원료이기에 사용기준 없음,,사용가능,
6031,ELASTIN HYDROLYSATE,엘라스틴가수분해물,,A6000029000200,식품원료,원료이기에 사용기준 없음,,사용가능,
6032,METHYL SULFONYL METHANE,엠에스엠(고시형),,C2000200000000,건강기능식품,"사용기준 못찾음, 별도 확인 필요",,"기타, 별도 확인 필요",
6033,,여뀌,,A1001443000000,식품원료,원료이기에 사용기준 없음,,사용가능,
6034,,여뀌잎,,A1001443380000,식품원료,원료이기에 사용기준 없음,,사용가능,
6035,SUMMER ORANGE,여름밀감,,A1001447000000,식품원료,원료이기에 사용기준 없음,,"제한적사용가능, 별도 확인 필요",
6036,,여름밀감열매,,A1001447230000,식품원료,원료이기에 사용기준 없음,,"제한적사용가능, 별도 확인 필요",
6037,Summer Orange juice,여름밀감열매주스,,A1001447230025,식품원료,원료이기에 사용기준 없음,,"제한적사용가능, 별도 확인 필요",
6038,"SAVORY, SUMMER",여름세이보리,,A1001448000000,식품원료,원료이기에 사용기준 없음,,사용가능,
6039,,여름세이보리분말,,A1001448000001,식품원료,원료이기에 사용기준 없음,,사용가능,
6040,,여름세이보리잎,,A1001448380000,식품원료,원료이기에 사용기준 없음,,사용가능,
6041,SUMMER TRUFFLE,여름송로,,A1001449B90000,식품원료,원료이기에 사용기준 없음,,사용가능,
6042,SUMMER TRUFFLE POWDER,여름송로분말,,A1001449B90001,식품원료,원료이기에 사용기준 없음,,사용가능,
6043,BUTTON MUSHROOM,여름양송이,,A1001450000000,식품원료,원료이기에 사용기준 없음,,사용가능,
6044,,여왕가리비,,A3001131000000,식품원료,원료이기에 사용기준 없음,,사용가능,
6045,PHYLLANTHUS URINARIA EXTRACT,여우구슬추출물(외화획득용),,AZ000019000000,식품원료,원료이기에 사용기준 없음,,사용불가,
6046,,여우콩,,A1001444000000,식품원료,원료이기에 사용기준 없음,,사용가능,
6047,,여주,,A1001452000000,식품원료,원료이기에 사용기준 없음,,사용가능,
6048,,여주분말,,A1001452000001,식품원료,원료이기에 사용기준 없음,,사용가능,
6049,,여주열매,,A1001452930000,식품원료,원료이기에 사용기준 없음,,사용가능,
6050,,여주잎,,A1001452380000,식품원료,원료이기에 사용기준 없음,,사용가능,
6051,,여주추출물,,A1001452004500,식품원료,원료이기에 사용기준 없음,,사용가능,
6052,,여주추출분말,,A1001452004501,식품원료,원료이기에 사용기준 없음,,사용가능,
6053,LOTUS ROOT,연근,,A1001454610000,식품원료,원료이기에 사용기준 없음,,사용가능,
6054,,연근분말,,A1001454610001,식품원료,원료이기에 사용기준 없음,,사용가능,
6055,LOTUS ROOT STARCH,연근전분,,A1001454610038,식품원료,원료이기에 사용기준 없음,,사용가능,
6056,,연근추출액,,A1001454004514,식품원료,원료이기에 사용기준 없음,,사용가능,
6057,,연꽃,,A1001454140000,식품원료,원료이기에 사용기준 없음,,사용가능,
6058,,연꽃씨앗,,A1001454320000,식품원료,원료이기에 사용기준 없음,,"제한적사용가능, 별도 확인 필요",
6059,,연꽃씨앗가루,,A1001454320001,식품원료,원료이기에 사용기준 없음,,"제한적사용가능, 별도 확인 필요",
6060,SACRED LOTUS SEED OIL,연꽃씨앗오일,,A1001454320020,식품원료,원료이기에 사용기준 없음,,"제한적사용가능, 별도 확인 필요",
6061,,연꽃씨앗추출물,,A1001454324500,식품원료,원료이기에 사용기준 없음,,"제한적사용가능, 별도 확인 필요",
6062,,연꽃추출물,,A1001454144500,식품원료,원료이기에 사용기준 없음,,사용가능,
6063,,연꽃추출분말,,A1001454144501,식품원료,원료이기에 사용기준 없음,,사용가능,
6064,SALMON,연어,,A3000554000000,식품원료,원료이기에 사용기준 없음,,사용가능,
6065,SALMON PEPTIDE,연어 펩타이드(기능성원료인정제2010-2호),,C9000280000000,건강기능식품,"사용기준 못찾음, 별도 확인 필요",,"기타, 별도 확인 필요",
6066,SALMON SKIN,연어껍질,,A3011930030000,식품원료,원료이기에 사용기준 없음,,사용가능,
6067,연어난소막추출물,연어난소막추출물,,A3000554174500,식품원료,원료이기에 사용기준 없음,,사용가능,
6068,,연어머리,,A3000554020000,식품원료,원료이기에 사용기준 없음,,사용가능,
6069,SALMON POWDER,연어분말,,A3000554000001,식품원료,원료이기에 사용기준 없음,,사용가능,
6070,,연어비장,,A3000554060000,식품원료,원료이기에 사용기준 없음,,사용가능,
6071,,연어비장추출물,,A3000554064500,식품원료,원료이기에 사용기준 없음,,사용가능,
6072,SALMON BONE,연어뼈,,A3000554070000,식품원료,원료이기에 사용기준 없음,,사용가능,
6073,MINCED SALMON,연어살,,A3000554080000,식품원료,원료이기에 사용기준 없음,,사용가능,
6074,SALMON ROE,연어알,,A3000554050000,식품원료,원료이기에 사용기준 없음,,사용가능,
6075,SALMON CARTILAGE POWDER,연어연골분말,,A3011999000000,식품원료,원료이기에 사용기준 없음,,사용가능,
6076,연어 비연골 추출물,연어연골추출물,,A3000554094500,식품원료,원료이기에 사용기준 없음,,사용가능,
6077,SALMON OIL,연어오일,,A3000554000020,식품원료,원료이기에 사용기준 없음,,사용가능,
6078,,연어오일분말,,A3000554000068,식품원료,원료이기에 사용기준 없음,,사용가능,
6079,SALMON OIL CONCENTRATE,연어유농축,,A3000554000820,식품원료,원료이기에 사용기준 없음,,사용가능,
6080,,연어이리,,A3000554300000,식품원료,원료이기에 사용기준 없음,,사용가능,
6081,,연어이리단백,,A3000554300008,식품원료,원료이기에 사용기준 없음,,사용가능,
6082,,연어이리추출물,,A3000554304514,식품원료,원료이기에 사용기준 없음,,사용가능,
6083,SALMON EXTRACT,연어추출물,,A3000554004500,식품원료,원료이기에 사용기준 없음,,사용가능,
6084,SALMON EXTRACT POWDER,연어추출분말,,A3000554004501,식품원료,원료이기에 사용기준 없음,,사용가능,
6085,,연어포,,A3000554000050,식품원료,원료이기에 사용기준 없음,,사용가능,
6086,SALMON FLAKES,연어플레이크,,A3000554000051,식품원료,원료이기에 사용기준 없음,,사용가능,
6087,CONDENSED MILK,연유,,A2000016000800,식품원료,원료이기에 사용기준 없음,,사용가능,
6088,CONDENSED MILK POWDER,연유분말,,A2000016000801,식품원료,원료이기에 사용기준 없음,,사용가능,
6089,CONDENSED MILK SYRUP,연유시럽,,A2000016000813,식품원료,원료이기에 사용기준 없음,,사용가능,
6090,,연잎,,A1001454380000,식품원료,원료이기에 사용기준 없음,,사용가능,
6091,,연잎가루,,A1001454380001,식품원료,원료이기에 사용기준 없음,,사용가능,
6092,,연잎추출물,,A1001454384500,식품원료,원료이기에 사용기준 없음,,사용가능,
6093,CAPELIN,열빙어,,A3000558000000,식품원료,원료이기에 사용기준 없음,,사용가능,
6094,,열빙어알,,A3000558050000,식품원료,원료이기에 사용기준 없음,,사용가능,
6095,ROASTED POPPY SEED,열처리된 양귀비씨,,A1001423320300,식품원료,원료이기에 사용기준 없음,,사용불가,
6096,,열처리블랙엘더베리열매,,A1003133940000,식품원료,원료이기에 사용기준 없음,,사용가능,
6097,,열처리블랙엘더베리열매분말,,A1003133940001,식품원료,원료이기에 사용기준 없음,,사용가능,
6098,CHINESE CHIVE,염교,,A1001461000000,식품원료,원료이기에 사용기준 없음,,사용가능,
6099,,염교꽃,,A1001461380000,식품원료,원료이기에 사용기준 없음,,사용가능,
6100,,염교분말,,A1001461000001,식품원료,원료이기에 사용기준 없음,,사용가능,
6101,"SODIUM ALUMINIUM PHOSPHATE, BASIC",염기성알루미늄인산나트륨,,B1000400000000,식품첨가물,"사용기준 찾음, 별도 확인 필요",산도조절제,"기타, 별도 확인 필요",
6102,HYDROCHLORIC ACID,염산,,B1000166000000,식품첨가물,"사용기준 찾음, 별도 확인 필요",제조용제,"기타, 별도 확인 필요",
6103,BETAINE HCL-외화획득용,염산베타인(외화획득용),,BZ000022000000,식품첨가물,"사용기준 못찾음, 별도 확인 필요",,사용불가,
6104,CHLORINE,염소,,B1000167000000,식품첨가물,"사용기준 찾음, 별도 확인 필요",밀가루개량제,"기타, 별도 확인 필요",
6105,,염소갈비,,A2000013060000,식품원료,원료이기에 사용기준 없음,,사용가능,
6106,,염소고기,,A2000013070000,식품원료,원료이기에 사용기준 없음,,사용가능,
6107,GOAT BONE EXTRACT,염소뼈농축액,,A20000131M0814,식품원료,원료이기에 사용기준 없음,,사용가능,
6108,,염소정육,,A20000132X0000,식품원료,원료이기에 사용기준 없음,,사용가능,
6109,,염장새우추출액,,A3000491014514,식품원료,원료이기에 사용기준 없음,,사용가능,
6110,,"염화-N-데실-N,N-디메틸-1-데칸아미늄",,B3000041000000,식품첨가물,"사용기준 못찾음, 별도 확인 필요",,"기타, 별도 확인 필요",
6111,ALKYL(C12-C14) DIMETHYL ETHYLBENZYL AMMONIUM CHLORIDE,염화-n-알킬(C12-C14)디메틸에틸벤질암모늄 (평균분자량 377~384),,B3000044000000,식품첨가물,"사용기준 못찾음, 별도 확인 필요",,"기타, 별도 확인 필요",
6112,N-ALKYL(C12-C18) DIMETHYL ETHYLBENZYL AMMONIUM CHLORIDE,염화-n-알킬(C12-C18)디메틸 에틸벤질암모늄 (평균분자량 384),,B3000045000000,식품첨가물,"사용기준 못찾음, 별도 확인 필요",,"기타, 별도 확인 필요",
6113,SODIUM CHLORIDE,염화나트륨,,BZ000019000000,식품첨가물,"사용기준 못찾음, 별도 확인 필요",,"기타, 별도 확인 필요",
6114,"Di-n-alkyl(C8-C10) dimethyl ammonium chloride, average molecular weight (in amu), 332 to 361",염화디-n-알킬(C8-C10)디메틸암모늄(평균분자량 332~361),,B3000042000000,식품첨가물,"사용기준 못찾음, 별도 확인 필요",,"기타, 별도 확인 필요",
6115,MAGNESIUM CHLORIDE,염화마그네슘,,B1000168000000,식품첨가물,II. 2. 1)의 규정에 따라 사용하여야 한다.,응고제,"기타, 별도 확인 필요",
6116,MANGANESE CHLORIDE,염화망간,,B1000413000000,식품첨가물,II. 2. 1)의 규정에 따라 사용하여야 한다.,영양강화제,"기타, 별도 확인 필요",
6117,ALKYL(C12-C18) BENZYL-DIMETHYL CHLORIDES,염화알킬(C12-C18)벤질디메틸 암모늄,,B3000046000000,식품첨가물,"사용기준 못찾음, 별도 확인 필요",,"기타, 별도 확인 필요",
6118,AMMONIUM CHLORIDE,염화암모늄,,B1000169000000,식품첨가물,II. 2. 1)의 규정에 따라 사용하여야 한다.,팽창제,"기타, 별도 확인 필요",
6119,FERRIC CHLORIDE,염화제이철,,B1000415000000,식품첨가물,II. 2. 1)의 규정에 따라 사용하여야 한다.,영양강화제,"기타, 별도 확인 필요",
6120,POTASSIUM CHLORIDE,염화칼륨,,B1000170000000,식품첨가물,II. 2. 1)의 규정에 따라 사용하여야 한다.,향미증진제,"기타, 별도 확인 필요",
6121,CALCIUM CHLORIDE,염화칼슘,,B1000171000000,식품첨가물,II. 2. 1)의 규정에 따라 사용하여야 한다.,응고제,"기타, 별도 확인 필요",
6122,CHOLINE CHLORIDE,염화콜린,,B1000338000000,식품첨가물,II. 2. 1)의 규정에 따라 사용하여야 한다.,영양강화제,"기타, 별도 확인 필요",
6123,CHROMIC CHLORIDE,염화크롬,,B1000430000000,식품첨가물,"사용기준 찾음, 별도 확인 필요",영양강화제,"기타, 별도 확인 필요",
6124,FOLIC ACID,엽산,,B1000172000000,식품첨가물,II. 2. 1)의 규정에 따라 사용하여야 한다.,영양강화제,"기타, 별도 확인 필요",
6125,"BARLEY MALT, GERM BARLEY",엿기름,,A1053942000000,식품원료,원료이기에 사용기준 없음,,사용가능,
6126,BARLEY MALT CONCENTRATE,엿기름농축,,A1053942000800,식품원료,원료이기에 사용기준 없음,,사용가능,
6127,BARLEY MALT POWDER,엿기름분말,,A1053942000001,식품원료,원료이기에 사용기준 없음,,사용가능,
6128,BARLEY MALT EXTRACT,엿기름추출물,,A1053942004500,식품원료,원료이기에 사용기준 없음,,사용가능,
6129,,영귤,,A1001463000000,식품원료,원료이기에 사용기준 없음,,사용가능,
6130,SUDACHI,영귤열매,,A1001463230000,식품원료,원료이기에 사용기준 없음,,사용가능,
6131,,영귤주스,,A1001463000025,식품원료,원료이기에 사용기준 없음,,사용가능,
6132,Ganoderma lucidium mushroom mycelia extract,영지버섯균사체추출분말(기능성원료인정제2024-8호),,C9001034000000,건강기능식품,"사용기준 못찾음, 별도 확인 필요",,사용가능,
6133,REISHI EXTRACT,영지추출물,,A1001464004500,식품원료,원료이기에 사용기준 없음,,사용가능,
6134,YELLOW BOLETUS(BOLETUS LUTEUS/BOLETUS GRANULATUS),옐로우볼레투스자실체,,A1001467010000,식품원료,원료이기에 사용기준 없음,,사용가능,
6135,YELLOW SWEET CLOVER(MELILOT),옐로우스위트클로버,,A1001466000000,식품원료,원료이기에 사용기준 없음,,"제한적사용가능, 별도 확인 필요",
6136,,옐로우스위트클로버잎,,A1001466380000,식품원료,원료이기에 사용기준 없음,,"제한적사용가능, 별도 확인 필요",
6137,,옐로우스위트클로버추출분말,,A1001466004501,식품원료,원료이기에 사용기준 없음,,"제한적사용가능, 별도 확인 필요",
6138,,오가피농축액,,A1001470000814,식품원료,원료이기에 사용기준 없음,,사용가능,
6139,,오가피분말,,A1001470000001,식품원료,원료이기에 사용기준 없음,,사용가능,
6140,OHGAPISUN,오가피순,,A1001470880000,식품원료,원료이기에 사용기준 없음,,사용가능,
6141,,오가피추출물,,A1001470004500,식품원료,원료이기에 사용기준 없음,,사용가능,
6142,FIVE-LEAVED ARALIA,오갈피나무,,A1003134000000,식품원료,원료이기에 사용기준 없음,,사용가능,
6143,,오갈피나무껍질추출물분말,,A1003134774501,식품원료,원료이기에 사용기준 없음,,사용가능,
6144,,오갈피나무농축액,,A1003134000814,식품원료,원료이기에 사용기준 없음,,사용가능,
6145,,오갈피나무뿌리껍질,,A1003134650000,식품원료,원료이기에 사용기준 없음,,사용가능,
6146,,오갈피나무잎,,A1003134380000,식품원료,원료이기에 사용기준 없음,,사용가능,
6147,,오갈피나무줄기껍질,,A1001470600000,식품원료,원료이기에 사용기준 없음,,사용가능,
6148,,오골계,,A4000069000000,식품원료,원료이기에 사용기준 없음,,사용가능,
6149,MULBERRY,오디,,A1001473000000,식품원료,원료이기에 사용기준 없음,,사용가능,
6150,,오디농축,,A1001473000800,식품원료,원료이기에 사용기준 없음,,사용가능,
6151,,오디농축액,,A1001473000814,식품원료,원료이기에 사용기준 없음,,사용가능,
6152,,오디분말,,A1001473000001,식품원료,원료이기에 사용기준 없음,,사용가능,
6153,,오디열매농축과즙,,A1001473230826,식품원료,원료이기에 사용기준 없음,,사용가능,
6154,,오디주스,,A1001473000025,식품원료,원료이기에 사용기준 없음,,사용가능,
6155,,오디즙,,A1001473000026,식품원료,원료이기에 사용기준 없음,,사용가능,
6156,,오디추출분말,,A1001473234501,식품원료,원료이기에 사용기준 없음,,사용가능,
6157,,오디추출액,,A1001473004514,식품원료,원료이기에 사용기준 없음,,사용가능,
6158,MULBERRY PUREE,오디퓨레,,A1001473000034,식품원료,원료이기에 사용기준 없음,,사용가능,
6159,ORIGANUM VULGARE (=OREGANO),오레가노,oregano,A1001474000000,식품원료,원료이기에 사용기준 없음,,사용가능,
6160,오레가노 농축액,오레가노농축액,,A1001474000814,식품원료,원료이기에 사용기준 없음,,사용가능,
6161,OREGANO POWDER,오레가노분말,,A1001474000001,식품원료,원료이기에 사용기준 없음,,사용가능,
6162,,오레가노오일,,A1001474000020,식품원료,원료이기에 사용기준 없음,,사용가능,
6163,OREGANO LEAF,오레가노잎,,A1001474380000,식품원료,원료이기에 사용기준 없음,,사용가능,
6164,,오레가노잎가루,,A1001474380001,식품원료,원료이기에 사용기준 없음,,사용가능,
6165,,오레가노줄기,,A1001474490000,식품원료,원료이기에 사용기준 없음,,사용가능,
6166,OREGANO EXTRACT,오레가노추출물,,A1001474004500,식품원료,원료이기에 사용기준 없음,,사용가능,
6167,,오레가노플레이크,,A1001474000051,식품원료,원료이기에 사용기준 없음,,사용가능,
6168,ORANGE,오렌지,,A1001475000000,식품원료,원료이기에 사용기준 없음,,사용가능,
6169,ORANGE VESICLE,오렌지과립,,A1001475000043,식품원료,원료이기에 사용기준 없음,,사용가능,
6170,ORANGE PULP,오렌지과육,,A1001475300000,식품원료,원료이기에 사용기준 없음,,사용가능,
6171,,오렌지과즙,,A1001475000026,식품원료,원료이기에 사용기준 없음,,사용가능,
6172,,오렌지과즙분말,,A1001475000057,식품원료,원료이기에 사용기준 없음,,사용가능,
6173,ORANGE PEEL,오렌지껍질,,A1001475240000,식품원료,원료이기에 사용기준 없음,,사용가능,
6174,ORANGE PEEL GRANULE,오렌지껍질과립,,A1053975240043,식품원료,원료이기에 사용기준 없음,,사용가능,
6175,ORANGE PEEL POWDER,오렌지껍질분말,,A1001475240001,식품원료,원료이기에 사용기준 없음,,사용가능,
6176,ORANGE PEEL OIL,오렌지껍질오일,,A1001475240020,식품원료,원료이기에 사용기준 없음,,사용가능,
6177,ORANGE PEEL DISTILLED,오렌지껍질증류액,,A1001475776914,식품원료,원료이기에 사용기준 없음,,사용가능,
6178,ORANGE PEEL EXTRACT,오렌지껍질추출물,,A1001475244500,식품원료,원료이기에 사용기준 없음,,사용가능,
6179,ORANGE FLOWER,오렌지꽃,,A1001475140000,식품원료,원료이기에 사용기준 없음,,사용가능,
6180,ORANGE BLOSSOM ESSENTIAL OIL,오렌지꽃오일,,A1001475140020,식품원료,원료이기에 사용기준 없음,,사용가능,
6181,ORANGE BLOSSOM EXTRACT,오렌지꽃추출물,,A1001475144500,식품원료,원료이기에 사용기준 없음,,사용가능,
6182,ORANGE CONCENTRATE,오렌지농축,,A1001475000800,식품원료,원료이기에 사용기준 없음,,사용가능,
6183,,오렌지농축과즙,,A1001475000826,식품원료,원료이기에 사용기준 없음,,사용가능,
6184,,오렌지농축분말,,A1001475000801,식품원료,원료이기에 사용기준 없음,,사용가능,
6185,,오렌지농축액,,A1001475000814,식품원료,원료이기에 사용기준 없음,,사용가능,
6186,ORANGE CONCENTRATE OIL,오렌지농축오일,,A1001475000820,식품원료,원료이기에 사용기준 없음,,사용가능,
6187,ORANGE JUICE CONCENTRATE,오렌지농축주스,,A1001475000825,식품원료,원료이기에 사용기준 없음,,사용가능,
6188,,오렌지라피,,A3000562000000,식품원료,원료이기에 사용기준 없음,,사용가능,
6189,ORANGE POWDER,오렌지분말,,A1001475000001,식품원료,원료이기에 사용기준 없음,,사용가능,
6190,,오렌지슬라이스,,A1001475760039,식품원료,원료이기에 사용기준 없음,,사용가능,
6191,ORANGE SYRUP,오렌지시럽,,A1001475000013,식품원료,원료이기에 사용기준 없음,,사용가능,
6192,ORANGE FIBER,오렌지식이섬유,,A1001475000084,식품원료,원료이기에 사용기준 없음,,사용가능,
6193,,오렌지엑기스분말,,A1001475000018,식품원료,원료이기에 사용기준 없음,,사용가능,
6194,ORANGE ESSENCE OIL,오렌지오일,,A1001475000020,식품원료,원료이기에 사용기준 없음,,사용가능,
6195,,오렌지원액,,A1001475000021,식품원료,원료이기에 사용기준 없음,,사용가능,
6196,,오렌지제스트,,A1001475240024,식품원료,원료이기에 사용기준 없음,,사용가능,
6197,,오렌지조각,,A1001475000024,식품원료,원료이기에 사용기준 없음,,사용가능,
6198,,오렌지주스,,A1001475000025,식품원료,원료이기에 사용기준 없음,,사용가능,
6199,ORANGE JUICE PULP,오렌지주스과육,,A1001475300025,식품원료,원료이기에 사용기준 없음,,사용가능,
6200,ORANGE JUICE POWDER,오렌지주스분말,,A1001475000069,식품원료,원료이기에 사용기준 없음,,사용가능,
6201,ORANGE DISTILLATE,오렌지증류액,,A1054083006914,식품원료,원료이기에 사용기준 없음,,사용가능,
6202,,오렌지착즙액,,A1001475303214,식품원료,원료이기에 사용기준 없음,,사용가능,
6203,ORANGE EXTRACT,오렌지추출물,,A1001475004500,식품원료,원료이기에 사용기준 없음,,사용가능,
6204,,오렌지추출물분말,,A1001475004501,식품원료,원료이기에 사용기준 없음,,사용가능,
6205,,오렌지추출오일,,A1001475234520,식품원료,원료이기에 사용기준 없음,,사용가능,
6206,ORANCE PULP,오렌지펄프,,A1001475000032,식품원료,원료이기에 사용기준 없음,,사용가능,
6207,,오렌지페이스트,,A1001475000033,식품원료,원료이기에 사용기준 없음,,사용가능,
6208,ORANGE PUREE,오렌지퓌레,,A1001475000034,식품원료,원료이기에 사용기준 없음,,사용가능,
6209,OROBLANCO OIL),오로브랑코,,A1053951000000,식품원료,원료이기에 사용기준 없음,,사용가능,
6210,OROTIC ACID,오르트산(외화획득용 등),,BZ000064000000,식품첨가물,"사용기준 못찾음, 별도 확인 필요",,사용불가,
6211,DUCK,오리,,A2000014000000,식품원료,원료이기에 사용기준 없음,,사용가능,
6212,,오리가슴살,,A2000014010000,식품원료,원료이기에 사용기준 없음,,사용가능,
6213,DUCK FOIE GRAS,오리간,,A2000014020000,식품원료,원료이기에 사용기준 없음,,사용가능,
6214,DUCK MEAT,오리고기,,A2000014070000,식품원료,원료이기에 사용기준 없음,,사용가능,
6215,,오리근위,,A20000140A0000,식품원료,원료이기에 사용기준 없음,,사용가능,
6216,JAPANESE ALDER,오리나무,,A1001476000000,식품원료,원료이기에 사용기준 없음,,"제한적사용가능, 별도 확인 필요",
6217,JAPANESE ALDER BARK,오리나무수피,,A1001476580000,식품원료,원료이기에 사용기준 없음,,"제한적사용가능, 별도 확인 필요",
6218,,오리난황,,A20000140I0000,식품원료,원료이기에 사용기준 없음,,사용가능,
6219,,오리날개,,A20000140J0000,식품원료,원료이기에 사용기준 없음,,사용가능,
6220,,오리다리,,A20000140L0000,식품원료,원료이기에 사용기준 없음,,사용가능,
6221,,오리뼈,,A20000141M0000,식품원료,원료이기에 사용기준 없음,,사용가능,
6222,,오리살,,A20000143N0000,식품원료,원료이기에 사용기준 없음,,사용가능,
6223,ORRIS ROOT,오리스뿌리,,A1002649000000,식품원료,원료이기에 사용기준 없음,,사용불가,
6224,,오리알,,A20000142B0000,식품원료,원료이기에 사용기준 없음,,사용가능,
6225,,오리오일,,A2000014000020,식품원료,원료이기에 사용기준 없음,,사용가능,
6226,DUCK STOCK,오리육수,,A2000014000023,식품원료,원료이기에 사용기준 없음,,사용가능,
6227,SASKATOON BERRY,오리잎채진목열매,,A1003118230000,식품원료,원료이기에 사용기준 없음,,사용가능,
6228,DUCK FAT,오리지방,,A20000142Z0000,식품원료,원료이기에 사용기준 없음,,사용가능,
6229,DUCK BLOOD,오리피,,A20000503C0000,식품원료,원료이기에 사용기준 없음,,사용가능,
6230,,오미자,,A1001478000000,식품원료,원료이기에 사용기준 없음,,사용가능,
6231,,오미자농축,,A1001478000800,식품원료,원료이기에 사용기준 없음,,사용가능,
6232,,오미자농축분말,,A1001478000801,식품원료,원료이기에 사용기준 없음,,사용가능,
6233,,오미자농축액,,A1001478000814,식품원료,원료이기에 사용기준 없음,,사용가능,
6234,,오미자분말,,A1001478000001,식품원료,원료이기에 사용기준 없음,,사용가능,
6235,,오미자주스,,A1001478000025,식품원료,원료이기에 사용기준 없음,,사용가능,
6236,,오미자추출물,,A1001478004500,식품원료,원료이기에 사용기준 없음,,사용가능,
6237,,오미자추출물분말,,A1001478004501,식품원료,원료이기에 사용기준 없음,,사용가능,
6238,"Evergreen huckleberry, Huckleberry California",오바툼산앵도열매,,A1005184230000,식품원료,원료이기에 사용기준 없음,,사용가능,
6239,,오수유,,A1002702000000,식품원료,원료이기에 사용기준 없음,,사용불가,
6240,CUCUMBER,오이,fresh cucumber,A1001481000000,식품원료,원료이기에 사용기준 없음,,사용가능,
6241,CUCUMBER CONCENTRATE,오이농축,,A1001481000800,식품원료,원료이기에 사용기준 없음,,사용가능,
6242,,오이농축액,,A1001481000814,식품원료,원료이기에 사용기준 없음,,사용가능,
6243,CUCUMBER POWDER,오이분말,,A1001481000001,식품원료,원료이기에 사용기준 없음,,사용가능,
6244,CUCUMBER SEED,오이씨앗,,A1001481320000,식품원료,원료이기에 사용기준 없음,,사용가능,
6245,CUCUMBER JUICE,오이주스,,A1001481000025,식품원료,원료이기에 사용기준 없음,,사용가능,
6246,,오이즙,,A1001481000026,식품원료,원료이기에 사용기준 없음,,사용가능,
6247,CUCUMBER DISTILLATE,오이증류액,,A1001481236914,식품원료,원료이기에 사용기준 없음,,사용가능,
6248,CUCUMBER EXTRACT,오이추출물,,A1001481004500,식품원료,원료이기에 사용기준 없음,,사용가능,
6249,,오이풀,,A1001482000000,식품원료,원료이기에 사용기준 없음,,사용가능,
6250,CUCUMBER PUREE,오이퓨레,,A1001481000034,식품원료,원료이기에 사용기준 없음,,사용가능,
6251,,오일팜추출물,,A1001483004500,식품원료,원료이기에 사용기준 없음,,사용가능,
6252,Bamboo Leaf,오죽잎,,A1001484380000,식품원료,원료이기에 사용기준 없음,,사용가능,
6253,SQUID,오징어,,A3000565000000,식품원료,원료이기에 사용기준 없음,,사용가능,
6254,SQUID EAR,오징어귀,,A3000565140000,식품원료,원료이기에 사용기준 없음,,사용가능,
6255,,오징어농축액,,A3000565000814,식품원료,원료이기에 사용기준 없음,,사용가능,
6256,SQUID TENTACLE,오징어다리,,A3000565100000,식품원료,원료이기에 사용기준 없음,,사용가능,
6257,SQUID INK,오징어먹물,,A3000565000014,식품원료,원료이기에 사용기준 없음,,사용가능,
6258,,오징어먹물분말,,A3000565060001,식품원료,원료이기에 사용기준 없음,,사용가능,
6259,SEPIA COLOR,오징어먹물색소,,B2000113000000,식품첨가물,"사용기준 찾음, 별도 확인 필요",착색료,"기타, 별도 확인 필요",
6260,SQUID POWDER,오징어분말,,A3000565000001,식품원료,원료이기에 사용기준 없음,,사용가능,
6261,SQUID SUCKER,오징어빨판,,A3000565320000,식품원료,원료이기에 사용기준 없음,,사용가능,
6262,SQUID BODY,오징어살,,A3000565080000,식품원료,원료이기에 사용기준 없음,,사용가능,
6263,,오징어알,,A3000565050000,식품원료,원료이기에 사용기준 없음,,사용가능,
6264,,오징어엑기스,,A3000565000017,식품원료,원료이기에 사용기준 없음,,사용가능,
6265,,오징어엑기스분말,,A3000565000018,식품원료,원료이기에 사용기준 없음,,사용가능,
6266,오징어연골,오징어연골,,A3000565090000,식품원료,원료이기에 사용기준 없음,,사용가능,
6267,SQUID BEAK MEAT,오징어입,,A3000565310000,식품원료,원료이기에 사용기준 없음,,사용가능,
6268,,오징어채,,A3000565000029,식품원료,원료이기에 사용기준 없음,,사용가능,
6269,SQUID EXTRACT,오징어추출물,,A3000565004500,식품원료,원료이기에 사용기준 없음,,사용가능,
6270,,오징어추출페이스트,,A3000565104533,식품원료,원료이기에 사용기준 없음,,사용가능,
6271,,오징어페이스트,,A3000565000033,식품원료,원료이기에 사용기준 없음,,사용가능,
6272,,오카무라큰실말,,A3000879000000,식품원료,원료이기에 사용기준 없음,,사용가능,
6273,,오카무라큰실말추출,,A3000879004500,식품원료,원료이기에 사용기준 없음,,사용가능,
6274,,오카무라큰실말추출분말,,A3000879004501,식품원료,원료이기에 사용기준 없음,,사용가능,
6275,OKRA,오크라,,A1001485000000,식품원료,원료이기에 사용기준 없음,,사용가능,
6276,,오크라꽃,,A1001485140000,식품원료,원료이기에 사용기준 없음,,사용가능,
6277,OKRA POWDER,오크라분말,,A1001485000001,식품원료,원료이기에 사용기준 없음,,사용가능,
6278,OKRA FRUIT CONCENTRATES,오크라열매농축,,A1001485230800,식품원료,원료이기에 사용기준 없음,,사용가능,
6279,LACTUCA SATIVA OAKLEAF,오크리프,,A1001486000000,식품원료,원료이기에 사용기준 없음,,사용가능,
6280,,오크칩,,A1005387000000,식품원료,원료이기에 사용기준 없음,,"제한적사용가능, 별도 확인 필요",
6281,OAK CHIP EXTRACT,오크칩추출물,,A1005387004500,식품원료,원료이기에 사용기준 없음,,"제한적사용가능, 별도 확인 필요",
6282,JASMINE,오피키날레자스민꽃,,A1003139140000,식품원료,원료이기에 사용기준 없음,,사용가능,
6283,,오피키날레자스민분말,,A1003139000001,식품원료,원료이기에 사용기준 없음,,사용가능,
6284,JASMINE OIL,오피키날레자스민오일,,A1003139000020,식품원료,원료이기에 사용기준 없음,,사용가능,
6285,,오피키날레자스민차추출액,,A1003139144514,식품원료,원료이기에 사용기준 없음,,사용가능,
6286,JASMINE TEA EXTRACT,오피키날레자스민추출물,,A1003139144500,식품원료,원료이기에 사용기준 없음,,사용가능,
6287,,오피키날레자스민추출액,,A1003139004514,식품원료,원료이기에 사용기준 없음,,사용가능,
6288,,옥돔,,A3000566000000,식품원료,원료이기에 사용기준 없음,,사용가능,
6289,CORN,옥수수,,A1001488000000,식품원료,원료이기에 사용기준 없음,,사용가능,
6290,CORN POWDER,옥수수가루,corn flour,A1001488000001,식품원료,원료이기에 사용기준 없음,,사용가능,
6291,HYDROGENATED CORN OIL,옥수수경화유,,A1001488007320,식품원료,원료이기에 사용기준 없음,,사용가능,
6292,CORN SOLIDS,옥수수고형분,,A1001488000004,식품원료,원료이기에 사용기준 없음,,사용가능,
6293,CORN GRITS,옥수수그릿츠,,A1001488000060,식품원료,원료이기에 사용기준 없음,,사용가능,
6294,CORN OIL,옥수수기름,,A1001488000006,식품원료,원료이기에 사용기준 없음,,사용가능,
6295,CORN BRAN,옥수수기울,,A1001488280000,식품원료,원료이기에 사용기준 없음,,사용가능,
6296,CORN BRAN OIL,옥수수기울기름,,A1001488280006,식품원료,원료이기에 사용기준 없음,,사용가능,
6297,,옥수수단백,,A1001488000008,식품원료,원료이기에 사용기준 없음,,사용가능,
6298,,옥수수단백질,,A1001488000009,식품원료,원료이기에 사용기준 없음,,사용가능,
6299,,옥수수단백추출물,,A1001488004508,식품원료,원료이기에 사용기준 없음,,사용가능,
6300,,옥수수단백추출물분말,,A1001488004545,식품원료,원료이기에 사용기준 없음,,사용가능,
6301,MALTED CORN,옥수수맥아,,A1053941000000,식품원료,원료이기에 사용기준 없음,,사용가능,
6302,MALTED CORN EXTRACT,옥수수맥아추출물,,A1053941004500,식품원료,원료이기에 사용기준 없음,,사용가능,
6303,CORN GERMS,옥수수배아,,A1001488A40038,식품원료,원료이기에 사용기준 없음,,사용가능,
6304,,옥수수배아유,,A1001488A40020,식품원료,원료이기에 사용기준 없음,,사용가능,
6305,,옥수수배아추출물(기능성원료인정제2014-8호),,C9000472000000,건강기능식품,"사용기준 못찾음, 별도 확인 필요",,"기타, 별도 확인 필요",
6306,COB CORN,옥수수속대,,A1001488530000,식품원료,원료이기에 사용기준 없음,,"제한적사용가능, 별도 확인 필요",
6307,,옥수수수염,,A1001488190000,식품원료,원료이기에 사용기준 없음,,"제한적사용가능, 별도 확인 필요",
6308,,옥수수수염분말,,A1001488190001,식품원료,원료이기에 사용기준 없음,,"제한적사용가능, 별도 확인 필요",
6309,,옥수수수염추출물,,A1001488194500,식품원료,원료이기에 사용기준 없음,,"제한적사용가능, 별도 확인 필요",
6310,,옥수수수염추출분말,,A1001488194501,식품원료,원료이기에 사용기준 없음,,"제한적사용가능, 별도 확인 필요",
6311,,옥수수수염추출액,,A1001488194514,식품원료,원료이기에 사용기준 없음,,"제한적사용가능, 별도 확인 필요",
6312,CORN SYRUP,옥수수시럽,,A1001488000013,식품원료,원료이기에 사용기준 없음,,사용가능,
6313,CORN SYRUP SOLIDS,옥수수시럽고형분,,A1001488000804,식품원료,원료이기에 사용기준 없음,,사용가능,
6314,,옥수수시럽농축액,,A1001488000813,식품원료,원료이기에 사용기준 없음,,사용가능,
6315,CORN SYRUP POWDER,옥수수시럽분말,,A1001488000801,식품원료,원료이기에 사용기준 없음,,사용가능,
6316,,옥수수식이섬유,,A1001488000084,식품원료,GMO표시대상원료,,사용가능,
6317,,옥수수어린속대,,A1001488D50000,식품원료,원료이기에 사용기준 없음,,사용가능,
6318,,옥수수오일,,A1001488000020,식품원료,원료이기에 사용기준 없음,,사용가능,
6319,,옥수수잎추출분말,,A1001488384501,식품원료,원료이기에 사용기준 없음,,사용불가,
6320,CORN STARCH,옥수수전분,Maize starch,A1001488000038,식품원료,GMO표시대상원료,,사용가능,
6321,CORN STARCH SYRUP,옥수수전분시럽,,A1001488710013,식품원료,원료이기에 사용기준 없음,,사용가능,
6322,CORN STRACH EXTRACT,옥수수전분추출물,,A1001488004538,식품원료,원료이기에 사용기준 없음,,사용가능,
6323,CORN REFINED OIL,옥수수정제유,,A1001488008520,식품원료,원료이기에 사용기준 없음,,사용가능,
6324,CORN EXTRACT,옥수수추출물,,A1001488004500,식품원료,원료이기에 사용기준 없음,,사용가능,
6325,,옥수수추출액,,A1001488004514,식품원료,원료이기에 사용기준 없음,,사용가능,
6326,,옥수수페이스트,,A1001488000033,식품원료,원료이기에 사용기준 없음,,사용가능,
6327,CORN PUREE,옥수수퓌레,,A1001488000034,식품원료,원료이기에 사용기준 없음,,사용가능,
6328,CORN FLAKE,옥수수플레이크,,A1001488000051,식품원료,원료이기에 사용기준 없음,,사용가능,
6329,"OCTADECANOIC ACID, CALCIUM SALT (CALCIUM STEARATE)",옥타데칸산칼슘,,B3000052000000,식품첨가물,"사용기준 못찾음, 별도 확인 필요",,"기타, 별도 확인 필요",
6330,OCTACOSANOL,옥타코사놀(고시형),,C2000071000000,건강기능식품,"사용기준 못찾음, 별도 확인 필요",,"기타, 별도 확인 필요",
6331,,옥타코사놀분말(고시형),,C2000071000001,건강기능식품,"사용기준 못찾음, 별도 확인 필요",,"기타, 별도 확인 필요",
6332,,옥탄산,,B3000054000000,식품첨가물,"사용기준 못찾음, 별도 확인 필요",,"기타, 별도 확인 필요",
6333,ETHYL OCTANOATE(ETHYL CAPRYLATE),옥탄산에틸,,B1003619000000,식품첨가물,"사용기준 찾음, 별도 확인 필요",향료,"기타, 별도 확인 필요",
6334,STARCH SODIUM OCTENYL SUCCINATE,옥테닐호박산나트륨전분,E1450,B1003566000000,식품첨가물,II. 2. 1)의 규정에 따라 사용하여야 한다.,,"기타, 별도 확인 필요",
6335,OCTYL ALDEHYDE,옥틸알데히드,,B1000175000000,식품첨가물,"사용기준 찾음, 별도 확인 필요",향료,"기타, 별도 확인 필요",
6336,OLEORESIN DILLSEED,올레오레진 딜씨드,,B2000528000000,식품첨가물,"사용기준 못찾음, 별도 확인 필요",,"기타, 별도 확인 필요",
6337,OLEORESIN LAUREL LEAF,올레오레진 로렐리프,,B2000532000000,식품첨가물,"사용기준 못찾음, 별도 확인 필요",,"기타, 별도 확인 필요",
6338,OLEORESIN MACE,올레오레진 메이스,,B2000631000000,식품첨가물,"사용기준 못찾음, 별도 확인 필요",,"기타, 별도 확인 필요",
6339,OLEORESIN BASIL,올레오레진 바씰,,B2000516000000,식품첨가물,"사용기준 못찾음, 별도 확인 필요",,"기타, 별도 확인 필요",
6340,OLEORESIN SAGE,올레오레진 세이지,,B2000542000000,식품첨가물,"사용기준 못찾음, 별도 확인 필요",,"기타, 별도 확인 필요",
6341,OLEORESIN CELERY,올레오레진 셀러리,,B2000522000000,식품첨가물,"사용기준 못찾음, 별도 확인 필요",,"기타, 별도 확인 필요",
6342,OLEORESIN CINNAMON,올레오레진 시나몬,,B2000523000000,식품첨가물,"사용기준 못찾음, 별도 확인 필요",,"기타, 별도 확인 필요",
6343,OLEORESIN ANISE,올레오레진 아니스,,B2000515000000,식품첨가물,"사용기준 못찾음, 별도 확인 필요",,"기타, 별도 확인 필요",
6344,OLEORESIN ORIGANUM,올레오레진 오리가늄,,B2000537000000,식품첨가물,"사용기준 못찾음, 별도 확인 필요",,"기타, 별도 확인 필요",
6345,OLEORESIN CARAWAY,올레오레진 카라웨이,,B2000519000000,식품첨가물,"사용기준 못찾음, 별도 확인 필요",,"기타, 별도 확인 필요",
6346,OLEORESIN CASSIA,올레오레진 카시아,,B2000521000000,식품첨가물,"사용기준 못찾음, 별도 확인 필요",,"기타, 별도 확인 필요",
6347,OLEORESIN CARDAMOM,올레오레진 칼더먼(소두구),,B2000520000000,식품첨가물,"사용기준 못찾음, 별도 확인 필요",,"기타, 별도 확인 필요",
6348,,올레오레진 캪시컴분말,,B2000045000001,식품첨가물,"사용기준 못찾음, 별도 확인 필요",,"기타, 별도 확인 필요",
6349,OLEORESIN CORIANDER,올레오레진 코리엔더,,B2000525000000,식품첨가물,"사용기준 못찾음, 별도 확인 필요",,"기타, 별도 확인 필요",
6350,OLEORESIN CUMIN,올레오레진 쿠민,,B2000527000000,식품첨가물,"사용기준 못찾음, 별도 확인 필요",,"기타, 별도 확인 필요",
6351,OLEORESIN CUBEB,올레오레진 쿠벱,,B2000526000000,식품첨가물,"사용기준 못찾음, 별도 확인 필요",,"기타, 별도 확인 필요",
6352,,올레오레진 타라곤,,B2000543000000,식품첨가물,"사용기준 못찾음, 별도 확인 필요",,"기타, 별도 확인 필요",
6353,OLEORESIN THYME,올레오레진 타임,,B2000544000000,식품첨가물,"사용기준 못찾음, 별도 확인 필요",,"기타, 별도 확인 필요",
6354,OLEORESIN PARSELY LEAF,올레오레진 파슬리리프,,B2000549000000,식품첨가물,"사용기준 못찾음, 별도 확인 필요",,"기타, 별도 확인 필요",
6355,OLEORESIN PARSELY SEED,올레오레진 파슬리씨드,,B2000539000000,식품첨가물,"사용기준 못찾음, 별도 확인 필요",,"기타, 별도 확인 필요",
6356,OLEORESIN FENNEL,올레오레진 펜넬,,B2000529000000,식품첨가물,"사용기준 못찾음, 별도 확인 필요",,"기타, 별도 확인 필요",
6357,OLEORESIN PIMENTA BERRIES,올레오레진 피멘타베리스,,B2000540000000,식품첨가물,"사용기준 못찾음, 별도 확인 필요",,"기타, 별도 확인 필요",
6358,OLEORESIN WHITE PEPPER,올레오레진 화이트페퍼,white pepper oleoresin,B2000545000000,식품첨가물,"사용기준 못찾음, 별도 확인 필요",,"기타, 별도 확인 필요",
6359,OLEORESIN NUTMEG,올레오레진너트맥,,B2000551000000,식품첨가물,"사용기준 못찾음, 별도 확인 필요",,"기타, 별도 확인 필요",
6360,OLEORESIN ROSEMARY,올레오레진로즈메리,,B2000507000000,식품첨가물,"사용기준 못찾음, 별도 확인 필요",,"기타, 별도 확인 필요",
6361,OLEORESIN GARLIC,올레오레진마늘,,B2000559000000,식품첨가물,"사용기준 못찾음, 별도 확인 필요",,"기타, 별도 확인 필요",
6362,OLEORESIN MARJORAM,올레오레진마조람,,B2000576000000,식품첨가물,"사용기준 못찾음, 별도 확인 필요",,"기타, 별도 확인 필요",
6363,OLEORESIN BLACK PEPPER,올레오레진블랙페퍼,black pepper oleoresin,B2000511000000,식품첨가물,"사용기준 못찾음, 별도 확인 필요",,"기타, 별도 확인 필요",
6364,OLEORESIN GINGER,올레오레진생강,,B2000508000000,식품첨가물,"사용기준 못찾음, 별도 확인 필요",,"기타, 별도 확인 필요",
6365,OLEORESIN ONION,올레오레진오니온,,B2000497000000,식품첨가물,"사용기준 못찾음, 별도 확인 필요",,"기타, 별도 확인 필요",
6366,OLEORESIN CAPSICUM,올레오레진캪시컴,capsicum oleoresin,B2000045000000,식품첨가물,"사용기준 못찾음, 별도 확인 필요",,"기타, 별도 확인 필요",
6367,OLEORESIN CLOVE,올레오레진클로브,,B2000561000000,식품첨가물,"사용기준 못찾음, 별도 확인 필요",,"기타, 별도 확인 필요",
6368,,올레오레진후추,,B2000538000000,식품첨가물,"사용기준 못찾음, 별도 확인 필요",,"기타, 별도 확인 필요",
6369,OLEIC ACID,올레인산,,B2000187000000,식품첨가물,II. 2. 1)의 규정에 따라 사용하여야 한다.,거품제거제,"기타, 별도 확인 필요",
6370,SODIUM OLEATE,올레인산나트륨,,B1000418000000,식품첨가물,II. 2. 1)의 규정에 따라 사용하여야 한다.,피막제,"기타, 별도 확인 필요",
6371,MALT OLIGOSACCHARIDE,올리고당,,P0110000000000,식품유형,"사용기준 못찾음, 별도 확인 필요",,"기타, 별도 확인 필요",
6372,OLIVE,올리브,,A1001489000000,식품원료,원료이기에 사용기준 없음,,사용가능,
6373,OLIVE POWDER,올리브가루,,A1001489000001,식품원료,원료이기에 사용기준 없음,,사용가능,
6374,QUEEN OLIVES,올리브나무열매,,A1001489230000,식품원료,원료이기에 사용기준 없음,,사용가능,
6375,,올리브나무열매(씨앗제외),,A1001489930000,식품원료,원료이기에 사용기준 없음,,사용가능,
6376,OLIVE FRUIT WATER,올리브나무열매착즙액,,A1001489233214,식품원료,원료이기에 사용기준 없음,,사용가능,
6377,,올리브나무잎,,A1001489380000,식품원료,원료이기에 사용기준 없음,,사용가능,
6378,OLIVE PUREE,올리브열매퓌레,,A1001489230034,식품원료,원료이기에 사용기준 없음,,사용가능,
6379,OLIVE OIL,올리브유,Extra Virgin Olive Oil,A1001489000020,식품원료,원료이기에 사용기준 없음,,사용가능,
6380,,올리브잎분말,,A1001489380001,식품원료,원료이기에 사용기준 없음,,사용가능,
6381,,올리브잎추출물,,A1001489384500,식품원료,원료이기에 사용기준 없음,,사용가능,
6382,,올리브잎추출분말,,A1001489384501,식품원료,원료이기에 사용기준 없음,,사용가능,
6383,,올리브추출물,,A1001489004500,식품원료,원료이기에 사용기준 없음,,사용가능,
6384,OLIVE PULP,올리브펄프,,A1001489000032,식품원료,원료이기에 사용기준 없음,,사용가능,
6385,,올리브페이스트,,A1001489000033,식품원료,원료이기에 사용기준 없음,,사용가능,
6386,WATER CHESNUT,올방개,,A1001491000000,식품원료,원료이기에 사용기준 없음,,사용가능,
6387,,올방개뿌리,,A1001491610000,식품원료,원료이기에 사용기준 없음,,사용가능,
6388,,올방개전분,,A1001491000038,식품원료,원료이기에 사용기준 없음,,사용가능,
6389,EARTHEN WARE,옹기류,,D7000004000000,기구 및 용기포장,"사용기준 못찾음, 별도 확인 필요",,"기타, 별도 확인 필요",
6390,,옻나무,,A1001494000000,식품원료,원료이기에 사용기준 없음,,"제한적사용가능, 별도 확인 필요",
6391,WASABI LEAF EXTRACT(NCWL01),와사비잎추출물(NCWL01)(기능성원료인정제2023-17호),,C9001054000000,건강기능식품,"사용기준 못찾음, 별도 확인 필요",,사용가능,
6392,,와일드 망고 종자추출물(IGOB131)(기능성원료인정제2015-14호),,C9000671000000,건강기능식품,"사용기준 못찾음, 별도 확인 필요",,"기타, 별도 확인 필요",
6393,와일드안젤리카 뿌리,와일드안젤리카뿌리,,A1001495610000,식품원료,원료이기에 사용기준 없음,,사용가능,
6394,GARDEN PEAS(완두콩),완두,,A1001496000000,식품원료,원료이기에 사용기준 없음,,사용가능,
6395,GARDEN PEAS BRAN,완두겨,,A1001496C50000,식품원료,원료이기에 사용기준 없음,,사용가능,
6396,PEA PROTEIN,완두단백,,A1001496000008,식품원료,원료이기에 사용기준 없음,,사용가능,
6397,,완두분말,,A1001496000001,식품원료,원료이기에 사용기준 없음,,사용가능,
6398,,완두앙금,,A1001496000037,식품원료,원료이기에 사용기준 없음,,사용가능,
6399,PEAS STARCH,완두전분,,A1001496000038,식품원료,원료이기에 사용기준 없음,,사용가능,
6400,,완두콩냉동,,A1001496000600,식품원료,원료이기에 사용기준 없음,,사용가능,
6401,,완두콩추출물,,A1001496004500,식품원료,원료이기에 사용기준 없음,,사용가능,
6402,GREEN PEA PULP,완두콩펄프,,A1054135320032,식품원료,원료이기에 사용기준 없음,,사용가능,
6403,,완두콩퓨레,,A1001496320034,식품원료,원료이기에 사용기준 없음,,사용가능,
6404,PEA FIBER,완두콩화이바,,A1001496000084,식품원료,원료이기에 사용기준 없음,,사용가능,
6405,,완두퓌레,,A1001496000034,식품원료,원료이기에 사용기준 없음,,사용가능,
6406,,왈라고메기,,A3000569000000,식품원료,원료이기에 사용기준 없음,,사용가능,
6407,,왕게,,A3000570000000,식품원료,원료이기에 사용기준 없음,,사용가능,
6408,Ground rice hulls(연구조사용에 한함),왕겨분말(연구조사용),,AZ000011000000,식품원료,원료이기에 사용기준 없음,,사용불가,
6409,CORTEX ULMI,왕느릅나무껍질,,A1001500580000,식품원료,원료이기에 사용기준 없음,,사용가능,
6410,,왕느릅나무껍질추출물,,A1001500584512,식품원료,원료이기에 사용기준 없음,,사용가능,
6411,,왕머루,,A1001503000000,식품원료,원료이기에 사용기준 없음,,사용가능,
6412,KING SALMON,왕연어,,A3000571000000,식품원료,원료이기에 사용기준 없음,,사용가능,
6413,,왕원추리어린잎,,A1005191400000,식품원료,원료이기에 사용기준 없음,,사용가능,
6414,,왕질경이잎,,A1001507380000,식품원료,원료이기에 사용기준 없음,,사용가능,
6415,Large-leaflet prickly-ash,왕초피나무열매,,A1001508230000,식품원료,원료이기에 사용기준 없음,,사용가능,
6416,,왜당귀잎,,A1001510380000,식품원료,원료이기에 사용기준 없음,,사용가능,
6417,PRUNUS SPECIOSA,왜벚나무(Prunus speciosa) 잎,,A9000034000000,식품원료,원료이기에 사용기준 없음,,사용불가,
6418,UREA-FORMALDEHYDE RESIN,요소수지,,D1000009000000,기구 및 용기포장,"사용기준 못찾음, 별도 확인 필요",,"기타, 별도 확인 필요",
6419,,요오드(살균소독제),,B3000105000000,식품첨가물,"사용기준 못찾음, 별도 확인 필요",,"기타, 별도 확인 필요",
6420,,요오드나트륨,,B3000059000000,식품첨가물,"사용기준 못찾음, 별도 확인 필요",,"기타, 별도 확인 필요",
6421,POTASSIUM IODATE,요오드산칼륨,,B1000438000000,식품첨가물,II. 2. 1)의 규정에 따라 사용하여야 한다.,영양강화제,"기타, 별도 확인 필요",
6422,POTASSIUM IODIDE,요오드칼륨,,B1000176000000,식품첨가물,II. 2. 1)의 규정에 따라 사용하여야 한다.,영양강화제,"기타, 별도 확인 필요",
6423,"GENTIAN, RHIZOME OR ROOT",용담뿌리,,A1001517610000,식품원료,원료이기에 사용기준 없음,,사용불가,
6424,GENTIAN ROOT EXTRACT,용담뿌리추출물,,A1001517614500,식품원료,원료이기에 사용기준 없음,,사용불가,
6425,AGAVE,용설란,,A1001519000000,식품원료,원료이기에 사용기준 없음,,사용가능,
6426,AGAVE WORM,용설란벌레,,A3001133000000,식품원료,원료이기에 사용기준 없음,,"제한적사용가능, 별도 확인 필요",
6427,AGAVE SYRUP POWDER,용설란분말,,A1001519100001,식품원료,원료이기에 사용기준 없음,,사용가능,
6428,AGAVE,용설란수액,,A1001519100000,식품원료,원료이기에 사용기준 없음,,사용가능,
6429,AGAVE JUICE CONCENTRATE,용설란수액농축,,A1001519100800,식품원료,원료이기에 사용기준 없음,,사용가능,
6430,AGAVE FIBER,용설란수액식이섬유,,A1001519100084,식품원료,원료이기에 사용기준 없음,,사용가능,
6431,AGAVE SYRUP,용설란시럽,,A1001519000013,식품원료,원료이기에 사용기준 없음,,사용가능,
6432,,용설란원액,,A1001519000021,식품원료,원료이기에 사용기준 없음,,사용가능,
6433,,용설란증류액,,A1001519006914,식품원료,원료이기에 사용기준 없음,,사용가능,
6434,METHYL HESPERIDIN,용성비타민P,,B1000177000000,식품첨가물,II. 2. 1)의 규정에 따라 사용하여야 한다.,영양강화제,"기타, 별도 확인 필요",
6435,LONGAN ARIL POWDER,용안육분말,,A1054191000001,식품원료,원료이기에 사용기준 없음,,사용가능,
6436,LONGAN,용안헛씨껍질,,A1005376290000,식품원료,원료이기에 사용기준 없음,,사용가능,
6437,,용안헛씨껍질추출물,,A1005376294512,식품원료,원료이기에 사용기준 없음,,사용가능,
6438,,용치놀래기,,A3000577000000,식품원료,원료이기에 사용기준 없음,,사용가능,
6439,,우거지,,A1002212000000,식품원료,원료이기에 사용기준 없음,,사용가능,
6440,UGNI MOLINAE,우니몰리내,,A1002859230000,식품원료,원료이기에 사용기준 없음,,사용가능,
6441,UGNI MOLINAE CONCENTRATE,우니몰리내농축액,,A1002859230814,식품원료,원료이기에 사용기준 없음,,사용가능,
6442,UGNI MOLINAE EXTRACT,우니몰리내추출물,,A1002859234500,식품원료,원료이기에 사용기준 없음,,사용가능,
6443,MULLEIN LEAF EXTRACT,우단담배풀추출물(외화획득용 등),,AZ000055000000,식품원료,원료이기에 사용기준 없음,,사용불가,
6444,WOOD APPLE,우드애플열매,,A1001523230000,식품원료,원료이기에 사용기준 없음,,사용가능,
6445,KOREAN COMMON SEA SQUIRT EXTRACT,우렁쉥이(멍게)추출물,,A3000313004500,식품원료,원료이기에 사용기준 없음,,사용가능,
6446,UREASE,우레아제,,B2000212000000,식품첨가물,II. 2. 1)의 규정에 따라 사용하여야 한다.,효소제,"기타, 별도 확인 필요",
6447,,우롱차,,A1002429000000,식품원료,원료이기에 사용기준 없음,,사용가능,
6448,,우롱차분말,,A1002429000001,식품원료,원료이기에 사용기준 없음,,사용가능,
6449,,우롱차엽,,A1002429380000,식품원료,원료이기에 사용기준 없음,,사용가능,
6450,,우롱차추출물,,A1002429004500,식품원료,원료이기에 사용기준 없음,,사용가능,
6451,,우롱차추출분말,,A1002429004501,식품원료,원료이기에 사용기준 없음,,사용가능,
6452,AGAR-AGAR,우뭇가사리,,A3000880000000,식품원료,원료이기에 사용기준 없음,,사용가능,
6453,,우뭇가사리분말,,A3000880000001,식품원료,원료이기에 사용기준 없음,,사용가능,
6454,AGAR EXTRACT,우뭇가사리추출물,,A3000880004500,식품원료,원료이기에 사용기준 없음,,사용가능,
6455,BURDOCK(ARCTIUM LAPPA L.),우엉,,A1001528000000,식품원료,원료이기에 사용기준 없음,,사용가능,
6456,,우엉농축분말,,A1001528000801,식품원료,원료이기에 사용기준 없음,,사용가능,
6457,BURDOCK(ARCTIUM LAPPA L.) POWDER,우엉분말,,A1001528000001,식품원료,원료이기에 사용기준 없음,,사용가능,
6458,,우엉뿌리,,A1001528610000,식품원료,원료이기에 사용기준 없음,,사용가능,
6459,,우엉채,,A1001528000029,식품원료,원료이기에 사용기준 없음,,사용가능,
6460,BURDOCK(ARCTIUM LAPPA L.) EXTRACT,우엉추출물,,A1001528004500,식품원료,원료이기에 사용기준 없음,,사용가능,
6461,MILK,우유,,P0201010100000,식품유형,원료이기에 사용기준 없음,,사용가능,
6462,MILK SOLID,우유고형분,Milk Solids,A2000016000004,식품원료,원료이기에 사용기준 없음,,사용가능,
6463,milk retentate,우유농축액,,A2000016000814,식품원료,원료이기에 사용기준 없음,,사용가능,
6464,,우유단백,"Milk Protein, milk protein yield",A2000016000008,식품원료,원료이기에 사용기준 없음,,사용가능,
6465,,우유단백가수분해물분말,,A2000016000201,식품원료,원료이기에 사용기준 없음,,사용가능,
6466,MILK PROTEIN CONCENTRATE,우유단백농축,,A2000016000808,식품원료,원료이기에 사용기준 없음,,사용가능,
6467,MILK PROTEIN ISOLATE,우유단백추출물,,A2000016004508,식품원료,원료이기에 사용기준 없음,,사용가능,
6468,MILK POWDER,우유분말,,A2000016000001,식품원료,원료이기에 사용기준 없음,,사용가능,
6469,MILK SYRUP,우유시럽,,A2000016000013,식품원료,원료이기에 사용기준 없음,,사용가능,
6470,MILK CLOTTING ENZYME,우유응고효소,,B2000046000000,식품첨가물,II. 2. 1)의 규정에 따라 사용하여야 한다.,효소제,"기타, 별도 확인 필요",
6471,MILK ESSENCE,우유추출물,Milk extract,A2000016004500,식품원료,원료이기에 사용기준 없음,,사용가능,
6472,MILK CALCIUM,우유칼슘,,A6001431000000,식품원료,원료이기에 사용기준 없음,,사용가능,
6473,MILK CALCIUM CONCENTRATE,우유칼슘농축,,A6001431000800,식품원료,원료이기에 사용기준 없음,,사용가능,
6474,MILK CALCIUM POWDER,우유칼슘분말,,A6001431000001,식품원료,원료이기에 사용기준 없음,,사용가능,
6475,MILK PASTE,우유페이스트,,A2000016000033,식품원료,원료이기에 사용기준 없음,,사용가능,
6476,Antrodia cinnamomea mycelia powder,우장지버섯분말(외화획득용 등),,AZ000044000000,식품원료,원료이기에 사용기준 없음,,사용불가,
6477,,우지추출물,,P0202090004500,식품유형,"사용기준 못찾음, 별도 확인 필요",,"기타, 별도 확인 필요",
6478,,울금덩이뿌리,,A1001531630000,식품원료,원료이기에 사용기준 없음,,"제한적사용가능, 별도 확인 필요",
6479,,울금덩이뿌리분말,,A1001531630001,식품원료,원료이기에 사용기준 없음,,"제한적사용가능, 별도 확인 필요",
6480,,울금덩이뿌리엑기스,,A1001531630017,식품원료,원료이기에 사용기준 없음,,"제한적사용가능, 별도 확인 필요",
6481,,울금덩이뿌리추출액,,A1001531634514,식품원료,원료이기에 사용기준 없음,,"제한적사용가능, 별도 확인 필요",
6482,,울금분말,,A1001531620001,식품원료,원료이기에 사용기준 없음,,"제한적사용가능, 별도 확인 필요",
6483,PICAO PRETO,울산도깨비바늘잎,,A1005198380000,식품원료,원료이기에 사용기준 없음,,"제한적사용가능, 별도 확인 필요",
6484,UNREFINED SUGAR,원당,,P1000008000000,식품유형,"사용기준 못찾음, 별도 확인 필요",,"기타, 별도 확인 필요",
6485,RAW MILK,원유,,A2000047000000,식품원료,원료이기에 사용기준 없음,,사용가능,
6486,POLYGALAE RADIX,원지,,A1001532000000,식품원료,원료이기에 사용기준 없음,,"제한적사용가능, 별도 확인 필요",
6487,,원지뿌리,,A1001532610000,식품원료,원료이기에 사용기준 없음,,"제한적사용가능, 별도 확인 필요",
6488,,원지추출물,,A1001532004500,식품원료,원료이기에 사용기준 없음,,"제한적사용가능, 별도 확인 필요",
6489,,원지추출물분말,,A1001532004501,식품원료,원료이기에 사용기준 없음,,"제한적사용가능, 별도 확인 필요",
6490,DAY LILY,원추리,,A1001533000000,식품원료,원료이기에 사용기준 없음,,사용가능,
6491,,원추리어린잎,,A1001533400000,식품원료,원료이기에 사용기준 없음,,사용가능,
6492,LAUREL (SPICE),월계수,,A1001534000000,식품원료,원료이기에 사용기준 없음,,사용가능,
6493,LAUREL BERRIES,월계수열매,,A1001534230000,식품원료,원료이기에 사용기준 없음,,사용가능,
6494,LAUREL BERRIES JUICE,월계수열매주스,,A1001534230025,식품원료,원료이기에 사용기준 없음,,사용가능,
6495,,월계수오일,,A1001534000020,식품원료,원료이기에 사용기준 없음,,사용가능,
6496,"BAY LEAVES, LAUREL",월계수잎,,A1001534380000,식품원료,원료이기에 사용기준 없음,,사용가능,
6497,,월계수잎분말,,A1001534380001,식품원료,원료이기에 사용기준 없음,,사용가능,
6498,,월계수잎오일,,A1001534380020,식품원료,원료이기에 사용기준 없음,,사용가능,
6499,,월계수추출물,,A1001534004500,식품원료,원료이기에 사용기준 없음,,사용가능,
6500,,월계잎추출물,,A1001534384500,식품원료,원료이기에 사용기준 없음,,사용가능,
6501,,월과,,A1001536000000,식품원료,원료이기에 사용기준 없음,,사용가능,
6502,COWBERRY,월귤,,A1001537000000,식품원료,원료이기에 사용기준 없음,,사용가능,
6503,LINGONBERRY,월귤나무열매,,A1001537230000,식품원료,원료이기에 사용기준 없음,,사용가능,
6504,,월귤나무열매분말,,A1001537000001,식품원료,원료이기에 사용기준 없음,,사용가능,
6505,LINGONBERRY JUICE,월귤나무열매주스,,A1001537230025,식품원료,원료이기에 사용기준 없음,,사용가능,
6506,COWBERRY JUICE CONCENTRATE,월귤나무열매주스농축액,,A1001537230825,식품원료,원료이기에 사용기준 없음,,사용가능,
6507,LINGONBERRY EXTRACT POWDER,월귤나무열매추출분말,,A1001537234501,식품원료,원료이기에 사용기준 없음,,사용가능,
6508,LINGONBERRY EXTRACT,월귤나무열매추출액,,A1001537234500,식품원료,원료이기에 사용기준 없음,,사용가능,
6509,LINGONBERRY PUREE,월귤나무열매퓨레,,A1001537230034,식품원료,원료이기에 사용기준 없음,,사용가능,
6510,,위고둥,,A3000583000000,식품원료,원료이기에 사용기준 없음,,사용가능,
6511,,위스키,,P0127070000000,식품유형,"사용기준 못찾음, 별도 확인 필요",,"기타, 별도 확인 필요",
6512,EUGENOL,유게놀,,B1000179000000,식품첨가물,"사용기준 찾음, 별도 확인 필요",향료,"기타, 별도 확인 필요",
6513,LACTOSUCROSE,유과올리고당,,P1000001000000,식품유형,"사용기준 못찾음, 별도 확인 필요",,"기타, 별도 확인 필요",
6514,EUGLENA GRACILIS EXTRACT POWDER,유글레나그라실리스추출분말(외화획득용 등),,AZ000068000000,식품원료,원료이기에 사용기준 없음,,사용불가,
6515,MILK PROTEIN HYDROLYSATE,유단백가수분해물,,P0201160100000,식품유형,"사용기준 못찾음, 별도 확인 필요",,"기타, 별도 확인 필요",
6516,,유단백가수분해물분말,,A2000016000245,식품원료,원료이기에 사용기준 없음,,사용가능,
6517,,유단백농축분말,,A2000016000845,식품원료,원료이기에 사용기준 없음,,사용가능,
6518,,유단백분말,,A2000016000045,식품원료,원료이기에 사용기준 없음,,사용가능,
6519,,유단백추출물(기능성원료인정제2015-16호),,C9000673000000,건강기능식품,"사용기준 못찾음, 별도 확인 필요",,"기타, 별도 확인 필요",
6520,LACTOSE,유당,,P0201150000000,식품유형,원료이기에 사용기준 없음,,"기타, 별도 확인 필요",
6521,,유당분말,,A6000034000001,식품원료,원료이기에 사용기준 없음,,사용가능,
6522,LIQUID PARAFFIN,유동파라핀,,B2000047000000,식품첨가물,"사용기준 찾음, 별도 확인 필요",이형제,"기타, 별도 확인 필요",
6523,EUDRAGIT L(건강기능식품의 장용성기제),유드라짓 엘(건강기능식품 장용성기제),,BZ000051000000,식품첨가물,"사용기준 못찾음, 별도 확인 필요",,사용불가,
6524,European plaice,유럽가자미,,A3001176000000,식품원료,원료이기에 사용기준 없음,,사용가능,
6525,,유럽물레고둥,,A3001011000000,식품원료,원료이기에 사용기준 없음,,사용가능,
6526,WHELK MEAT,유럽물레고둥살,,A3001011080000,식품원료,원료이기에 사용기준 없음,,사용가능,
6527,,유럽바다가재,,A3001134000000,식품원료,원료이기에 사용기준 없음,,사용가능,
6528,,유럽밤나무열매,,A1001541230000,식품원료,원료이기에 사용기준 없음,,사용가능,
6529,EUROPEAN EEL,유럽뱀장어,,A3000594000000,식품원료,원료이기에 사용기준 없음,,사용가능,
6530,Streptococcus zooepidemicus,유산구균(Streptococcus zooepidemicus(고시형)),,C2000194000000,건강기능식품,"사용기준 못찾음, 별도 확인 필요",,"기타, 별도 확인 필요",
6531,LACTOBACILLUS FERMENTED SOYBEAN POWDER,유산균발효대두분말(기능성원료인정제2024-38호),,C9001050000000,건강기능식품,"사용기준 못찾음, 별도 확인 필요",,사용가능,
6532,VITAMIN A IN OIL,유성 비타민A 지방산에스테르,,B1000180000000,식품첨가물,"사용기준 못찾음, 별도 확인 필요",,"기타, 별도 확인 필요",
6533,CITRON,유자,,A1001543000000,식품원료,원료이기에 사용기준 없음,,사용가능,
6534,CITRON PULP,유자과육,,A1001543300000,식품원료,원료이기에 사용기준 없음,,사용가능,
6535,CITRON JUICE,유자과즙,,A1001543000026,식품원료,원료이기에 사용기준 없음,,사용가능,
6536,,유자과즙분말,,A1001543000057,식품원료,원료이기에 사용기준 없음,,사용가능,
6537,,유자껍질,,A1001543240000,식품원료,원료이기에 사용기준 없음,,사용가능,
6538,유자껍질분말,유자껍질분말,,A1001543240001,식품원료,원료이기에 사용기준 없음,,사용가능,
6539,,유자농축과즙액,,A1001543000826,식품원료,원료이기에 사용기준 없음,,사용가능,
6540,,유자농축액,,A1001543000814,식품원료,원료이기에 사용기준 없음,,사용가능,
6541,CITRON POWEDR,유자분말,,A1001543000001,식품원료,원료이기에 사용기준 없음,,사용가능,
6542,,유자씨앗,,A1001543320000,식품원료,원료이기에 사용기준 없음,,사용가능,
6543,,유자열매,,A1001543230000,식품원료,원료이기에 사용기준 없음,,사용가능,
6544,CITRON OIL,유자오일,,A1001543000020,식품원료,원료이기에 사용기준 없음,,사용가능,
6545,CITRON JUICE,유자주스,,A1001543000025,식품원료,원료이기에 사용기준 없음,,사용가능,
6546,CITRON JUICE CONCENTRATE,유자주스농축,,A1001543000825,식품원료,원료이기에 사용기준 없음,,사용가능,
6547,CITRON DISTILLATE,유자증류액,,A1001543006914,식품원료,원료이기에 사용기준 없음,,사용가능,
6548,,유자청,,A1001543000030,식품원료,원료이기에 사용기준 없음,,사용가능,
6549,CITRON EXTRACT,유자추출물,,A1001543004500,식품원료,원료이기에 사용기준 없음,,사용가능,
6550,,유자추출분말,,A1001543004501,식품원료,원료이기에 사용기준 없음,,사용가능,
6551,CITRON PASTE,유자페이스트,,A1001543000033,식품원료,원료이기에 사용기준 없음,,사용가능,
6552,,유자퓌레,,A1001543230034,식품원료,원료이기에 사용기준 없음,,사용가능,
6553,,유지방,"milk fat, Milkfat, anhydrous milkfat, Anhydrous milk fat",A2000016000020,식품원료,원료이기에 사용기준 없음,,사용가능,
6554,,유지방농축,,A20000162Z0800,식품원료,원료이기에 사용기준 없음,,사용가능,
6555,,유지방분말,,A20000162Z0001,식품원료,원료이기에 사용기준 없음,,사용가능,
6556,RAPE,유채,,A1001545010000,식품원료,원료이기에 사용기준 없음,,사용가능,
6557,HYDROGENATED RAPESEED OIL,유채경화유,,A1001545327320,식품원료,원료이기에 사용기준 없음,,사용가능,
6558,COLZA,유채꽃,,A1001545140000,식품원료,원료이기에 사용기준 없음,,사용가능,
6559,COLZA OIL,유채꽃오일,,A1001545140020,식품원료,원료이기에 사용기준 없음,,사용가능,
6560,RAPE HYDROLYZED PROTEIN,유채단백질가수분해물,,A1053985010000,식품원료,원료이기에 사용기준 없음,,사용가능,
6561,CANOLA MEAL(외화획득용),유채박(외화획득용),,AZ000017000000,식품원료,원료이기에 사용기준 없음,,사용불가,
6562,,유채새싹,,A1001545C60000,식품원료,원료이기에 사용기준 없음,,사용가능,
6563,RAPESEED,유채씨앗,,A1001545320000,식품원료,원료이기에 사용기준 없음,,사용가능,
6564,RAPESEED OIL,유채유,canola oil,A1001545320020,식품원료,원료이기에 사용기준 없음,,사용가능,
6565,RAPESEED OIL POWDER,유채유분말,,A1001545320092,식품원료,원료이기에 사용기준 없음,,사용가능,
6566,유채추출물,유채추출물,,A1001545014500,식품원료,원료이기에 사용기준 없음,,사용가능,
6567,WHEY,유청,"Dairy Whey, Milk whey, lactoserum",P0201140100000,식품유형,"사용기준 못찾음, 별도 확인 필요",,"기타, 별도 확인 필요",
6568,,유청고형물,,P0201140100003,식품유형,"사용기준 못찾음, 별도 확인 필요",,"기타, 별도 확인 필요",
6569,WHEY PROTEIN,유청단백,,P0201140100008,식품유형,"사용기준 못찾음, 별도 확인 필요",,"기타, 별도 확인 필요",
6570,WHEY PROTEIN POWDER,유청단백분말,,P0201140400000,식품유형,"사용기준 못찾음, 별도 확인 필요",,"기타, 별도 확인 필요",
6571,,유청단백분해물,,P0201140102408,식품유형,"사용기준 못찾음, 별도 확인 필요",,"기타, 별도 확인 필요",
6572,WHEY PROTEIN CONCENTRATE,유청단백질농축,,P0201140100808,식품유형,"사용기준 못찾음, 별도 확인 필요",,"기타, 별도 확인 필요",
6573,WHEY PERMEATE POWDER,유청막투과분말,,P0201140308000,식품유형,"사용기준 못찾음, 별도 확인 필요",,"기타, 별도 확인 필요",
6574,WHEY POWDER,유청분말,        Milk whey powder,P0201140300000,식품유형,"사용기준 못찾음, 별도 확인 필요",,"기타, 별도 확인 필요",
6575,WHEY MINERAL CONCENTRATE POWDER,유청추출물분말,,P0201140104501,식품유형,"사용기준 못찾음, 별도 확인 필요",,"기타, 별도 확인 필요",
6576,CONCENTRATED WHEY CALCIUM,유청칼슘,,A2000046000000,식품원료,원료이기에 사용기준 없음,,사용가능,
6577,,유청칼슘분말,,A2000046000001,식품원료,원료이기에 사용기준 없음,,사용가능,
6578,YUCCA EXTRACT,유카추출물,,B2000114000000,식품첨가물,II. 2. 1)의 규정에 따라 사용하여야 한다.,유화제,"기타, 별도 확인 필요",
6579,EUCALYPTOL,유칼리프톨,,B1000181000000,식품첨가물,"사용기준 찾음, 별도 확인 필요",향료,"기타, 별도 확인 필요",
6580,EUCALYPTUS GLOBULUS LEAVES,유칼립투스,,A1001548000000,식품원료,원료이기에 사용기준 없음,,사용불가,
6581,,유칼립투스오일,,A1001548000020,식품원료,원료이기에 사용기준 없음,,사용불가,
6582,MILK CREAM,유크림,,P0201090100000,식품유형,"사용기준 못찾음, 별도 확인 필요",,"기타, 별도 확인 필요",
6583,CONCENTRATED POWDER OF MILK CREAM,유크림농축분말(기능성원료인정제2023-42호),,C9001038000000,건강기능식품,"사용기준 못찾음, 별도 확인 필요",,사용가능,
6584,,유탕새우,,A3000491003600,식품원료,원료이기에 사용기준 없음,,사용가능,
6585,,유탕정어리,,A3000633003600,식품원료,원료이기에 사용기준 없음,,사용가능,
6586,FRIED SESAME,유탕참깨,,A1001742003600,식품원료,원료이기에 사용기준 없음,,사용가능,
6587,,유탕파,,A1001964003600,식품원료,원료이기에 사용기준 없음,,사용가능,
6588,NUTMEG (SPICE),육두구,,A1001552000000,식품원료,원료이기에 사용기준 없음,,사용가능,
6589,MACE,육두구가종피,,A1001552290000,식품원료,원료이기에 사용기준 없음,,사용가능,
6590,MACE OIL,육두구가종피오일,,A1001552290020,식품원료,원료이기에 사용기준 없음,,사용가능,
6591,MACE DISTILLATE,육두구가종피증류액,,A1054114296914,식품원료,원료이기에 사용기준 없음,,사용가능,
6592,MACE EXTRACT,육두구가종피추출물,,A1001552294500,식품원료,원료이기에 사용기준 없음,,사용가능,
6593,,육두구분말,,A1001552000001,식품원료,원료이기에 사용기준 없음,,사용가능,
6594,NUTMEG,육두구씨앗,,A1001552320000,식품원료,원료이기에 사용기준 없음,,사용가능,
6595,NUTMEG POWDER,육두구씨앗가루,,A1001552320001,식품원료,원료이기에 사용기준 없음,,사용가능,
6596,NUTMEG EXTRACT,육두구씨앗추출물,,A1001552324500,식품원료,원료이기에 사용기준 없음,,사용가능,
6597,NUTMEG OIL,육두구오일,,A1001552000020,식품원료,원료이기에 사용기준 없음,,사용가능,
6598,NUTMEG EXTRACT (SPICE),육두구추출물,,A1001552004500,식품원료,원료이기에 사용기준 없음,,사용가능,
6599,,육종용,,A1001553010000,식품원료,원료이기에 사용기준 없음,,사용불가,
6600,"ADLAY, ADLAI",율무,,A1001555000000,식품원료,원료이기에 사용기준 없음,,사용가능,
6601,,율무분말,,A1001555000001,식품원료,원료이기에 사용기준 없음,,사용가능,
6602,,율무쌀,,A1002365000000,식품원료,원료이기에 사용기준 없음,,사용가능,
6603,,율무씨앗,,A1001555320000,식품원료,원료이기에 사용기준 없음,,사용가능,
6604,,율무추출물,,A1001555004500,식품원료,원료이기에 사용기준 없음,,사용가능,
6605,,으름덩굴과실분말,,A1001557230001,식품원료,원료이기에 사용기준 없음,,사용가능,
6606,AKEBI SEED,으름덩굴열매,,A1001557230000,식품원료,원료이기에 사용기준 없음,,사용가능,
6607,CLEMATIS,으아리어린잎,,A1001558400000,식품원료,원료이기에 사용기준 없음,,사용불가,
6608,SILVER,은,,A6000031000000,식품원료,원료이기에 사용기준 없음,,사용불가,
6609,,은대구,,A3000585000000,식품원료,원료이기에 사용기준 없음,,사용가능,
6610,odontesthes regia (Smelt),은띠색줄멸,,A3000587000000,식품원료,원료이기에 사용기준 없음,,사용가능,
6611,CONVALLARIA KEISKEI,은방울꽃,,A1001559000000,식품원료,원료이기에 사용기준 없음,,사용불가,
6612,은붕장어,은붕장어,,A3000590000000,식품원료,원료이기에 사용기준 없음,,사용가능,
6613,,은어,,A3000592000000,식품원료,원료이기에 사용기준 없음,,사용가능,
6614,,은어분말,,A3000592000001,식품원료,원료이기에 사용기준 없음,,사용가능,
6615,COHO SALMON,은연어,,A3000593000000,식품원료,원료이기에 사용기준 없음,,사용가능,
6616,GINKGO SEMON(GINKGO BILOBA L.의 열매),은행,,A1001562000000,식품원료,원료이기에 사용기준 없음,,사용가능,
6617,GINKGONIS GERMEN,은행나무견과,,A1001562330000,식품원료,원료이기에 사용기준 없음,,사용가능,
6618,,은행나무잎,,A1001562380000,식품원료,원료이기에 사용기준 없음,,"제한적사용가능, 별도 확인 필요",
6619,,은행분말,,A1001562000001,식품원료,원료이기에 사용기준 없음,,사용가능,
6620,GINKGO NUT EXTRACT,은행열매추출물,,A1054035334500,식품원료,원료이기에 사용기준 없음,,사용가능,
6621,,은행잎분말,,A1001562382301,식품원료,원료이기에 사용기준 없음,,"제한적사용가능, 별도 확인 필요",
6622,,은행잎추출물,,A1001562384500,식품원료,원료이기에 사용기준 없음,,"제한적사용가능, 별도 확인 필요",
6623,,은행잎추출물분말,,A1001562384501,식품원료,원료이기에 사용기준 없음,,"제한적사용가능, 별도 확인 필요",
6624,,은행추출물,,A1001562004500,식품원료,원료이기에 사용기준 없음,,사용가능,
6625,,음나무,,A1001564000000,식품원료,원료이기에 사용기준 없음,,사용가능,
6626,,음나무껍질추출분말,,A1001564774501,식품원료,원료이기에 사용기준 없음,,사용가능,
6627,,음나무추출분말,,A1001564004501,식품원료,원료이기에 사용기준 없음,,사용가능,
6628,DISODIUM ETHYLENEDIAMINETERAACETATE,이.디.티.에이.이나트륨,,B1000183000000,식품첨가물,"사용기준 찾음, 별도 확인 필요",산화방지제,"기타, 별도 확인 필요",
6629,CALCIUM DISODIUM ETHYLENEDIAMINETETRAACETATE,이.디.티.에이.칼슘이나트륨,,B1000184000000,식품첨가물,"사용기준 찾음, 별도 확인 필요",산화방지제,"기타, 별도 확인 필요",
6630,INOSITOL,이노시톨,,B2000048000000,식품첨가물,II. 2. 1)의 규정에 따라 사용하여야 한다.,영양강화제,"기타, 별도 확인 필요",
6631,INULIN,이눌린,,A6000032000000,식품원료,원료이기에 사용기준 없음,,사용가능,
6632,,이눌린분말,,A6000032000001,식품원료,원료이기에 사용기준 없음,,사용가능,
6633,ARROW BAMBOO SPROUT EXTRACT,이대순추출물,,A1054210884500,식품원료,원료이기에 사용기준 없음,,사용가능,
6634,MILT PROTEIN,이리단백,,B2000141000000,식품첨가물,II. 2. 1)의 규정에 따라 사용하여야 한다.,영양강화제,"기타, 별도 확인 필요",
6635,PATAGONIAN TOOTHFISH,이빨고기,,A3001031000000,식품원료,원료이기에 사용기준 없음,,사용가능,
6636,SILICON DIOXIDE,이산화규소,,B1000185000000,식품첨가물,"사용기준 찾음, 별도 확인 필요",고결방지제,"기타, 별도 확인 필요",
6637,Selenium dioxide,이산화셀레늄(외화회득용),,C1001432000000,건강기능식품,"사용기준 못찾음, 별도 확인 필요",,사용불가,
6638,CHLORINE DIOXIDE,이산화염소,,B3000063000000,식품첨가물,"사용기준 못찾음, 별도 확인 필요",,"기타, 별도 확인 필요",
6639,CARBON DIOXIDE,이산화탄소,,B1000187000000,식품첨가물,II. 2. 1)의 규정에 따라 사용하여야 한다.,분사제,"기타, 별도 확인 필요",
6640,TITANIUM DIOXIDE,이산화티타늄,,B1000188000000,식품첨가물,"사용기준 찾음, 별도 확인 필요",착색료,"기타, 별도 확인 필요",
6641,,이성화당,,P1000009000000,식품유형,"사용기준 못찾음, 별도 확인 필요",,"기타, 별도 확인 필요",
6642,ETHYL ISOVALERATE,이소길초산에틸,,B1000189000000,식품첨가물,"사용기준 찾음, 별도 확인 필요",향료,"기타, 별도 확인 필요",
6643,ISOAMYL ISOVALERATE,이소길초산이소아밀,,B1000190000000,식품첨가물,"사용기준 찾음, 별도 확인 필요",향료,"기타, 별도 확인 필요",
6644,,이소말토올리고당,,P0110020000000,식품유형,"사용기준 못찾음, 별도 확인 필요",,"기타, 별도 확인 필요",
6645,,이소말토올리고당식이섬유,,P1110020000084,식품유형,"사용기준 못찾음, 별도 확인 필요",,"기타, 별도 확인 필요",
6646,ISOMALT(HYDROGENATED PALATINOSE:ISOMALTITOL),이소말트,,B1000192000000,식품첨가물,II. 2. 1)의 규정에 따라 사용하여야 한다.,감미료,"기타, 별도 확인 필요",
6647,ISOMALT(HYDROGENATED PALATINOSE:ISOMALTITOL) SYRUP,이소말트시럽,,B1000192000013,식품첨가물,"사용기준 못찾음, 별도 확인 필요",,사용가능,
6648,ISOEUGENOL,이소유게놀,,B1000193000000,식품첨가물,"사용기준 찾음, 별도 확인 필요",향료,"기타, 별도 확인 필요",
6649,ALLYL ISOTHIOCYANATE,이소티오시안산알릴,,B1000195000000,식품첨가물,"사용기준 찾음, 별도 확인 필요",향료,"기타, 별도 확인 필요",
6650,ISOPROPYL ALCOHOL,이소프로필알콜,,B1000385000000,식품첨가물,"사용기준 찾음, 별도 확인 필요",제조용제,"기타, 별도 확인 필요",
6651,,이스트익스트렉트,,B2000099004512,식품첨가물,"사용기준 못찾음, 별도 확인 필요",,"기타, 별도 확인 필요",
6652,,이염화이소시아뉼산나트륨(살균소독제),,B3000106000000,식품첨가물,"사용기준 못찾음, 별도 확인 필요",,"기타, 별도 확인 필요",
6653,SODIUM DICHLOROISOCYANURATE DIHYDRATE,이염화이소시아뉼산나트륨이수화물,,B3000066000000,식품첨가물,"사용기준 못찾음, 별도 확인 필요",,"기타, 별도 확인 필요",
6654,,이엽우피소,,A1001571010000,식품원료,원료이기에 사용기준 없음,,사용불가,
6655,IONOMERIC RESIN,이오노머수지,,D1000028000000,기구 및 용기포장,"사용기준 못찾음, 별도 확인 필요",,"기타, 별도 확인 필요",
6656,ION EXCHANGE RESIN,이온교환수지,,B1000199000000,식품첨가물,"사용기준 찾음, 별도 확인 필요",제조용제,"기타, 별도 확인 필요",
6657,CHICKPEA,이집트콩,,A1001573000000,식품원료,원료이기에 사용기준 없음,,사용가능,
6658,CHICKPEA PROTEIN,이집트콩단백,,A1001573000008,식품원료,원료이기에 사용기준 없음,,사용가능,
6659,CHICKPEA PROTEIN CONCENTRATE,이집트콩단백농축,,A1001573000808,식품원료,원료이기에 사용기준 없음,,사용가능,
6660,CHICKPEA POWDER,이집트콩분말,,A1001573000001,식품원료,원료이기에 사용기준 없음,,사용가능,
6661,CHICKPEA FIBER,이집트콩식이섬유,,A1053976320084,식품원료,원료이기에 사용기준 없음,,사용가능,
6662,,이집트콩씨앗,,A1001573320000,식품원료,원료이기에 사용기준 없음,,사용가능,
6663,CHICKPEA EXTRACT,이집트콩추출물,,A1001573004500,식품원료,원료이기에 사용기준 없음,,사용가능,
6664,SODIUM DIACETATE,이초산나트륨,,B1000368000000,식품첨가물,"사용기준 찾음, 별도 확인 필요",산도조절제,"기타, 별도 확인 필요",
6665,,익모초,,A1001574000000,식품원료,원료이기에 사용기준 없음,,"제한적사용가능, 별도 확인 필요",
6666,,익모초전초,,A1001574010000,식품원료,원료이기에 사용기준 없음,,"제한적사용가능, 별도 확인 필요",
6667,LEONURUS JAPONICUS HOUTT.LEONURUS SIBIRICUS AUCT. PL./AERIAL PART,익모초지상부,,A1001574020000,식품원료,원료이기에 사용기준 없음,,"제한적사용가능, 별도 확인 필요",
6668,,익모초추출액,,A1001574024514,식품원료,원료이기에 사용기준 없음,,"제한적사용가능, 별도 확인 필요",
6669,,익지인열매,,A1003137230000,식품원료,원료이기에 사용기준 없음,,"제한적사용가능, 별도 확인 필요",
6670,ALPINIA OXYPHYLLA MIQUEL EXTRACT POWDER,익지인열매추출분말,,A1003137234501,식품원료,원료이기에 사용기준 없음,,"제한적사용가능, 별도 확인 필요",
6671,,인도보리수열매,,A1001577230000,식품원료,원료이기에 사용기준 없음,,사용가능,
6672,,인동꽃봉오리,,A1001579150000,식품원료,원료이기에 사용기준 없음,,"제한적사용가능, 별도 확인 필요",
6673,,인동꽃추출고형분,,A1001579144504,식품원료,원료이기에 사용기준 없음,,"제한적사용가능, 별도 확인 필요",
6674,,인동꽃추출물,,A1001579144500,식품원료,원료이기에 사용기준 없음,,"제한적사용가능, 별도 확인 필요",
6675,,인동꽃추출물분말,,A1001579144501,식품원료,원료이기에 사용기준 없음,,"제한적사용가능, 별도 확인 필요",
6676,"JAPANESE HONEYSUCKLE, GOLD AND SILVER FLOWER",인동덩굴,,A1001579000000,식품원료,원료이기에 사용기준 없음,,"제한적사용가능, 별도 확인 필요",
6677,,인동덩굴꽃봉오리추출물,,A1001579154512,식품원료,원료이기에 사용기준 없음,,"제한적사용가능, 별도 확인 필요",
6678,,인동잎,,A1001579380000,식품원료,원료이기에 사용기준 없음,,"제한적사용가능, 별도 확인 필요",
6679,,인동줄기,,A1001579490000,식품원료,원료이기에 사용기준 없음,,"제한적사용가능, 별도 확인 필요",
6680,,인동추출분말,,A1001579004501,식품원료,원료이기에 사용기준 없음,,"제한적사용가능, 별도 확인 필요",
6681,GOOSEBERRY FIBER,인디안구스베리식이섬유,,A1001580000084,식품원료,원료이기에 사용기준 없음,,사용가능,
6682,,인디안구스베리열매,,A1001580230000,식품원료,원료이기에 사용기준 없음,,사용가능,
6683,,인디안구스베리열매분말,,A1001580230001,식품원료,원료이기에 사용기준 없음,,사용가능,
6684,INDIAN GOOSEBERRY EXTRACT,인디안구스베리열매추출물,,A1001580234500,식품원료,원료이기에 사용기준 없음,,사용가능,
6685,,인디안구스베리추출물,,A1001580004500,식품원료,원료이기에 사용기준 없음,,사용가능,
6686,INDIAN GOOSEBERRY EXTRACT POWDER,인디안구스베리추출물분말,,A1001580234501,식품원료,원료이기에 사용기준 없음,,사용가능,
6687,INDIAN BAY-LEAF,인디안베이리프,,A1001581000000,식품원료,원료이기에 사용기준 없음,,"제한적사용가능, 별도 확인 필요",
6688,,인디안베이리프잎,,A1001581380000,식품원료,원료이기에 사용기준 없음,,"제한적사용가능, 별도 확인 필요",
6689,,인디안사사파릴라잎,,A1001582380000,식품원료,원료이기에 사용기준 없음,,사용가능,
6690,PHYLLANTHUS EMBLICA,인디언구스베리,,A1001580000000,식품원료,원료이기에 사용기준 없음,,사용가능,
6691,,"인디카망기페라열매(씨,껍질제외)",,A1000812D40000,식품원료,원료이기에 사용기준 없음,,사용가능,
6692,,인디카칸나뿌리,,A1005210610000,식품원료,원료이기에 사용기준 없음,,사용가능,
6693,INVERTASE,인베르타아제,,B2000049000000,식품첨가물,II. 2. 1)의 규정에 따라 사용하여야 한다.,효소제,"기타, 별도 확인 필요",
6694,PHOSPHORIC ACID,인산,,B1000201000000,식품첨가물,II. 2. 1)의 규정에 따라 사용하여야 한다.,산도조절제,"기타, 별도 확인 필요",
6695,"PHOSPHORIC ACID, MONOSODIUM SALT",인산나트륨,,B3000069000000,식품첨가물,"사용기준 못찾음, 별도 확인 필요",,"기타, 별도 확인 필요",
6696,"PHOSPHORIC ACID, TRISODIUM SALT",인산삼나트륨(살균소독제),,B3000108000000,식품첨가물,"사용기준 못찾음, 별도 확인 필요",,"기타, 별도 확인 필요",
6697,DISTARCH PHOSPHATE,인산이전분,,B1003500000000,식품첨가물,"사용기준 못찾음, 별도 확인 필요",,"기타, 별도 확인 필요",
6698,MONOSTARCH PHOSPHATE,인산일전분,,B1003501000000,식품첨가물,"사용기준 못찾음, 별도 확인 필요",,"기타, 별도 확인 필요",
6699,FERRIC PHOSPHATE,인산철,,B1000202000000,식품첨가물,II. 2. 1)의 규정에 따라 사용하여야 한다.,영양강화제,"기타, 별도 확인 필요",
6700,PHOSPHATED DISTARCH PHOSPHATE,인산화인산이전분,,B1003502000000,식품첨가물,"사용기준 못찾음, 별도 확인 필요",,"기타, 별도 확인 필요",
6701,GINSENG,인삼,,A1001583000000,식품원료,원료이기에 사용기준 없음,,사용가능,
6702,,인삼농축,,A1001583000800,식품원료,원료이기에 사용기준 없음,,사용가능,
6703,,인삼농축액,,A1001583000814,식품원료,원료이기에 사용기준 없음,,사용가능,
6704,,인삼농축액분말,,A1001583610801,식품원료,원료이기에 사용기준 없음,,사용가능,
6705,,인삼발효액,,A1001583001914,식품원료,원료이기에 사용기준 없음,,사용가능,
6706,GINSENG POWDER,인삼분말,,A1001583000001,식품원료,원료이기에 사용기준 없음,,사용가능,
6707,,인삼뿌리,,A1001583610000,식품원료,원료이기에 사용기준 없음,,사용가능,
6708,,인삼뿌리분말,,A1001583610001,식품원료,원료이기에 사용기준 없음,,사용가능,
6709,,인삼뿌리추출물,,A1001583614500,식품원료,원료이기에 사용기준 없음,,사용가능,
6710,Ginseng seed extract powder,인삼씨앗추출분말,,A1001583324501,식품원료,원료이기에 사용기준 없음,,사용가능,
6711,,인삼엑기스,,A1001583000017,식품원료,원료이기에 사용기준 없음,,사용가능,
6712,,인삼열매,,A1001583230000,식품원료,원료이기에 사용기준 없음,,사용가능,
6713,Ginseng fruit extract,인삼열매추출물,,A1001583234500,식품원료,원료이기에 사용기준 없음,,사용가능,
6714,,인삼열매추출분말,,A1001583234501,식품원료,원료이기에 사용기준 없음,,사용가능,
6715,,인삼열매추출액,,A1001583234514,식품원료,원료이기에 사용기준 없음,,사용가능,
6716,,인삼잎,,A1001583380000,식품원료,원료이기에 사용기준 없음,,사용가능,
6717,,인삼잎과줄기,,A1001583B10000,식품원료,원료이기에 사용기준 없음,,사용가능,
6718,,인삼잎추출물,,A1001583384500,식품원료,원료이기에 사용기준 없음,,사용가능,
6719,,인삼잎추출분말,,A1001583384501,식품원료,원료이기에 사용기준 없음,,사용가능,
6720,,인삼추출물,,A1001583004500,식품원료,원료이기에 사용기준 없음,,사용가능,
6721,GINSENG EXTRACT POWDER,인삼추출분말,,A1001583004501,식품원료,원료이기에 사용기준 없음,,사용가능,
6722,INSTANT COFFEE,인스턴트커피,,P0117020000000,식품유형,"사용기준 못찾음, 별도 확인 필요",,"기타, 별도 확인 필요",
6723,ILLIPE OIL,일리페오일,,A1001584000000,식품원료,원료이기에 사용기준 없음,,사용가능,
6724,ILLIPE OIL,일리페오일씨앗,,A1001584320000,식품원료,원료이기에 사용기준 없음,,사용가능,
6725,,일반증류주,,P0127090000000,식품유형,"사용기준 못찾음, 별도 확인 필요",,"기타, 별도 확인 필요",
6726,,일본재첩,,A3001135000000,식품원료,원료이기에 사용기준 없음,,사용가능,
6727,ATKA MACKEREL,임연수어,,A3000599000000,식품원료,원료이기에 사용기준 없음,,사용가능,
6728,ATKA MACKEREL MEAT,임연수어살,,A3000599080000,식품원료,원료이기에 사용기준 없음,,사용가능,
6729,,입국,,B2000006000200,식품첨가물,"사용기준 못찾음, 별도 확인 필요",,"기타, 별도 확인 필요",
6730,,입상대두단백,,A1000633000059,식품원료,원료이기에 사용기준 없음,,사용가능,
6731,,입술무늬갑오징어,,A3001164000000,식품원료,원료이기에 사용기준 없음,,사용가능,
6732,SAFFLOWER,잇꽃,,A1005378000000,식품원료,원료이기에 사용기준 없음,,사용가능,
6733,safflower concentrate,잇꽃농축,,A1005378000800,식품원료,원료이기에 사용기준 없음,,사용가능,
6734,,잇꽃분말,,A1005378000001,식품원료,원료이기에 사용기준 없음,,사용가능,
6735,SAFFLOWER SEED,잇꽃씨앗,,A1005378320000,식품원료,원료이기에 사용기준 없음,,사용가능,
6736,SAFFLOWER SEED POWDER,잇꽃씨앗분말,,A1005378320001,식품원료,원료이기에 사용기준 없음,,사용가능,
6737,SAFFLOWER OIL,잇꽃씨앗유(홍화유),,A1005378320020,식품원료,원료이기에 사용기준 없음,,사용가능,
6738,,잇꽃씨앗추출물,,A1005378324500,식품원료,원료이기에 사용기준 없음,,사용가능,
6739,SAFFLOWER SEED EXTRACT POWDER,잇꽃씨앗추출물분말,,A1005378324501,식품원료,원료이기에 사용기준 없음,,사용가능,
6740,SAFFLOWER OIL,잇꽃오일,,A1005378000020,식품원료,원료이기에 사용기준 없음,,사용가능,
6741,SAFFLOWER LEAF,잇꽃잎,,A1005378380000,식품원료,원료이기에 사용기준 없음,,사용가능,
6742,SAFFLOWER EXTRACT,잇꽃추출물,,A1005378004500,식품원료,원료이기에 사용기준 없음,,사용가능,
6743,SAFFLOWER EXTRACT POWDER,잇꽃추출분말,,A1005378004501,식품원료,원료이기에 사용기준 없음,,사용가능,
6744,SAFFLOWER EXTRACT,잇꽃추출액,,A1005378004514,식품원료,원료이기에 사용기준 없음,,사용가능,
6745,,잉어,,A3000601000000,식품원료,원료이기에 사용기준 없음,,사용가능,
6746,SACHA INCHI,잉카피넛,,A1001587000000,식품원료,원료이기에 사용기준 없음,,사용가능,
6747,,잉카피넛단백,,A1001587000008,식품원료,원료이기에 사용기준 없음,,사용가능,
6748,,잉카피넛열매,,A1001587230000,식품원료,원료이기에 사용기준 없음,,사용가능,
6749,SACHA INCHI OIL,잉카피넛열매오일,,A1001587230020,식품원료,원료이기에 사용기준 없음,,사용가능,
6750,,잎새버섯,,A1001588000000,식품원료,원료이기에 사용기준 없음,,사용가능,
6751,,잎새버섯균사체,,A1001588B30000,식품원료,원료이기에 사용기준 없음,,"기타, 별도 확인 필요",
6752,,잎새버섯분말,,A1001588000001,식품원료,원료이기에 사용기준 없음,,사용가능,
6753,,잎새버섯자실체,,A1001588010000,식품원료,원료이기에 사용기준 없음,,사용가능,
6754,,잎새버섯자실체추출분말,,A1001588014501,식품원료,원료이기에 사용기준 없음,,사용가능,
6755,,잎새버섯추출물,,A1001588004500,식품원료,원료이기에 사용기준 없음,,사용가능,
6756,,잎파래,,A1001589010000,식품원료,원료이기에 사용기준 없음,,사용가능,
6757,AUTOLYZED YEAST POWDER,자가분해효모분말,,B2000099002401,식품첨가물,"사용기준 못찾음, 별도 확인 필요",,"기타, 별도 확인 필요",
6758,,자귀나무꽃,,A1001590140000,식품원료,원료이기에 사용기준 없음,,사용가능,
6759,,자귀나무잎,,A1001590380000,식품원료,원료이기에 사용기준 없음,,사용가능,
6760,,자단향색소,,B2000131000000,식품첨가물,"사용기준 찾음, 별도 확인 필요",착색료,"기타, 별도 확인 필요",
6761,SUCROSE,자당,,P1000002000000,식품유형,"사용기준 못찾음, 별도 확인 필요",,"기타, 별도 확인 필요",
6762,SUCROSE SYRUP,자당시럽,,P1000002000013,식품유형,"사용기준 못찾음, 별도 확인 필요",,"기타, 별도 확인 필요",
6763,SUCROSE ACETATE ISOBUTYRATE,자당지방산에스테르,"Sucrose Esters of Fatty Acids (473), 473",B1000203000000,식품첨가물,II. 2. 1)의 규정에 따라 사용하여야 한다.,유화제,"기타, 별도 확인 필요",
6764,PLUM,자두,,A1001592000000,식품원료,원료이기에 사용기준 없음,,사용가능,
6765,,자두과즙액,,A1001592930026,식품원료,원료이기에 사용기준 없음,,사용가능,
6766,,자두나무열매,,A1001593930000,식품원료,원료이기에 사용기준 없음,,사용가능,
6767,,자두농축,,A1001592000800,식품원료,원료이기에 사용기준 없음,,사용가능,
6768,,자두농축액,,A1001592000814,식품원료,원료이기에 사용기준 없음,,사용가능,
6769,CONCENTRATED PLUM PUREE,자두농축퓨레,,A1054081000834,식품원료,원료이기에 사용기준 없음,,사용가능,
6770,,자두다이스,,A1001592000007,식품원료,원료이기에 사용기준 없음,,사용가능,
6771,,자두분말,,A1001592000001,식품원료,원료이기에 사용기준 없음,,사용가능,
6772,,자두분말과즙,,A1001592000057,식품원료,원료이기에 사용기준 없음,,사용가능,
6773,,자두분말추출물,,A1001592004501,식품원료,원료이기에 사용기준 없음,,사용가능,
6774,,자두주스,,A1001592000025,식품원료,원료이기에 사용기준 없음,,사용가능,
6775,PLUM JUICE CONCENTRATE,자두주스농축물,,A1001592000825,식품원료,원료이기에 사용기준 없음,,사용가능,
6776,PLUM EXTRACT,자두추출물,,A1001592004500,식품원료,원료이기에 사용기준 없음,,사용가능,
6777,PLUM PASTE,자두페이스트,,A1001592000033,식품원료,원료이기에 사용기준 없음,,사용가능,
6778,PLUM PUREE,자두퓌레,,A1001592000034,식품원료,원료이기에 사용기준 없음,,사용가능,
6779,TRIONYX SINENSIS,자라,,A3000602000000,식품원료,원료이기에 사용기준 없음,,사용가능,
6780,SOFT SHELL TURTLE EGG POWDER,자라알분말,,A3000602050001,식품원료,원료이기에 사용기준 없음,,사용가능,
6781,,자라유,,A3000602000020,식품원료,원료이기에 사용기준 없음,,사용가능,
6782,,자라추출물,,A3000602004500,식품원료,원료이기에 사용기준 없음,,사용가능,
6783,,자리돔,,A3000603000000,식품원료,원료이기에 사용기준 없음,,사용가능,
6784,GRAPEFRUITE,자몽,,A1001596000000,식품원료,원료이기에 사용기준 없음,,사용가능,
6785,GRAPEFRUIT PULP,자몽과육,,A1001596300000,식품원료,원료이기에 사용기준 없음,,사용가능,
6786,GRAPEFRUITE PULP JUICE,자몽과즙,,A1001596000026,식품원료,원료이기에 사용기준 없음,,사용가능,
6787,GRAPEFRUITE PEEL DISTILLATE,자몽껍질증류액,,A1054084776914,식품원료,원료이기에 사용기준 없음,,"기타, 별도 확인 필요",
6788,GRAPEFRUIT CONCENTRATE,자몽농축,,A1001596000800,식품원료,원료이기에 사용기준 없음,,사용가능,
6789,,자몽농축과즙,,A1001596000826,식품원료,원료이기에 사용기준 없음,,사용가능,
6790,,자몽농축분말,,A1001596010801,식품원료,원료이기에 사용기준 없음,,사용가능,
6791,,자몽농축액,,A1001596000814,식품원료,원료이기에 사용기준 없음,,사용가능,
6792,GRAPEFRUITE POWDER,자몽분말,,A1001596000001,식품원료,원료이기에 사용기준 없음,,사용가능,
6793,,자몽식이섬유,,A1001596000084,식품원료,원료이기에 사용기준 없음,,사용가능,
6794,GRAPEFRUIT PEEL,자몽열매껍질,,A1001596240000,식품원료,원료이기에 사용기준 없음,,사용가능,
6795,GRAPEFRUIT PEEL POWDER,자몽열매껍질분말,,A1001596240001,식품원료,원료이기에 사용기준 없음,,사용가능,
6796,GRAPEFRUIT PEEL EXTRACT,자몽열매껍질추출물,,A1001596244500,식품원료,원료이기에 사용기준 없음,,사용가능,
6797,,자몽열매펄프,,A1001596230032,식품원료,원료이기에 사용기준 없음,,사용가능,
6798,GRAPEFRUIT OIL,자몽오일,,A1001596000020,식품원료,원료이기에 사용기준 없음,,사용가능,
6799,GRAPEFRUITE SEED EXTRACT,자몽종자추출물,,B2000115000000,식품첨가물,II. 2. 1)의 규정에 따라 사용하여야 한다.,보존료,"기타, 별도 확인 필요",
6800,GRAPEFRUITE SEED EXTRACT POWDER,자몽종자추출분말,,A1001596324501,식품원료,원료이기에 사용기준 없음,,사용가능,
6801,GRAPEFRUITE SEED EXTRACT SYRUP,자몽종자추출시럽,,A1001596324513,식품원료,원료이기에 사용기준 없음,,사용가능,
6802,,자몽종차추출물,,A1001596324500,식품원료,원료이기에 사용기준 없음,,사용가능,
6803,GRAPEFRUITE JUICE,자몽주스,,A1001596000025,식품원료,원료이기에 사용기준 없음,,사용가능,
6804,GRAPEFRUITE JUICE CONCENTRATE,자몽주스농축액,,A1001596000825,식품원료,원료이기에 사용기준 없음,,사용가능,
6805,GRAPEFRUITE JUICE POWDER,자몽주스분말,,A1001596000069,식품원료,원료이기에 사용기준 없음,,사용가능,
6806,GRAPEFRUITE DISTILLED,자몽증류액,,A1001596006914,식품원료,원료이기에 사용기준 없음,,사용가능,
6807,GRAPEFRUITE EXTRACT,자몽추출물,,A1001596004500,식품원료,원료이기에 사용기준 없음,,사용가능,
6808,"EXTRACT COMPLEX OF GRAPEFRUIT, ORANGE AND GUARANA",자몽추출물등 복합물(Sinetrol)(기능성원료인정제2019-24호),,C9001057000000,건강기능식품,"사용기준 못찾음, 별도 확인 필요",,사용가능,
6809,GRAPEFRUITE EXTRACT POWDER,자몽추출분말,,A1001596004501,식품원료,원료이기에 사용기준 없음,,사용가능,
6810,,자몽추출액,,A1001596004514,식품원료,원료이기에 사용기준 없음,,사용가능,
6811,GRAPEFRUITE PUREE,자몽퓨레,,A1054068000034,식품원료,원료이기에 사용기준 없음,,사용가능,
6812,JAVA TURMERIC,자바투메릭,,A1001597000000,식품원료,원료이기에 사용기준 없음,,"제한적사용가능, 별도 확인 필요",
6813,,자바투메릭뿌리,,A1001597610000,식품원료,원료이기에 사용기준 없음,,"제한적사용가능, 별도 확인 필요",
6814,JAVA TURMERIC EXTRACT,자바투메릭추출물,,A1001597614500,식품원료,원료이기에 사용기준 없음,,"제한적사용가능, 별도 확인 필요",
6815,,자바플럼열매,,A1001598230000,식품원료,원료이기에 사용기준 없음,,사용가능,
6816,JAVA PLUM FRUITS EXTRACT,자바플럼열매추출물,,A1054107234500,식품원료,원료이기에 사용기준 없음,,사용가능,
6817,JAVA PLUM FRUITS EXTRACT,자바플럼열매추출분말,,A1001598234501,식품원료,원료이기에 사용기준 없음,,사용가능,
6818,Javanese long pepper,자바후추열매,,A1005215230000,식품원료,원료이기에 사용기준 없음,,"제한적사용가능, 별도 확인 필요",
6819,Javanese long pepper extract powder,자바후추열매추출분말,,A1005215234501,식품원료,원료이기에 사용기준 없음,,"제한적사용가능, 별도 확인 필요",
6820,PURPLE SWEET POTATO,자색고구마,,A1002228000000,식품원료,원료이기에 사용기준 없음,,사용가능,
6821,PURPLE POTATO POWDER,자색고구마가루,Purple Sweet Potato Powder,A1002228000001,식품원료,원료이기에 사용기준 없음,,사용가능,
6822,,자색고구마농축액,,A1002228000814,식품원료,원료이기에 사용기준 없음,,사용가능,
6823,,자색고구마즙,,A1002228630026,식품원료,원료이기에 사용기준 없음,,사용가능,
6824,,자색고구마페이스트,,A1002228000033,식품원료,원료이기에 사용기준 없음,,사용가능,
6825,PURPLE CARROT,자색당근,,A1002818000000,식품원료,원료이기에 사용기준 없음,,사용가능,
6826,PURPLE CARROT CONCENTRATE,자색당근농축,,A1002818000800,식품원료,원료이기에 사용기준 없음,,사용가능,
6827,PURPLE CARROT CONCENTRATE,자색당근농축액,,A1002818000814,식품원료,원료이기에 사용기준 없음,,사용가능,
6828,,자색당근분말,,A1002818000001,식품원료,원료이기에 사용기준 없음,,사용가능,
6829,PURPLE CARROT JUICE,자색당근주스,,A1002818000025,식품원료,원료이기에 사용기준 없음,,사용가능,
6830,PURPLE CARROT CONCENTRATE JUICE,자색당근주스농축액,,A1002818000825,식품원료,원료이기에 사용기준 없음,,사용가능,
6831,,자색뿔돔,,A3000606000000,식품원료,원료이기에 사용기준 없음,,사용가능,
6832,,자숙굴,,A3000111001Z00,식품원료,원료이기에 사용기준 없음,,사용가능,
6833,,자숙대두,,A1000633001Z00,식품원료,원료이기에 사용기준 없음,,사용가능,
6834,,자숙바지락살,,A3000369081Z00,식품원료,원료이기에 사용기준 없음,,사용가능,
6835,,자숙홍합살,,A3000809081Z00,식품원료,원료이기에 사용기준 없음,,사용가능,
6836,RED JASMINE RICE,자스민쌀,,A1002823000000,식품원료,원료이기에 사용기준 없음,,사용가능,
6837,MILK-VETCH,자운영,,A1001599000000,식품원료,원료이기에 사용기준 없음,,사용가능,
6838,GIANT QUEEN FISH,자이언트 퀸 피쉬,,A3011915000000,식품원료,원료이기에 사용기준 없음,,사용가능,
6839,Giant bladder kelp,자이언트블래더캘프,,A3000855000000,식품원료,원료이기에 사용기준 없음,,사용가능,
6840,XYLANASE,자일라나아제,,B2000208000000,식품첨가물,II. 2. 1)의 규정에 따라 사용하여야 한다.,효소제,"기타, 별도 확인 필요",
6841,,자일로올리고당,,P0110050000000,식품유형,"사용기준 못찾음, 별도 확인 필요",,"기타, 별도 확인 필요",
6842,XYLITOL,자일리톨,,B1000204000000,식품첨가물,II. 2. 1)의 규정에 따라 사용하여야 한다.,감미료,"기타, 별도 확인 필요",
6843,,자일리톨(기능성원료인정제2004-2호),,C9000002000000,건강기능식품,"사용기준 못찾음, 별도 확인 필요",,"기타, 별도 확인 필요",
6844,,자작나무수액,,A1001601100000,식품원료,원료이기에 사용기준 없음,,사용가능,
6845,,자작나무추출물,,A1001601004500,식품원료,원료이기에 사용기준 없음,,사용가능,
6846,ALFALFA,자주개자리,,A1001602000000,식품원료,원료이기에 사용기준 없음,,사용가능,
6847,,자주개자리농축분말,,A1001602010801,식품원료,원료이기에 사용기준 없음,,사용가능,
6848,ALFALFA POWDER,자주개자리분말,,A1001602000001,식품원료,원료이기에 사용기준 없음,,사용가능,
6849,ALFALFA,자주개자리싹,,A1001602C60000,식품원료,원료이기에 사용기준 없음,,사용가능,
6850,ALFALFA SEED,자주개자리씨앗,,A1001602320000,식품원료,원료이기에 사용기준 없음,,사용가능,
6851,,자주개자리잎,,A1001602380000,식품원료,원료이기에 사용기준 없음,,사용가능,
6852,ALFALFA HERB POWDER,자주개자리잎분말,,A1001602380001,식품원료,원료이기에 사용기준 없음,,사용가능,
6853,ALFALFA JUICE CONCENTRATE,자주개자리주스농축,,A1001602000825,식품원료,원료이기에 사용기준 없음,,사용가능,
6854,ALFALFA JUICE POWDER,자주개자리주스분말,,A1001602000069,식품원료,원료이기에 사용기준 없음,,사용가능,
6855,,자주개자리추출물,,A1001602004500,식품원료,원료이기에 사용기준 없음,,사용가능,
6856,ALFALFA EXTRACT POWDER,자주개자리추출분말,,A1001602004501,식품원료,원료이기에 사용기준 없음,,사용가능,
6857,PURPLE POTATO COLOR,자주색감자색소,,B2009151000000,식품첨가물,"사용기준 못찾음, 별도 확인 필요",,사용불가,
6858,ANTHOCYANINS(PURPLE SWEET POTATO COLOR),자주색고구마색소,,B2000142000000,식품첨가물,"사용기준 찾음, 별도 확인 필요",착색료,"기타, 별도 확인 필요",
6859,COLOURING PURPLE CORN,자주색옥수수색소,,B2000116000000,식품첨가물,"사용기준 찾음, 별도 확인 필요",착색료,"기타, 별도 확인 필요",
6860,PURPLE YAM COLOR,자주색참마색소,,B2000143000000,식품첨가물,"사용기준 찾음, 별도 확인 필요",착색료,"기타, 별도 확인 필요",
6861,CAULIFLOWER,자주양배추,,A1003106000000,식품원료,원료이기에 사용기준 없음,,사용가능,
6862,,자주양배추꽃농축액,,A1003106140814,식품원료,원료이기에 사용기준 없음,,사용가능,
6863,,자주양배추농축액,,A1003106010814,식품원료,원료이기에 사용기준 없음,,사용가능,
6864,CAULIFLOWER POWDER,자주양배추분말,,A1003106000001,식품원료,원료이기에 사용기준 없음,,사용가능,
6865,CAULIFLOWER EXTRACT,자주양배추추출물,,A1003106004500,식품원료,원료이기에 사용기준 없음,,사용가능,
6866,SWORD RAZOR SHELL,작두콩가리맛조개과(Ensis siliqua),,A3011973000000,식품원료,원료이기에 사용기준 없음,,사용가능,
6867,PAENY ROOT,작약,,A1001610000000,식품원료,원료이기에 사용기준 없음,,"제한적사용가능, 별도 확인 필요",
6868,,작약농축액,,A1001610000814,식품원료,원료이기에 사용기준 없음,,"제한적사용가능, 별도 확인 필요",
6869,,작약분말,,A1001610000001,식품원료,원료이기에 사용기준 없음,,"제한적사용가능, 별도 확인 필요",
6870,,작약뿌리,,A1001610610000,식품원료,원료이기에 사용기준 없음,,"제한적사용가능, 별도 확인 필요",
6871,,작약추출고형분,,A1001610004504,식품원료,원료이기에 사용기준 없음,,"제한적사용가능, 별도 확인 필요",
6872,,작약추출물,,A1001610004500,식품원료,원료이기에 사용기준 없음,,"제한적사용가능, 별도 확인 필요",
6873,,작약추출물분말,,A1001610004501,식품원료,원료이기에 사용기준 없음,,"제한적사용가능, 별도 확인 필요",
6874,SMALL LEAVED LIME,작은잎라임,,A1001612000000,식품원료,원료이기에 사용기준 없음,,사용가능,
6875,,작은잎라임꽃,,A1001612140000,식품원료,원료이기에 사용기준 없음,,사용가능,
6876,TILIA CORDATA EXTRACT,작은잎라임꽃추출물,,A1001612144500,식품원료,원료이기에 사용기준 없음,,사용가능,
6877,,작은잎라임잎,,A1001612380000,식품원료,원료이기에 사용기준 없음,,사용가능,
6878,COTTON GRASS,작은황새풀,,A1002813000000,식품원료,원료이기에 사용기준 없음,,사용가능,
6879,Maerl Coralline Alga,잔가시쩍,,A1003112010000,식품원료,원료이기에 사용기준 없음,,사용가능,
6880,MAERL CORALLINE ALGA EXTRACT POWDER,잔가시쩍추출분말,,A1003112014501,식품원료,원료이기에 사용기준 없음,,사용가능,
6881,,잔멸치,,A3000894000000,식품원료,원료이기에 사용기준 없음,,사용가능,
6882,Shortfin lizardfish,잔비늘매퉁이,,A3001136000000,식품원료,원료이기에 사용기준 없음,,사용가능,
6883,XANTHAN GUM,잔탄검,E415,B2000032000000,식품첨가물,II. 2. 1)의 규정에 따라 사용하여야 한다.,증점제,"기타, 별도 확인 필요",
6884,,잔파,,A1002310000000,식품원료,원료이기에 사용기준 없음,,사용가능,
6885,BROAD BEAN,잠두,,A1001614000000,식품원료,원료이기에 사용기준 없음,,사용가능,
6886,BROAD BEAN PROTEIN,잠두단백,,A1001614000008,식품원료,원료이기에 사용기준 없음,,사용가능,
6887,,잠두분말,,A1001614000001,식품원료,원료이기에 사용기준 없음,,사용가능,
6888,,잠두씨앗,,A1001614320000,식품원료,원료이기에 사용기준 없음,,사용가능,
6889,BROAD BEAN SEED FIBER,잠두씨앗식이섬유,,A1001614320084,식품원료,원료이기에 사용기준 없음,,사용가능,
6890,,잠두전분,,A1001614000038,식품원료,원료이기에 사용기준 없음,,사용가능,
6891,BROAD BEAN PASTE,잠두페이스트,,A1001614000033,식품원료,원료이기에 사용기준 없음,,사용가능,
6892,PINE NUT( KERNEL),잣,,A1001615000000,식품원료,원료이기에 사용기준 없음,,사용가능,
6893,PINE NUT OIL,잣기름,,A1001615000020,식품원료,원료이기에 사용기준 없음,,사용가능,
6894,,잣나무잎,,A1001616380000,식품원료,원료이기에 사용기준 없음,,사용가능,
6895,PINE NUT EXTRACT,잣추출물,,A1001615004500,식품원료,원료이기에 사용기준 없음,,사용가능,
6896,,장갱이,,A3000609000000,식품원료,원료이기에 사용기준 없음,,사용가능,
6897,,장뇌삼,,A1053946000000,식품원료,원료이기에 사용기준 없음,,사용가능,
6898,RED FISH,장문볼락,,A3000610000000,식품원료,원료이기에 사용기준 없음,,사용가능,
6899,ROSE,장미,,A1001623000000,식품원료,원료이기에 사용기준 없음,,사용가능,
6900,,장미꽃,,A1001623140000,식품원료,원료이기에 사용기준 없음,,사용가능,
6901,ROSE BUD,장미꽃봉오리,,A1001623150000,식품원료,원료이기에 사용기준 없음,,사용불가,
6902,ROSE PETALS,장미꽃잎,,A1001623170000,식품원료,원료이기에 사용기준 없음,,사용가능,
6903,,장미꽃잎추출물,,A1001623174500,식품원료,원료이기에 사용기준 없음,,사용가능,
6904,,장미꽃잎추출물분말,,A1001623174501,식품원료,원료이기에 사용기준 없음,,사용가능,
6905,,장미꽃잎추출액,,A1001623174514,식품원료,원료이기에 사용기준 없음,,사용가능,
6906,,장미농축액,,A1001623000814,식품원료,원료이기에 사용기준 없음,,사용가능,
6907,,장미분말,,A1001623000001,식품원료,원료이기에 사용기준 없음,,사용가능,
6908,,장미순,,A1001623880000,식품원료,원료이기에 사용기준 없음,,사용가능,
6909,,장미열매,,A1001623230000,식품원료,원료이기에 사용기준 없음,,사용가능,
6910,,장미열매분말,,A1001623230001,식품원료,원료이기에 사용기준 없음,,사용가능,
6911,,장미열매추출물,,A1001623234500,식품원료,원료이기에 사용기준 없음,,사용가능,
6912,ROSA CENTIFOLIA(ROSE)FLOWER OIL,장미유,,A1001623000020,식품원료,원료이기에 사용기준 없음,,사용가능,
6913,,장미잎,,A1001623380000,식품원료,원료이기에 사용기준 없음,,사용가능,
6914,,장미주스,,A1001623000025,식품원료,원료이기에 사용기준 없음,,사용가능,
6915,,장미즙,,A1001623000026,식품원료,원료이기에 사용기준 없음,,사용가능,
6916,ROSE DISTILLATE,장미증류액,,A1001623006914,식품원료,원료이기에 사용기준 없음,,사용가능,
6917,,장미추출물,,A1001623004500,식품원료,원료이기에 사용기준 없음,,사용가능,
6918,,장미추출액,,A1001623004514,식품원료,원료이기에 사용기준 없음,,사용가능,
6919,,장어,,A3000613000000,식품원료,원료이기에 사용기준 없음,,사용가능,
6920,,장어간,,A3000613200000,식품원료,원료이기에 사용기준 없음,,사용가능,
6921,,장어뼈,,A3000613070000,식품원료,원료이기에 사용기준 없음,,사용가능,
6922,,장어뼈국물,,A3000613070014,식품원료,원료이기에 사용기준 없음,,사용가능,
6923,,장어살,,A3000613080000,식품원료,원료이기에 사용기준 없음,,사용가능,
6924,,장어추출물,,A3000613004500,식품원료,원료이기에 사용기준 없음,,사용가능,
6925,,장엽복분자열매,,A1001628230000,식품원료,원료이기에 사용기준 없음,,사용가능,
6926,,재래김,,A3001003010000,식품원료,원료이기에 사용기준 없음,,사용가능,
6927,,재스민추출물,,A1001633004500,식품원료,원료이기에 사용기준 없음,,사용가능,
6928,,재제소금(재제조소금),,P0129120200000,식품유형,"사용기준 못찾음, 별도 확인 필요",,"기타, 별도 확인 필요",
6929,,재첩,,A3000614000000,식품원료,원료이기에 사용기준 없음,,사용가능,
6930,,재첩추출물,,A3000614004500,식품원료,원료이기에 사용기준 없음,,사용가능,
6931,,잿방어,,A3000615000000,식품원료,원료이기에 사용기준 없음,,사용가능,
6932,,잿빛만가닥버섯,,A1001632B90000,식품원료,원료이기에 사용기준 없음,,사용가능,
6933,저단선,저단선,,A1003075000000,식품원료,원료이기에 사용기준 없음,,사용가능,
6934,,저단선열매,,A1003075230000,식품원료,원료이기에 사용기준 없음,,사용가능,
6935,저단선,저단선열매농축액,,A1003075230814,식품원료,원료이기에 사용기준 없음,,사용가능,
6936,,저령,,A1001635000000,식품원료,원료이기에 사용기준 없음,,사용가능,
6937,,저령균핵,,A1001635050000,식품원료,원료이기에 사용기준 없음,,사용가능,
6938,,저령분말,,A1001635050001,식품원료,원료이기에 사용기준 없음,,사용가능,
6939,Low molecular weight Fish Collagen Peptide (Naticol® BPMG),저분자 피쉬 콜라겐 펩타이드 (Naticol® BPMG)(기능성원료인정제2023-25호),,C9001029000000,건강기능식품,"사용기준 못찾음, 별도 확인 필요",,"기타, 별도 확인 필요",
6940,,저분자콜라겐펩타이드(기능성원료 인정 제2013-30호),,C9000456000000,건강기능식품,"사용기준 못찾음, 별도 확인 필요",,"기타, 별도 확인 필요",
6941,Low molecular weight collagen peptide,저분자콜라겐펩타이드(기능성원료인정제2023-33호),,C9001031000000,건강기능식품,"사용기준 못찾음, 별도 확인 필요",,"기타, 별도 확인 필요",
6942,REDUCED FAT MILK,저지방우유,,P0201020100000,식품유형,"사용기준 못찾음, 별도 확인 필요",,"기타, 별도 확인 필요",
6943,,저지방우유분말,,P0201020100001,식품유형,"사용기준 못찾음, 별도 확인 필요",,"기타, 별도 확인 필요",
6944,,적겨자,,A1002248000000,식품원료,원료이기에 사용기준 없음,,사용가능,
6945,RED SWEET POTATO,적고구마,,A1002367000000,식품원료,원료이기에 사용기준 없음,,사용가능,
6946,,적근대농축액,,A1002231000814,식품원료,원료이기에 사용기준 없음,,사용가능,
6947,,적돔,,A3000616000000,식품원료,원료이기에 사용기준 없음,,사용가능,
6948,ROMAINE,적로메인상추,,A1001638000000,식품원료,원료이기에 사용기준 없음,,사용가능,
6949,ANTHOCYANINS(RED RADISH COLOR),적무색소,,B2000173000000,식품첨가물,"사용기준 찾음, 별도 확인 필요",착색료,"기타, 별도 확인 필요",
6950,,적상추,,A1002312000000,식품원료,원료이기에 사용기준 없음,,사용가능,
6951,RED CABBAGE,적양배추,,A1002233000000,식품원료,원료이기에 사용기준 없음,,사용가능,
6952,,적양배추농축액,,A1002233000814,식품원료,원료이기에 사용기준 없음,,사용가능,
6953,ANTHOCYANINS(RED CABBAGE COLOR),적양배추색소,,B2000050000000,식품첨가물,"사용기준 찾음, 별도 확인 필요",착색료,"기타, 별도 확인 필요",
6954,RED CABBAGE JUICE,적양배추주스,,A1002233000025,식품원료,원료이기에 사용기준 없음,,사용가능,
6955,,적작약,,A1001639000000,식품원료,원료이기에 사용기준 없음,,"제한적사용가능, 별도 확인 필요",
6956,,적치커리,,A1002262000000,식품원료,원료이기에 사용기준 없음,,사용가능,
6957,,전갱이,,A3000617000000,식품원료,원료이기에 사용기준 없음,,사용가능,
6958,POWDER HORSE MACKEREL,전갱이분말,,A3000617000001,식품원료,원료이기에 사용기준 없음,,사용가능,
6959,,전갱이살,,A3000617080000,식품원료,원료이기에 사용기준 없음,,사용가능,
6960,HORSE MACKEREL EXTRACT,전갱이추출물,,A3000617004500,식품원료,원료이기에 사용기준 없음,,사용가능,
6961,,전갱이포,,A3000617000050,식품원료,원료이기에 사용기준 없음,,사용가능,
6962,CONCENTRATED WHOLE EGG,전란농축물,,A2000002000800,식품원료,원료이기에 사용기준 없음,,사용가능,
6963,,전란단백분말,,A2000002000045,식품원료,원료이기에 사용기준 없음,,사용가능,
6964,,전복,,A3000618000000,식품원료,원료이기에 사용기준 없음,,사용가능,
6965,,전복내장,,A3000618060000,식품원료,원료이기에 사용기준 없음,,사용가능,
6966,,전복느타리버섯,,A1001641000000,식품원료,원료이기에 사용기준 없음,,사용가능,
6967,ABALONE POWDER,전복분말,,A3000618000001,식품원료,원료이기에 사용기준 없음,,사용가능,
6968,ABALONE EXTRACT,전복추출물,,A3000618004500,식품원료,원료이기에 사용기준 없음,,사용가능,
6969,,전분,,P0204244000000,식품유형,"사용기준 못찾음, 별도 확인 필요",,"기타, 별도 확인 필요",
6970,STARCH,,,,식품원료,종류확인. potato starch 등,,"기타, 별도 확인 필요",
6971,,전어,,A3000619000000,식품원료,원료이기에 사용기준 없음,,사용가능,
6972,MILK POWDER,전지분유,"whole milk powder, Powder Milk",P0201130100000,식품유형,원료이기에 사용기준 없음,,"기타, 별도 확인 필요",
6973,,전칠삼뿌리,,A1001643610000,식품원료,원료이기에 사용기준 없음,,사용가능,
6974,PANAX NOTOGINSENG ROOT EXTRACT POWDER,전칠삼뿌리추출분말,,A1054111614501,식품원료,원료이기에 사용기준 없음,,사용가능,
6975,,전칠삼추출물,,A1001643614500,식품원료,원료이기에 사용기준 없음,,사용가능,
6976,"IRON, ELECTROLYTIC",전해철,,B1000205000000,식품첨가물,II. 2. 1)의 규정에 따라 사용하여야 한다.,영양강화제,"기타, 별도 확인 필요",
6977,,전호,,A1001644000000,식품원료,원료이기에 사용기준 없음,,사용가능,
6978,INVERT SUGAR,전화당,,P1000015000000,식품유형,"사용기준 못찾음, 별도 확인 필요",,"기타, 별도 확인 필요",
6979,INVERT SUGAR SYRUP,전화당시럽,Partially Inverted Refiners Syrup,P1000020000000,식품유형,"사용기준 못찾음, 별도 확인 필요",,"기타, 별도 확인 필요",
6980,,점다랑어,,A3000624000000,식품원료,원료이기에 사용기준 없음,,사용가능,
6981,RED CODLING,점수염대구,,A3001157000000,식품원료,원료이기에 사용기준 없음,,사용가능,
6982,,점촉수,,A3000631000000,식품원료,원료이기에 사용기준 없음,,사용가능,
6983,HOLLYHOCK,접시꽃,,A1002693000000,식품원료,원료이기에 사용기준 없음,,사용불가,
6984,,젓새우,,A3000632000000,식품원료,원료이기에 사용기준 없음,,사용가능,
6985,SARDINE,정어리,,A3000633000000,식품원료,원료이기에 사용기준 없음,,사용가능,
6986,HYDROLYZED SARDINE PROTEIN,정어리가수분해단백질,,A3000633000208,식품원료,원료이기에 사용기준 없음,,사용가능,
6987,SARDINE CONCENTRATE,정어리농축,,A3000633000800,식품원료,원료이기에 사용기준 없음,,사용가능,
6988,SARDINE POWDER,정어리분말,,A3000633000001,식품원료,원료이기에 사용기준 없음,,사용가능,
6989,,정어리살,,A3000633080000,식품원료,원료이기에 사용기준 없음,,사용가능,
6990,SARDINE OIL,정어리오일,,A3000633000020,식품원료,원료이기에 사용기준 없음,,사용가능,
6991,SARDINE EXTRACT,정어리추출물,,A3000633004500,식품원료,원료이기에 사용기준 없음,,사용가능,
6992,,정어리추출액,,A3000633004514,식품원료,원료이기에 사용기준 없음,,사용가능,
6993,,정어리펩타이드,,A3000633000008,식품원료,원료이기에 사용기준 없음,,사용가능,
6994,,정어리펩타이드분말,,A3000633000045,식품원료,원료이기에 사용기준 없음,,사용가능,
6995,,정어리포,,A3000633000050,식품원료,원료이기에 사용기준 없음,,사용가능,
6996,,정제경화야자유,,P1114130008600,식품유형,"사용기준 못찾음, 별도 확인 필요",,사용가능,
6997,COCONUT OIL(FAT),정제경화코코넛오일,,A1001855008620,식품원료,원료이기에 사용기준 없음,,사용가능,
6998,,정제곤약분말,,A1000361628501,식품원료,원료이기에 사용기준 없음,,사용가능,
6999,,정제다랑어어유,,A3000216008520,식품원료,원료이기에 사용기준 없음,,사용가능,
7000,,정제대두유,,A1000633008520,식품원료,원료이기에 사용기준 없음,,사용가능,
7001,,정제돼지기름,,A2000005008520,식품원료,원료이기에 사용기준 없음,,사용가능,
7002,,정제돼지지방,,A20000052Z8500,식품원료,원료이기에 사용기준 없음,,사용가능,
7003,PARTICIALLY HYDROGENATED COTTON SEED OIL,정제목화씨앗유,,A1000869328520,식품원료,원료이기에 사용기준 없음,,"제한적사용가능, 별도 확인 필요",
7004,,정제밀겨,,A1000911C48500,식품원료,원료이기에 사용기준 없음,,사용가능,
7005,,정제상어간유추출물,,A3000485204520,식품원료,원료이기에 사용기준 없음,,사용가능,
7006,REFINED SALT,정제소금,salt,P0129120400000,식품유형,원료이기에 사용기준 없음,,"기타, 별도 확인 필요",
7007,,정제소기름,,A20000112Z8500,식품원료,원료이기에 사용기준 없음,,사용가능,
7008,WATER,정제수,"Filtered water, PURIFIED WATER",P0000001000000,식품유형,원료이기에 사용기준 없음,,"기타, 별도 확인 필요",
7009,REFINED AVOCADO OIL,정제아보카도오일,,A1054038238520,식품원료,원료이기에 사용기준 없음,,사용가능,
7010,,정제올리브박유,,A1001489234520,식품원료,원료이기에 사용기준 없음,,사용가능,
7011,REFINED OLIVE OIL,정제올리브유,,A1001489008520,식품원료,원료이기에 사용기준 없음,,사용가능,
7012,,정제우유,,A2000016008500,식품원료,원료이기에 사용기준 없음,,사용가능,
7013,REFINED RAPESEED OIL / RAPESEED FRACTION,정제유채유,,A1054134328520,식품원료,원료이기에 사용기준 없음,,사용가능,
7014,,정제참다랑어유,,A3001025008520,식품원료,원료이기에 사용기준 없음,,사용가능,
7015,REFINED COCONUT OIL,정제코코넛오일,,A1001855008520,식품원료,원료이기에 사용기준 없음,,사용가능,
7016,,정제팜유,,A1001982238520,식품원료,원료이기에 사용기준 없음,,사용가능,
7017,REFINED SUNFLOWER OIL,정제해바라기씨유,,A1054164328506,식품원료,원료이기에 사용기준 없음,,사용가능,
7018,,정제효소제,,B2000006000400,식품첨가물,"사용기준 못찾음, 별도 확인 필요",,"기타, 별도 확인 필요",
7019,CLOVE,정향나무,,A1001651000000,식품원료,원료이기에 사용기준 없음,,사용가능,
7020,CLOVES,정향나무꽃봉오리,,A1001651150000,식품원료,원료이기에 사용기준 없음,,사용가능,
7021,CLOVE GROUND,정향나무꽃봉오리분말,,A1001651150001,식품원료,원료이기에 사용기준 없음,,사용가능,
7022,CLOVE EMULSION,정향나무꽃봉오리오일,,A1001651150020,식품원료,원료이기에 사용기준 없음,,사용가능,
7023,CLOVE EXTRACT,정향나무꽃봉오리추출물,,A1001651154500,식품원료,원료이기에 사용기준 없음,,사용가능,
7024,,정향나무눈오일,,A1001651C60020,식품원료,원료이기에 사용기준 없음,,사용가능,
7025,,정향나무분말,,A1001651000001,식품원료,원료이기에 사용기준 없음,,사용가능,
7026,,정향나무오일,,A1001651000020,식품원료,원료이기에 사용기준 없음,,사용가능,
7027,,정향나무잎,,A1001651380000,식품원료,원료이기에 사용기준 없음,,사용가능,
7028,CLOVE LEAF OIL,정향나무잎오일,,A1001651380020,식품원료,원료이기에 사용기준 없음,,사용가능,
7029,,정향나무줄기오일,,A1001651490020,식품원료,원료이기에 사용기준 없음,,사용가능,
7030,,정향나무추출분말,,A1001651004501,식품원료,원료이기에 사용기준 없음,,사용가능,
7031,,정향나무추출액,,A1001651004514,식품원료,원료이기에 사용기준 없음,,사용가능,
7032,,젖버섯,,A1001653B90000,식품원료,원료이기에 사용기준 없음,,사용가능,
7033,LACTIC ACID,젖산,,B1000206000000,식품첨가물,II. 2. 1)의 규정에 따라 사용하여야 한다.,산도조절제,"기타, 별도 확인 필요",
7034,SODIUM LACTATE,젖산나트륨,,B1000339000000,식품첨가물,II. 2. 1)의 규정에 따라 사용하여야 한다.,산도조절제,"기타, 별도 확인 필요",
7035,LACTIC ACID CONCENTRATE,젖산농축,,B1000206000800,식품첨가물,"사용기준 못찾음, 별도 확인 필요",,사용가능,
7036,FERROUS LACTATE,젖산철,,B1000207000000,식품첨가물,II. 2. 1)의 규정에 따라 사용하여야 한다.,산도조절제,"기타, 별도 확인 필요",
7037,POTASSIUM LACTATE,젖산칼륨,E326,B1000394000000,식품첨가물,II. 2. 1)의 규정에 따라 사용하여야 한다.,산도조절제,"기타, 별도 확인 필요",
7038,CALCIUM LACTATE,젖산칼슘,,B1000208000000,식품첨가물,II. 2. 1)의 규정에 따라 사용하여야 한다.,산도조절제,"기타, 별도 확인 필요",
7039,,제라늄꽃,,A1002641140000,식품원료,원료이기에 사용기준 없음,,사용가능,
7040,GERANIUM,제라니움,,A1002641000000,식품원료,원료이기에 사용기준 없음,,사용가능,
7041,CERANIUM MACULATUM(GERANIUM) OIL,제라니움 오일,,A1002641000020,식품원료,원료이기에 사용기준 없음,,사용가능,
7042,"GERANIUM , ROSE","제라니움,로즈",,A1002642000000,식품원료,원료이기에 사용기준 없음,,사용불가,
7043,VIOLET,제비꽃,,A1001657000000,식품원료,원료이기에 사용기준 없음,,사용가능,
7044,,제비꽃어린순,,A1001657060000,식품원료,원료이기에 사용기준 없음,,사용가능,
7045,,제비꽃어린잎,,A1001657400000,식품원료,원료이기에 사용기준 없음,,사용가능,
7046,,제비꽃추출물,,A1001657004500,식품원료,원료이기에 사용기준 없음,,사용가능,
7047,"JE BI SSUK, WILD PLANT",제비쑥,,A1001658000000,식품원료,원료이기에 사용기준 없음,,사용가능,
7048,SALANGANENEST,제비집,,A6000035000000,식품원료,원료이기에 사용기준 없음,,사용가능,
7049,SALANGANE NEST POWDER,제비집분말,,A6000035000001,식품원료,원료이기에 사용기준 없음,,사용가능,
7050,,제비집추출물,,A6000035004500,식품원료,원료이기에 사용기준 없음,,사용가능,
7051,,제비집추출분말,,A6000035004501,식품원료,원료이기에 사용기준 없음,,사용가능,
7052,HYACINTH BEAN,제비콩,,A1001659000000,식품원료,원료이기에 사용기준 없음,,사용가능,
7053,,제비콩씨앗,,A1001659320000,식품원료,원료이기에 사용기준 없음,,사용가능,
7054,DOLICHOS LABLAB SEED EXTRACT,제비콩씨앗추출분말,,A1001659324501,식품원료,원료이기에 사용기준 없음,,사용가능,
7055,"SODIUM PHOSPHATE, TRIBASIC",제삼인산나트륨,,B1000209000000,식품첨가물,II. 2. 1)의 규정에 따라 사용하여야 한다.,산도조절제,"기타, 별도 확인 필요",
7056,"MAGNESIUM PHOSPHATE, TRIBASIC",제삼인산마그네슘,,B1000370000000,식품첨가물,II. 2. 1)의 규정에 따라 사용하여야 한다.,산도조절제,"기타, 별도 확인 필요",
7057,"POTASSIUM PHOSPHATE, TRIBASIC",제삼인산칼륨,,B1000210000000,식품첨가물,II. 2. 1)의 규정에 따라 사용하여야 한다.,산도조절제,"기타, 별도 확인 필요",
7058,"CALCIUM PHOSPHATE, TRIBASIC(TRICALCIUM PHOSPHATE)",제삼인산칼슘,"Tricalcium Phosphate,CALCIUM PHOSPHATE, TRIBASIC(TRICALCIUM PHOSPHATE)",B1000211000000,식품첨가물,"사용기준 찾음, 별도 확인 필요",산도조절제,"기타, 별도 확인 필요",
7059,"SODIUM PHOSPHATE, DIBASIC",제이인산나트륨,,B1000212000000,식품첨가물,II. 2. 1)의 규정에 따라 사용하여야 한다.,산도조절제,"기타, 별도 확인 필요",
7060,"MAGNESIUM PHOSPHATE, DIBASIC",제이인산마그네슘,,B1000371000000,식품첨가물,II. 2. 1)의 규정에 따라 사용하여야 한다.,산도조절제,"기타, 별도 확인 필요",
7061,"AMMONIUM PHOSPHATE, DIBASIC",제이인산암모늄,,B1000213000000,식품첨가물,II. 2. 1)의 규정에 따라 사용하여야 한다.,산도조절제,"기타, 별도 확인 필요",
7062,"POTASSIUM PHOSPHATE, DIBASIC",제이인산칼륨,,B1000214000000,식품첨가물,II. 2. 1)의 규정에 따라 사용하여야 한다.,산도조절제,"기타, 별도 확인 필요",
7063,"CALCIUM PHOSPHATE, DIBASIC",제이인산칼슘,,B1000215000000,식품첨가물,"사용기준 찾음, 별도 확인 필요",산도조절제,"기타, 별도 확인 필요",
7064,"SODIUM PHOSPHATE, MONOBASIC",제일인산나트륨,,B1000216000000,식품첨가물,II. 2. 1)의 규정에 따라 사용하여야 한다.,산도조절제,"기타, 별도 확인 필요",
7065,"AMMONIUM PHOSPHATE, MONOBASIC",제일인산암모늄,,B1000217000000,식품첨가물,II. 2. 1)의 규정에 따라 사용하여야 한다.,산도조절제,"기타, 별도 확인 필요",
7066,"POTASSIUM PHOSPHATE, MONOBASIC",제일인산칼륨,MONOPOTASSIUM PHOSPHATE,B1000218000000,식품첨가물,II. 2. 1)의 규정에 따라 사용하여야 한다.,산도조절제,"기타, 별도 확인 필요",
7067,"CALCIUM PHOSPHATE, MONOBASIC",제일인산칼슘,Monocalcium Phosphate,B1000219000000,식품첨가물,"사용기준 찾음, 별도 확인 필요",산도조절제,"기타, 별도 확인 필요",
7068,SASA QUELPAERTENSIS NAKAI,제주조릿대,,A1001660000000,식품원료,원료이기에 사용기준 없음,,사용가능,
7069,,제주조릿대잎,,A1001660380000,식품원료,원료이기에 사용기준 없음,,사용가능,
7070,GELATIN(BEEF CARTILAGE),젤라틴,,B2000051000000,식품첨가물,II. 2. 1)의 규정에 따라 사용하여야 한다.,유화제,"기타, 별도 확인 필요",
7071,,젤라틴(다시마),,B2009171000000,식품첨가물,"사용기준 못찾음, 별도 확인 필요",,사용가능,
7072,GELATIN(CHICKEN),젤라틴(닭),,B2009174000000,식품첨가물,"사용기준 못찾음, 별도 확인 필요",,사용가능,
7073,GELATIN(DONKEY),젤라틴(당나귀),,B2009178000000,식품첨가물,"사용기준 못찾음, 별도 확인 필요",,사용가능,
7074,GELATIN(PIG),젤라틴(돼지),,B2009169000000,식품첨가물,"사용기준 못찾음, 별도 확인 필요",,사용가능,
7075,GELATIN(SHARK CARTILAGE),젤라틴(상어연골),,B2009176000000,식품첨가물,"사용기준 못찾음, 별도 확인 필요",,사용가능,
7076,GELATIN(BEEF),젤라틴(소),,B2009173000000,식품첨가물,"사용기준 못찾음, 별도 확인 필요",,사용가능,
7077,GELATIN(VEGETABLE),젤라틴(식물성),,B2009175000000,식품첨가물,"사용기준 못찾음, 별도 확인 필요",,사용가능,
7078,GELATIN(FISH),젤라틴(어류),,B2009172000000,식품첨가물,"사용기준 못찾음, 별도 확인 필요",,사용가능,
7079,GELLAN GUM,젤란검,,B2000052000000,식품첨가물,II. 2. 1)의 규정에 따라 사용하여야 한다.,증점제,"기타, 별도 확인 필요",
7080,JELUTONG,젤루통,,B2000546000000,식품첨가물,"사용기준 못찾음, 별도 확인 필요",,"기타, 별도 확인 필요",
7081,MILLET,조,,A1001663000000,식품원료,원료이기에 사용기준 없음,,사용가능,
7082,,조개,,A3000636000000,식품원료,원료이기에 사용기준 없음,,사용가능,
7083,,조개농축액,,A3000636000814,식품원료,원료이기에 사용기준 없음,,사용가능,
7084,,조개농축엑기스,,A3000636000817,식품원료,원료이기에 사용기준 없음,,사용가능,
7085,,조개분말,,A3000636000001,식품원료,원료이기에 사용기준 없음,,사용가능,
7086,,조개엑기스분말,,A3000636000018,식품원료,원료이기에 사용기준 없음,,사용가능,
7087,CLAM EXTRACT CONCENTRATE,조개추출물,,A3000636004500,식품원료,원료이기에 사용기준 없음,,사용가능,
7088,CLAM EXTRACT POWDER,조개추출물분말,,A3000636004501,식품원료,원료이기에 사용기준 없음,,사용가능,
7089,CLAM MEAT,조갯살,,A3000636080000,식품원료,원료이기에 사용기준 없음,,사용가능,
7090,,조단백질,,A1001663000009,식품원료,원료이기에 사용기준 없음,,사용가능,
7091,DHA ALGAL(MICROALGAE) OIL,조류(고시형),,C2000050000000,건강기능식품,"사용기준 못찾음, 별도 확인 필요",,"기타, 별도 확인 필요",
7092,,조분말,,A1001663000001,식품원료,원료이기에 사용기준 없음,,사용가능,
7093,,조씨앗,,A1001663320000,식품원료,원료이기에 사용기준 없음,,사용가능,
7094,MILLET STARCH,조전분,,A1001663000038,식품원료,원료이기에 사용기준 없음,,사용가능,
7095,,조제종국,,B2000622000000,식품첨가물,"사용기준 못찾음, 별도 확인 필요",,"기타, 별도 확인 필요",
7096,CRUDE MAGNESSIUM CHLORIDE(SEA WATER),조제해수염화마그네슘,,B2000205000000,식품첨가물,"사용기준 찾음, 별도 확인 필요",응고제,"기타, 별도 확인 필요",
7097,,조직배양삼,,A1001668000000,식품원료,원료이기에 사용기준 없음,,사용가능,
7098,,조추출물,,A1001663004500,식품원료,원료이기에 사용기준 없음,,사용가능,
7099,SPIRAEA PRUNIFOLIA LEAF EXTRACT,조팝나무잎추출물,,A1003056384500,식품원료,원료이기에 사용기준 없음,,사용가능,
7100,,졸참나무열매,,A1001673230000,식품원료,원료이기에 사용기준 없음,,사용가능,
7101,,좀쥐오줌풀잎,,A1005229380000,식품원료,원료이기에 사용기준 없음,,사용가능,
7102,SUILLUS PICTUS,좀황금비단그물버섯,,A1001683B90000,식품원료,원료이기에 사용기준 없음,,사용가능,
7103,,좁쌀,,A1002280000000,식품원료,원료이기에 사용기준 없음,,사용가능,
7104,,좁쌀풀어린잎,,A1001684400000,식품원료,원료이기에 사용기준 없음,,사용가능,
7105,,좁쌀풀추출물,,A1001684004500,식품원료,원료이기에 사용기준 없음,,사용가능,
7106,,좁쌀풀추출분말,,A1001684004501,식품원료,원료이기에 사용기준 없음,,사용가능,
7107,PIQUANTE,종고추(피콴테고추),,A1002889000000,식품원료,원료이기에 사용기준 없음,,사용가능,
7108,,종국,,B2000053000000,식품첨가물,II. 2. 1)의 규정에 따라 사용하여야 한다.,효소제,"기타, 별도 확인 필요",
7109,PALM SUGAR,종려당(PALM SUGAR),,P1000007000000,식품유형,"사용기준 못찾음, 별도 확인 필요",,"기타, 별도 확인 필요",
7110,PALM SUGAR SYRUP,종려당(PALM SUGAR)시럽,,P1000007000013,식품유형,"사용기준 못찾음, 별도 확인 필요",,"기타, 별도 확인 필요",
7111,PAPERS,종이제,,D4000001000000,기구 및 용기포장,"사용기준 못찾음, 별도 확인 필요",,"기타, 별도 확인 필요",
7112,PAPERS(RUBBER COATING),종이제(고무제도장),,D4000002A30000,기구 및 용기포장,"사용기준 못찾음, 별도 확인 필요",,"기타, 별도 확인 필요",
7113,PAPERS(ACRYLIC RESIN COATING),종이제(아크릴수지도장),,D4000002B60000,기구 및 용기포장,"사용기준 못찾음, 별도 확인 필요",,"기타, 별도 확인 필요",
7114,PAPERS(WAX COATING),종이제(왁스도장),,D4000002B90000,기구 및 용기포장,"사용기준 못찾음, 별도 확인 필요",,"기타, 별도 확인 필요",
7115,PAPERS(POLYLACTIDE COATING),종이제(폴리락타이드도장),,D4000002D60000,기구 및 용기포장,"사용기준 못찾음, 별도 확인 필요",,"기타, 별도 확인 필요",
7116,PAPERS(POLYBUTYLENETEREPHTHALATE COATING),종이제(폴리부틸렌테레프탈레이트도장),,D4000002C50000,기구 및 용기포장,"사용기준 못찾음, 별도 확인 필요",,"기타, 별도 확인 필요",
7117,PAPERS(POLYSTYRENE COATING),종이제(폴리스티렌도장),,D4000002C60000,기구 및 용기포장,"사용기준 못찾음, 별도 확인 필요",,"기타, 별도 확인 필요",
7118,PAPERS(POLYAMIDE COATING),종이제(폴리아미드도장),,D4000002C70000,기구 및 용기포장,"사용기준 못찾음, 별도 확인 필요",,"기타, 별도 확인 필요",
7119,PROCESSED PAPERS(POLYETHYLENE COATING),종이제(폴리에틸렌도장),,D4000002C90000,기구 및 용기포장,"사용기준 못찾음, 별도 확인 필요",,"기타, 별도 확인 필요",
7120,PAPERS(POLYETHYLENETEREPHTHALATE COATING),종이제(폴리에틸렌테레프탈레이트도장),,D4000002D10000,기구 및 용기포장,"사용기준 못찾음, 별도 확인 필요",,"기타, 별도 확인 필요",
7121,PAPERS(POLYVINYL CHLORIDE COATING),종이제(폴리염화비닐도장),,D4000002D20000,기구 및 용기포장,"사용기준 못찾음, 별도 확인 필요",,"기타, 별도 확인 필요",
7122,PAPERS(POLYPROPYLENE COATING),종이제(폴리프로필렌도장),,D4000002D40000,기구 및 용기포장,"사용기준 못찾음, 별도 확인 필요",,"기타, 별도 확인 필요",
7123,,종이제(히드록시부틸폴리에스테르도장),,D4000002D70000,기구 및 용기포장,"사용기준 못찾음, 별도 확인 필요",,"기타, 별도 확인 필요",
7124,,종주둥치,,A3000645000000,식품원료,원료이기에 사용기준 없음,,사용가능,
7125,,주꾸미,,A3000647000000,식품원료,원료이기에 사용기준 없음,,사용가능,
7126,,주둥치,,A3000649000000,식품원료,원료이기에 사용기준 없음,,사용가능,
7127,,주름미더덕,,A3001033000000,식품원료,원료이기에 사용기준 없음,,사용가능,
7128,,주름버섯,,A1002526B90000,식품원료,원료이기에 사용기준 없음,,사용가능,
7129,YEW,주목,,A1001692000000,식품원료,원료이기에 사용기준 없음,,"제한적사용가능, 별도 확인 필요",
7130,,주발버섯,,A1001694B90000,식품원료,원료이기에 사용기준 없음,,사용가능,
7131,TIN,주석,,D5000001600000,기구 및 용기포장,"사용기준 못찾음, 별도 확인 필요",,"기타, 별도 확인 필요",
7132,CHOLINE BITARTRATE,주석산수소콜린,,B1000372000000,식품첨가물,II. 2. 1)의 규정에 따라 사용하여야 한다.,영양강화제,"기타, 별도 확인 필요",
7133,POTASSIUM SODIUM L-TARTRATE,주석산칼륨나트륨,,B1000423000000,식품첨가물,II. 2. 1)의 규정에 따라 사용하여야 한다.,산도조절제,"기타, 별도 확인 필요",
7134,TIN ALLOY,주석합금제,,D5000001610000,기구 및 용기포장,"사용기준 못찾음, 별도 확인 필요",,"기타, 별도 확인 필요",
7135,SPIRITS,주정,"Alcohol,ethyl alcohol",P0204237000000,식품유형,원료이기에 사용기준 없음,,"기타, 별도 확인 필요",
7136,,주정추출분말,,P0204237004501,식품유형,"사용기준 못찾음, 별도 확인 필요",,"기타, 별도 확인 필요",
7137,ORANGE CARROT CONCENTRATE,주황당근농축액,,A1054066000814,식품원료,원료이기에 사용기준 없음,,사용가능,
7138,,죽대아재비열매,,A1005231230000,식품원료,원료이기에 사용기준 없음,,사용가능,
7139,MOSO BAMBOO(LEAF),죽순대잎,,A1001699380000,식품원료,원료이기에 사용기준 없음,,사용가능,
7140,,죽염,,P1000010000000,식품유형,"사용기준 못찾음, 별도 확인 필요",,"기타, 별도 확인 필요",
7141,,준치,,A3000652000000,식품원료,원료이기에 사용기준 없음,,사용가능,
7142,MANCHURIAN WILD RICE,줄,,A1001700000000,식품원료,원료이기에 사용기준 없음,,사용가능,
7143,flathead,줄굽은눈퉁이,,A3001067000000,식품원료,원료이기에 사용기준 없음,,사용가능,
7144,L. SATIVA VAR. ASPARAGINE,줄기상추,,A1002743000000,식품원료,원료이기에 사용기준 없음,,사용가능,
7145,,줄기상추/줄기,,A1002743490000,식품원료,원료이기에 사용기준 없음,,사용가능,
7146,INDIAN MACKEREL,줄무늬고등어,,A3000657000000,식품원료,원료이기에 사용기준 없음,,사용가능,
7147,,줄전갱이,,A3000662000000,식품원료,원료이기에 사용기준 없음,,사용가능,
7148,ZIZANIA LATIFOLIA(GRISEB) TURCZ,줄풀,,A1001703000000,식품원료,원료이기에 사용기준 없음,,사용가능,
7149,,중국계피,,A1002874000000,식품원료,원료이기에 사용기준 없음,,"제한적사용가능, 별도 확인 필요",
7150,"Dang Gui, Dan Gui, Dang quai",중국당귀,,A1001705000000,식품원료,원료이기에 사용기준 없음,,사용가능,
7151,,중국당귀뿌리,,A1001705610000,식품원료,원료이기에 사용기준 없음,,사용가능,
7152,DANG GUI ROOT POWDER,중국당귀뿌리분말,,A1001705610001,식품원료,원료이기에 사용기준 없음,,사용가능,
7153,,중국당귀뿌리추출액,,A1001705614514,식품원료,원료이기에 사용기준 없음,,사용가능,
7154,,중쇄지방산(MCFA) 함유유지(기능성원료인정제2014-6호),,C9000470000000,건강기능식품,"사용기준 못찾음, 별도 확인 필요",,"기타, 별도 확인 필요",
7155,,중쇄지방산함유유지(기능성원료인정제2009-20호),,C9000201000000,건강기능식품,"사용기준 못찾음, 별도 확인 필요",,"기타, 별도 확인 필요",
7156,,중하,,A3000665000000,식품원료,원료이기에 사용기준 없음,,사용가능,
7157,,쥐노래미,,A3000666000000,식품원료,원료이기에 사용기준 없음,,사용가능,
7158,VALERIAN ROOT,쥐오줌풀,,A1001711000000,식품원료,원료이기에 사용기준 없음,,"제한적사용가능, 별도 확인 필요",
7159,,쥐오줌풀뿌리,,A1001711610000,식품원료,원료이기에 사용기준 없음,,"제한적사용가능, 별도 확인 필요",
7160,VALERIAN ROOT EXTRACT,쥐오줌풀뿌리추출물,,A1001711614500,식품원료,원료이기에 사용기준 없음,,"제한적사용가능, 별도 확인 필요",
7161,VALERIAN ROOT EXTRACT POWDER,쥐오줌풀뿌리추출분말,,A1001711614501,식품원료,원료이기에 사용기준 없음,,"제한적사용가능, 별도 확인 필요",
7162,VALERIAN ROOT OIL,쥐오줌풀오일,,A1001711000020,식품원료,원료이기에 사용기준 없음,,사용가능,
7163,VALERIAN ROOT EXTRACT,쥐오줌풀추출물,,A1001711004500,식품원료,원료이기에 사용기준 없음,,"제한적사용가능, 별도 확인 필요",
7164,FILEFISH,쥐치,,A3000669000000,식품원료,원료이기에 사용기준 없음,,사용가능,
7165,,쥐치뼈,,A3000669070000,식품원료,원료이기에 사용기준 없음,,사용가능,
7166,,쥐치살,,A3000669080000,식품원료,원료이기에 사용기준 없음,,사용가능,
7167,COURGETTES,쥬키니호박,,A1002369000000,식품원료,원료이기에 사용기준 없음,,사용가능,
7168,LEMON OIL DISTILLED,증류레몬오일,,A1000750006920,식품원료,원료이기에 사용기준 없음,,사용가능,
7169,GIBBERELLIC ACID,지베렐린산,,B2000054000000,식품첨가물,"사용기준 찾음, 별도 확인 필요",제조용제,"기타, 별도 확인 필요",
7170,ZEAXANTHIN,지아잔틴추출물(기능성원료인정제2008-65호),,C9000162000000,건강기능식품,"사용기준 못찾음, 별도 확인 필요",,"기타, 별도 확인 필요",
7171,,지치분말,,A1001719610001,식품원료,원료이기에 사용기준 없음,,사용가능,
7172,,지치뿌리,,A1001719610000,식품원료,원료이기에 사용기준 없음,,사용가능,
7173,,지치뿌리추출물,,A1001719614512,식품원료,원료이기에 사용기준 없음,,사용가능,
7174,,지하수염,,P1204276400000,식품유형,"사용기준 못찾음, 별도 확인 필요",,사용가능,
7175,RHIZOMA REHMANNIAE PREPARATA,지황,,A1001721000000,식품원료,원료이기에 사용기준 없음,,"제한적사용가능, 별도 확인 필요",
7176,,지황뿌리,,A1001721610000,식품원료,원료이기에 사용기준 없음,,"제한적사용가능, 별도 확인 필요",
7177,,지황추출고형분,,A1001721614504,식품원료,원료이기에 사용기준 없음,,"제한적사용가능, 별도 확인 필요",
7178,,지황추출물,,A1001721004500,식품원료,원료이기에 사용기준 없음,,"제한적사용가능, 별도 확인 필요",
7179,GIN,진,,P0127090300000,식품유형,"사용기준 못찾음, 별도 확인 필요",,"기타, 별도 확인 필요",
7180,AZALEA,진달래,,A1001723000000,식품원료,원료이기에 사용기준 없음,,사용가능,
7181,,진달래꽃추출물,,A1001723144500,식품원료,원료이기에 사용기준 없음,,사용가능,
7182,IRISH MOSS,진두발,,A3000882000000,식품원료,원료이기에 사용기준 없음,,사용가능,
7183,,진득찰잎,,A1001724380000,식품원료,원료이기에 사용기준 없음,,사용가능,
7184,CLOUDBERRY,진들딸기,,A1003085000000,식품원료,원료이기에 사용기준 없음,,사용가능,
7185,,진들딸기열매,,A1003085230000,식품원료,원료이기에 사용기준 없음,,사용가능,
7186,CLOUDBERRY FRUIT POWDER,진들딸기열매분말,,A1003085230001,식품원료,원료이기에 사용기준 없음,,사용가능,
7187,CLOUDBERRY EXTRACT,진들딸기열매추출물,,A1003085234500,식품원료,원료이기에 사용기준 없음,,사용가능,
7188,,진밀쌀분말,,A1002402000001,식품원료,원료이기에 사용기준 없음,,사용가능,
7189,PEARL POWDER,진주가루,,A6000131000001,식품원료,원료이기에 사용기준 없음,,"제한적사용가능, 별도 확인 필요",
7190,,진주담치,,A3000952000000,식품원료,원료이기에 사용기준 없음,,사용가능,
7191,,진주빛색소,,B2000910000000,식품첨가물,"사용기준 찾음, 별도 확인 필요",착색료,"기타, 별도 확인 필요",
7192,Potassium aluminium silicate-based pearlescent pigment Type I,진주빛색소1형,,B2000911000000,식품첨가물,"사용기준 못찾음, 별도 확인 필요",,"기타, 별도 확인 필요",
7193,Potassium aluminium silicate-based pearlescent pigment Type II,진주빛색소2형,,B2000912000000,식품첨가물,"사용기준 못찾음, 별도 확인 필요",,"기타, 별도 확인 필요",
7194,Potassium aluminium silicate-based pearlescent pigment Type III,진주빛색소3형,,B2000913000000,식품첨가물,"사용기준 못찾음, 별도 확인 필요",,"기타, 별도 확인 필요",
7195,,진주조개,,A3000671000000,식품원료,원료이기에 사용기준 없음,,사용가능,
7196,,진주칼슘,,A6001432000000,식품원료,원료이기에 사용기준 없음,,"제한적사용가능, 별도 확인 필요",
7197,,진홍새우,,A3001170000000,식품원료,원료이기에 사용기준 없음,,사용가능,
7198,,진흙버섯,,A1005364000000,식품원료,원료이기에 사용기준 없음,,"제한적사용가능, 별도 확인 필요",
7199,,진흙버섯균사체추출물,,A1005364B34512,식품원료,원료이기에 사용기준 없음,,"제한적사용가능, 별도 확인 필요",
7200,,진흙버섯자살체추출분말,,A1005364B94501,식품원료,원료이기에 사용기준 없음,,"제한적사용가능, 별도 확인 필요",
7201,,진흙버섯자실체,,A1005364B90000,식품원료,원료이기에 사용기준 없음,,"제한적사용가능, 별도 확인 필요",
7202,,진흙버섯자실체분말,,A1005364B90001,식품원료,원료이기에 사용기준 없음,,"제한적사용가능, 별도 확인 필요",
7203,,진흙버섯자실체추출액,,A1005364B94514,식품원료,원료이기에 사용기준 없음,,"제한적사용가능, 별도 확인 필요",
7204,SANG WHANG MUSHROOM EXTRACT,진흙버섯추출물,,A1005364004500,식품원료,원료이기에 사용기준 없음,,"제한적사용가능, 별도 확인 필요",
7205,PLANTAIN(RIB WORT),질경이,,A1001729000000,식품원료,원료이기에 사용기준 없음,,사용가능,
7206,,질경이껍질,,A1001729770000,식품원료,원료이기에 사용기준 없음,,사용가능,
7207,,질경이껍질분말,,A1001729770001,식품원료,원료이기에 사용기준 없음,,사용가능,
7208,,질경이껍질추출물,,A1001729774500,식품원료,원료이기에 사용기준 없음,,사용가능,
7209,,질경이분말,,A1001729000001,식품원료,원료이기에 사용기준 없음,,사용가능,
7210,,질경이씨앗껍질,,A1001729280000,식품원료,원료이기에 사용기준 없음,,사용가능,
7211,,질경이씨앗껍질분말,,A1001729280001,식품원료,원료이기에 사용기준 없음,,사용가능,
7212,,질경이씨앗껍질식이섬유,,A1001729280084,식품원료,원료이기에 사용기준 없음,,사용가능,
7213,PLANTAIN(RIB WORT) LEAF,질경이잎,,A1001729380000,식품원료,원료이기에 사용기준 없음,,사용가능,
7214,PLANTAIN(RIB WORT) LEAF EXTRACT,질경이잎추출물,,A1001729384500,식품원료,원료이기에 사용기준 없음,,사용가능,
7215,SODIUM NITRATE,질산나트륨,,B1000230000000,식품첨가물,"사용기준 찾음, 별도 확인 필요",발색제,"기타, 별도 확인 필요",
7216,POTASSIUM NITRATE,질산칼륨,,B1000231000000,식품첨가물,"사용기준 찾음, 별도 확인 필요",발색제,"기타, 별도 확인 필요",
7217,NITROGEN,질소,,B2000191000000,식품첨가물,"사용기준 찾음, 별도 확인 필요",분사제,"기타, 별도 확인 필요",
7218,,집게,,A3000673000000,식품원료,원료이기에 사용기준 없음,,사용가능,
7219,ORIENTAL RIVER PRAWN,징거미새우,,A3012024000000,식품원료,원료이기에 사용기준 없음,,사용가능,
7220,,짚신나물,,A1001731000000,식품원료,원료이기에 사용기준 없음,,사용가능,
7221,steamed wheat bran,찐밀기울,,A1000911C45900,식품원료,원료이기에 사용기준 없음,,사용가능,
7222,steamed rye,찐호밀,,A1002077005900,식품원료,원료이기에 사용기준 없음,,사용가능,
7223,,찔레나무열매,,A1001733230000,식품원료,원료이기에 사용기준 없음,,사용가능,
7224,,찔레나무잎,,A1001733380000,식품원료,원료이기에 사용기준 없음,,사용가능,
7225,CONCENTRATED CHAGA MUSHROOM,차가버섯농축액,,A1001735000814,식품원료,원료이기에 사용기준 없음,,"제한적사용가능, 별도 확인 필요",
7226,CHAGA MUSHROOM POWDER,차가버섯분말,,A1001735000001,식품원료,원료이기에 사용기준 없음,,"제한적사용가능, 별도 확인 필요",
7227,,차가버섯자실체,,A1001735B90000,식품원료,원료이기에 사용기준 없음,,"제한적사용가능, 별도 확인 필요",
7228,,차가버섯자실체추출물,,A1001735B94512,식품원료,원료이기에 사용기준 없음,,"제한적사용가능, 별도 확인 필요",
7229,,차가버섯추출물,,A1001735004500,식품원료,원료이기에 사용기준 없음,,"제한적사용가능, 별도 확인 필요",
7230,,차가버섯추출물분말,,A1001735004501,식품원료,원료이기에 사용기준 없음,,"제한적사용가능, 별도 확인 필요",
7231,CAMELLIA SINENSIS,차나무,,A1001736000000,식품원료,원료이기에 사용기준 없음,,사용가능,
7232,Camellia sinensis (Flower),차나무꽃,,A1001736140000,식품원료,원료이기에 사용기준 없음,,사용가능,
7233,Green Tea Flower Extract,차나무꽃추출물,,A1001736144512,식품원료,원료이기에 사용기준 없음,,사용가능,
7234,CAMELLIA SINENSIS SEED,차나무씨앗,,A1001736320000,식품원료,원료이기에 사용기준 없음,,사용가능,
7235,,차나무오일,,A1001736000020,식품원료,원료이기에 사용기준 없음,,사용가능,
7236,GREEN TEA,차나무잎,,A1001736380000,식품원료,원료이기에 사용기준 없음,,사용가능,
7237,,차나무잎식이섬유,,A1001736380084,식품원료,원료이기에 사용기준 없음,,사용가능,
7238,,차나무추출물,,A1001736004512,식품원료,원료이기에 사용기준 없음,,사용가능,
7239,,차분말,,A1001736000001,식품원료,원료이기에 사용기준 없음,,사용가능,
7240,SODIUM HYPOCHLORITE,차아염소산나트륨(수),,B1000232000000,식품첨가물,"사용기준 못찾음, 별도 확인 필요",,"기타, 별도 확인 필요",
7241,CALCIUM HYPOCHLORITE,차아염소산칼슘,,B1003621000000,식품첨가물,"사용기준 찾음, 별도 확인 필요",살균제,"기타, 별도 확인 필요",
7242,SODIUM HYDROSULFITE,차아황산나트륨,,B1000233000000,식품첨가물,"사용기준 찾음, 별도 확인 필요",표백제,"기타, 별도 확인 필요",
7243,GLUTINOUS MILLET,차조,,A1002202000000,식품원료,원료이기에 사용기준 없음,,사용가능,
7244,,차조분말,,A1002202000001,식품원료,원료이기에 사용기준 없음,,사용가능,
7245,,차즈기,,A1003058000000,식품원료,원료이기에 사용기준 없음,,사용가능,
7246,,차즈기농축액,,A1003058000814,식품원료,원료이기에 사용기준 없음,,사용가능,
7247,PERILLA COLOR,차즈기색소,,B2000144000000,식품첨가물,"사용기준 찾음, 별도 확인 필요",착색료,"기타, 별도 확인 필요",
7248,,차즈기씨앗,,A1003058320000,식품원료,원료이기에 사용기준 없음,,사용가능,
7249,,차즈기유,,A1003058000020,식품원료,원료이기에 사용기준 없음,,사용가능,
7250,,차즈기잎,,A1003058380000,식품원료,원료이기에 사용기준 없음,,사용가능,
7251,,차즈기잎분말,,A1003058380001,식품원료,원료이기에 사용기준 없음,,사용가능,
7252,,차즈기잎추출물,,A1003058384500,식품원료,원료이기에 사용기준 없음,,사용가능,
7253,,차즈기잎추출분말,,A1003058384501,식품원료,원료이기에 사용기준 없음,,사용가능,
7254,,차즈기잎추출액,,A1003058384514,식품원료,원료이기에 사용기준 없음,,사용가능,
7255,,차즈기추출물,,A1003058004500,식품원료,원료이기에 사용기준 없음,,사용가능,
7256,,차즈기추출액,,A1003058004514,식품원료,원료이기에 사용기준 없음,,사용가능,
7257,TEA EXTRACT,차추출물(식품원료),,A1001736384500,식품원료,원료이기에 사용기준 없음,,사용가능,
7258,,차추출물(식품첨가물),,B2000604000000,식품첨가물,"사용기준 못찾음, 별도 확인 필요",,"기타, 별도 확인 필요",
7259,TEA POWDERED EXTRACT,차추출물분말,,A1001736384501,식품원료,원료이기에 사용기준 없음,,사용가능,
7260,TEA CATECHIN,차카테킨,,B2000190000000,식품첨가물,II. 2. 1)의 규정에 따라 사용하여야 한다.,산화방지제,"기타, 별도 확인 필요",
7261,,차풀,,A1001740010000,식품원료,원료이기에 사용기준 없음,,사용가능,
7262,,차풀추출분말,,A1001740004501,식품원료,원료이기에 사용기준 없음,,사용가능,
7263,COLORING GLASSES,착색유리제,,D7000001200000,기구 및 용기포장,"사용기준 못찾음, 별도 확인 필요",,"기타, 별도 확인 필요",
7264,,착색유리제(가열조리용),,D7000001210000,기구 및 용기포장,"사용기준 못찾음, 별도 확인 필요",,"기타, 별도 확인 필요",
7265,,"착색유리제(가열조리용, 납함유크리스탈)",,D7000001220000,기구 및 용기포장,"사용기준 못찾음, 별도 확인 필요",,"기타, 별도 확인 필요",
7266,,착색유리제(납함유크리스탈),,D7000001230000,기구 및 용기포장,"사용기준 못찾음, 별도 확인 필요",,사용가능,
7267,,찰기장,,A1002163000000,식품원료,원료이기에 사용기준 없음,,사용가능,
7268,,찰보리,,A1002214000000,식품원료,원료이기에 사용기준 없음,,사용가능,
7269,,찰보리가루,,A1002214000001,식품원료,원료이기에 사용기준 없음,,사용가능,
7270,,찰수수,,A1002164000000,식품원료,원료이기에 사용기준 없음,,사용가능,
7271,,찰옥수수,,A1002278000000,식품원료,원료이기에 사용기준 없음,,사용가능,
7272,,찰옥수수알파전분,,A1002278009938,식품원료,원료이기에 사용기준 없음,,사용가능,
7273,WAXY (MAIZE) CORN STARCH,찰옥수수전분,,A1002204000038,식품원료,원료이기에 사용기준 없음,,사용가능,
7274,,찰피나무꽃추출물,,A1005242144500,식품원료,원료이기에 사용기준 없음,,사용가능,
7275,,찰현미,,A1002209000000,식품원료,원료이기에 사용기준 없음,,사용가능,
7276,GLUTINOUS BLACK RICE,찰흑미,,A1003014000000,식품원료,원료이기에 사용기준 없음,,사용가능,
7277,,참가자미,,A3000678000000,식품원료,원료이기에 사용기준 없음,,사용가능,
7278,Sea lattuce,참갈파래,,A3000883010000,식품원료,원료이기에 사용기준 없음,,사용가능,
7279,SEA LATTUCE EXTRACT,참갈파래추출물,,A3000883014500,식품원료,원료이기에 사용기준 없음,,사용가능,
7280,,참개구리,,A4000059000000,식품원료,원료이기에 사용기준 없음,,사용가능,
7281,,참개암나무열매,,A1001741230000,식품원료,원료이기에 사용기준 없음,,사용가능,
7282,RIVER CRABS,참게,,A3000679000000,식품원료,원료이기에 사용기준 없음,,사용가능,
7283,SESAME OIL,참기름,,A1001742000020,식품원료,원료이기에 사용기준 없음,,사용가능,
7284,"LAVER, SEAWEED",참김,,A3000884000000,식품원료,원료이기에 사용기준 없음,,사용가능,
7285,,참김과립,,A3000884010043,식품원료,원료이기에 사용기준 없음,,사용가능,
7286,,참김분말,,A3000884000001,식품원료,원료이기에 사용기준 없음,,사용가능,
7287,,참김자반,,A3000884013603,식품원료,원료이기에 사용기준 없음,,사용가능,
7288,LAVER(SEAWEED) FLAKE,참김플레이크,,A3000884010051,식품원료,원료이기에 사용기준 없음,,사용가능,
7289,SESAME,참깨,sesame seed,A1001742000000,식품원료,원료이기에 사용기준 없음,,사용가능,
7290,,참깨박,,A1001742000075,식품원료,원료이기에 사용기준 없음,,사용가능,
7291,SEASAME POWDER,참깨분말,GROUND SESAME SEEDS,A1001742000001,식품원료,원료이기에 사용기준 없음,,사용가능,
7292,,참깨씨앗,,A1001742320000,식품원료,원료이기에 사용기준 없음,,사용가능,
7293,SESAME SEED OIL UNSAPONIFIED MATTER,참깨유불검화물,,B2000165000000,식품첨가물,II. 2. 1)의 규정에 따라 사용하여야 한다.,산화방지제,"기타, 별도 확인 필요",
7294,SESAME EXTRACT,참깨추출물,,A1001742004500,식품원료,원료이기에 사용기준 없음,,사용가능,
7295,SESAME OIL EXTRACT,참깨추출유,,A1001742004520,식품원료,원료이기에 사용기준 없음,,사용가능,
7296,SESAME PASTE,참깨페이스트,"Organic Sesame Tahini, Sesame Tahini",A1001742000033,식품원료,원료이기에 사용기준 없음,,사용가능,
7297,,참나무,,A1001746000000,식품원료,원료이기에 사용기준 없음,,사용가능,
7298,,참나무훈액,,A1001746005114,식품원료,원료이기에 사용기준 없음,,사용가능,
7299,"CHAM NA MUL, WILD PLANT",참나물,,A1001747000000,식품원료,원료이기에 사용기준 없음,,사용가능,
7300,,참다랑어,,A3001025000000,식품원료,원료이기에 사용기준 없음,,사용가능,
7301,,참다랑어가수분해단백,,A3001025000208,식품원료,원료이기에 사용기준 없음,,사용가능,
7302,,참다랑어내장,,A3001025060000,식품원료,원료이기에 사용기준 없음,,사용가능,
7303,TUNA POWDER,참다랑어분말,,A3001025000001,식품원료,원료이기에 사용기준 없음,,사용가능,
7304,TUNA BELLY,참다랑어살,,A3001025080000,식품원료,원료이기에 사용기준 없음,,사용가능,
7305,,참다랑어엑기스,,A3001025000017,식품원료,원료이기에 사용기준 없음,,사용가능,
7306,TUNA OIL CONTAINING DHA REFINED,참다랑어오일,,A3001025000020,식품원료,원료이기에 사용기준 없음,,사용가능,
7307,,참다랑어주스,,A3001025000025,식품원료,원료이기에 사용기준 없음,,사용가능,
7308,TUNA EXTRACT,참다랑어추출물,,A3001025004500,식품원료,원료이기에 사용기준 없음,,사용가능,
7309,,참다랑어추출액,,A3001025004514,식품원료,원료이기에 사용기준 없음,,사용가능,
7310,TUNA FLAKES,참다랑어플레이크,,A3001025000051,식품원료,원료이기에 사용기준 없음,,사용가능,
7311,,참당귀,,A1003142000000,식품원료,원료이기에 사용기준 없음,,사용가능,
7312,당귀 농축물,참당귀농축물,,A1003142000800,식품원료,원료이기에 사용기준 없음,,사용가능,
7313,,참당귀농축액,,A1003142000814,식품원료,원료이기에 사용기준 없음,,사용가능,
7314,,참당귀분말,,A1003142000001,식품원료,원료이기에 사용기준 없음,,사용가능,
7315,,참당귀뿌리,,A1003142610000,식품원료,원료이기에 사용기준 없음,,사용가능,
7316,,참당귀뿌리분말,,A1003142610001,식품원료,원료이기에 사용기준 없음,,사용가능,
7317,,참당귀뿌리추출물,,A1003142614500,식품원료,원료이기에 사용기준 없음,,사용가능,
7318,,참당귀잎,,A1003142380000,식품원료,원료이기에 사용기준 없음,,사용가능,
7319,,참당귀추출고형분,,A1003142004504,식품원료,원료이기에 사용기준 없음,,사용가능,
7320,,참당귀추출물,,A1003142004500,식품원료,원료이기에 사용기준 없음,,사용가능,
7321,,참당귀추출분말,,A1003142004501,식품원료,원료이기에 사용기준 없음,,사용가능,
7322,,참당귀추출액,,A1003142004514,식품원료,원료이기에 사용기준 없음,,사용가능,
7323,,참돔,,A3000257000000,식품원료,원료이기에 사용기준 없음,,사용가능,
7324,,참돔뼈,,A3000257070000,식품원료,원료이기에 사용기준 없음,,사용가능,
7325,,참돔살,,A3000257080000,식품원료,원료이기에 사용기준 없음,,사용가능,
7326,,참문어,,A3000686000000,식품원료,원료이기에 사용기준 없음,,사용가능,
7327,,참붕어,,A3000688000000,식품원료,원료이기에 사용기준 없음,,사용가능,
7328,,참서대,,A3000689000000,식품원료,원료이기에 사용기준 없음,,사용가능,
7329,,참소리쟁이,,A1001759000000,식품원료,원료이기에 사용기준 없음,,사용가능,
7330,,참쑥잎,,A1001761380000,식품원료,원료이기에 사용기준 없음,,사용가능,
7331,,참외,,A1001763000000,식품원료,원료이기에 사용기준 없음,,사용가능,
7332,,참외농축과즙,,A1001763010826,식품원료,원료이기에 사용기준 없음,,사용가능,
7333,,참외씨앗,,A1001763320000,식품원료,원료이기에 사용기준 없음,,사용가능,
7334,,참외퓌레,,A1001763000034,식품원료,원료이기에 사용기준 없음,,사용가능,
7335,,참조기,,A3000637000000,식품원료,원료이기에 사용기준 없음,,사용가능,
7336,,참조기단백질,,A3000637000008,식품원료,원료이기에 사용기준 없음,,사용가능,
7337,,참조기살,,A3000637080000,식품원료,원료이기에 사용기준 없음,,사용가능,
7338,,참조기추출물,,A3000637004500,식품원료,원료이기에 사용기준 없음,,사용가능,
7339,,참죽나무순,,A1001767880000,식품원료,원료이기에 사용기준 없음,,사용가능,
7340,,참죽나무어린잎,,A1001767400000,식품원료,원료이기에 사용기준 없음,,사용가능,
7341,,참죽나무잎,,A1001767380000,식품원료,원료이기에 사용기준 없음,,사용가능,
7342,,참취잎,,A1001770380000,식품원료,원료이기에 사용기준 없음,,사용가능,
7343,HYDROLYZED TUNA PROTEIN,참치가수분해단백질,,A3000682000209,식품원료,원료이기에 사용기준 없음,,사용가능,
7344,,참치방어,,A3000691000000,식품원료,원료이기에 사용기준 없음,,사용가능,
7345,Eggs of tuna,참치알,,A3000682050000,식품원료,원료이기에 사용기준 없음,,사용가능,
7346,,참치오일,,A3000682000020,식품원료,원료이기에 사용기준 없음,,사용가능,
7347,TUNA OIL POWDER,참치오일분말,,A3000682000068,식품원료,원료이기에 사용기준 없음,,사용가능,
7348,,참치자숙농축액,,A3000682001Z17,식품원료,원료이기에 사용기준 없음,,사용가능,
7349,MAFUNORI,참풀가사리,,A3000885000000,식품원료,원료이기에 사용기준 없음,,사용가능,
7350,,참홑파래,,A1005249010000,식품원료,원료이기에 사용기준 없음,,사용가능,
7351,GLUTINOUS RICE,찹쌀,,A1002165000000,식품원료,원료이기에 사용기준 없음,,사용가능,
7352,GLUTINOUS RICE POWDER,찹쌀분말,,A1002165000001,식품원료,원료이기에 사용기준 없음,,사용가능,
7353,WAXY RICE STARCH,찹쌀전분,,A1002165000038,식품원료,원료이기에 사용기준 없음,,사용가능,
7354,GLUTINOUS RICE EXTRACT,찹쌀추출물,,A1002165004500,식품원료,원료이기에 사용기준 없음,,사용가능,
7355,,찹쌀튀밥,,A1002165003600,식품원료,원료이기에 사용기준 없음,,사용가능,
7356,,찹쌀페이스트,,A1002165000033,식품원료,원료이기에 사용기준 없음,,사용가능,
7357,,창꼴뚜기,,A3001034000000,식품원료,원료이기에 사용기준 없음,,사용가능,
7358,,창난,,A3000316230000,식품원료,원료이기에 사용기준 없음,,사용가능,
7359,RIB WORT,창질경이,,A1001772000000,식품원료,원료이기에 사용기준 없음,,사용가능,
7360,RIBWORT PLANTAIN LEAF,창질경이잎,,A1001772380000,식품원료,원료이기에 사용기준 없음,,사용가능,
7361,RIBWORT PLANTAIN LEAF POWDER,창질경이잎분말,,A1001772380001,식품원료,원료이기에 사용기준 없음,,사용가능,
7362,RIBWORT PLANTAIN LEAF EXTRACT,창질경이잎추출물,,A1001772384500,식품원료,원료이기에 사용기준 없음,,사용가능,
7363,,창출뿌리줄기,,A1001773620000,식품원료,원료이기에 사용기준 없음,,"제한적사용가능, 별도 확인 필요",
7364,SWEET FLAG(CALAMUS) ROOT EXTRACT,창포뿌리추출물,,A1001774614500,식품원료,원료이기에 사용기준 없음,,사용불가,
7365,CHERVIL,챠빌,,A1001776000000,식품원료,원료이기에 사용기준 없음,,사용가능,
7366,RHIZOMA CNIDII,천궁,,A1001780000000,식품원료,원료이기에 사용기준 없음,,"제한적사용가능, 별도 확인 필요",
7367,,천궁농축액,,A1001780000814,식품원료,원료이기에 사용기준 없음,,"제한적사용가능, 별도 확인 필요",
7368,,천궁분말,,A1001780000001,식품원료,원료이기에 사용기준 없음,,"제한적사용가능, 별도 확인 필요",
7369,,천궁뿌리줄기,,A1001780620000,식품원료,원료이기에 사용기준 없음,,"제한적사용가능, 별도 확인 필요",
7370,,천궁엑기스,,A1001780000017,식품원료,원료이기에 사용기준 없음,,"제한적사용가능, 별도 확인 필요",
7371,CNIDIUM OFFICINALE EXTRACT,천궁추출물,,A1001780004500,식품원료,원료이기에 사용기준 없음,,"제한적사용가능, 별도 확인 필요",
7372,,천궁추출물분말,,A1001780004501,식품원료,원료이기에 사용기준 없음,,"제한적사용가능, 별도 확인 필요",
7373,,천궁추출액,,A1001780004514,식품원료,원료이기에 사용기준 없음,,"제한적사용가능, 별도 확인 필요",
7374,,천도복숭아농축액,,A1001303230814,식품원료,원료이기에 사용기준 없음,,사용가능,
7375,,천도복숭아열매,,A1001303230000,식품원료,원료이기에 사용기준 없음,,사용가능,
7376,,천도복숭아퓌레,,A1001303000034,식품원료,원료이기에 사용기준 없음,,사용가능,
7377,RHIZOMA GASTRODIAE,천마,,A1001783000000,식품원료,원료이기에 사용기준 없음,,사용가능,
7378,,천마분말,,A1001783610001,식품원료,원료이기에 사용기준 없음,,사용가능,
7379,,천마뿌리,,A1001783610000,식품원료,원료이기에 사용기준 없음,,사용가능,
7380,Gastrodia elata Blume EXTRACT,천마추출물,,A1001783004500,식품원료,원료이기에 사용기준 없음,,사용가능,
7381,,천마추출분말,,A1001783004501,식품원료,원료이기에 사용기준 없음,,사용가능,
7382,,천문동,,A1001784000000,식품원료,원료이기에 사용기준 없음,,"제한적사용가능, 별도 확인 필요",
7383,,천문동덩이뿌리,,A1001784630000,식품원료,원료이기에 사용기준 없음,,"제한적사용가능, 별도 확인 필요",
7384,ERECTA FIG LEAF,천선과나무잎,,A1001785380000,식품원료,원료이기에 사용기준 없음,,사용가능,
7385,AFRICAN MARIGOLD FLOWER EXTRACT,천수국꽃추출물,,A1054197144512,식품원료,원료이기에 사용기준 없음,,사용가능,
7386,Andrographis Paniculata(연구조사용에 한함),천심련(연구조사용),,AZ000022000000,식품원료,원료이기에 사용기준 없음,,사용불가,
7387,ParActin®,천심련추출물(ParActin®)(제2022-3호),,C9001012000000,건강기능식품,"사용기준 못찾음, 별도 확인 필요",,"기타, 별도 확인 필요",
7388,Andrographis paniculata Wall. ex Nees Extract,천심련추출물(ParActinⓇ)(기능성원료인정제2022-37호),,C9001023000000,건강기능식품,"사용기준 못찾음, 별도 확인 필요",,"기타, 별도 확인 필요",
7389,NATURAL MUSK ROSE FLAVOR,천연Musk rose열매향,,B5000877000000,식품첨가물,"사용기준 못찾음, 별도 확인 필요",,사용가능,
7390,,천연TUTTIFRUIT향,,B5000606000000,식품첨가물,"사용기준 못찾음, 별도 확인 필요",,"기타, 별도 확인 필요",
7391,NATURAL BONITO FLAVOUR,천연가다랑어향,,B5000161000000,식품첨가물,"사용기준 못찾음, 별도 확인 필요",,"기타, 별도 확인 필요",
7392,,천연가리비향,,B5000293000000,식품첨가물,"사용기준 못찾음, 별도 확인 필요",,"기타, 별도 확인 필요",
7393,,천연가시여지(사우얼솝)향,,B5000642000000,식품첨가물,"사용기준 못찾음, 별도 확인 필요",,"기타, 별도 확인 필요",
7394,,천연가재향,,B5000214000000,식품첨가물,"사용기준 못찾음, 별도 확인 필요",,"기타, 별도 확인 필요",
7395,NATURAL SOY SAUCE FLAVOUR,천연간장향,,B5000090000000,식품첨가물,"사용기준 못찾음, 별도 확인 필요",,"기타, 별도 확인 필요",
7396,OTHER NATURAL FLVORING SUBSTANCE(Sea buckthorn flavoring),천연갈매보리수나무향,,B5000035000000,식품첨가물,"사용기준 못찾음, 별도 확인 필요",,"기타, 별도 확인 필요",
7397,,천연갈색설탕향,,B5000213000000,식품첨가물,"사용기준 못찾음, 별도 확인 필요",,"기타, 별도 확인 필요",
7398,NATURAL CITRUS FLAVOUR,천연감귤향,,B5000134000000,식품첨가물,"사용기준 못찾음, 별도 확인 필요",,"기타, 별도 확인 필요",
7399,Natural Potato Chip Flavor,천연감자칩향,,B5000731000000,식품첨가물,"사용기준 못찾음, 별도 확인 필요",,사용가능,
7400,,천연감자향,,B5000062000000,식품첨가물,"사용기준 못찾음, 별도 확인 필요",,"기타, 별도 확인 필요",
7401,,천연감초향,,B5000211000000,식품첨가물,"사용기준 못찾음, 별도 확인 필요",,"기타, 별도 확인 필요",
7402,NATURAL KIDNEY BEAN FLAVOUR,천연강낭콩향,,B5000876000000,식품첨가물,"사용기준 못찾음, 별도 확인 필요",,사용가능,
7403,NATURAL CURCUMA FLAVOUR,천연강황향,,B5000745000000,식품첨가물,"사용기준 못찾음, 별도 확인 필요",,사용가능,
7404,,천연개산초열매향,,B5000795000000,식품첨가물,"사용기준 못찾음, 별도 확인 필요",,"기타, 별도 확인 필요",
7405,,천연개암향,NATURAL HAZELNUT FLAVOUR,B5000601000000,식품첨가물,"사용기준 못찾음, 별도 확인 필요",,"기타, 별도 확인 필요",
7406,,천연거봉향,,B5000112000000,식품첨가물,"사용기준 못찾음, 별도 확인 필요",,"기타, 별도 확인 필요",
7407,,천연건포도향,,B5000210000000,식품첨가물,"사용기준 못찾음, 별도 확인 필요",,"기타, 별도 확인 필요",
7408,NATURAL BLACK MULBERRY FLAVOUR,천연검뽕나무열매향,,B5000873000000,,사용가능,,미확정,
7409,NATURAL BLACK TRUFFLES FLAVOR,천연검은서양송로향,,B5000753000000,식품첨가물,"사용기준 못찾음, 별도 확인 필요",,사용가능,
7410,NATURAL CRAB FLAVOUR,천연게향,,B5000121000000,식품첨가물,"사용기준 못찾음, 별도 확인 필요",,"기타, 별도 확인 필요",
7411,NATURAL GENTIANA FLAVOUR,천연겐티아나향,,B5000097000000,식품첨가물,"사용기준 못찾음, 별도 확인 필요",,"기타, 별도 확인 필요",
7412,,천연겨자향,,B5000209000000,식품첨가물,"사용기준 못찾음, 별도 확인 필요",,"기타, 별도 확인 필요",
7413,,천연계란향,,B5000208000000,식품첨가물,"사용기준 못찾음, 별도 확인 필요",,"기타, 별도 확인 필요",
7414,,천연계피사과향,,B5000207000000,식품첨가물,"사용기준 못찾음, 별도 확인 필요",,"기타, 별도 확인 필요",
7415,NATURAL CINNAMON FLAVOUR,천연계피향,,B5000115000000,식품첨가물,"사용기준 못찾음, 별도 확인 필요",,"기타, 별도 확인 필요",
7416,,천연계화향,,B5000641000000,식품첨가물,"사용기준 못찾음, 별도 확인 필요",,"기타, 별도 확인 필요",
7417,,천연고구마향,,B5000203000000,식품첨가물,"사용기준 못찾음, 별도 확인 필요",,"기타, 별도 확인 필요",
7418,,천연고기향,,B5000202000000,식품첨가물,"사용기준 못찾음, 별도 확인 필요",,"기타, 별도 확인 필요",
7419,,천연고등어향,,B5000048000000,식품첨가물,"사용기준 못찾음, 별도 확인 필요",,"기타, 별도 확인 필요",
7420,,천연고량향,,B5000640000000,식품첨가물,"사용기준 못찾음, 별도 확인 필요",,"기타, 별도 확인 필요",
7421,NATURAL RUBBER,천연고무,,B2000609000000,식품첨가물,"사용기준 못찾음, 별도 확인 필요",,"기타, 별도 확인 필요",
7422,,천연고수잎향,,B5000201000000,식품첨가물,"사용기준 못찾음, 별도 확인 필요",,"기타, 별도 확인 필요",
7423,,천연고수향,,B5000718000000,식품첨가물,"사용기준 못찾음, 별도 확인 필요",,"기타, 별도 확인 필요",
7424,Natural Flavoring Substances(Natural Goji-berry Flavour),천연고지베리향,,B5000107000000,식품첨가물,"사용기준 못찾음, 별도 확인 필요",,"기타, 별도 확인 필요",
7425,,천연고추냉이향,,B5000512000000,식품첨가물,"사용기준 못찾음, 별도 확인 필요",,"기타, 별도 확인 필요",
7426,,천연고추향,,B5000088000000,식품첨가물,"사용기준 못찾음, 별도 확인 필요",,"기타, 별도 확인 필요",
7427,NATURAL CHIVE FLAVOUR,천연골파향,,B5000104000000,식품첨가물,"사용기준 못찾음, 별도 확인 필요",,"기타, 별도 확인 필요",
7428,,천연과일펀치향,,B5000198000000,식품첨가물,"사용기준 못찾음, 별도 확인 필요",,"기타, 별도 확인 필요",
7429,NATURAL FRUIT FLAVOUR,천연과일향,,B5000165000000,식품첨가물,"사용기준 못찾음, 별도 확인 필요",,"기타, 별도 확인 필요",
7430,,천연과일혼합향,,B5000197000000,식품첨가물,"사용기준 못찾음, 별도 확인 필요",,"기타, 별도 확인 필요",
7431,NATURAL SOUR ORANGE FLOWDER FLAVOUR,천연광귤향,,B5000031000000,식품첨가물,"사용기준 못찾음, 별도 확인 필요",,"기타, 별도 확인 필요",
7432,NATURAL CHINESE MATRIMONY VINE FLAVOUR,천연구기자향,,B5000080000000,식품첨가물,"사용기준 못찾음, 별도 확인 필요",,"기타, 별도 확인 필요",
7433,,천연구아바향,,B5000181000000,식품첨가물,"사용기준 못찾음, 별도 확인 필요",,"기타, 별도 확인 필요",
7434,NATURAL ROAST MEAT FLAVOUR,천연구운고기향,,B5000848000000,식품첨가물,"사용기준 못찾음, 별도 확인 필요",,"기타, 별도 확인 필요",
7435,,천연구운닭고기향,,B5000585000000,식품첨가물,"사용기준 못찾음, 별도 확인 필요",,"기타, 별도 확인 필요",
7436,NATURAL ROASTED GARLIC FLAVOUR,천연구운마늘향,,B5000825000000,식품첨가물,"사용기준 못찾음, 별도 확인 필요",,사용가능,
7437,NATURAL ROASTED ONION FLAVOR,천연구운양파향,,B5000164000000,식품첨가물,"사용기준 못찾음, 별도 확인 필요",,"기타, 별도 확인 필요",
7438,NATURAL TOASTED COCONUT CREAM FLAVOUR,천연구운코코넛크림향,,B5000840000000,식품첨가물,"사용기준 못찾음, 별도 확인 필요",,"기타, 별도 확인 필요",
7439,,천연구운코코넛향,,B5000690000000,식품첨가물,"사용기준 못찾음, 별도 확인 필요",,"기타, 별도 확인 필요",
7440,,천연구즈베리향,,B5000194000000,식품첨가물,"사용기준 못찾음, 별도 확인 필요",,"기타, 별도 확인 필요",
7441,,천연국화향,,B5000193000000,식품첨가물,"사용기준 못찾음, 별도 확인 필요",,"기타, 별도 확인 필요",
7442,,천연굴향,,B5000192000000,식품첨가물,"사용기준 못찾음, 별도 확인 필요",,"기타, 별도 확인 필요",
7443,NATURAL OAT FLAVOUR,천연귀리향,,B5000177000000,식품첨가물,"사용기준 못찾음, 별도 확인 필요",,"기타, 별도 확인 필요",
7444,,천연그라함크래커향,,B5000715000000,식품첨가물,"사용기준 못찾음, 별도 확인 필요",,"기타, 별도 확인 필요",
7445,NATURAL GREEN APPLE FLAVOUR,천연그린애플향,,B5000158000000,식품첨가물,"사용기준 못찾음, 별도 확인 필요",,"기타, 별도 확인 필요",
7446,,천연그릴향,,B5000188000000,식품첨가물,"사용기준 못찾음, 별도 확인 필요",,"기타, 별도 확인 필요",
7447,,천연그물버섯향,,B5000187000000,식품첨가물,"사용기준 못찾음, 별도 확인 필요",,"기타, 별도 확인 필요",
7448,,천연김치향,,B5000185000000,식품첨가물,"사용기준 못찾음, 별도 확인 필요",,"기타, 별도 확인 필요",
7449,OTHER NATURAL FLAVORING SUBSTANCES(SEAWEED FLAVORING),천연김향,,B5000030000000,식품첨가물,"사용기준 못찾음, 별도 확인 필요",,"기타, 별도 확인 필요",
7450,NATURAL FIWA(FRUIT) FLAVOR,천연까마귀쪽나무열매향,,B5000072000000,식품첨가물,"사용기준 못찾음, 별도 확인 필요",,"기타, 별도 확인 필요",
7451,,천연깨향,,B5000255000000,식품첨가물,"사용기준 못찾음, 별도 확인 필요",,"기타, 별도 확인 필요",
7452,,천연깻잎향,,B5000055000000,식품첨가물,"사용기준 못찾음, 별도 확인 필요",,"기타, 별도 확인 필요",
7453,OTHER NATURAL FLOVORING SUBSTANCES(PRUNELLA VULGARIS FLAVOR),천연꿀풀향,,B5000105000000,식품첨가물,"사용기준 못찾음, 별도 확인 필요",,"기타, 별도 확인 필요",
7454,,천연꿀향,,B5000403000000,식품첨가물,"사용기준 못찾음, 별도 확인 필요",,"기타, 별도 확인 필요",
7455,,천연나무딸기향,,B5000253000000,식품첨가물,"사용기준 못찾음, 별도 확인 필요",,"기타, 별도 확인 필요",
7456,Luo han guo flavor,천연나한과향,,B5000819000000,식품첨가물,"사용기준 못찾음, 별도 확인 필요",,사용가능,
7457,,천연낙산향,,B5000596000000,식품첨가물,"사용기준 못찾음, 별도 확인 필요",,"기타, 별도 확인 필요",
7458,NATURAL EGG YOLK FLAVOR,천연난황향,,B5000741000000,식품첨가물,"사용기준 못찾음, 별도 확인 필요",,사용가능,
7459,,천연너트맥향,,B5000595000000,식품첨가물,"사용기준 못찾음, 별도 확인 필요",,"기타, 별도 확인 필요",
7460,NATURAL JUNIPERBERRY FLAVOUR,천연노간주나무향,,B5000135000000,식품첨가물,"사용기준 못찾음, 별도 확인 필요",,"기타, 별도 확인 필요",
7461,,천연노니향,,B5000592000000,식품첨가물,"사용기준 못찾음, 별도 확인 필요",,"기타, 별도 확인 필요",
7462,NATURAL MUNG BEAN FLAVOUR,천연녹두향,,B5000808000000,식품첨가물,"사용기준 못찾음, 별도 확인 필요",,사용가능,
7463,NATURAL GREEN TEA FLAVOUR,천연녹차향,,B5000086000000,식품첨가물,"사용기준 못찾음, 별도 확인 필요",,"기타, 별도 확인 필요",
7464,,천연누가향,,B5000591000000,식품첨가물,"사용기준 못찾음, 별도 확인 필요",,"기타, 별도 확인 필요",
7465,,천연다시마향,,B5000590000000,식품첨가물,"사용기준 못찾음, 별도 확인 필요",,"기타, 별도 확인 필요",
7466,,천연단풍시럽향,,B5000589000000,식품첨가물,"사용기준 못찾음, 별도 확인 필요",,"기타, 별도 확인 필요",
7467,NATURAL MAPLE FLAVOUR,천연단풍향,,B5000123000000,식품첨가물,"사용기준 못찾음, 별도 확인 필요",,"기타, 별도 확인 필요",
7468,,천연단피클향,,B5000587000000,식품첨가물,"사용기준 못찾음, 별도 확인 필요",,"기타, 별도 확인 필요",
7469,,천연달콤한오렌지껍질향,,B5000294000000,식품첨가물,"사용기준 못찾음, 별도 확인 필요",,"기타, 별도 확인 필요",
7470,NATURAL CHICKEN SKIN FLAVOR,천연닭고기껍질향,,B5000739000000,식품첨가물,"사용기준 못찾음, 별도 확인 필요",,사용가능,
7471,NATURAL CHICKEN FLAVOUR,천연닭고기향,,B5000056000000,식품첨가물,"사용기준 못찾음, 별도 확인 필요",,"기타, 별도 확인 필요",
7472,NATURAL CARROT FLAVOR,천연당근향,,B5000801000000,식품첨가물,"사용기준 못찾음, 별도 확인 필요",,"기타, 별도 확인 필요",
7473,natural molasses flavor,천연당밀향,,B5000818000000,식품첨가물,"사용기준 못찾음, 별도 확인 필요",,사용가능,
7474,NATURAL CODFISH ROE FLAVOUR,천연대구알향,,B5000004000000,식품첨가물,"사용기준 못찾음, 별도 확인 필요",,"기타, 별도 확인 필요",
7475,,천연대구향,,B5000584000000,식품첨가물,"사용기준 못찾음, 별도 확인 필요",,"기타, 별도 확인 필요",
7476,NATURAL SOYBEAN FLAVOUR,천연대두향,,B5000119000000,식품첨가물,"사용기준 못찾음, 별도 확인 필요",,"기타, 별도 확인 필요",
7477,NATURAL DATE FLAVOUR,천연대추야자향,,B5000874000000,식품첨가물,"사용기준 못찾음, 별도 확인 필요",,사용가능,
7478,,천연대추향,,B5000583000000,식품첨가물,"사용기준 못찾음, 별도 확인 필요",,"기타, 별도 확인 필요",
7479,,천연대파향,,B5000691000000,식품첨가물,"사용기준 못찾음, 별도 확인 필요",,"기타, 별도 확인 필요",
7480,NATURAL CLAM FLAVOUR,천연대합조개향,,B5000169000000,식품첨가물,"사용기준 못찾음, 별도 확인 필요",,"기타, 별도 확인 필요",
7481,,천연대황향,,B5000582000000,식품첨가물,"사용기준 못찾음, 별도 확인 필요",,"기타, 별도 확인 필요",
7482,,천연덩굴월귤향,,B5000581000000,식품첨가물,"사용기준 못찾음, 별도 확인 필요",,"기타, 별도 확인 필요",
7483,,천연데낄라향,,B5000580000000,식품첨가물,"사용기준 못찾음, 별도 확인 필요",,"기타, 별도 확인 필요",
7484,,천연데리야끼향,,B5000579000000,식품첨가물,"사용기준 못찾음, 별도 확인 필요",,"기타, 별도 확인 필요",
7485,NATURAL TONKOTSU STOCK FLAVOUR,천연돈코츠육수향,,B5000857000000,식품첨가물,"사용기준 못찾음, 별도 확인 필요",,사용가능,
7486,,천연동아향,,B5000319000000,식품첨가물,"사용기준 못찾음, 별도 확인 필요",,"기타, 별도 확인 필요",
7487,NATURAL PORK FLAVOUR,천연돼지고기향,,B5000018000000,식품첨가물,"사용기준 못찾음, 별도 확인 필요",,"기타, 별도 확인 필요",
7488,,천연두리안향,,B5000179000000,식품첨가물,"사용기준 못찾음, 별도 확인 필요",,"기타, 별도 확인 필요",
7489,,천연두송향,,B5000288000000,식품첨가물,"사용기준 못찾음, 별도 확인 필요",,"기타, 별도 확인 필요",
7490,,천연둘세데레체향,,B5000689000000,식품첨가물,"사용기준 못찾음, 별도 확인 필요",,"기타, 별도 확인 필요",
7491,NATURAL DRAGON FRUIT FLAVOR,천연드래곤후르츠향,,B5000079000000,식품첨가물,"사용기준 못찾음, 별도 확인 필요",,"기타, 별도 확인 필요",
7492,NATURAL PERILLA FLAVOUR,천연들깨향,,B5000008000000,식품첨가물,"사용기준 못찾음, 별도 확인 필요",,"기타, 별도 확인 필요",
7493,,천연딸기바나나향,,B5000577000000,식품첨가물,"사용기준 못찾음, 별도 확인 필요",,"기타, 별도 확인 필요",
7494,천연딸기사과향,천연딸기사과향,,B5000678000000,식품첨가물,"사용기준 못찾음, 별도 확인 필요",,"기타, 별도 확인 필요",
7495,NATURAL STRAWBERRY SMOOTHIE FLAVOUR,천연딸기스무디향,,B5000823000000,식품첨가물,"사용기준 못찾음, 별도 확인 필요",,사용가능,
7496,,천연딸기쨈향,,B5000574000000,식품첨가물,"사용기준 못찾음, 별도 확인 필요",,"기타, 별도 확인 필요",
7497,,천연딸기치즈케익향,,B5000572000000,식품첨가물,"사용기준 못찾음, 별도 확인 필요",,"기타, 별도 확인 필요",
7498,,천연딸기크림향,,B5000570000000,식품첨가물,"사용기준 못찾음, 별도 확인 필요",,"기타, 별도 확인 필요",
7499,NATURAL STRAWBERRY FLAVOUR,천연딸기향,,B5000146000000,식품첨가물,"사용기준 못찾음, 별도 확인 필요",,"기타, 별도 확인 필요",
7500,,천연땅콩버터향,,B5000089000000,식품첨가물,"사용기준 못찾음, 별도 확인 필요",,"기타, 별도 확인 필요",
7501,NATURAL PEANUT FLAVOUR,천연땅콩향,,B5000136000000,식품첨가물,"사용기준 못찾음, 별도 확인 필요",,"기타, 별도 확인 필요",
7502,NATURAL TOM YUM FLAVOUR,천연똠얌향,,B5000763000000,식품첨가물,"사용기준 못찾음, 별도 확인 필요",,"기타, 별도 확인 필요",
7503,,천연라벤더에센스향,,B5000223000000,식품첨가물,"사용기준 못찾음, 별도 확인 필요",,"기타, 별도 확인 필요",
7504,NATURAL LYCHEE(LITCHI) FLAVOUR,천연라이치향,,B5000157000000,식품첨가물,"사용기준 못찾음, 별도 확인 필요",,"기타, 별도 확인 필요",
7505,NATURAL LIME MINT FLAVOUR,천연라임민트향,,B5000016000000,식품첨가물,"사용기준 못찾음, 별도 확인 필요",,"기타, 별도 확인 필요",
7506,,천연라임향,,B5000517000000,식품첨가물,"사용기준 못찾음, 별도 확인 필요",,"기타, 별도 확인 필요",
7507,NATURAL RASPBERRY ACAI FLAVOR,천연라즈베리아사이향,,B5000780000000,식품첨가물,"사용기준 못찾음, 별도 확인 필요",,"기타, 별도 확인 필요",
7508,,천연라즈베리체리향,,B5000567000000,식품첨가물,"사용기준 못찾음, 별도 확인 필요",,"기타, 별도 확인 필요",
7509,NATURAL RASPBERRY FIAVOUR,천연라즈베리향,,B5000148000000,식품첨가물,"사용기준 못찾음, 별도 확인 필요",,"기타, 별도 확인 필요",
7510,,천연럼향,,B5000562000000,식품첨가물,"사용기준 못찾음, 별도 확인 필요",,"기타, 별도 확인 필요",
7511,NATURAL RED RASPBERRY FLAVOUR,천연레드라즈베리향,,B5000163000000,식품첨가물,"사용기준 못찾음, 별도 확인 필요",,"기타, 별도 확인 필요",
7512,,천연레드커런트향,,B5000469000000,식품첨가물,"사용기준 못찾음, 별도 확인 필요",,"기타, 별도 확인 필요",
7513,,천연레드푸르츠향,,B5000721000000,식품첨가물,"사용기준 못찾음, 별도 확인 필요",,"기타, 별도 확인 필요",
7514,NATURAL RED FRUIT FLAVOUR,천연레드후르츠향,,B5000861000000,식품첨가물,"사용기준 못찾음, 별도 확인 필요",,사용가능,
7515,NATURAL LEMONGRASS FLAVOR,천연레몬그라스향,,B5000770000000,식품첨가물,"사용기준 못찾음, 별도 확인 필요",,"기타, 별도 확인 필요",
7516,NATURAL LEMON LIME FLAVOUR,천연레몬라임향,,B5000028000000,식품첨가물,"사용기준 못찾음, 별도 확인 필요",,"기타, 별도 확인 필요",
7517,NATURAL LEMON VERBENA FLAVOR,천연레몬버베나향,,B5000776000000,식품첨가물,"사용기준 못찾음, 별도 확인 필요",,"기타, 별도 확인 필요",
7518,,천연레몬에이드향,,B5000510000000,식품첨가물,"사용기준 못찾음, 별도 확인 필요",,"기타, 별도 확인 필요",
7519,,천연레몬크림향,,B5000508000000,식품첨가물,"사용기준 못찾음, 별도 확인 필요",,"기타, 별도 확인 필요",
7520,,천연레몬향,,B5000215000000,식품첨가물,"사용기준 못찾음, 별도 확인 필요",,"기타, 별도 확인 필요",
7521,NATURAL FALSE ROSELLE FLAVOR,천연로젤라향,,B5000076000000,식품첨가물,"사용기준 못찾음, 별도 확인 필요",,"기타, 별도 확인 필요",
7522,,천연로즈마리향,,B5000507000000,식품첨가물,"사용기준 못찾음, 별도 확인 필요",,"기타, 별도 확인 필요",
7523,NATURAL FLAVOUR(ROSE WOOD),천연로즈우드향,,B5000033000000,식품첨가물,"사용기준 못찾음, 별도 확인 필요",,"기타, 별도 확인 필요",
7524,,천연로즈힙향,,B5000655000000,식품첨가물,"사용기준 못찾음, 별도 확인 필요",,"기타, 별도 확인 필요",
7525,,천연루바브잎향,,B5000184000000,식품첨가물,"사용기준 못찾음, 별도 확인 필요",,"기타, 별도 확인 필요",
7526,NATURAL RHUBARB FLAVOUR,천연루바브향,,B5000078000000,식품첨가물,"사용기준 못찾음, 별도 확인 필요",,"기타, 별도 확인 필요",
7527,천연 루이보스향,천연루이보스향,,B5000176000000,식품첨가물,"사용기준 못찾음, 별도 확인 필요",,"기타, 별도 확인 필요",
7528,,천연루트비어향,,B5000490000000,식품첨가물,"사용기준 못찾음, 별도 확인 필요",,"기타, 별도 확인 필요",
7529,NATURAL LIMONCELLO FLAVOUR,천연리몬첼로향,,B5000789000000,식품첨가물,"사용기준 못찾음, 별도 확인 필요",,"기타, 별도 확인 필요",
7530,NATURAL LYCHEE FLAVOUR,천연리치향,,B5000730000000,식품첨가물,"사용기준 못찾음, 별도 확인 필요",,사용가능,
7531,NATURAL LEEK FLAVOUR,천연리크향,,B5000777000000,식품첨가물,"사용기준 못찾음, 별도 확인 필요",,"기타, 별도 확인 필요",
7532,NATURAL LINGONBERRY FLAVOUR,천연링곤베리향,,B5000036000000,식품첨가물,"사용기준 못찾음, 별도 확인 필요",,"기타, 별도 확인 필요",
7533,,천연마가리타향,,B5000505000000,식품첨가물,"사용기준 못찾음, 별도 확인 필요",,"기타, 별도 확인 필요",
7534,NATURAL GARLIC FLAVOUR,천연마늘향,,B5000005000000,식품첨가물,"사용기준 못찾음, 별도 확인 필요",,"기타, 별도 확인 필요",
7535,,천연마라스키노향,,B5000604000000,식품첨가물,"사용기준 못찾음, 별도 확인 필요",,"기타, 별도 확인 필요",
7536,,천연마르살라와인향,,B5000217000000,식품첨가물,"사용기준 못찾음, 별도 확인 필요",,"기타, 별도 확인 필요",
7537,,천연마쉬멜로우향,,B5000182000000,식품첨가물,"사용기준 못찾음, 별도 확인 필요",,"기타, 별도 확인 필요",
7538,,천연마스카르포네향,,B5000496000000,식품첨가물,"사용기준 못찾음, 별도 확인 필요",,"기타, 별도 확인 필요",
7539,,천연마스킹향,,B5000698000000,식품첨가물,"사용기준 못찾음, 별도 확인 필요",,"기타, 별도 확인 필요",
7540,,천연마시멜로우향,,B5000504000000,식품첨가물,"사용기준 못찾음, 별도 확인 필요",,"기타, 별도 확인 필요",
7541,,천연마아가린향,,B5000615000000,식품첨가물,"사용기준 못찾음, 별도 확인 필요",,"기타, 별도 확인 필요",
7542,,천연마요네즈향,,B5000638000000,식품첨가물,"사용기준 못찾음, 별도 확인 필요",,"기타, 별도 확인 필요",
7543,Natural Mouthfeel Flavor,천연마우스필향,,B2009154000000,식품첨가물,"사용기준 못찾음, 별도 확인 필요",,사용가능,
7544,NATURAL MACADAMIANUT FLAVOUR,천연마카다미아너트향,,B5000061000000,식품첨가물,"사용기준 못찾음, 별도 확인 필요",,"기타, 별도 확인 필요",
7545,,천연만다린망고향,,B5000635000000,식품첨가물,"사용기준 못찾음, 별도 확인 필요",,"기타, 별도 확인 필요",
7546,NATURAL HORSE MEAT FLAVOUR,천연말고기향,,B5000828000000,식품첨가물,"사용기준 못찾음, 별도 확인 필요",,사용가능,
7547,NATURAL MATCHA TEA FLAVOUR,천연말차향,,B5000842000000,식품첨가물,"사용기준 못찾음, 별도 확인 필요",,"기타, 별도 확인 필요",
7548,,천연말토덱스트린향,,B5000728000000,식품첨가물,"사용기준 못찾음, 별도 확인 필요",,"기타, 별도 확인 필요",
7549,,천연망고스틴향,,B5000633000000,식품첨가물,"사용기준 못찾음, 별도 확인 필요",,"기타, 별도 확인 필요",
7550,NATURALMANGO PUDDING FLAVOUR,천연망고푸딩향,,B5000145000000,식품첨가물,"사용기준 못찾음, 별도 확인 필요",,"기타, 별도 확인 필요",
7551,MANGO (NATURAL FLAVOURING SUBSTANCE),천연망고향,,B5000093000000,식품첨가물,"사용기준 못찾음, 별도 확인 필요",,"기타, 별도 확인 필요",
7552,,천연매실향,,B5000631000000,식품첨가물,"사용기준 못찾음, 별도 확인 필요",,"기타, 별도 확인 필요",
7553,,천연매운향,,B5000630000000,식품첨가물,"사용기준 못찾음, 별도 확인 필요",,"기타, 별도 확인 필요",
7554,,천연맥아향,,B5000276000000,식품첨가물,"사용기준 못찾음, 별도 확인 필요",,"기타, 별도 확인 필요",
7555,,천연맥주향,,B5000699000000,식품첨가물,"사용기준 못찾음, 별도 확인 필요",,"기타, 별도 확인 필요",
7556,,천연머스켓향,,B5000239000000,식품첨가물,"사용기준 못찾음, 별도 확인 필요",,"기타, 별도 확인 필요",
7557,,천연머스타드향,,B5000607000000,식품첨가물,"사용기준 못찾음, 별도 확인 필요",,"기타, 별도 확인 필요",
7558,NATURAL MELON FLAVOUR,천연메론향,,B5000044000000,식품첨가물,"사용기준 못찾음, 별도 확인 필요",,"기타, 별도 확인 필요",
7559,,천연멕시칸칠리향,,B5000232000000,식품첨가물,"사용기준 못찾음, 별도 확인 필요",,"기타, 별도 확인 필요",
7560,,천연멘톨향,,B5000330000000,식품첨가물,"사용기준 못찾음, 별도 확인 필요",,"기타, 별도 확인 필요",
7561,,천연멜론향,,B5000402000000,식품첨가물,"사용기준 못찾음, 별도 확인 필요",,"기타, 별도 확인 필요",
7562,NATURAL ANCHOVY SAUCE FLAVOR,천연멸치젓향,,B5000792000000,식품첨가물,"사용기준 못찾음, 별도 확인 필요",,"기타, 별도 확인 필요",
7563,,천연멸치향,,B5000627000000,식품첨가물,"사용기준 못찾음, 별도 확인 필요",,"기타, 별도 확인 필요",
7564,NATURAL QUINCE FLAVOUR,천연모과향,,B5000153000000,식품첨가물,"사용기준 못찾음, 별도 확인 필요",,"기타, 별도 확인 필요",
7565,NATURAL MOSCATO FLAVOR,천연모스카토향,,B5000860000000,식품첨가물,"사용기준 못찾음, 별도 확인 필요",,사용가능,
7566,,천연모짜렐라치즈향,,B5000625000000,식품첨가물,"사용기준 못찾음, 별도 확인 필요",,"기타, 별도 확인 필요",
7567,,천연모카커피향,,B5000623000000,식품첨가물,"사용기준 못찾음, 별도 확인 필요",,"기타, 별도 확인 필요",
7568,,천연모카향,,B5000321000000,식품첨가물,"사용기준 못찾음, 별도 확인 필요",,"기타, 별도 확인 필요",
7569,NATURAL MOJITO FLAVOUR,천연모히또향,,B5000787000000,식품첨가물,"사용기준 못찾음, 별도 확인 필요",,"기타, 별도 확인 필요",
7570,NATURAL OSMANTHUS FLAVOUR,천연목서향,,B5000859000000,식품첨가물,"사용기준 못찾음, 별도 확인 필요",,사용가능,
7571,,천연목화캔디향,,B5000622000000,식품첨가물,"사용기준 못찾음, 별도 확인 필요",,"기타, 별도 확인 필요",
7572,,천연무화과향,,B5000621000000,식품첨가물,"사용기준 못찾음, 별도 확인 필요",,"기타, 별도 확인 필요",
7573,OTHER NATURAL FLOVORING SUBSTANCES(JAVA WATER-DROPWORT FLAVOR),천연미나리향,,B5000106000000,식품첨가물,"사용기준 못찾음, 별도 확인 필요",,"기타, 별도 확인 필요",
7574,,천연미림향,,B5000516000000,식품첨가물,"사용기준 못찾음, 별도 확인 필요",,"기타, 별도 확인 필요",
7575,NATURAL SEA MUSTARD FLAVOUR,천연미역향,,B5000871000000,식품첨가물,"사용기준 못찾음, 별도 확인 필요",,사용가능,
7576,NATURAL MIX BERRY FLAVOR,천연믹스베리향,,B5000779000000,식품첨가물,"사용기준 못찾음, 별도 확인 필요",,"기타, 별도 확인 필요",
7577,NATURAL MINT FLAVOUR,천연민트향,,B5000020000000,식품첨가물,"사용기준 못찾음, 별도 확인 필요",,"기타, 별도 확인 필요",
7578,NATURAL WHEAT GLUTEN FLAVOUR,천연밀글루텐향,,B5000799000000,식품첨가물,"사용기준 못찾음, 별도 확인 필요",,"기타, 별도 확인 필요",
7579,NATURAL MILK CHOCOLATE FLAVOUR,천연밀크초콜릿향,,B5000847000000,식품첨가물,"사용기준 못찾음, 별도 확인 필요",,"기타, 별도 확인 필요",
7580,,천연밀향,,B5000617000000,식품첨가물,"사용기준 못찾음, 별도 확인 필요",,"기타, 별도 확인 필요",
7581,NATURAL BANANA FLAVOUR,천연바나나향,,B5000118000000,식품첨가물,"사용기준 못찾음, 별도 확인 필요",,"기타, 별도 확인 필요",
7582,,천연바닐라버본향,,B5000560000000,식품첨가물,"사용기준 못찾음, 별도 확인 필요",,"기타, 별도 확인 필요",
7583,,천연바닐라버터향,,B5000671000000,식품첨가물,"사용기준 못찾음, 별도 확인 필요",,"기타, 별도 확인 필요",
7584,NATURAL VANILLA ICE CREAM FLAVOUR,천연바닐라아이스크림향,,B5000856000000,식품첨가물,"사용기준 못찾음, 별도 확인 필요",,사용가능,
7585,,천연바닐라에센스향,,B5000669000000,식품첨가물,"사용기준 못찾음, 별도 확인 필요",,"기타, 별도 확인 필요",
7586,,천연바닐라우유향,,B5000552000000,식품첨가물,"사용기준 못찾음, 별도 확인 필요",,"기타, 별도 확인 필요",
7587,,천연바닐라체리향,,B5000551000000,식품첨가물,"사용기준 못찾음, 별도 확인 필요",,"기타, 별도 확인 필요",
7588,,천연바닐라카라멜향,,B5000549000000,식품첨가물,"사용기준 못찾음, 별도 확인 필요",,"기타, 별도 확인 필요",
7589,NATURAL VANILLA CAPPUCCINO FLAVOUR,천연바닐라카푸치노향,,B5000101000000,식품첨가물,"사용기준 못찾음, 별도 확인 필요",,"기타, 별도 확인 필요",
7590,,천연바닐라크림향,,B5000598000000,식품첨가물,"사용기준 못찾음, 별도 확인 필요",,"기타, 별도 확인 필요",
7591,,천연바닐라향,natural vanilla flavouring,B5000059000000,식품첨가물,II. 2. 1)의 규정에 따라 사용하여야 한다.,,"기타, 별도 확인 필요",
7592,NATURAL VANILLIN FLAVOUR,천연바닐린향,,B5000116000000,식품첨가물,"사용기준 못찾음, 별도 확인 필요",,"기타, 별도 확인 필요",
7593,,천연바다가재(랍스터)향,,B5000563000000,식품첨가물,"사용기준 못찾음, 별도 확인 필요",,"기타, 별도 확인 필요",
7594,,천연바라밀향,,B5000231000000,식품첨가물,"사용기준 못찾음, 별도 확인 필요",,"기타, 별도 확인 필요",
7595,NATURAL FLAVOUR BARBECUE,천연바베큐향,,B5000043000000,식품첨가물,"사용기준 못찾음, 별도 확인 필요",,"기타, 별도 확인 필요",
7596,,천연바씰향,,B5000650000000,식품첨가물,"사용기준 못찾음, 별도 확인 필요",,"기타, 별도 확인 필요",
7597,NATURAL BASIL FLAVOR,천연바질향,,B5000791000000,식품첨가물,"사용기준 못찾음, 별도 확인 필요",,"기타, 별도 확인 필요",
7598,NATURAL PEPPERMINT FLAVOUR,천연박하향,,B5000109000000,식품첨가물,"사용기준 못찾음, 별도 확인 필요",,"기타, 별도 확인 필요",
7599,NATURAL FEMENTED MILK FLAVOUR,천연발효유향,,B5000152000000,식품첨가물,"사용기준 못찾음, 별도 확인 필요",,"기타, 별도 확인 필요",
7600,NATURAL CHESTNUT FLAVOUR,천연밤향,,B5000092000000,식품첨가물,"사용기준 못찾음, 별도 확인 필요",,"기타, 별도 확인 필요",
7601,PEAR FLAVOUR NATURAL ESSENCE,천연배향,,B5000006000000,식품첨가물,"사용기준 못찾음, 별도 확인 필요",,"기타, 별도 확인 필요",
7602,,천연백미후추향,,B5000649000000,식품첨가물,"사용기준 못찾음, 별도 확인 필요",,"기타, 별도 확인 필요",
7603,NATURAL WHITE TEA FLAVOUR,천연백차향,,B5000738000000,식품첨가물,"사용기준 못찾음, 별도 확인 필요",,사용가능,
7604,,천연백포도향,,B5000240000000,식품첨가물,"사용기준 못찾음, 별도 확인 필요",,"기타, 별도 확인 필요",
7605,OTHER NATURAL FLAVORING SUBSTANCES(LILY FLAVOR),천연백합향,,B5000083000000,식품첨가물,"사용기준 못찾음, 별도 확인 필요",,"기타, 별도 확인 필요",
7606,,천연백후추향,,B5000273000000,식품첨가물,"사용기준 못찾음, 별도 확인 필요",,"기타, 별도 확인 필요",
7607,,천연버블검향,,B5000648000000,식품첨가물,"사용기준 못찾음, 별도 확인 필요",,"기타, 별도 확인 필요",
7608,,천연버섯향,,B5000660000000,식품첨가물,"사용기준 못찾음, 별도 확인 필요",,"기타, 별도 확인 필요",
7609,,천연버터밀크향,,B5000495000000,식품첨가물,"사용기준 못찾음, 별도 확인 필요",,"기타, 별도 확인 필요",
7610,,천연버터스카치향,,B5000644000000,식품첨가물,"사용기준 못찾음, 별도 확인 필요",,"기타, 별도 확인 필요",
7611,,천연버터초콜릿향,,B5000693000000,식품첨가물,"사용기준 못찾음, 별도 확인 필요",,"기타, 별도 확인 필요",
7612,,천연버터카라멜향,,B5000434000000,식품첨가물,"사용기준 못찾음, 별도 확인 필요",,"기타, 별도 확인 필요",
7613,,천연버터크림향,,B5000433000000,식품첨가물,"사용기준 못찾음, 별도 확인 필요",,"기타, 별도 확인 필요",
7614,천연버터토피향,천연버터토피향,,B5000147000000,식품첨가물,"사용기준 못찾음, 별도 확인 필요",,"기타, 별도 확인 필요",
7615,NATURAL BUTTER FLAVOUR,천연버터향,Natural Butter Flavor,B5000143000000,식품첨가물,II. 2. 1)의 규정에 따라 사용하여야 한다.,,"기타, 별도 확인 필요",
7616,NATURAL HONEY FLAVOR,천연벌꿀향,,B5000051000000,식품첨가물,II. 2. 1)의 규정에 따라 사용하여야 한다.,,"기타, 별도 확인 필요",
7617,NATURAL CHERRY BLOSSOM FLAVOUR,천연벚꽃향,,B5000127000000,식품첨가물,"사용기준 못찾음, 별도 확인 필요",,"기타, 별도 확인 필요",
7618,NATURAL BERGAMOT MINT FLAVOR,천연베르가못민트향,,B5000013000000,식품첨가물,"사용기준 못찾음, 별도 확인 필요",,"기타, 별도 확인 필요",
7619,,천연베르가못향,,B5000230000000,식품첨가물,"사용기준 못찾음, 별도 확인 필요",,"기타, 별도 확인 필요",
7620,NATURAL VERMUT AROMA,천연베르무트향,,B5000732000000,식품첨가물,"사용기준 못찾음, 별도 확인 필요",,사용가능,
7621,,천연베리향,,B5000429000000,식품첨가물,"사용기준 못찾음, 별도 확인 필요",,"기타, 별도 확인 필요",
7622,,천연베리혼합향,,B5000428000000,식품첨가물,"사용기준 못찾음, 별도 확인 필요",,"기타, 별도 확인 필요",
7623,NATURAL BACON FLAVOUR,천연베이컨향,,B5000114000000,식품첨가물,"사용기준 못찾음, 별도 확인 필요",,"기타, 별도 확인 필요",
7624,,천연보드카향,,B5000427000000,식품첨가물,"사용기준 못찾음, 별도 확인 필요",,"기타, 별도 확인 필요",
7625,,천연보리향,,B5000426000000,식품첨가물,"사용기준 못찾음, 별도 확인 필요",,"기타, 별도 확인 필요",
7626,NATURAL BOYSENBERRY FLAVOUR,천연보이젠베리향,,B5000007000000,식품첨가물,"사용기준 못찾음, 별도 확인 필요",,"기타, 별도 확인 필요",
7627,NATURAL PEACH BUBBLE TEA FLAVOUR,천연복숭아버블티향,,B5000824000000,식품첨가물,"사용기준 못찾음, 별도 확인 필요",,사용가능,
7628,NATURAL PEACH ICED TEA FLAVOUR,천연복숭아아이스티향,,B5000814000000,식품첨가물,"사용기준 못찾음, 별도 확인 필요",,사용가능,
7629,NATURAL PEACH PIE FLAVOUR,천연복숭아파이향,,B5000822000000,식품첨가물,"사용기준 못찾음, 별도 확인 필요",,사용가능,
7630,NATURAL PEACH PASSION FRUIT FLAVOUR,천연복숭아패션프루트향,,B5000846000000,식품첨가물,"사용기준 못찾음, 별도 확인 필요",,"기타, 별도 확인 필요",
7631,NATURAL PEACH FLAVOUR,천연복숭아향,,B5000064000000,식품첨가물,"사용기준 못찾음, 별도 확인 필요",,"기타, 별도 확인 필요",
7632,,천연볶은보리향,,B5000196000000,식품첨가물,"사용기준 못찾음, 별도 확인 필요",,"기타, 별도 확인 필요",
7633,NATURAL ROASTED COFFEE FLAVOR,천연볶은커피향,,B5000735000000,식품첨가물,"사용기준 못찾음, 별도 확인 필요",,사용가능,
7634,NATURAL BUAH MERAH FLAVOUR,천연부아메라향,,B5000099000000,식품첨가물,"사용기준 못찾음, 별도 확인 필요",,"기타, 별도 확인 필요",
7635,,천연부추향,,B5000424000000,식품첨가물,"사용기준 못찾음, 별도 확인 필요",,"기타, 별도 확인 필요",
7636,,천연붉은뽕나무향,,B5000286000000,식품첨가물,"사용기준 못찾음, 별도 확인 필요",,"기타, 별도 확인 필요",
7637,NATURAL RED ORANGE FLAVOUR,천연붉은오렌지향,,B5000001000000,식품첨가물,"사용기준 못찾음, 별도 확인 필요",,"기타, 별도 확인 필요",
7638,,천연브라우니향,,B5000710000000,식품첨가물,"사용기준 못찾음, 별도 확인 필요",,"기타, 별도 확인 필요",
7639,NATURAL BROWN BUTTER FLAVOUR,천연브라운버터향,,B5000816000000,식품첨가물,"사용기준 못찾음, 별도 확인 필요",,사용가능,
7640,,천연브랜디향,,B5000423000000,식품첨가물,"사용기준 못찾음, 별도 확인 필요",,"기타, 별도 확인 필요",
7641,NATURAL BLACK CARROT FLAVOUR,천연블랙당근향,,B5000820000000,식품첨가물,"사용기준 못찾음, 별도 확인 필요",,사용가능,
7642,NATURAL BLACK RASPBERRY FLAVOUR,천연블랙라즈베리향,,B5000110000000,식품첨가물,"사용기준 못찾음, 별도 확인 필요",,"기타, 별도 확인 필요",
7643,NATURAL BLACKBERRY FLAVOUR,천연블랙베리향,,B5000171000000,식품첨가물,"사용기준 못찾음, 별도 확인 필요",,"기타, 별도 확인 필요",
7644,NATURAL BLACK ELDERBERRY LIME FLAVOUR,천연블랙엘더베리라임향,,B5000849000000,식품첨가물,"사용기준 못찾음, 별도 확인 필요",,"기타, 별도 확인 필요",
7645,NATURAL BLACK CHERRY FLAVOUR,천연블랙체리향,,B5000103000000,식품첨가물,"사용기준 못찾음, 별도 확인 필요",,"기타, 별도 확인 필요",
7646,NATURAL BLACK CURRANT FLAVOUR,천연블랙커런트향,,B5000139000000,식품첨가물,"사용기준 못찾음, 별도 확인 필요",,"기타, 별도 확인 필요",
7647,NATURAL BLACK HUCKLEBERRY FLAVOUR,천연블랙허클베리향,,B5000015000000,식품첨가물,"사용기준 못찾음, 별도 확인 필요",,"기타, 별도 확인 필요",
7648,,천연블러드오렌지향,,B5000335000000,식품첨가물,"사용기준 못찾음, 별도 확인 필요",,"기타, 별도 확인 필요",
7649,,천연블루라즈베리향,,B5000419000000,식품첨가물,"사용기준 못찾음, 별도 확인 필요",,"기타, 별도 확인 필요",
7650,NATURAL BLUEBERRY FLAVOUR,천연블루베리향,,B5000172000000,식품첨가물,"사용기준 못찾음, 별도 확인 필요",,"기타, 별도 확인 필요",
7651,,천연블루치즈향,,B5000418000000,식품첨가물,"사용기준 못찾음, 별도 확인 필요",,"기타, 별도 확인 필요",
7652,,천연비스킷향,,B5000248000000,식품첨가물,"사용기준 못찾음, 별도 확인 필요",,"기타, 별도 확인 필요",
7653,,천연비파향,,B5000228000000,식품첨가물,"사용기준 못찾음, 별도 확인 필요",,"기타, 별도 확인 필요",
7654,,천연빌베리향,,B5000417000000,식품첨가물,"사용기준 못찾음, 별도 확인 필요",,"기타, 별도 확인 필요",
7655,NATURAL BREAD FLAVOUR,천연빵향,,B5000757000000,식품첨가물,"사용기준 못찾음, 별도 확인 필요",,사용가능,
7656,NATURAL APPPLE FLAVOUR,천연사과향,,B5000010000000,식품첨가물,"사용기준 못찾음, 별도 확인 필요",,"기타, 별도 확인 필요",
7657,,천연사우어애플향,,B5000684000000,식품첨가물,"사용기준 못찾음, 별도 확인 필요",,"기타, 별도 확인 필요",
7658,,천연사우어크림향,,B5000547000000,식품첨가물,"사용기준 못찾음, 별도 확인 필요",,"기타, 별도 확인 필요",
7659,NATURAL SOURCREAM ONION FLAVOUR,천연사워크림어니언향,,B5000850000000,식품첨가물,"사용기준 못찾음, 별도 확인 필요",,"기타, 별도 확인 필요",
7660,,천연사워크림향,,B5000226000000,식품첨가물,"사용기준 못찾음, 별도 확인 필요",,"기타, 별도 확인 필요",
7661,,천연사이다향,,B5000545000000,식품첨가물,"사용기준 못찾음, 별도 확인 필요",,"기타, 별도 확인 필요",
7662,,천연사탕수수향,,B5000544000000,식품첨가물,"사용기준 못찾음, 별도 확인 필요",,"기타, 별도 확인 필요",
7663,NATURAL SAFFRON FLAVOR,천연사프란향,,B5000758000000,식품첨가물,"사용기준 못찾음, 별도 확인 필요",,사용가능,
7664,,천연산딸기에센스향,,B5000220000000,식품첨가물,"사용기준 못찾음, 별도 확인 필요",,"기타, 별도 확인 필요",
7665,NATURAL RASPBERRY FLAVOUR,천연산딸기향,,B5000141000000,식품첨가물,II. 2. 1)의 규정에 따라 사용하여야 한다.,,"기타, 별도 확인 필요",
7666,NATURAL GOAT MILK FLAVOUR,천연산양유향,,B5000133000000,식품첨가물,"사용기준 못찾음, 별도 확인 필요",,"기타, 별도 확인 필요",
7667,NATURAL SICHUAN PEPPER FLAVOUR,천연산초향,,B5000867000000,식품첨가물,"사용기준 못찾음, 별도 확인 필요",,사용가능,
7668,NATURAL APRICOT FLAVOUR,천연살구향,,B5000100000000,식품첨가물,"사용기준 못찾음, 별도 확인 필요",,"기타, 별도 확인 필요",
7669,,천연상그리아향,,B5000278000000,식품첨가물,"사용기준 못찾음, 별도 확인 필요",,"기타, 별도 확인 필요",
7670,,천연새우향,,B5000539000000,식품첨가물,"사용기준 못찾음, 별도 확인 필요",,"기타, 별도 확인 필요",
7671,,천연생강향,,B5000663000000,식품첨가물,"사용기준 못찾음, 별도 확인 필요",,"기타, 별도 확인 필요",
7672,,천연생선향,,B5000536000000,식품첨가물,"사용기준 못찾음, 별도 확인 필요",,"기타, 별도 확인 필요",
7673,NATURAL SHINE MUSCAT FLAVOUR,천연샤인머스캣향,,B5000858000000,식품첨가물,"사용기준 못찾음, 별도 확인 필요",,사용가능,
7674,,천연샴페인향,,B5000535000000,식품첨가물,"사용기준 못찾음, 별도 확인 필요",,"기타, 별도 확인 필요",
7675,,천연서양고추냉이향,,B5000320000000,식품첨가물,"사용기준 못찾음, 별도 확인 필요",,"기타, 별도 확인 필요",
7676,,천연서양배향,,B5000666000000,식품첨가물,"사용기준 못찾음, 별도 확인 필요",,"기타, 별도 확인 필요",
7677,,천연서양송로향,,B5000656000000,식품첨가물,"사용기준 못찾음, 별도 확인 필요",,"기타, 별도 확인 필요",
7678,,천연서양자초향,,B5000707000000,식품첨가물,"사용기준 못찾음, 별도 확인 필요",,"기타, 별도 확인 필요",
7679,NATURAL POMEGRANATE FLAVOR,천연석류향,,B5000742000000,식품첨가물,"사용기준 못찾음, 별도 확인 필요",,사용가능,
7680,,천연선인장열매향,,B5000665000000,식품첨가물,"사용기준 못찾음, 별도 확인 필요",,"기타, 별도 확인 필요",
7681,,천연설탕향,,B5000534000000,식품첨가물,"사용기준 못찾음, 별도 확인 필요",,"기타, 별도 확인 필요",
7682,NATURAL SEA URCHIN FLAVOUR,천연성게향,,B5000872000000,식품첨가물,"사용기준 못찾음, 별도 확인 필요",,사용가능,
7683,NATURAL CELERY FLAVOUR,천연셀러리향,,B5000124000000,식품첨가물,"사용기준 못찾음, 별도 확인 필요",,"기타, 별도 확인 필요",
7684,,천연셜롯향,,B5000533000000,식품첨가물,"사용기준 못찾음, 별도 확인 필요",,"기타, 별도 확인 필요",
7685,NATURAL FLAVOUR BEEF,천연소고기향,,B5000042000000,식품첨가물,"사용기준 못찾음, 별도 확인 필요",,"기타, 별도 확인 필요",
7686,Natural Waxberry flavour,천연소귀나무열매향,,B5000734000000,식품첨가물,"사용기준 못찾음, 별도 확인 필요",,사용가능,
7687,,천연소금향,,B5000532000000,식품첨가물,"사용기준 못찾음, 별도 확인 필요",,"기타, 별도 확인 필요",
7688,"Natural Flavoring Substances(Pine Flavour, Terpentine oil)",천연소나무향,,B5000111000000,식품첨가물,"사용기준 못찾음, 별도 확인 필요",,"기타, 별도 확인 필요",
7689,,천연소다향,,B5000338000000,식품첨가물,"사용기준 못찾음, 별도 확인 필요",,"기타, 별도 확인 필요",
7690,NATURAL SALTED CARAMEL FLAVOUR,천연솔티드카라멜향,,B5000766000000,식품첨가물,"사용기준 못찾음, 별도 확인 필요",,"기타, 별도 확인 필요",
7691,,천연솜사탕향,,B5000295000000,식품첨가물,"사용기준 못찾음, 별도 확인 필요",,"기타, 별도 확인 필요",
7692,,천연송로버섯향,,B5000531000000,식품첨가물,"사용기준 못찾음, 별도 확인 필요",,"기타, 별도 확인 필요",
7693,,천연쇠고기향,,B5000529000000,식품첨가물,"사용기준 못찾음, 별도 확인 필요",,"기타, 별도 확인 필요",
7694,NATURAL CORNFLOWER FLAVOUR,천연수레국화향,,B5000761000000,식품첨가물,"사용기준 못찾음, 별도 확인 필요",,"기타, 별도 확인 필요",
7695,NATURAL WATERMELON FLAVOUR,천연수박향,,B5000067000000,식품첨가물,"사용기준 못찾음, 별도 확인 필요",,"기타, 별도 확인 필요",
7696,,천연숙근초향,,B5000706000000,식품첨가물,"사용기준 못찾음, 별도 확인 필요",,"기타, 별도 확인 필요",
7697,NATURAL SMOKE FLAVOUR,천연스모크향,,B5000754000000,식품첨가물,"사용기준 못찾음, 별도 확인 필요",,사용가능,
7698,NATURAL SWEETMELON FLAVOUR,천연스위트멜론향,,B5000155000000,식품첨가물,"사용기준 못찾음, 별도 확인 필요",,"기타, 별도 확인 필요",
7699,NATURAL STAR ANISE FLAVOR,천연스타아니스향,,B5000075000000,식품첨가물,"사용기준 못찾음, 별도 확인 필요",,"기타, 별도 확인 필요",
7700,NATURAL STARFRUIT PINEAPPLE FLAVOUR,천연스타후르츠파인애플향,,B5000866000000,식품첨가물,"사용기준 못찾음, 별도 확인 필요",,사용가능,
7701,NATURAL STARFRUIT FLAVOR,천연스타후르츠향,,B5000071000000,식품첨가물,"사용기준 못찾음, 별도 확인 필요",,"기타, 별도 확인 필요",
7702,NATURAL STEVIA LEAVES FLAVOURING,천연스테비아잎향,,B5000760000000,식품첨가물,"사용기준 못찾음, 별도 확인 필요",,사용가능,
7703,NATURAL STRACCIATELLA FLAVOUR,천연스트라치아텔라향,,B2009155000000,식품첨가물,"사용기준 못찾음, 별도 확인 필요",,사용가능,
7704,,천연스파이스향,,B5000526000000,식품첨가물,"사용기준 못찾음, 별도 확인 필요",,"기타, 별도 확인 필요",
7705,NATURAL SPRITZ CLFAVOUR,천연스프리츠향,,B5000830000000,식품첨가물,"사용기준 못찾음, 별도 확인 필요",,사용가능,
7706,NATURAL GARDEN MINT FLAVOUR,천연스피어민트향,,B5000783000000,식품첨가물,"사용기준 못찾음, 별도 확인 필요",,"기타, 별도 확인 필요",
7707,NATURAL NECTARINE FLAVOUR,천연승도향,,B5000003000000,식품첨가물,"사용기준 못찾음, 별도 확인 필요",,"기타, 별도 확인 필요",
7708,,천연시금치향,,B5000613000000,식품첨가물,"사용기준 못찾음, 별도 확인 필요",,"기타, 별도 확인 필요",
7709,시라(딜)오일향,천연시라(딜)향,,B5000612000000,식품첨가물,"사용기준 못찾음, 별도 확인 필요",,"기타, 별도 확인 필요",
7710,천연시저향,천연시저향,,B5000676000000,식품첨가물,"사용기준 못찾음, 별도 확인 필요",,"기타, 별도 확인 필요",
7711,,천연시트랄향,,B5000611000000,식품첨가물,"사용기준 못찾음, 별도 확인 필요",,"기타, 별도 확인 필요",
7712,,천연시트러스향,,B5000610000000,식품첨가물,"사용기준 못찾음, 별도 확인 필요",,"기타, 별도 확인 필요",
7713,,천연식물성마가린향,,B5000525000000,식품첨가물,"사용기준 못찾음, 별도 확인 필요",,"기타, 별도 확인 필요",
7714,NATURAL VINEGAR FLAVOR,천연식초향,,B5000021000000,식품첨가물,"사용기준 못찾음, 별도 확인 필요",,"기타, 별도 확인 필요",
7715,NATURAL SOUR CHERRY FLAVOUR,천연신체리향,,B5000026000000,식품첨가물,"사용기준 못찾음, 별도 확인 필요",,"기타, 별도 확인 필요",
7716,,천연쌀향,,B5000609000000,식품첨가물,"사용기준 못찾음, 별도 확인 필요",,"기타, 별도 확인 필요",
7717,,천연쓴오렌지향,,B5000524000000,식품첨가물,"사용기준 못찾음, 별도 확인 필요",,"기타, 별도 확인 필요",
7718,,천연씨콰사향,,B5000002000000,식품첨가물,"사용기준 못찾음, 별도 확인 필요",,"기타, 별도 확인 필요",
7719,NATURAL AGAVE FLAVOUR,천연아가베향,,B5000019000000,식품첨가물,"사용기준 못찾음, 별도 확인 필요",,"기타, 별도 확인 필요",
7720,,천연아네톨향,,B5000523000000,식품첨가물,"사용기준 못찾음, 별도 확인 필요",,"기타, 별도 확인 필요",
7721,,천연아니스향,,B5000271000000,식품첨가물,"사용기준 못찾음, 별도 확인 필요",,"기타, 별도 확인 필요",
7722,NATURAL SCREW PINE FLAVOUR,천연아단향,,B5000045000000,식품첨가물,"사용기준 못찾음, 별도 확인 필요",,"기타, 별도 확인 필요",
7723,OTHER NATURAL FLAVORING SUBSTANCE(NATURAL ARONIA FLAVOUR),천연아로니아향,,B5000049000000,식품첨가물,"사용기준 못찾음, 별도 확인 필요",,"기타, 별도 확인 필요",
7724,,천연아마레또향,,B5000521000000,식품첨가물,"사용기준 못찾음, 별도 확인 필요",,"기타, 별도 확인 필요",
7725,NATURAL ALMOND VANILLA FLAVOUR,천연아몬드바닐라향,,B5000749000000,식품첨가물,"사용기준 못찾음, 별도 확인 필요",,사용가능,
7726,,천연아몬드버터향,,B5000397000000,식품첨가물,"사용기준 못찾음, 별도 확인 필요",,"기타, 별도 확인 필요",
7727,NATURAL ALMOND COOKIE FLAVOUR,천연아몬드쿠키향,,B5000839000000,식품첨가물,"사용기준 못찾음, 별도 확인 필요",,"기타, 별도 확인 필요",
7728,NATURAL ALMOND FLAVOUR,천연아몬드향,,B5000108000000,식품첨가물,"사용기준 못찾음, 별도 확인 필요",,"기타, 별도 확인 필요",
7729,NATURAL AVOCADO FLAVOUR,천연아보카도향,,B5000853000000,식품첨가물,"사용기준 못찾음, 별도 확인 필요",,"기타, 별도 확인 필요",
7730,NATURAL ACAI BERRY FLAVOR,천연아사이베리향,,B5000023000000,식품첨가물,"사용기준 못찾음, 별도 확인 필요",,"기타, 별도 확인 필요",
7731,NATURAL ACAI FLAVOUR,천연아사이향,,B5000087000000,식품첨가물,"사용기준 못찾음, 별도 확인 필요",,"기타, 별도 확인 필요",
7732,,천연아세로라향,,B5000467000000,식품첨가물,"사용기준 못찾음, 별도 확인 필요",,"기타, 별도 확인 필요",
7733,,천연아스파라거스향,,B5000466000000,식품첨가물,"사용기준 못찾음, 별도 확인 필요",,"기타, 별도 확인 필요",
7734,,천연아이리쉬크림향,,B5000464000000,식품첨가물,"사용기준 못찾음, 별도 확인 필요",,"기타, 별도 확인 필요",
7735,,천연아이리쉬향,,B5000463000000,식품첨가물,"사용기준 못찾음, 별도 확인 필요",,"기타, 별도 확인 필요",
7736,NATURAL ICE WINE FLAVOR,천연아이스와인향,,B5000747000000,식품첨가물,"사용기준 못찾음, 별도 확인 필요",,사용가능,
7737,,천연아이스크림향,,B5000462000000,식품첨가물,"사용기준 못찾음, 별도 확인 필요",,"기타, 별도 확인 필요",
7738,,천연아카시아꿀향,,B5000719000000,식품첨가물,"사용기준 못찾음, 별도 확인 필요",,"기타, 별도 확인 필요",
7739,NATURAL ARTICHOKE FLAVOR,천연아티초크향,,B5000733000000,식품첨가물,"사용기준 못찾음, 별도 확인 필요",,사용가능,
7740,,천연아프리코트향,,B5000125000000,식품첨가물,"사용기준 못찾음, 별도 확인 필요",,"기타, 별도 확인 필요",
7741,NATURAL ALOE FLAVOR,천연알로에향,,B5000022000000,식품첨가물,"사용기준 못찾음, 별도 확인 필요",,"기타, 별도 확인 필요",
7742,,천연알콜향,,B5000727000000,식품첨가물,"사용기준 못찾음, 별도 확인 필요",,"기타, 별도 확인 필요",
7743,NATURAL APPLE CIDER FLAVOUR,천연애플사이다향,,B5000845000000,식품첨가물,"사용기준 못찾음, 별도 확인 필요",,"기타, 별도 확인 필요",
7744,,천연앵두향,,B5000126000000,식품첨가물,"사용기준 못찾음, 별도 확인 필요",,"기타, 별도 확인 필요",
7745,NATURAL WILD STRAWBERRY FLAVOUR,천연야생딸기향,,B5000065000000,식품첨가물,"사용기준 못찾음, 별도 확인 필요",,"기타, 별도 확인 필요",
7746,NATURAL VEGETABLE SOUP FLAVOUR,천연야채스프향,,B5000831000000,식품첨가물,"사용기준 못찾음, 별도 확인 필요",,사용가능,
7747,,천연야채향,,B5000458000000,식품첨가물,"사용기준 못찾음, 별도 확인 필요",,"기타, 별도 확인 필요",
7748,,천연야채혼합향,,B5000457000000,식품첨가물,"사용기준 못찾음, 별도 확인 필요",,"기타, 별도 확인 필요",
7749,NATURAL POPPY FLAVOUR,천연양귀비향,,B5000027000000,식품첨가물,"사용기준 못찾음, 별도 확인 필요",,"기타, 별도 확인 필요",
7750,,천연양배추향,,B5000455000000,식품첨가물,"사용기준 못찾음, 별도 확인 필요",,"기타, 별도 확인 필요",
7751,,천연양송이향,,B5000454000000,식품첨가물,"사용기준 못찾음, 별도 확인 필요",,"기타, 별도 확인 필요",
7752,,천연양파향,,B5000453000000,식품첨가물,"사용기준 못찾음, 별도 확인 필요",,"기타, 별도 확인 필요",
7753,NATURAL EARL GREY FLAVOUR,천연얼그레이향,,B5000167000000,식품첨가물,"사용기준 못찾음, 별도 확인 필요",,"기타, 별도 확인 필요",
7754,NATURAL EMMENTAL FLAVOUR,천연에멘탈치즈향,,B5000748000000,식품첨가물,"사용기준 못찾음, 별도 확인 필요",,사용가능,
7755,,천연에스프레소향,,B5000451000000,식품첨가물,"사용기준 못찾음, 별도 확인 필요",,"기타, 별도 확인 필요",
7756,,천연엘더베리향,,B5000450000000,식품첨가물,"사용기준 못찾음, 별도 확인 필요",,"기타, 별도 확인 필요",
7757,NATURAL LOTUS ROOT FLAVOR,천연연근향,,B5000077000000,식품첨가물,"사용기준 못찾음, 별도 확인 필요",,"기타, 별도 확인 필요",
7758,천연연꽃씨향,천연연꽃씨향,,B5000679000000,식품첨가물,"사용기준 못찾음, 별도 확인 필요",,"기타, 별도 확인 필요",
7759,,천연연꽃향,,B5000449000000,식품첨가물,"사용기준 못찾음, 별도 확인 필요",,"기타, 별도 확인 필요",
7760,NATURAL SALMON FLAVOUR,천연연어향,,B5000102000000,식품첨가물,"사용기준 못찾음, 별도 확인 필요",,"기타, 별도 확인 필요",
7761,,천연연유향,,B5000662000000,식품첨가물,"사용기준 못찾음, 별도 확인 필요",,"기타, 별도 확인 필요",
7762,NATURAL LOTUS LEAF FLAVOUR,천연연잎향,,B5000782000000,식품첨가물,"사용기준 못찾음, 별도 확인 필요",,"기타, 별도 확인 필요",
7763,,천연열대과일향,,B5000292000000,식품첨가물,"사용기준 못찾음, 별도 확인 필요",,"기타, 별도 확인 필요",
7764,,천연엿기름향,,B5000283000000,식품첨가물,"사용기준 못찾음, 별도 확인 필요",,"기타, 별도 확인 필요",
7765,NATURAL MULBERRY FLAVOUR,천연오디향,,B5000057000000,식품첨가물,"사용기준 못찾음, 별도 확인 필요",,"기타, 별도 확인 필요",
7766,,천연오레가노향,,B5000216000000,식품첨가물,"사용기준 못찾음, 별도 확인 필요",,"기타, 별도 확인 필요",
7767,Natural Flavour(Orange blossom),천연오렌지꽃향,,B5000094000000,식품첨가물,"사용기준 못찾음, 별도 확인 필요",,"기타, 별도 확인 필요",
7768,,천연오렌지크림향,,B5000558000000,식품첨가물,"사용기준 못찾음, 별도 확인 필요",,"기타, 별도 확인 필요",
7769,,천연오렌지파인애플향,,B5000557000000,식품첨가물,"사용기준 못찾음, 별도 확인 필요",,"기타, 별도 확인 필요",
7770,NATURAL FLAVOUR ORANGE,천연오렌지향,,B5000012000000,식품첨가물,"사용기준 못찾음, 별도 확인 필요",,"기타, 별도 확인 필요",
7771,,천연오이향,,B5000556000000,식품첨가물,"사용기준 못찾음, 별도 확인 필요",,"기타, 별도 확인 필요",
7772,,천연오징어향,,B5000555000000,식품첨가물,"사용기준 못찾음, 별도 확인 필요",,"기타, 별도 확인 필요",
7773,NATURAL OAK MASS FLAVOUR,천연오크향,,B5000050000000,식품첨가물,"사용기준 못찾음, 별도 확인 필요",,"기타, 별도 확인 필요",
7774,,천연오트밀향,,B5000486000000,식품첨가물,"사용기준 못찾음, 별도 확인 필요",,"기타, 별도 확인 필요",
7775,,천연옥수수향,,B5000485000000,식품첨가물,"사용기준 못찾음, 별도 확인 필요",,"기타, 별도 확인 필요",
7776,NATURAL OLIVE OIL FLAVOUR,천연올리브유향,,B5000812000000,식품첨가물,"사용기준 못찾음, 별도 확인 필요",,사용가능,
7777,,천연올리브향,,B5000484000000,식품첨가물,"사용기준 못찾음, 별도 확인 필요",,"기타, 별도 확인 필요",
7778,NATURAL WINE LEES OIL FLAVOUR,천연와인리즈오일향,,B5000832000000,식품첨가물,"사용기준 못찾음, 별도 확인 필요",,사용가능,
7779,,천연와인향,,B5000227000000,식품첨가물,"사용기준 못찾음, 별도 확인 필요",,"기타, 별도 확인 필요",
7780,NATURAL WILDBERRY FLAVOUR,천연와일드베리향,,B5000069000000,식품첨가물,"사용기준 못찾음, 별도 확인 필요",,"기타, 별도 확인 필요",
7781,NATURAL WILD CHERRY FLAVOUR,천연와일드체리향,,B5000794000000,식품첨가물,"사용기준 못찾음, 별도 확인 필요",,"기타, 별도 확인 필요",
7782,,천연와플향,,B5000695000000,식품첨가물,"사용기준 못찾음, 별도 확인 필요",,"기타, 별도 확인 필요",
7783,NATURAL PEA FLAVOUR,천연완두향,,B5000070000000,식품첨가물,"사용기준 못찾음, 별도 확인 필요",,"기타, 별도 확인 필요",
7784,,천연요거트향,,B5000399000000,식품첨가물,"사용기준 못찾음, 별도 확인 필요",,"기타, 별도 확인 필요",
7785,NATURAL YOGURT FLAVOUR,천연요구르트향,,B5000060000000,식품첨가물,"사용기준 못찾음, 별도 확인 필요",,"기타, 별도 확인 필요",
7786,NATURAL LONGAN FLAVOUR,천연용안향,,B5000160000000,식품첨가물,"사용기준 못찾음, 별도 확인 필요",,"기타, 별도 확인 필요",
7787,NATURAL WORCESTER SAUCE FLAVOUR,천연우스터소스향,,B5000793000000,식품첨가물,"사용기준 못찾음, 별도 확인 필요",,"기타, 별도 확인 필요",
7788,NATURAL BURDOCK FLAVOR,천연우엉향,,B5000074000000,식품첨가물,"사용기준 못찾음, 별도 확인 필요",,"기타, 별도 확인 필요",
7789,,천연우유버터향,,B5000481000000,식품첨가물,"사용기준 못찾음, 별도 확인 필요",,"기타, 별도 확인 필요",
7790,,천연우유카라멜향,,B5000478000000,식품첨가물,"사용기준 못찾음, 별도 확인 필요",,"기타, 별도 확인 필요",
7791,,천연우유커피향,,B5000477000000,식품첨가물,"사용기준 못찾음, 별도 확인 필요",,"기타, 별도 확인 필요",
7792,,천연우유크림향,,B5000475000000,식품첨가물,"사용기준 못찾음, 별도 확인 필요",,"기타, 별도 확인 필요",
7793,NATURAL MILK FLAVOUR,천연우유향,,B5000174000000,식품첨가물,"사용기준 못찾음, 별도 확인 필요",,"기타, 별도 확인 필요",
7794,Other Natural Flovour(Cowberry flavour),천연월귤향,,B5000034000000,식품첨가물,"사용기준 못찾음, 별도 확인 필요",,"기타, 별도 확인 필요",
7795,NATURAL WAFER FLAVOR,천연웨이퍼향,,B5000786000000,식품첨가물,"사용기준 못찾음, 별도 확인 필요",,"기타, 별도 확인 필요",
7796,,천연위스키향,,B5000238000000,식품첨가물,"사용기준 못찾음, 별도 확인 필요",,"기타, 별도 확인 필요",
7797,천연윈터메론(동과)향,천연윈터메론향,,B5000674000000,식품첨가물,"사용기준 못찾음, 별도 확인 필요",,"기타, 별도 확인 필요",
7798,,천연유기농딸기향,,B5000336000000,식품첨가물,"사용기준 못찾음, 별도 확인 필요",,"기타, 별도 확인 필요",
7799,,천연유기농라임향,,B5000515000000,식품첨가물,"사용기준 못찾음, 별도 확인 필요",,"기타, 별도 확인 필요",
7800,,천연유기농카라멜향,,B5000600000000,식품첨가물,"사용기준 못찾음, 별도 확인 필요",,"기타, 별도 확인 필요",
7801,,천연유자향,,B5000493000000,식품첨가물,"사용기준 못찾음, 별도 확인 필요",,"기타, 별도 확인 필요",
7802,,천연유채씨향,,B5000222000000,식품첨가물,"사용기준 못찾음, 별도 확인 필요",,"기타, 별도 확인 필요",
7803,,"천연유채유(채종유,카놀라유)향",,B5000221000000,식품첨가물,"사용기준 못찾음, 별도 확인 필요",,"기타, 별도 확인 필요",
7804,NATURAL WHEY FLAVOUR,천연유청향,,B5000838000000,식품첨가물,"사용기준 못찾음, 별도 확인 필요",,"기타, 별도 확인 필요",
7805,,천연유칼립투스멘톨향,,B5000317000000,식품첨가물,"사용기준 못찾음, 별도 확인 필요",,"기타, 별도 확인 필요",
7806,,천연유칼립투스향,,B5000316000000,식품첨가물,"사용기준 못찾음, 별도 확인 필요",,"기타, 별도 확인 필요",
7807,NATURAL HONEYSUCKLE FLAVOUR,천연인동향,,B5000769000000,식품첨가물,"사용기준 못찾음, 별도 확인 필요",,"기타, 별도 확인 필요",
7808,,천연인삼향,,B5000315000000,식품첨가물,"사용기준 못찾음, 별도 확인 필요",,"기타, 별도 확인 필요",
7809,,천연잉글리쉬토피크림향,,B5000471000000,식품첨가물,"사용기준 못찾음, 별도 확인 필요",,"기타, 별도 확인 필요",
7810,NATURAL PLUM FLAVOUR,천연자두향,,B5000011000000,식품첨가물,"사용기준 못찾음, 별도 확인 필요",,"기타, 별도 확인 필요",
7811,,천연자몽향,,B5000229000000,식품첨가물,"사용기준 못찾음, 별도 확인 필요",,"기타, 별도 확인 필요",
7812,,천연자스민향,,B5000312000000,식품첨가물,"사용기준 못찾음, 별도 확인 필요",,"기타, 별도 확인 필요",
7813,,천연잣향,,B5000247000000,식품첨가물,"사용기준 못찾음, 별도 확인 필요",,"기타, 별도 확인 필요",
7814,,천연장미향,,B5000661000000,식품첨가물,"사용기준 못찾음, 별도 확인 필요",,"기타, 별도 확인 필요",
7815,NATURAL MATERIALS,천연재질,,D9000001000000,기구 및 용기포장,"사용기준 못찾음, 별도 확인 필요",,"기타, 별도 확인 필요",
7816,,천연적포도주향,,B5000250000000,식품첨가물,"사용기준 못찾음, 별도 확인 필요",,"기타, 별도 확인 필요",
7817,NATURAL RED GRAPE FLAVOUR,천연적포도향,,B5000737000000,식품첨가물,"사용기준 못찾음, 별도 확인 필요",,사용가능,
7818,FIR NEEDLE OIL,천연전나무향,,B5000081000000,식품첨가물,"사용기준 못찾음, 별도 확인 필요",,"기타, 별도 확인 필요",
7819,천연정향향,천연정향향,,B5000309000000,식품첨가물,"사용기준 못찾음, 별도 확인 필요",,"기타, 별도 확인 필요",
7820,,천연젖산향,,B5000308000000,식품첨가물,"사용기준 못찾음, 별도 확인 필요",,"기타, 별도 확인 필요",
7821,NATURAL VIOLET FLAVOUR,천연제비꽃향,,B5000852000000,식품첨가물,"사용기준 못찾음, 별도 확인 필요",,"기타, 별도 확인 필요",
7822,NATURAL SHELLFISH FLAVOUR,천연조개향,,B5000868000000,식품첨가물,"사용기준 못찾음, 별도 확인 필요",,사용가능,
7823,,천연종합과일향,,B5000726000000,식품첨가물,"사용기준 못찾음, 별도 확인 필요",,"기타, 별도 확인 필요",
7824,NATURAL GINGERBREAD FLAVOUR,천연진저브레드향,,B5000851000000,식품첨가물,"사용기준 못찾음, 별도 확인 필요",,"기타, 별도 확인 필요",
7825,NATURAL GINGER BEER FLAVOR,천연진저비어향,,B5000751000000,식품첨가물,"사용기준 못찾음, 별도 확인 필요",,사용가능,
7826,NATURAL GINGER ALE FLAVOR,천연진저에일향,,B5000750000000,식품첨가물,"사용기준 못찾음, 별도 확인 필요",,사용가능,
7827,NATURAL GIN AND TONIC FLAVOUR,천연진토닉향,,B5000829000000,식품첨가물,"사용기준 못찾음, 별도 확인 필요",,사용가능,
7828,NATURAL GIN FLAVOR,천연진향,,B5000740000000,식품첨가물,"사용기준 못찾음, 별도 확인 필요",,사용가능,
7829,NATURAL THAI TEA FLAVOUR,천연차옌향,,B5000843000000,식품첨가물,"사용기준 못찾음, 별도 확인 필요",,"기타, 별도 확인 필요",
7830,NATURAL CHAI FLAVOUR,천연차이향,,B5000138000000,식품첨가물,"사용기준 못찾음, 별도 확인 필요",,"기타, 별도 확인 필요",
7831,NATURAL BEEFSTEAK PLANT FLAVOUR,천연차조기향,,B5000052000000,식품첨가물,"사용기준 못찾음, 별도 확인 필요",,"기타, 별도 확인 필요",
7832,,천연차즈기향,,B5000701000000,식품첨가물,"사용기준 못찾음, 별도 확인 필요",,"기타, 별도 확인 필요",
7833,,천연참깨향,,B5000307000000,식품첨가물,"사용기준 못찾음, 별도 확인 필요",,"기타, 별도 확인 필요",
7834,천연참마(PURPLE YAM)향,천연참마향,,B5000673000000,식품첨가물,"사용기준 못찾음, 별도 확인 필요",,"기타, 별도 확인 필요",
7835,,천연참치향,,B5000306000000,식품첨가물,"사용기준 못찾음, 별도 확인 필요",,"기타, 별도 확인 필요",
7836,NATURAL MOCHI FLAVOUR,천연찹쌀떡향,,B5000844000000,식품첨가물,"사용기준 못찾음, 별도 확인 필요",,"기타, 별도 확인 필요",
7837,NATURAL GREEN GRAPE FLAVOUR,천연청포도향,,B5000130000000,식품첨가물,"사용기준 못찾음, 별도 확인 필요",,"기타, 별도 확인 필요",
7838,,천연체다치즈향,,B5000305000000,식품첨가물,"사용기준 못찾음, 별도 확인 필요",,"기타, 별도 확인 필요",
7839,,천연체다향,,B5000323000000,식품첨가물,"사용기준 못찾음, 별도 확인 필요",,"기타, 별도 확인 필요",
7840,NATURAL CHERRY FLAVOUR,천연체리(버찌)향,,B5000129000000,식품첨가물,"사용기준 못찾음, 별도 확인 필요",,"기타, 별도 확인 필요",
7841,,천연체리향,,B5000173000000,식품첨가물,"사용기준 못찾음, 별도 확인 필요",,"기타, 별도 확인 필요",
7842,,천연초콜릿너트향,,B5000594000000,식품첨가물,"사용기준 못찾음, 별도 확인 필요",,"기타, 별도 확인 필요",
7843,,천연초콜릿무스향,,B5000694000000,식품첨가물,"사용기준 못찾음, 별도 확인 필요",,"기타, 별도 확인 필요",
7844,,천연초콜릿케익향,,B5000416000000,식품첨가물,"사용기준 못찾음, 별도 확인 필요",,"기타, 별도 확인 필요",
7845,,천연초콜릿크림향,,B5000415000000,식품첨가물,"사용기준 못찾음, 별도 확인 필요",,"기타, 별도 확인 필요",
7846,,천연초콜릿트러플향,,B5000414000000,식품첨가물,"사용기준 못찾음, 별도 확인 필요",,"기타, 별도 확인 필요",
7847,,천연초콜릿푸딩향,,B5000413000000,식품첨가물,"사용기준 못찾음, 별도 확인 필요",,"기타, 별도 확인 필요",
7848,NATURAL CHOCOLATE FLAVOUR,천연초콜릿향,,B5000131000000,식품첨가물,"사용기준 못찾음, 별도 확인 필요",,"기타, 별도 확인 필요",
7849,,천연치즈케이크향,,B5000724000000,식품첨가물,"사용기준 못찾음, 별도 확인 필요",,"기타, 별도 확인 필요",
7850,,천연치즈케익향,,B5000411000000,식품첨가물,"사용기준 못찾음, 별도 확인 필요",,"기타, 별도 확인 필요",
7851,,천연치즈향,,B5000241000000,식품첨가물,"사용기준 못찾음, 별도 확인 필요",,"기타, 별도 확인 필요",
7852,,천연치킨향,,B5000395000000,식품첨가물,"사용기준 못찾음, 별도 확인 필요",,"기타, 별도 확인 필요",
7853,천연칠리향,천연칠리고추향,,B5000664000000,식품첨가물,"사용기준 못찾음, 별도 확인 필요",,"기타, 별도 확인 필요",
7854,,천연칠리소스향,,B5000409000000,식품첨가물,"사용기준 못찾음, 별도 확인 필요",,"기타, 별도 확인 필요",
7855,NATURAL FLAVOUR(CARNATION FLAVOUR),천연카네이션향,,B5000082000000,식품첨가물,"사용기준 못찾음, 별도 확인 필요",,"기타, 별도 확인 필요",
7856,,천연카라멜마끼아또향,,B5000686000000,식품첨가물,"사용기준 못찾음, 별도 확인 필요",,"기타, 별도 확인 필요",
7857,,천연카라멜슈거향,,B5000407000000,식품첨가물,"사용기준 못찾음, 별도 확인 필요",,"기타, 별도 확인 필요",
7858,,천연카라멜크림향,,B5000364000000,식품첨가물,"사용기준 못찾음, 별도 확인 필요",,"기타, 별도 확인 필요",
7859,NATURAL CARAMEL FLAVOUR,천연카라멜향,,B5000128000000,식품첨가물,"사용기준 못찾음, 별도 확인 필요",,"기타, 별도 확인 필요",
7860,NATURAL CARAMELIZED MILK FLAVOUR,천연카라멜화우유향,,B5000772000000,식품첨가물,"사용기준 못찾음, 별도 확인 필요",,"기타, 별도 확인 필요",
7861,,천연카레향,,B5000363000000,식품첨가물,"사용기준 못찾음, 별도 확인 필요",,"기타, 별도 확인 필요",
7862,,천연카르다몸향,,B5000362000000,식품첨가물,"사용기준 못찾음, 별도 확인 필요",,"기타, 별도 확인 필요",
7863,NATURAL CAMU-CAMU FLAVOUR,천연카무카무향,,B5000053000000,식품첨가물,"사용기준 못찾음, 별도 확인 필요",,"기타, 별도 확인 필요",
7864,NATURAL CASSABANANA(CURUBA) FLAVOR,천연카사바나나향,,B5000085000000,식품첨가물,"사용기준 못찾음, 별도 확인 필요",,"기타, 별도 확인 필요",
7865,,천연카스타드향,,B5000360000000,식품첨가물,"사용기준 못찾음, 별도 확인 필요",,"기타, 별도 확인 필요",
7866,NATURAL CASSIA FLAVOUR,천연카시스향,,B5000170000000,식품첨가물,"사용기준 못찾음, 별도 확인 필요",,"기타, 별도 확인 필요",
7867,NATURAL KAKADU PLUM FLAVOUR,천연카카두플럼향,,B5000796000000,식품첨가물,"사용기준 못찾음, 별도 확인 필요",,"기타, 별도 확인 필요",
7868,,천연카카오향,,B5000267000000,식품첨가물,"사용기준 못찾음, 별도 확인 필요",,"기타, 별도 확인 필요",
7869,,천연카푸치노향,,B5000357000000,식품첨가물,"사용기준 못찾음, 별도 확인 필요",,"기타, 별도 확인 필요",
7870,NATURAL KAFFIR LIME FLAVOUR,천연카피르라임향,,B5000826000000,식품첨가물,"사용기준 못찾음, 별도 확인 필요",,"기타, 별도 확인 필요",
7871,,천연칸달루프멜론향,,B5000356000000,식품첨가물,"사용기준 못찾음, 별도 확인 필요",,"기타, 별도 확인 필요",
7872,NATURAL CALAMANSI FLAVOUR,천연칼라만시향,,B5000017000000,식품첨가물,"사용기준 못찾음, 별도 확인 필요",,"기타, 별도 확인 필요",
7873,,천연캐모마일향,,B5000361000000,식품첨가물,"사용기준 못찾음, 별도 확인 필요",,"기타, 별도 확인 필요",
7874,NATURAL CAVIAR FLAVOUR,천연캐비아향,,B5000827000000,식품첨가물,"사용기준 못찾음, 별도 확인 필요",,사용가능,
7875,,천연캐슈너트향,,B5000354000000,식품첨가물,"사용기준 못찾음, 별도 확인 필요",,"기타, 별도 확인 필요",
7876,,천연커런트향,,B5000352000000,식품첨가물,"사용기준 못찾음, 별도 확인 필요",,"기타, 별도 확인 필요",
7877,,천연커스타드향,,B5000291000000,식품첨가물,"사용기준 못찾음, 별도 확인 필요",,"기타, 별도 확인 필요",
7878,NATURAL FLAVOUR COFFEE EXTRACT,천연커피향,,B5000039000000,식품첨가물,"사용기준 못찾음, 별도 확인 필요",,"기타, 별도 확인 필요",
7879,,천연케이싱,,P0202050300000,식품유형,"사용기준 못찾음, 별도 확인 필요",,"기타, 별도 확인 필요",
7880,천연케인페퍼향,천연케이엔페퍼향,,B5000675000000,식품첨가물,"사용기준 못찾음, 별도 확인 필요",,"기타, 별도 확인 필요",
7881,,천연케첩향,,B5000350000000,식품첨가물,"사용기준 못찾음, 별도 확인 필요",,"기타, 별도 확인 필요",
7882,,천연코코넛크림향,,B5000348000000,식품첨가물,"사용기준 못찾음, 별도 확인 필요",,"기타, 별도 확인 필요",
7883,NATURAL COCONUT FLAVOUR,천연코코넛향,,B5000159000000,식품첨가물,"사용기준 못찾음, 별도 확인 필요",,"기타, 별도 확인 필요",
7884,NATURAL COCOA NIBS FLAVOR,천연코코아닙스향,,B5000736000000,식품첨가물,"사용기준 못찾음, 별도 확인 필요",,사용가능,
7885,,천연코코아리큐르향,,B5000244000000,식품첨가물,"사용기준 못찾음, 별도 확인 필요",,"기타, 별도 확인 필요",
7886,NATURAL FLAVOUR COCOA EXTRACT,천연코코아향,,B5000041000000,식품첨가물,"사용기준 못찾음, 별도 확인 필요",,"기타, 별도 확인 필요",
7887,NATURAL CORN MINT FLAVOUR,천연콘민트향,,B5000117000000,식품첨가물,"사용기준 못찾음, 별도 확인 필요",,"기타, 별도 확인 필요",
7888,,천연콜라너트향,,B5000704000000,식품첨가물,"사용기준 못찾음, 별도 확인 필요",,"기타, 별도 확인 필요",
7889,,천연콜라향,,B5000345000000,식품첨가물,"사용기준 못찾음, 별도 확인 필요",,"기타, 별도 확인 필요",
7890,,천연콩향,,B5000344000000,식품첨가물,"사용기준 못찾음, 별도 확인 필요",,"기타, 별도 확인 필요",
7891,,천연쿠키도우향,,B5000683000000,식품첨가물,"사용기준 못찾음, 별도 확인 필요",,"기타, 별도 확인 필요",
7892,NATURAL COOKIE FLAVOR,천연쿠키향,,B5000785000000,식품첨가물,"사용기준 못찾음, 별도 확인 필요",,"기타, 별도 확인 필요",
7893,NATURAL QUININE FLAVOUR,천연퀴닌향,,B5000752000000,식품첨가물,"사용기준 못찾음, 별도 확인 필요",,"기타, 별도 확인 필요",
7894,CUBEB PEPPER FLAVOUR,천연큐벱페퍼향,,B5000833000000,식품첨가물,"사용기준 못찾음, 별도 확인 필요",,사용가능,
7895,,천연크랜베리향,,B5000681000000,식품첨가물,"사용기준 못찾음, 별도 확인 필요",,"기타, 별도 확인 필요",
7896,,천연크랩향,,B5000342000000,식품첨가물,"사용기준 못찾음, 별도 확인 필요",,"기타, 별도 확인 필요",
7897,NATURAL CREME BRULEE FLAVOURING,천연크렘브륄레향,,B5000804000000,식품첨가물,"사용기준 못찾음, 별도 확인 필요",,사용가능,
7898,,천연크림소다향,,B5000341000000,식품첨가물,"사용기준 못찾음, 별도 확인 필요",,"기타, 별도 확인 필요",
7899,,천연크림치즈향,,B5000340000000,식품첨가물,"사용기준 못찾음, 별도 확인 필요",,"기타, 별도 확인 필요",
7900,NATURAL CREAM FLAVOUR,천연크림향,,B5000166000000,식품첨가물,"사용기준 못찾음, 별도 확인 필요",,"기타, 별도 확인 필요",
7901,OTHER NATURAL FLAVORING SUBSTANCE(NATURAL CLEMENTINE FLAVOR),천연클레멘타인향,,B5000084000000,식품첨가물,"사용기준 못찾음, 별도 확인 필요",,"기타, 별도 확인 필요",
7902,NATURAL CLOVE FLAVOR,천연클로브향,,B5000024000000,식품첨가물,"사용기준 못찾음, 별도 확인 필요",,"기타, 별도 확인 필요",
7903,NATURAL KEY LIME FLAVOR,천연키라임향,,B5000788000000,식품첨가물,"사용기준 못찾음, 별도 확인 필요",,"기타, 별도 확인 필요",
7904,NATURAL KIWI FLAVOUR,천연키위향,,B5000068000000,식품첨가물,"사용기준 못찾음, 별도 확인 필요",,"기타, 별도 확인 필요",
7905,,천연타라곤향,,B5000446000000,식품첨가물,"사용기준 못찾음, 별도 확인 필요",,"기타, 별도 확인 필요",
7906,,천연타로향,,B5000445000000,식품첨가물,"사용기준 못찾음, 별도 확인 필요",,"기타, 별도 확인 필요",
7907,,천연타임향,,B5000705000000,식품첨가물,"사용기준 못찾음, 별도 확인 필요",,"기타, 별도 확인 필요",
7908,,천연타피오카향,,B5000444000000,식품첨가물,"사용기준 못찾음, 별도 확인 필요",,"기타, 별도 확인 필요",
7909,,천연토닉향,,B5000442000000,식품첨가물,"사용기준 못찾음, 별도 확인 필요",,"기타, 별도 확인 필요",
7910,,천연토란향,,B5000218000000,식품첨가물,"사용기준 못찾음, 별도 확인 필요",,"기타, 별도 확인 필요",
7911,,천연토마토케첩향,,B5000441000000,식품첨가물,"사용기준 못찾음, 별도 확인 필요",,"기타, 별도 확인 필요",
7912,NATURAL TOMATO FLAVOUR,천연토마토향,,B5000120000000,식품첨가물,"사용기준 못찾음, 별도 확인 필요",,"기타, 별도 확인 필요",
7913,natural toast flavouring,천연토스트향,,B5000806000000,식품첨가물,"사용기준 못찾음, 별도 확인 필요",,사용가능,
7914,,천연토피향,,B5000494000000,식품첨가물,"사용기준 못찾음, 별도 확인 필요",,"기타, 별도 확인 필요",
7915,OTHER NATURAL FLAVOR(GRAHAM),천연통밀향,,B5000096000000,식품첨가물,"사용기준 못찾음, 별도 확인 필요",,"기타, 별도 확인 필요",
7916,OTHER SUBSTANCE NATURAL FLAVOUR(NATURAL TONQUIN BEAN FLAVOUR),천연통카콩향,,B5000032000000,식품첨가물,"사용기준 못찾음, 별도 확인 필요",,"기타, 별도 확인 필요",
7917,NATURAL TUTTI FRUTTI FLAVOUR,천연투티프루티향,,B5000815000000,식품첨가물,"사용기준 못찾음, 별도 확인 필요",,사용가능,
7918,NATURAL FRIED RED PEPPER FLAVOUR,천연튀긴고추향,,B5000802000000,식품첨가물,"사용기준 못찾음, 별도 확인 필요",,"기타, 별도 확인 필요",
7919,NATURAL FRIED GARLIC FLAVOUR,천연튀긴마늘향,,B5000178000000,식품첨가물,"사용기준 못찾음, 별도 확인 필요",,"기타, 별도 확인 필요",
7920,Natural Truffle Flavour,천연트러플향,,B5000809000000,식품첨가물,"사용기준 못찾음, 별도 확인 필요",,사용가능,
7921,NATURAL TROPICAL PUNCH FLAVOUR,천연트로피칼펀치향,,B5000025000000,식품첨가물,"사용기준 못찾음, 별도 확인 필요",,"기타, 별도 확인 필요",
7922,NATURAL TROPICAL FLAVOUR,천연트로피칼향,,B5000768000000,식품첨가물,"사용기준 못찾음, 별도 확인 필요",,"기타, 별도 확인 필요",
7923,,천연트리플섹향,,B5000438000000,식품첨가물,"사용기준 못찾음, 별도 확인 필요",,"기타, 별도 확인 필요",
7924,,천연티라미수향,,B5000680000000,식품첨가물,"사용기준 못찾음, 별도 확인 필요",,"기타, 별도 확인 필요",
7925,,천연티라미스향,,B5000437000000,식품첨가물,"사용기준 못찾음, 별도 확인 필요",,"기타, 별도 확인 필요",
7926,,천연파래향,,B5000436000000,식품첨가물,"사용기준 못찾음, 별도 확인 필요",,"기타, 별도 확인 필요",
7927,,천연파마산치즈향,,B5000393000000,식품첨가물,"사용기준 못찾음, 별도 확인 필요",,"기타, 별도 확인 필요",
7928,NATURAL FLAVOUR PINEAPPLE,천연파인애플향,,B5000009000000,식품첨가물,"사용기준 못찾음, 별도 확인 필요",,"기타, 별도 확인 필요",
7929,,천연파파야향,,B5000392000000,식품첨가물,"사용기준 못찾음, 별도 확인 필요",,"기타, 별도 확인 필요",
7930,,천연파프리카향,,B5000236000000,식품첨가물,"사용기준 못찾음, 별도 확인 필요",,"기타, 별도 확인 필요",
7931,OTHER SUBSTANCE NATURAL FLAVOR(NATURAL SRPING ONION FLAVOR),천연파향,,B5000095000000,식품첨가물,"사용기준 못찾음, 별도 확인 필요",,"기타, 별도 확인 필요",
7932,natural panna cotta flavouring,천연판나코타향,,B5000805000000,식품첨가물,"사용기준 못찾음, 별도 확인 필요",,사용가능,
7933,,천연판다너스향,,B5000470000000,식품첨가물,"사용기준 못찾음, 별도 확인 필요",,"기타, 별도 확인 필요",
7934,,천연판단향,,B5000287000000,식품첨가물,"사용기준 못찾음, 별도 확인 필요",,"기타, 별도 확인 필요",
7935,,천연팔각향,,B5000391000000,식품첨가물,"사용기준 못찾음, 별도 확인 필요",,"기타, 별도 확인 필요",
7936,,천연팜향,,B5000489000000,식품첨가물,"사용기준 못찾음, 별도 확인 필요",,"기타, 별도 확인 필요",
7937,,천연팝콘향,,B5000390000000,식품첨가물,"사용기준 못찾음, 별도 확인 필요",,"기타, 별도 확인 필요",
7938,,천연팥향,,B5000281000000,식품첨가물,"사용기준 못찾음, 별도 확인 필요",,"기타, 별도 확인 필요",
7939,NATURAL PASSIONFRUIT FLAVOUR,천연패션푸르츠향,,B5000047000000,식품첨가물,"사용기준 못찾음, 별도 확인 필요",,"기타, 별도 확인 필요",
7940,,천연펀치향,,B5000234000000,식품첨가물,"사용기준 못찾음, 별도 확인 필요",,"기타, 별도 확인 필요",
7941,NATURAL PUMPKIN SPICE FLAVOUR,천연펌킨스파이스향,,B5000774000000,식품첨가물,"사용기준 못찾음, 별도 확인 필요",,"기타, 별도 확인 필요",
7942,,천연페퍼민트향,,B5000401000000,식품첨가물,"사용기준 못찾음, 별도 확인 필요",,"기타, 별도 확인 필요",
7943,,천연포도당향,,B5000384000000,식품첨가물,"사용기준 못찾음, 별도 확인 필요",,"기타, 별도 확인 필요",
7944,,천연포도주향,,B5000382000000,식품첨가물,"사용기준 못찾음, 별도 확인 필요",,"기타, 별도 확인 필요",
7945,NATURAL GRAPE FLAVOUR,천연포도향,,B5000137000000,식품첨가물,"사용기준 못찾음, 별도 확인 필요",,"기타, 별도 확인 필요",
7946,천연 포레스트푸룻향,천연포레스트프룻향,,B5000677000000,식품첨가물,"사용기준 못찾음, 별도 확인 필요",,"기타, 별도 확인 필요",
7947,,천연포르치니버섯향,,B5000658000000,식품첨가물,"사용기준 못찾음, 별도 확인 필요",,"기타, 별도 확인 필요",
7948,NATURAL POMELO FLAVOUR,천연포멜로향,,B5000790000000,식품첨가물,"사용기준 못찾음, 별도 확인 필요",,"기타, 별도 확인 필요",
7949,NATURAL SHIITAKE FUNGUS FLAVOUR,천연표고버섯향,,B5000122000000,식품첨가물,"사용기준 못찾음, 별도 확인 필요",,"기타, 별도 확인 필요",
7950,,천연푸룬향,,B5000380000000,식품첨가물,"사용기준 못찾음, 별도 확인 필요",,"기타, 별도 확인 필요",
7951,,천연프렌치바닐라향,,B5000696000000,식품첨가물,"사용기준 못찾음, 별도 확인 필요",,"기타, 별도 확인 필요",
7952,AROMATIC SPIRIT OF PROPOLIS,천연프로폴리스향,,B5000746000000,식품첨가물,"사용기준 못찾음, 별도 확인 필요",,사용가능,
7953,NATURAL LINDEN FLOWER FLAVOUR,천연피나무꽃향,,B5000764000000,식품첨가물,"사용기준 못찾음, 별도 확인 필요",,사용가능,
7954,,천연피나콜라다향,,B5000379000000,식품첨가물,"사용기준 못찾음, 별도 확인 필요",,"기타, 별도 확인 필요",
7955,NATURAL PIMENTO FLAVOUR,천연피망향,,B5000073000000,식품첨가물,"사용기준 못찾음, 별도 확인 필요",,"기타, 별도 확인 필요",
7956,NATURAL PISTACHIO FLAVOUR,천연피스타치오향,,B5000014000000,식품첨가물,"사용기준 못찾음, 별도 확인 필요",,"기타, 별도 확인 필요",
7957,,천연피자향,,B5000378000000,식품첨가물,"사용기준 못찾음, 별도 확인 필요",,"기타, 별도 확인 필요",
7958,NATURAL PEACH MANGO TANGO,천연피치망고향,,B5000168000000,식품첨가물,"사용기준 못찾음, 별도 확인 필요",,"기타, 별도 확인 필요",
7959,,천연피칸향,,B5000377000000,식품첨가물,"사용기준 못찾음, 별도 확인 필요",,"기타, 별도 확인 필요",
7960,NATURAL PINK LEMONADE FLAVOR,천연핑크레몬에이드향,,B5000803000000,식품첨가물,"사용기준 못찾음, 별도 확인 필요",,"기타, 별도 확인 필요",
7961,NATURAL PINK GRAPEFRUIT FLAVOUR,천연핑크자몽향,,B5000113000000,식품첨가물,"사용기준 못찾음, 별도 확인 필요",,"기타, 별도 확인 필요",
7962,NATURAL PINK PEPPERCORN FLAVOUR,천연핑크후추열매향,,B5000175000000,식품첨가물,"사용기준 못찾음, 별도 확인 필요",,"기타, 별도 확인 필요",
7963,NATURAL HABANERO PEPPER FLAVOUR,천연하바네로향,,B5000865000000,식품첨가물,"사용기준 못찾음, 별도 확인 필요",,사용가능,
7964,NATURAL HALLABONG(DEKOPON) FLAVOUR,천연한라봉향,,B5000066000000,식품첨가물,"사용기준 못찾음, 별도 확인 필요",,"기타, 별도 확인 필요",
7965,NATURAL JALAPENO PEPPER PUREE FLAVOUR,천연할라피뇨향,,B5000037000000,식품첨가물,"사용기준 못찾음, 별도 확인 필요",,"기타, 별도 확인 필요",
7966,,천연해바라기유향,,B5000714000000,식품첨가물,"사용기준 못찾음, 별도 확인 필요",,"기타, 별도 확인 필요",
7967,,천연해바라기향,,B5000290000000,식품첨가물,"사용기준 못찾음, 별도 확인 필요",,"기타, 별도 확인 필요",
7968,,천연해산물향,,B5000375000000,식품첨가물,"사용기준 못찾음, 별도 확인 필요",,"기타, 별도 확인 필요",
7969,NATURAL HERBACEOUS SEEPWEED FLAVOUR,천연해홍나물향,,B5000870000000,식품첨가물,"사용기준 못찾음, 별도 확인 필요",,사용가능,
7970,,천연햄향,,B5000324000000,식품첨가물,"사용기준 못찾음, 별도 확인 필요",,"기타, 별도 확인 필요",
7971,,천연향료,natural flavour,,식품첨가물,종류확인,,"기타, 별도 확인 필요",
7972,,천연향료(Alfalfa),,B2000640000000,식품첨가물,"사용기준 못찾음, 별도 확인 필요",,"기타, 별도 확인 필요",
7973,"ALMOND,BITTER(FREE FROM PRUSSIC ACID)","천연향료(Almond, bitter(free from prussic acid) (Bitter almond))",,B2000641000000,식품첨가물,"사용기준 못찾음, 별도 확인 필요",,"기타, 별도 확인 필요",
7974,NATURAL AMBRETTE FLAVOUR,천연향료(Ambrette(seed)),,B2000643000000,식품첨가물,"사용기준 못찾음, 별도 확인 필요",,"기타, 별도 확인 필요",
7975,AMYRIS,천연향료(Amyris(West Indian sandalwood)),,B2000644000000,식품첨가물,"사용기준 못찾음, 별도 확인 필요",,"기타, 별도 확인 필요",
7976,NATURAL ANGELICA ROOT FLAVOUR,천연향료(Angelica root),,B2000645000000,식품첨가물,"사용기준 못찾음, 별도 확인 필요",,"기타, 별도 확인 필요",
7977,,천연향료(Angelica seed),,B2000646000000,식품첨가물,"사용기준 못찾음, 별도 확인 필요",,"기타, 별도 확인 필요",
7978,NATURAL ANGELICA STEM FLAVOUR,천연향료(Angelica stem),,B2000647000000,식품첨가물,"사용기준 못찾음, 별도 확인 필요",,"기타, 별도 확인 필요",
7979,NATURAL ANGOSTURA FLAVOUR,천연향료(Angostura(Cusparia bark)),,B2000649000000,식품첨가물,"사용기준 못찾음, 별도 확인 필요",,"기타, 별도 확인 필요",
7980,NATURAL ANISE FLAVOUR,천연향료(Anise),,B2000650000000,식품첨가물,"사용기준 못찾음, 별도 확인 필요",,"기타, 별도 확인 필요",
7981,NATURAL APRICOT KERNEL (PERSIC OIL) FLAVOUR,천연향료(Apricot kernel (Persic oil)),,B2000651000000,식품첨가물,"사용기준 못찾음, 별도 확인 필요",,"기타, 별도 확인 필요",
7982,NATURAL ARNICA FLOWERS FLAVOUR,천연향료(Arnica flowers),,B2000652000000,식품첨가물,"사용기준 못찾음, 별도 확인 필요",,"기타, 별도 확인 필요",
7983,ARTEMISIA FLAVOUR,천연향료(Artemisia(Wormwood)),,B2000653000000,식품첨가물,"사용기준 못찾음, 별도 확인 필요",,"기타, 별도 확인 필요",
7984,ARTICHOKE LEAVES (NATURAL FLAVOURING SUBSTANCE),천연향료(Artichoke leaves),,B2000654000000,식품첨가물,"사용기준 못찾음, 별도 확인 필요",,"기타, 별도 확인 필요",
7985,NATURAL ASAFETIDA FLAVOUR,천연향료(Asafetida),,B2000655000000,식품첨가물,"사용기준 못찾음, 별도 확인 필요",,"기타, 별도 확인 필요",
7986,NATURAL BALM FLAVOUR,"천연향료(Balm(Lemon balm, Melissa))",,B2000656000000,식품첨가물,"사용기준 못찾음, 별도 확인 필요",,"기타, 별도 확인 필요",
7987,NATURAL BASIL FLAVOUR,천연향료(Basil),,B2000658000000,식품첨가물,"사용기준 못찾음, 별도 확인 필요",,"기타, 별도 확인 필요",
7988,NATURAL BAY LEAVES FLAVOUR,천연향료(Bay leaves),,B2000659000000,식품첨가물,"사용기준 못찾음, 별도 확인 필요",,"기타, 별도 확인 필요",
7989,NATURAL BENZOIN RESIN FLAVOUR,천연향료(Benzoin resin),,B2000661000000,식품첨가물,"사용기준 못찾음, 별도 확인 필요",,"기타, 별도 확인 필요",
7990,NATURAL BERGAMOT FLAVOUR,천연향료(Bergamot(Bergamot orange)),,B2000662000000,식품첨가물,"사용기준 못찾음, 별도 확인 필요",,"기타, 별도 확인 필요",
7991,BOIS DE ROSE OIL,천연향료(Bois de rose),,B2000664000000,식품첨가물,"사용기준 못찾음, 별도 확인 필요",,"기타, 별도 확인 필요",
7992,BORONIA FLOWERS,천연향료(Boronia flowers),,B2000666000000,식품첨가물,"사용기준 못찾음, 별도 확인 필요",,"기타, 별도 확인 필요",
7993,NATURAL BUCHU LEAVES FLAVOUR,천연향료(Buchu leaves),,B2000668000000,식품첨가물,"사용기준 못찾음, 별도 확인 필요",,"기타, 별도 확인 필요",
7994,COCOA(CACAO) FLAVOUR,천연향료(Cacao),,B2000670000000,식품첨가물,"사용기준 못찾음, 별도 확인 필요",,"기타, 별도 확인 필요",
7995,Cajeput(Niaoil),천연향료(Cajeput),,B2000671000000,식품첨가물,"사용기준 못찾음, 별도 확인 필요",,"기타, 별도 확인 필요",
7996,NATURAL CAMOMILE FLOWERS HUNGARIAN FLAVOUR,"천연향료(Camomile(Chamomile) flowers,Hungarian)",,B2000672000000,식품첨가물,"사용기준 못찾음, 별도 확인 필요",,"기타, 별도 확인 필요",
7997,CAMOMILE FLOWERS ROMAN OR ENGLISH (NATURAL FLAVOURING SUBSTANCE),"천연향료(Camomile(Chamomile) flowers,Roman 또는 English)",,B2000673000000,식품첨가물,"사용기준 못찾음, 별도 확인 필요",,"기타, 별도 확인 필요",
7998,NATURAL CAMPHOR TREE(SAFROLE FREE) FLAVOUR,천연향료(Camphor tree(safrole free)),,B2000674000000,식품첨가물,"사용기준 못찾음, 별도 확인 필요",,"기타, 별도 확인 필요",
7999,NATURAL CANANGA FLAVOUR,천연향료(Cananga),,B2000675000000,식품첨가물,"사용기준 못찾음, 별도 확인 필요",,"기타, 별도 확인 필요",
8000,NATURAL CAPSICUM FLAVOUR,천연향료(Capsicum),,B2000676000000,식품첨가물,"사용기준 못찾음, 별도 확인 필요",,"기타, 별도 확인 필요",
8001,NATURAL CARAWAY FLAVOUR,천연향료(Caraway),,B2000677000000,식품첨가물,"사용기준 못찾음, 별도 확인 필요",,"기타, 별도 확인 필요",
8002,NATURAL CARDAMON FLAVOUR,천연향료(Cardamom seed(Cardamon)),,B2000678000000,식품첨가물,"사용기준 못찾음, 별도 확인 필요",,"기타, 별도 확인 필요",
8003,NATURAL CARROT FLAVOUR,천연향료(Carrot),,B2000679000000,식품첨가물,"사용기준 못찾음, 별도 확인 필요",,"기타, 별도 확인 필요",
8004,CASCARA SAGRADA (NATURAL FLAVOURING SUBSTANCE),천연향료(Cascara sagrada),,B2000680000000,식품첨가물,"사용기준 못찾음, 별도 확인 필요",,"기타, 별도 확인 필요",
8005,CASCARILLA BARK (NATURAL FLAVOURING SUBSTANCE),천연향료(Cascarilla bark),,B2000681000000,식품첨가물,"사용기준 못찾음, 별도 확인 필요",,"기타, 별도 확인 필요",
8006,CASSIA BARK CHINESE (NATURAL FLAVOURING SUBSTANCE),"천연향료(Cassia bark, Chinese)",,B2000682000000,식품첨가물,"사용기준 못찾음, 별도 확인 필요",,"기타, 별도 확인 필요",
8007,CASSIA BARK PADANG OR BATAVIA,"천연향료(Cassia bark, Padang 또는 Batavia)",,B2000683000000,식품첨가물,"사용기준 못찾음, 별도 확인 필요",,"기타, 별도 확인 필요",
8008,,천연향료(Cassie flowers),,B2000685000000,식품첨가물,"사용기준 못찾음, 별도 확인 필요",,"기타, 별도 확인 필요",
8009,CASTOREUM (NATURAL FLAVOURING SUBSTANCE),천연향료(Castoreum),,B2000686000000,식품첨가물,"사용기준 못찾음, 별도 확인 필요",,"기타, 별도 확인 필요",
8010,NATURAL CATECHU BLACK FLAVOUR,"천연향료(Catechu, black)",,B2000687000000,식품첨가물,"사용기준 못찾음, 별도 확인 필요",,"기타, 별도 확인 필요",
8011,"CEDAR,WHITE(ABORVIAE),LEAVES,TWIGS","천연향료(Cedar, white(Aborvitae), leaves및 twigs)",,B2000688000000,식품첨가물,"사용기준 못찾음, 별도 확인 필요",,"기타, 별도 확인 필요",
8012,CELERY SEED FLAVOUR,천연향료(Celery seed),,B2000689000000,식품첨가물,"사용기준 못찾음, 별도 확인 필요",,"기타, 별도 확인 필요",
8013,CENTUARY,천연향료(Centuary),,B2000690000000,식품첨가물,"사용기준 못찾음, 별도 확인 필요",,"기타, 별도 확인 필요",
8014,CHERRY PITS (NATURAL FLAVOURING SUBSTANCE),천연향료(Cherry pits),,B2000691000000,식품첨가물,"사용기준 못찾음, 별도 확인 필요",,"기타, 별도 확인 필요",
8015,NATURAL CHERVIL FLAVOUR,천연향료(Chervil),,B2000694000000,식품첨가물,"사용기준 못찾음, 별도 확인 필요",,"기타, 별도 확인 필요",
8016,NATURAL CHICORY FLAVOUR,천연향료(Chicory),,B2000696000000,식품첨가물,"사용기준 못찾음, 별도 확인 필요",,"기타, 별도 확인 필요",
8017,CHIRATA,천연향료(Chirata),,B2000697000000,식품첨가물,"사용기준 못찾음, 별도 확인 필요",,"기타, 별도 확인 필요",
8018,"CINCHONA, RED,BARK","천연향료(Cinchona, red, bark)",,B2000698000000,식품첨가물,"사용기준 못찾음, 별도 확인 필요",,"기타, 별도 확인 필요",
8019,NATURAL CINCHONA YELLOW BARK FLAVOUR,"천연향료(Cinchona, yellow, bark)",,B2000699000000,식품첨가물,"사용기준 못찾음, 별도 확인 필요",,"기타, 별도 확인 필요",
8020,NATURAL CINNAMON BARK CEYLON FLAVOUR,"천연향료(Cinnamon bark, Ceylon)",,B2000700000000,식품첨가물,"사용기준 못찾음, 별도 확인 필요",,"기타, 별도 확인 필요",
8021,CINNAMON BARK CHINESE (NATURAL FLAVOURING SUBSTANCE),"천연향료(Cinnamon bark, Chinese)",,B2000701000000,식품첨가물,"사용기준 못찾음, 별도 확인 필요",,"기타, 별도 확인 필요",
8022,CINNAMON LEAF CEYLON (NATURAL FLAVOURING SUBSTANCE),"천연향료(Cinnamon leaf, Ceylon)",,B2000703000000,식품첨가물,"사용기준 못찾음, 별도 확인 필요",,"기타, 별도 확인 필요",
8023,,"천연향료(Cinnamon leaf, Saigon)",,B2000705000000,식품첨가물,"사용기준 못찾음, 별도 확인 필요",,"기타, 별도 확인 필요",
8024,NATURAL CITRONELLA FLAVOUR,천연향료(Citronella),,B2000706000000,식품첨가물,"사용기준 못찾음, 별도 확인 필요",,"기타, 별도 확인 필요",
8025,NATURAL CITRUS PEELS FLAVOUR,천연향료(Citrus peels),,B2000707000000,식품첨가물,"사용기준 못찾음, 별도 확인 필요",,"기타, 별도 확인 필요",
8026,CIVET,"천연향료(Civet(Zibeth, Zibet, Zibetum))",,B2000708000000,식품첨가물,"사용기준 못찾음, 별도 확인 필요",,"기타, 별도 확인 필요",
8027,NATURAL CLARY FLAVOUR,천연향료(Clary(Clary sage)),,B2000709000000,식품첨가물,"사용기준 못찾음, 별도 확인 필요",,"기타, 별도 확인 필요",
8028,NATURAL CLOVER FLAVOUR,천연향료(Clover),,B2000710000000,식품첨가물,"사용기준 못찾음, 별도 확인 필요",,"기타, 별도 확인 필요",
8029,COCA (DECOCAINIZED) (NATURAL FLAVOURING SUBSTANCE),천연향료(Coca(decocainized)),,B2000711000000,식품첨가물,"사용기준 못찾음, 별도 확인 필요",,"기타, 별도 확인 필요",
8030,NATURAL COFFEE FLAVOUR,천연향료(Coffee),,B2000712000000,식품첨가물,"사용기준 못찾음, 별도 확인 필요",,"기타, 별도 확인 필요",
8031,COGNAC OIL WHITE AND GREEN,"천연향료(Cognac oil, white 및 green)",,B2000713000000,식품첨가물,"사용기준 못찾음, 별도 확인 필요",,"기타, 별도 확인 필요",
8032,NATURAL COLA NUT FLAVOUR,천연향료(Cola nut(Cola nut)),,B2000714000000,식품첨가물,"사용기준 못찾음, 별도 확인 필요",,"기타, 별도 확인 필요",
8033,COPAIBA (NATURAL FLAVOURING SUBSTANCE),천연향료(Copaiba),,B2000715000000,식품첨가물,"사용기준 못찾음, 별도 확인 필요",,"기타, 별도 확인 필요",
8034,NATURAL CORIANDER FLAVOUR,천연향료(Coriander),,B2000716000000,식품첨가물,"사용기준 못찾음, 별도 확인 필요",,"기타, 별도 확인 필요",
8035,NATURAL CORK OAK FLAVOUR,"천연향료(Cork, oak)",,B2000717000000,식품첨가물,"사용기준 못찾음, 별도 확인 필요",,"기타, 별도 확인 필요",
8036,NATURAL COSTMARY FLAVOUR,천연향료(Costmary),,B2000718000000,식품첨가물,"사용기준 못찾음, 별도 확인 필요",,"기타, 별도 확인 필요",
8037,CUMIN FLAVOUR,천연향료(Cumin(Cummin)),,B2000720000000,식품첨가물,"사용기준 못찾음, 별도 확인 필요",,"기타, 별도 확인 필요",
8038,CURACAO ORANGE PEEL (NATURAL FLAVOURING SUBSTANCE),"천연향료(Curacao orange peel(Orange, bitter peel))",,B2000721000000,식품첨가물,"사용기준 못찾음, 별도 확인 필요",,"기타, 별도 확인 필요",
8039,"CURRANT,BLACK,BUDS,LEAVES","천연향료(Currant, black, buds 및 leaves)",,B2000722000000,식품첨가물,"사용기준 못찾음, 별도 확인 필요",,"기타, 별도 확인 필요",
8040,DANDELION (NATURAL FLAVOURING SUBSTANCE),천연향료(Dandelion),,B2000725000000,식품첨가물,"사용기준 못찾음, 별도 확인 필요",,"기타, 별도 확인 필요",
8041,DAVANA,천연향료(Davana),,B2000727000000,식품첨가물,"사용기준 못찾음, 별도 확인 필요",,"기타, 별도 확인 필요",
8042,DILL FLAVOUR,"천연향료(Dill, Indian)",,B2000728000000,식품첨가물,"사용기준 못찾음, 별도 확인 필요",,"기타, 별도 확인 필요",
8043,NATURAL DITTANY OF CRETE FLAVOUR,천연향료(Dittany of Crete),,B2000730000000,식품첨가물,"사용기준 못찾음, 별도 확인 필요",,"기타, 별도 확인 필요",
8044,,천연향료(Dragons blood(Dracorubin)),,B2000732000000,식품첨가물,"사용기준 못찾음, 별도 확인 필요",,"기타, 별도 확인 필요",
8045,NATURAL ELDER FLOWERS FLAVOUR,천연향료(Elder flowers),,B2000734000000,식품첨가물,"사용기준 못찾음, 별도 확인 필요",,"기타, 별도 확인 필요",
8046,ELDER TREE LEAVES,천연향료(Elder tree leaves),,B2000733000000,식품첨가물,"사용기준 못찾음, 별도 확인 필요",,"기타, 별도 확인 필요",
8047,ELECAMPANE RHIZOME 및 ROOTS (NATURAL FLAVOURING SUBSTANCE),천연향료(Elecampane rhizome 및 roots),,B2000735000000,식품첨가물,"사용기준 못찾음, 별도 확인 필요",,"기타, 별도 확인 필요",
8048,ELEMI (NATURAL FLAVOURING SUBSTANCE),천연향료(Elemi),,B2000736000000,식품첨가물,"사용기준 못찾음, 별도 확인 필요",,"기타, 별도 확인 필요",
8049,NATURAL ESTRAGOLE FLAVOUR,"천연향료(Estragole(Estragon, Esdragol,Esdragon, Tarragon))",,B2000738000000,식품첨가물,"사용기준 못찾음, 별도 확인 필요",,"기타, 별도 확인 필요",
8050,NATURAL EUCALYPTUS GLOBULUS LEAVES FLAVOUR,천연향료(Eucalyptus globulus leaves),,B2000636000000,식품첨가물,"사용기준 못찾음, 별도 확인 필요",,"기타, 별도 확인 필요",
8051,,"천연향료(Fennel, sweet)",,B2000739000000,식품첨가물,"사용기준 못찾음, 별도 확인 필요",,"기타, 별도 확인 필요",
8052,NATURAL FENUGREEK FLAVOUR,천연향료(Fenugreek),,B2000740000000,식품첨가물,"사용기준 못찾음, 별도 확인 필요",,"기타, 별도 확인 필요",
8053,FIR NEEDLES AND TWIGS (NATURAL FLAVOURING SUBSTANCE),천연향료(Fir(“pine”)needles 및 twigs),,B2000741000000,식품첨가물,"사용기준 못찾음, 별도 확인 필요",,"기타, 별도 확인 필요",
8054,NATURAL GALANGA FLAVOUR,천연향료(Galanga(Galangal)),,B2000743000000,식품첨가물,"사용기준 못찾음, 별도 확인 필요",,"기타, 별도 확인 필요",
8055,GALANGA GREATER (NATURAL FLAVOURING SUBSTANCE),"천연향료(Galanga, greater)",,B2000744000000,식품첨가물,"사용기준 못찾음, 별도 확인 필요",,"기타, 별도 확인 필요",
8056,,천연향료(Galbanum),,B2000745000000,식품첨가물,"사용기준 못찾음, 별도 확인 필요",,"기타, 별도 확인 필요",
8057,GENET FLOWERS (NATURAL FLAVOURING SUBSTANCE),천연향료(Genet flowers),,B2000747000000,식품첨가물,"사용기준 못찾음, 별도 확인 필요",,"기타, 별도 확인 필요",
8058,GENTIAN RHIZOME 및 ROOTS (NATURAL FLAVOURING SUBSTANCE),천연향료(Gentian rhizome 및 roots),,B2000749000000,식품첨가물,"사용기준 못찾음, 별도 확인 필요",,"기타, 별도 확인 필요",
8059,NATURAL GERANIUM FLAVOUR,천연향료(Geranium),,B2000750000000,식품첨가물,"사용기준 못찾음, 별도 확인 필요",,"기타, 별도 확인 필요",
8060,NATURAL GERANIUM ROSE FLAVOUR,"천연향료(Geranium, rose)",,B2000752000000,식품첨가물,"사용기준 못찾음, 별도 확인 필요",,"기타, 별도 확인 필요",
8061,GERMANDER CHAMAEDRYS (NATURAL FLAVOURING SUBSTANCE),"천연향료(Germander, chamaedrys)",,B2000753000000,식품첨가물,"사용기준 못찾음, 별도 확인 필요",,"기타, 별도 확인 필요",
8062,NATURAL GINGER FLAVOUR,천연향료(Ginger),,B2000755000000,식품첨가물,"사용기준 못찾음, 별도 확인 필요",,"기타, 별도 확인 필요",
8063,NATURAL GRAPEFRUIT FLAVOUR,천연향료(Grapefruit),,B2000756000000,식품첨가물,"사용기준 못찾음, 별도 확인 필요",,"기타, 별도 확인 필요",
8064,GUAIAC (NATURAL FLAVOURING SUBSTANCE),천연향료(Guaiac),,B2000757000000,식품첨가물,"사용기준 못찾음, 별도 확인 필요",,"기타, 별도 확인 필요",
8065,NATURAL GUARANA FLAVOUR,천연향료(Guarana),,B2000758000000,식품첨가물,"사용기준 못찾음, 별도 확인 필요",,"기타, 별도 확인 필요",
8066,NATURAL GUAVA FLAVOUR,천연향료(Guava),,B2000759000000,식품첨가물,"사용기준 못찾음, 별도 확인 필요",,"기타, 별도 확인 필요",
8067,,천연향료(Hickory bark),,B2000762000000,식품첨가물,"사용기준 못찾음, 별도 확인 필요",,"기타, 별도 확인 필요",
8068,HOPS (NATURAL FLAVOURING SUBSTANCE),천연향료(Hops),,B2000764000000,식품첨가물,"사용기준 못찾음, 별도 확인 필요",,"기타, 별도 확인 필요",
8069,HORSEMINT (NATURAL FLAVOURING SUBSTANCE),천연향료(Horsemint),,B2000765000000,식품첨가물,"사용기준 못찾음, 별도 확인 필요",,"기타, 별도 확인 필요",
8070,NATURAL HYSSOP FLAVOUR,천연향료(Hyssop),,B2000767000000,식품첨가물,"사용기준 못찾음, 별도 확인 필요",,"기타, 별도 확인 필요",
8071,ICELAND MOSS (NATURAL FLAVOURING SUBSTANCE),천연향료(Iceland moss),,B2000768000000,식품첨가물,"사용기준 못찾음, 별도 확인 필요",,"기타, 별도 확인 필요",
8072,NATURAL IMMORTELLE FLAVOUR,천연향료(Immortelle),,B2000769000000,식품첨가물,"사용기준 못찾음, 별도 확인 필요",,"기타, 별도 확인 필요",
8073,NATURAL JASMINE FLAVOUR,천연향료(Jasmine),,B2000771000000,식품첨가물,"사용기준 못찾음, 별도 확인 필요",,"기타, 별도 확인 필요",
8074,JUNIPERBERRY(NATURAL FLAVOURING SUBSTANCE),천연향료(Juniper(berries)),,B2000772000000,식품첨가물,"사용기준 못찾음, 별도 확인 필요",,"기타, 별도 확인 필요",
8075,LABDANUM (NATURAL FLAVOURING SUBSTANCE),천연향료(Labdanum),,B2000773000000,식품첨가물,"사용기준 못찾음, 별도 확인 필요",,"기타, 별도 확인 필요",
8076,LAUREL LEAVES (NATURAL FLAVOURING SUBSTANCE),천연향료(Laurel leaves),,B2000775000000,식품첨가물,"사용기준 못찾음, 별도 확인 필요",,"기타, 별도 확인 필요",
8077,LAVANDIN (NATURAL FLAVOURING SUBSTANCE),천연향료(Lavandin),,B2000778000000,식품첨가물,"사용기준 못찾음, 별도 확인 필요",,"기타, 별도 확인 필요",
8078,NATURAL LAVENDER FLAVOUR,천연향료(Lavender),,B2000776000000,식품첨가물,"사용기준 못찾음, 별도 확인 필요",,"기타, 별도 확인 필요",
8079,NATURAL LEMON GRASS FLAVOUR,천연향료(Lemon grass),,B2000780000000,식품첨가물,"사용기준 못찾음, 별도 확인 필요",,"기타, 별도 확인 필요",
8080,LEMON PEEL (NATURAL FLAVOURING SUBSTANCE),천연향료(Lemon peel),,B2000781000000,식품첨가물,"사용기준 못찾음, 별도 확인 필요",,"기타, 별도 확인 필요",
8081,NATURAL LEMON FLAVOUR,천연향료(Lemon),,B2000779000000,식품첨가물,"사용기준 못찾음, 별도 확인 필요",,"기타, 별도 확인 필요",
8082,NATURAL LIME FLAVOUR,천연향료(Lime),,B2000782000000,식품첨가물,"사용기준 못찾음, 별도 확인 필요",,"기타, 별도 확인 필요",
8083,LINALOE WOOD (NATURAL FLAVOURING SUBSTANCE),천연향료(Linaloe wood),,B2000783000000,식품첨가물,"사용기준 못찾음, 별도 확인 필요",,"기타, 별도 확인 필요",
8084,NATURAL LINDEN FLOWERS FLAVOUR,천연향료(Linden flowers),,B2000784000000,식품첨가물,"사용기준 못찾음, 별도 확인 필요",,"기타, 별도 확인 필요",
8085,NATURAL LOVAGE FLAVOUR,천연향료(Lovage),,B2000787000000,식품첨가물,"사용기준 못찾음, 별도 확인 필요",,"기타, 별도 확인 필요",
8086,NATURAL MACE FLAVOUR,천연향료(Mace),,B2000790000000,식품첨가물,"사용기준 못찾음, 별도 확인 필요",,"기타, 별도 확인 필요",
8087,NATURAL MAIDENHAIR FERN FLAVOUR,천연향료(Maidenhair fern),,B2000791000000,식품첨가물,"사용기준 못찾음, 별도 확인 필요",,"기타, 별도 확인 필요",
8088,NATURAL MANDARIN FLAVOUR,천연향료(Mandarin),,B2000792000000,식품첨가물,"사용기준 못찾음, 별도 확인 필요",,"기타, 별도 확인 필요",
8089,MAPLE MOUNTAIN (NATURAL FLAVOURING SUBSTANCE),"천연향료(Maple, mountain)",,B2000793000000,식품첨가물,"사용기준 못찾음, 별도 확인 필요",,"기타, 별도 확인 필요",
8090,NATURAL MARJORAM SWEET FLAVOUR,"천연향료(Marjoram, sweet)",,B2000794000000,식품첨가물,"사용기준 못찾음, 별도 확인 필요",,"기타, 별도 확인 필요",
8091,MASTIC(PISTACIA LENTISCUS LINNE) (NATURAL FLAVOURING SUBSTANCE),천연향료(Mastic),,B2000907000000,식품첨가물,"사용기준 못찾음, 별도 확인 필요",,"기타, 별도 확인 필요",
8092,NATURAL MATE FLAVOUR,천연향료(Mate),,B2000795000000,식품첨가물,"사용기준 못찾음, 별도 확인 필요",,"기타, 별도 확인 필요",
8093,NATURAL MENTHOL FLAVOUR,천연향료(Menthol),,B2000796000000,식품첨가물,"사용기준 못찾음, 별도 확인 필요",,"기타, 별도 확인 필요",
8094,,천연향료(Menthyl acetate),,B2000797000000,식품첨가물,"사용기준 못찾음, 별도 확인 필요",,"기타, 별도 확인 필요",
8095,MIMOSA FLOWERS (NATURAL FLAVOURING SUBSTANCE),천연향료(Mimosa(Black wattle) flowers),,B2000798000000,식품첨가물,"사용기준 못찾음, 별도 확인 필요",,"기타, 별도 확인 필요",
8096,NATURAL MOLASSES FLAVOUR,천연향료(Molasses(extract)),,B2000799000000,식품첨가물,"사용기준 못찾음, 별도 확인 필요",,"기타, 별도 확인 필요",
8097,MULLEIN FLOWERS (NATURAL FLAVOURING SUBSTANCE),천연향료(Mullein flowers),,B2000800000000,식품첨가물,"사용기준 못찾음, 별도 확인 필요",,"기타, 별도 확인 필요",
8098,,천연향료(Musk(Tonquin musk)),,B2000801000000,식품첨가물,"사용기준 못찾음, 별도 확인 필요",,"기타, 별도 확인 필요",
8099,NATURAL MUSTARD FLAVOUR,천연향료(Mustard),,B2000802000000,식품첨가물,"사용기준 못찾음, 별도 확인 필요",,"기타, 별도 확인 필요",
8100,NATURAL MYRRH FLAVOUR,천연향료(Myrrh),,B2000803000000,식품첨가물,"사용기준 못찾음, 별도 확인 필요",,"기타, 별도 확인 필요",
8101,,천연향료(Naringin),,B2000805000000,식품첨가물,"사용기준 못찾음, 별도 확인 필요",,"기타, 별도 확인 필요",
8102,NEROLI BIGARADE (NATURAL FLAVOURING SUBSTANCE),"천연향료(Neroli, bigarade)",,B2000806000000,식품첨가물,"사용기준 못찾음, 별도 확인 필요",,"기타, 별도 확인 필요",
8103,NUTMEG FLAVOUR,천연향료(Nutmeg),,B2000807000000,식품첨가물,"사용기준 못찾음, 별도 확인 필요",,"기타, 별도 확인 필요",
8104,OLIBANUM,천연향료(Olibanum),,B2000808000000,식품첨가물,"사용기준 못찾음, 별도 확인 필요",,"기타, 별도 확인 필요",
8105,NATURAL ONION FLAVOUR,천연향료(Onion),,B2000809000000,식품첨가물,"사용기준 못찾음, 별도 확인 필요",,"기타, 별도 확인 필요",
8106,OPOPANAX (NATURAL FLAVOURING SUBSTANCE),천연향료(Opopanax(Bisabolmyrrh)),,B2000810000000,식품첨가물,"사용기준 못찾음, 별도 확인 필요",,"기타, 별도 확인 필요",
8107,ORANGE LEAF (NATURAL FLAVOURING SUBSTANCE),천연향료(Orange leaf),,B2000816000000,식품첨가물,"사용기준 못찾음, 별도 확인 필요",,"기타, 별도 확인 필요",
8108,ORANGE BITTER FLOWERS (NATURAL FLAVOURING SUBSTANCE),"천연향료(Orange, bitter, flowers)",,B2000811000000,식품첨가물,"사용기준 못찾음, 별도 확인 필요",,"기타, 별도 확인 필요",
8109,ORANGE BITTER PEEL (NATURAL FLAVOURING SUBSTANCE),"천연향료(Orange, bitter, peel)",,B2000812000000,식품첨가물,"사용기준 못찾음, 별도 확인 필요",,"기타, 별도 확인 필요",
8110,ORANGE SWEET (NATURAL FLAVOURING SUBSTANCE),"천연향료(Orange, sweet)",,B2000813000000,식품첨가물,"사용기준 못찾음, 별도 확인 필요",,"기타, 별도 확인 필요",
8111,ORANGE SWEET FLOWERS (NATURAL FLAVOURING SUBSTANCE),"천연향료(Orange, sweet, flowers)",,B2000814000000,식품첨가물,"사용기준 못찾음, 별도 확인 필요",,"기타, 별도 확인 필요",
8112,ORANGE SWEET PEEL (NATURAL FLAVOURING SUBSTANCE),"천연향료(Orange, sweet, peel)",,B2000815000000,식품첨가물,"사용기준 못찾음, 별도 확인 필요",,"기타, 별도 확인 필요",
8113,ORIGANUM OIL,천연향료(Origanum),,B2000817000000,식품첨가물,"사용기준 못찾음, 별도 확인 필요",,"기타, 별도 확인 필요",
8114,NATURAL ORRIS ROOT FLAVOUR,천연향료(Orris root),,B2000818000000,식품첨가물,"사용기준 못찾음, 별도 확인 필요",,"기타, 별도 확인 필요",
8115,PALMAROSA (NATURAL FLAVOURING SUBSTANCE),천연향료(Palmarosa),,B2000819000000,식품첨가물,"사용기준 못찾음, 별도 확인 필요",,"기타, 별도 확인 필요",
8116,NATURAL PAPRIKA FLAVOUR,천연향료(Paprika),,B2000820000000,식품첨가물,"사용기준 못찾음, 별도 확인 필요",,"기타, 별도 확인 필요",
8117,Para cress flavor,천연향료(Para cress),,B2000908000000,식품첨가물,"사용기준 못찾음, 별도 확인 필요",,"기타, 별도 확인 필요",
8118,NATURAL PARSLEY FLAVOUR,천연향료(Parsley),,B2000821000000,식품첨가물,"사용기준 못찾음, 별도 확인 필요",,"기타, 별도 확인 필요",
8119,NATURAL PASSION FLOWER FLAVOUR,천연향료(Passion flower),,B2000822000000,식품첨가물,"사용기준 못찾음, 별도 확인 필요",,"기타, 별도 확인 필요",
8120,PATCHOULY (NATURAL FLAVOURING SUBSTANCE),천연향료(Patchouly),,B2000823000000,식품첨가물,"사용기준 못찾음, 별도 확인 필요",,"기타, 별도 확인 필요",
8121,,천연향료(Peach leaves),,B2000824000000,식품첨가물,"사용기준 못찾음, 별도 확인 필요",,"기타, 별도 확인 필요",
8122,,천연향료(Peanut stearine),,B2000826000000,식품첨가물,"사용기준 못찾음, 별도 확인 필요",,"기타, 별도 확인 필요",
8123,NATURAL PENNYROYAL AMERICAN FLAVOUR,"천연향료(Pennyroyal, American)",,B2000827000000,식품첨가물,"사용기준 못찾음, 별도 확인 필요",,"기타, 별도 확인 필요",
8124,"PENNYROYAL, AMERICAN","천연향료(Pennyroyal, European)",,B2000828000000,식품첨가물,"사용기준 못찾음, 별도 확인 필요",,"기타, 별도 확인 필요",
8125,BLACK PEPPER FLAVOUR,"천연향료(Pepper, black)",,B2000829000000,식품첨가물,"사용기준 못찾음, 별도 확인 필요",,"기타, 별도 확인 필요",
8126,PEPPER WHITE (NATURAL FLAVOURING SUBSTANCE),"천연향료(Pepper, white)",,B2000830000000,식품첨가물,"사용기준 못찾음, 별도 확인 필요",,"기타, 별도 확인 필요",
8127,페퍼민트향,천연향료(Peppermint),,B2000638000000,식품첨가물,"사용기준 못찾음, 별도 확인 필요",,"기타, 별도 확인 필요",
8128,PERUVIAN BALSAM (NATURAL FLAVOURING SUBSTANCE),천연향료(Peruvian balsam),,B2000831000000,식품첨가물,"사용기준 못찾음, 별도 확인 필요",,"기타, 별도 확인 필요",
8129,PETITGRAIN MANDARIN 또는 TANGERINE (NATURAL FLAVOURING SUBSTANCE),천연향료(Petitgrain mandarin 또는 tangerine),,B2000834000000,식품첨가물,"사용기준 못찾음, 별도 확인 필요",,"기타, 별도 확인 필요",
8130,PETITGRAIN,천연향료(Petitgrain),,B2000832000000,식품첨가물,"사용기준 못찾음, 별도 확인 필요",,"기타, 별도 확인 필요",
8131,,천연향료(Pimenta leaf),,B2000836000000,식품첨가물,"사용기준 못찾음, 별도 확인 필요",,"기타, 별도 확인 필요",
8132,NATURAL PIMENTA FLAVOUR,천연향료(Pimenta(Allspice)),,B2000835000000,식품첨가물,"사용기준 못찾음, 별도 확인 필요",,"기타, 별도 확인 필요",
8133,PINE SCOTCH NEEDLES AND TWIGS (NATURAL FLAVOURING SUBSTANCE),"천연향료(Pine, Scotch, needles 및 twigs)",,B2000838000000,식품첨가물,"사용기준 못찾음, 별도 확인 필요",,"기타, 별도 확인 필요",
8134,PINE DWARF NEEDLES AND TWIGS (NATURAL FLAVOURING SUBSTANCE),"천연향료(Pine, dwarf, needles 및 twigs)",,B2000837000000,식품첨가물,"사용기준 못찾음, 별도 확인 필요",,"기타, 별도 확인 필요",
8135,PINE WHITE OIL (NATURAL FLAVOURING SUBSTANCE),"천연향료(Pine, white oil)",,B2000840000000,식품첨가물,"사용기준 못찾음, 별도 확인 필요",,"기타, 별도 확인 필요",
8136,NATURAL PIPSISSEWA LEAVES FLAVOUR,천연향료(Pipsissewa leaves),,B2000841000000,식품첨가물,"사용기준 못찾음, 별도 확인 필요",,"기타, 별도 확인 필요",
8137,NATURAL POMEGRANATE FLAVOUR,천연향료(Pomegranate),,B2000842000000,식품첨가물,"사용기준 못찾음, 별도 확인 필요",,"기타, 별도 확인 필요",
8138,NATURAL QUASSIA FLAVOUR,천연향료(Quassia),,B2000845000000,식품첨가물,"사용기준 못찾음, 별도 확인 필요",,"기타, 별도 확인 필요",
8139,,천연향료(Quebracho bark),,B2000846000000,식품첨가물,"사용기준 못찾음, 별도 확인 필요",,"기타, 별도 확인 필요",
8140,QUILLAIA (NATURAL FLAVOURING SUBSTANCE),천연향료(Quillaia(Soapbark)),,B2000847000000,식품첨가물,"사용기준 못찾음, 별도 확인 필요",,"기타, 별도 확인 필요",
8141,QUINCE SEED (NATURAL FLAVOURING SUBSTANCE),천연향료(Quince seed),,B2000848000000,식품첨가물,"사용기준 못찾음, 별도 확인 필요",,"기타, 별도 확인 필요",
8142,,천연향료(Red saunders(Red sandalwood)),,B2000849000000,식품첨가물,"사용기준 못찾음, 별도 확인 필요",,"기타, 별도 확인 필요",
8143,RHATANY ROOT (NATURAL FLAVOURING SUBSTANCE),천연향료(Rhatany root),,B2000850000000,식품첨가물,"사용기준 못찾음, 별도 확인 필요",,"기타, 별도 확인 필요",
8144,RHUBARB ROOT (NATURAL FLAVOURING SUBSTANCE),천연향료(Rhubarb root),,B2000852000000,식품첨가물,"사용기준 못찾음, 별도 확인 필요",,"기타, 별도 확인 필요",
8145,NATURAL RHUBARB GARDEN ROOT FLAVOUR,"천연향료(Rhubarb, garden root)",,B2000851000000,식품첨가물,"사용기준 못찾음, 별도 확인 필요",,"기타, 별도 확인 필요",
8146,NATURAL ROSE ABSOLUTE FLAVOUR,천연향료(Rose absolute),,B2000853000000,식품첨가물,"사용기준 못찾음, 별도 확인 필요",,"기타, 별도 확인 필요",
8147,ROSEBUDS (NATURAL FLAVOURING SUBSTANCE),천연향료(Rose buds),,B2000855000000,식품첨가물,"사용기준 못찾음, 별도 확인 필요",,"기타, 별도 확인 필요",
8148,NATURAL ROSE FLOWERS FLAVOUR,천연향료(Rose flowers),,B2000856000000,식품첨가물,"사용기준 못찾음, 별도 확인 필요",,"기타, 별도 확인 필요",
8149,ROSE LEAVES (NATURAL FLAVOURING SUBSTANCE),천연향료(Rose leaves),,B2000859000000,식품첨가물,"사용기준 못찾음, 별도 확인 필요",,"기타, 별도 확인 필요",
8150,ROSE (NATURAL FLAVOURING SUBSTANCE),"천연향료(Rose(otto of roses, attar of roses))",,B2000854000000,식품첨가물,"사용기준 못찾음, 별도 확인 필요",,"기타, 별도 확인 필요",
8151,NATURAL ROSEMARY FLAVOUR,천연향료(Rosemary),,B2000860000000,식품첨가물,"사용기준 못찾음, 별도 확인 필요",,"기타, 별도 확인 필요",
8152,NATURAL SAFFRON FLAVOUR,천연향료(Saffron),,B2000861000000,식품첨가물,"사용기준 못찾음, 별도 확인 필요",,"기타, 별도 확인 필요",
8153,NATURAL SAGE FLAVOUR,천연향료(Sage),,B2000862000000,식품첨가물,"사용기준 못찾음, 별도 확인 필요",,"기타, 별도 확인 필요",
8154,"SAGE, GREEK FLAVOUR","천연향료(Sage, Greek)",,B2000863000000,식품첨가물,"사용기준 못찾음, 별도 확인 필요",,"기타, 별도 확인 필요",
8155,SAGE SPANISH (NATURAL FLAVOURING SUBSTANCE),"천연향료(Sage, Spanish)",,B2000864000000,식품첨가물,"사용기준 못찾음, 별도 확인 필요",,"기타, 별도 확인 필요",
8156,SANDALWOOD WHITE (NATURAL FLAVOURING SUBSTANCE),"천연향료(Sandalwood, white(yellow, 또는East Indian))",,B2000867000000,식품첨가물,"사용기준 못찾음, 별도 확인 필요",,"기타, 별도 확인 필요",
8157,NATURAL SARSAPARILLA FLAVOUR,천연향료(Sarsaparilla),,B2000869000000,식품첨가물,"사용기준 못찾음, 별도 확인 필요",,"기타, 별도 확인 필요",
8158,NATURAL SASSAFRAS LEAVES(SAFROLE FREE) FLAVOUR,천연향료(Sassafras leaves(safrole free)),,B2000870000000,식품첨가물,"사용기준 못찾음, 별도 확인 필요",,"기타, 별도 확인 필요",
8159,NATURAL SAVORY SUMMER FLAVOUR,"천연향료(Savory, summer)",,B2000871000000,식품첨가물,"사용기준 못찾음, 별도 확인 필요",,"기타, 별도 확인 필요",
8160,NATURAL SAVORY WINTER FLAVOUR,"천연향료(Savory, winter)",,B2000872000000,식품첨가물,"사용기준 못찾음, 별도 확인 필요",,"기타, 별도 확인 필요",
8161,SLOE BERRIES (NATURAL FLAVOURING SUBSTANCE),천연향료(Sloe berries(Blackthorn berries)),,B2000876000000,식품첨가물,"사용기준 못찾음, 별도 확인 필요",,"기타, 별도 확인 필요",
8162,,"천연향료(Snakeroot, Canadian(Wild ginger))",,B2000877000000,식품첨가물,"사용기준 못찾음, 별도 확인 필요",,"기타, 별도 확인 필요",
8163,SPEARMINT (NATURAL FLAVOURING SUBSTANCE),천연향료(Spearmint),,B2000878000000,식품첨가물,"사용기준 못찾음, 별도 확인 필요",,"기타, 별도 확인 필요",
8164,SPRUCE NEEDLES 및 TWIGS (NATURAL FLAVOURING SUBSTANCE),천연향료(Spruce needles 및 twigs),,B2000880000000,식품첨가물,"사용기준 못찾음, 별도 확인 필요",,"기타, 별도 확인 필요",
8165,ST. JOHN'S BREAD (NATURAL FLAVOURING SUBSTANCE),천연향료(St. Johns bread),,B2000865000000,식품첨가물,"사용기준 못찾음, 별도 확인 필요",,"기타, 별도 확인 필요",
8166,"ST. JOHNSWORT LEAVES, FLOWERS OR CAULIS","천연향료(St. Johnswort leaves, flowers, 및caulis)",,B2000866000000,식품첨가물,"사용기준 못찾음, 별도 확인 필요",,"기타, 별도 확인 필요",
8167,STORAX(STYRAX),천연향료(Storax(Styrax)),,B2000881000000,식품첨가물,"사용기준 못찾음, 별도 확인 필요",,"기타, 별도 확인 필요",
8168,NATURAL TAMARIND FLAVOUR,천연향료(Tamarind),,B2000882000000,식품첨가물,"사용기준 못찾음, 별도 확인 필요",,"기타, 별도 확인 필요",
8169,NATURAL TANGERINE FLAVOUR,천연향료(Tangerine),,B2000883000000,식품첨가물,"사용기준 못찾음, 별도 확인 필요",,"기타, 별도 확인 필요",
8170,NATURAL TEA FLAVOUR,천연향료(Tea),,B2000639000000,식품첨가물,"사용기준 못찾음, 별도 확인 필요",,"기타, 별도 확인 필요",
8171,THISTLE BLESSED (NATURAL FLAVOURING SUBSTANCE),"천연향료(Thistle, blessed(Holy thistle))",,B2000885000000,식품첨가물,"사용기준 못찾음, 별도 확인 필요",,"기타, 별도 확인 필요",
8172,NATURAL THYME FLAVOUR,천연향료(Thyme),,B2000886000000,식품첨가물,"사용기준 못찾음, 별도 확인 필요",,"기타, 별도 확인 필요",
8173,"THYME, WHITE","천연향료(Thyme, white)",,B2000887000000,식품첨가물,"사용기준 못찾음, 별도 확인 필요",,"기타, 별도 확인 필요",
8174,THYME WILD OR CREEPING (NATURAL FLAVOURING SUBSTANCE),"천연향료(Thyme, wild 또는 creeping)",,B2000888000000,식품첨가물,"사용기준 못찾음, 별도 확인 필요",,"기타, 별도 확인 필요",
8175,TURMERIC (NATURAL FLAVOURING SUBSTANCE),천연향료(Turmeric),,B2000891000000,식품첨가물,"사용기준 못찾음, 별도 확인 필요",,"기타, 별도 확인 필요",
8176,VALERIAN RHIZOME 및 ROOTS (NATURAL FLAVOURING SUBSTANCE),천연향료(Valerian rhizome 및 roots),,B2000892000000,식품첨가물,"사용기준 못찾음, 별도 확인 필요",,"기타, 별도 확인 필요",
8177,NATURAL VANILLA FLAVOUR,천연향료(Vanilla),,B2000893000000,식품첨가물,"사용기준 못찾음, 별도 확인 필요",,"기타, 별도 확인 필요",
8178,NATURAL VERONICA FLAVOUR,천연향료(Veronica),,B2000894000000,식품첨가물,"사용기준 못찾음, 별도 확인 필요",,"기타, 별도 확인 필요",
8179,"VERVAIN, EUROPEAN","천연향료(Vervain, European)",,B2000895000000,식품첨가물,"사용기준 못찾음, 별도 확인 필요",,"기타, 별도 확인 필요",
8180,NATURAL VETIVER FLAVOUR,천연향료(Vetiver),,B2000637000000,식품첨가물,"사용기준 못찾음, 별도 확인 필요",,"기타, 별도 확인 필요",
8181,VIOLET SWISS,"천연향료(Violet, Swiss)",,B2000896000000,식품첨가물,"사용기준 못찾음, 별도 확인 필요",,"기타, 별도 확인 필요",
8182,VIOLET FLOWERS (NATURAL FLAVOURING SUBSTANCE),"천연향료(Violet, flowers)",,B2000897000000,식품첨가물,"사용기준 못찾음, 별도 확인 필요",,"기타, 별도 확인 필요",
8183,VIOLET LEAVES ABSOLUTE (NATURAL FLAVOURING SUBSTANCE),"천연향료(Violet, leaves absolute)",,B2000899000000,식품첨가물,"사용기준 못찾음, 별도 확인 필요",,"기타, 별도 확인 필요",
8184,VIOLET LEAVES (NATURAL FLAVOURING SUBSTANCE),"천연향료(Violet, leaves)",,B2000898000000,식품첨가물,"사용기준 못찾음, 별도 확인 필요",,"기타, 별도 확인 필요",
8185,"WALNUT HUSKS (HULLS), LEAVES, GREEN NUTS (NATURAL FLAVOURING SUBSTANCE)","천연향료(Walnut husks (hulls), leaves 및green nuts)",,B2000900000000,식품첨가물,"사용기준 못찾음, 별도 확인 필요",,"기타, 별도 확인 필요",
8186,WILD CHERRY BARK (NATURAL FLAVOURING SUBSTANCE),천연향료(Wild cherry bark),,B2000901000000,식품첨가물,"사용기준 못찾음, 별도 확인 필요",,"기타, 별도 확인 필요",
8187,NATURAL WOODRUFF SWEET FLAVOUR,"천연향료(Woodruff, sweet)",,B2000902000000,식품첨가물,"사용기준 못찾음, 별도 확인 필요",,"기타, 별도 확인 필요",
8188,CANANGA,천연향료(Ylang-ylang),,B2000904000000,식품첨가물,"사용기준 못찾음, 별도 확인 필요",,"기타, 별도 확인 필요",
8189,"YUCCA,JOSHUA-TREE","천연향료(Yucca, Joshua-tree)",,B2000903000000,식품첨가물,"사용기준 못찾음, 별도 확인 필요",,"기타, 별도 확인 필요",
8190,,천연향신향,,B5000372000000,식품첨가물,"사용기준 못찾음, 별도 확인 필요",,"기타, 별도 확인 필요",
8191,,천연허니듀향,,B5000262000000,식품첨가물,"사용기준 못찾음, 별도 확인 필요",,"기타, 별도 확인 필요",
8192,,천연허니향,,B5000261000000,식품첨가물,"사용기준 못찾음, 별도 확인 필요",,"기타, 별도 확인 필요",
8193,,천연허브향,,B5000371000000,식품첨가물,"사용기준 못찾음, 별도 확인 필요",,"기타, 별도 확인 필요",
8194,,천연허클베리향,,B5000553000000,식품첨가물,"사용기준 못찾음, 별도 확인 필요",,"기타, 별도 확인 필요",
8195,NATURAL HAZELNUT CREAM FLAVOUR,천연헤이즐넛크림향,,B5000063000000,식품첨가물,"사용기준 못찾음, 별도 확인 필요",,"기타, 별도 확인 필요",
8196,NATURAL HAZELNUT FLAVOUR,천연헤이즐넛향,,B5000098000000,식품첨가물,"사용기준 못찾음, 별도 확인 필요",,"기타, 별도 확인 필요",
8197,,천연현미향,,B5000334000000,식품첨가물,"사용기준 못찾음, 별도 확인 필요",,"기타, 별도 확인 필요",
8198,NATURAL WALNUTS FLAVOUR,천연호두향,,B5000150000000,식품첨가물,"사용기준 못찾음, 별도 확인 필요",,"기타, 별도 확인 필요",
8199,NATURAL RYE FLAVOUR,천연호밀향,,B5000875000000,식품첨가물,"사용기준 못찾음, 별도 확인 필요",,사용가능,
8200,NATURAL PUMPKIN FLAVOUR,천연호박향,,B5000091000000,식품첨가물,"사용기준 못찾음, 별도 확인 필요",,"기타, 별도 확인 필요",
8201,Natural Hop oil flavor,천연호프오일향,,B5000811000000,식품첨가물,"사용기준 못찾음, 별도 확인 필요",,사용가능,
8202,NATURAL HOPS AROMAS,천연호프향,,B5000743000000,식품첨가물,"사용기준 못찾음, 별도 확인 필요",,사용가능,
8203,,천연혼합베리향,,B5000685000000,식품첨가물,"사용기준 못찾음, 별도 확인 필요",,"기타, 별도 확인 필요",
8204,NATURAL BLACK TEA FLAVOUR,천연홍차향,,B5000046000000,식품첨가물,"사용기준 못찾음, 별도 확인 필요",,"기타, 별도 확인 필요",
8205,,천연홍화(잇꽃)향,,B5000249000000,식품첨가물,"사용기준 못찾음, 별도 확인 필요",,"기타, 별도 확인 필요",
8206,NATURAL WHITE CHOCOLATE FLAVOUR,천연화이트초콜릿향,,B5000729000000,식품첨가물,"사용기준 못찾음, 별도 확인 필요",,사용가능,
8207,NATURAL FENNEL FLAVOUR,천연회향향,,B5000058000000,식품첨가물,"사용기준 못찾음, 별도 확인 필요",,"기타, 별도 확인 필요",
8208,,천연회화나무향,,B5000151000000,식품첨가물,"사용기준 못찾음, 별도 확인 필요",,"기타, 별도 확인 필요",
8209,NATURAL YEAST EXTRACT FLAVOUR,천연효모추출물향,,B5000813000000,식품첨가물,"사용기준 못찾음, 별도 확인 필요",,사용가능,
8210,NATURAL YEAST FLAVOUR,천연효모향,,B5000744000000,식품첨가물,"사용기준 못찾음, 별도 확인 필요",,사용가능,
8211,NATURAL FUJI APPLE PEAR FLAVOR,천연후지애플페어향,,B5000781000000,식품첨가물,"사용기준 못찾음, 별도 확인 필요",,"기타, 별도 확인 필요",
8212,NATURAL PEPPER FLAVOUR,천연후추향,,B5000869000000,식품첨가물,"사용기준 못찾음, 별도 확인 필요",,사용가능,
8213,,천연흑설탕향,,B5000367000000,식품첨가물,"사용기준 못찾음, 별도 확인 필요",,"기타, 별도 확인 필요",
8214,NATURAL WHITE TRUFFLE FLAVOR,천연흰서양송로향,,B5000755000000,식품첨가물,"사용기준 못찾음, 별도 확인 필요",,사용가능,
8215,,천연히비스커스향,,B5000366000000,식품첨가물,"사용기준 못찾음, 별도 확인 필요",,"기타, 별도 확인 필요",
8216,,천연히코리스모크향,,B5000252000000,식품첨가물,"사용기준 못찾음, 별도 확인 필요",,"기타, 별도 확인 필요",
8217,,천일염,SEA SALT,P0129120100000,식품유형,"사용기준 못찾음, 별도 확인 필요",,"기타, 별도 확인 필요",
8218,IRON,철,,,식품첨가물,종류확인. Reduced Iron 등,,"기타, 별도 확인 필요",
8219,IRON AAC-외화획득용,철 아미노산킬레이트(외화획득용),,BZ000030000000,식품첨가물,"사용기준 못찾음, 별도 확인 필요",,사용불가,
8220,ATLANTIC STURGEON,철갑상어,,A3000696000000,식품원료,원료이기에 사용기준 없음,,사용가능,
8221,,철갑상어알,,A3000697000000,식품원료,원료이기에 사용기준 없음,,사용가능,
8222,CHINESE STURGEON CAVIAR OIL,철갑상어알오일,,A3000697050020,식품원료,원료이기에 사용기준 없음,,사용가능,
8223,SODIUM IRON CHLOROPHYLLIN,철클로로필린나트륨,,B1000234000000,식품첨가물,"사용기준 찾음, 별도 확인 필요",착색료,"기타, 별도 확인 필요",
8224,IRON ALLOY,철합금제,,D5000001710000,기구 및 용기포장,"사용기준 못찾음, 별도 확인 필요",,"기타, 별도 확인 필요",
8225,CHINESE BLACKBERRY,첨차,,A1001788000000,식품원료,원료이기에 사용기준 없음,,사용가능,
8226,,첨차잎,,A1001788380000,식품원료,원료이기에 사용기준 없음,,사용가능,
8227,,첨차추출물,,A1001788384500,식품원료,원료이기에 사용기준 없음,,사용가능,
8228,CHINESE BLACKBERRY EXTRACT POWDER,첨차추출분말,,A1001788004501,식품원료,원료이기에 사용기준 없음,,사용가능,
8229,,첨치가자미,,A3000698000000,식품원료,원료이기에 사용기준 없음,,사용가능,
8230,"CODIUM, SEA STAGHORN",청각,,A3000887010000,식품원료,원료이기에 사용기준 없음,,사용가능,
8231,,청갓,,A1002383000000,식품원료,원료이기에 사용기준 없음,,사용가능,
8232,,청겨자,,A1002291000000,식품원료,원료이기에 사용기준 없음,,사용가능,
8233,"PAKCHOI, BOKCHOY, CHONG KYEONG CHOE",청경채,,A1001789000000,식품원료,원료이기에 사용기준 없음,,사용가능,
8234,,청경채잎,,A1001789380000,식품원료,원료이기에 사용기준 없음,,사용가능,
8235,GREEN CAPSICUM,청고추,,A1002251000000,식품원료,원료이기에 사용기준 없음,,사용가능,
8236,"GREEN HOT PEPPER(CHILI PEPPER, RED PEPPER) POWDER",청고추분말,,A1002251000001,식품원료,원료이기에 사용기준 없음,,사용가능,
8237,,청국장,,A1000633001903,식품원료,원료이기에 사용기준 없음,,사용가능,
8238,BLUE WHITING,청대구,,A3000699000000,식품원료,원료이기에 사용기준 없음,,사용가능,
8239,BLUE WHITING,청대구뼈,,A3000699070000,식품원료,원료이기에 사용기준 없음,,사용가능,
8240,,청대구살,,A3000699080000,식품원료,원료이기에 사용기준 없음,,사용가능,
8241,,청매실,,A1002316000000,식품원료,원료이기에 사용기준 없음,,사용가능,
8242,Trissa kammalensis,청멸,,A3000701000000,식품원료,원료이기에 사용기준 없음,,사용가능,
8243,청미래덩굴(뿌리),청미래덩굴뿌리,,A1001793610000,식품원료,원료이기에 사용기준 없음,,"제한적사용가능, 별도 확인 필요",
8244,LEAVES OF SMILAX,청미래덩굴잎,,A1001793380000,식품원료,원료이기에 사용기준 없음,,사용가능,
8245,"SILVER WHITING, BLUE WHITING",청보리멸,,A3000702000000,식품원료,원료이기에 사용기준 없음,,사용가능,
8246,,청상아리,,A3000703000000,식품원료,원료이기에 사용기준 없음,,사용가능,
8247,,청새리상어,,A3000704000000,식품원료,원료이기에 사용기준 없음,,사용가능,
8248,,청새치,,A3000706000000,식품원료,원료이기에 사용기준 없음,,사용가능,
8249,,청색꽃게,,A3000707000000,식품원료,원료이기에 사용기준 없음,,사용가능,
8250,Blue Swimmer Crab Roe,청색꽃게알,,A3000707050000,식품원료,원료이기에 사용기준 없음,,사용가능,
8251,,청양고추,,A1002192000000,식품원료,원료이기에 사용기준 없음,,사용가능,
8252,,청양고춧가루,,A1002192000001,식품원료,원료이기에 사용기준 없음,,사용가능,
8253,HERRING,청어,,A3000708000000,식품원료,원료이기에 사용기준 없음,,사용가능,
8254,,청어살,,A3000708080000,식품원료,원료이기에 사용기준 없음,,사용가능,
8255,,청어알,,A3000708050000,식품원료,원료이기에 사용기준 없음,,사용가능,
8256,HERRING OIL,청어유,,A3000708000020,식품원료,원료이기에 사용기준 없음,,사용가능,
8257,HERRING EXTRACT,청어추출물,,A3000708004500,식품원료,원료이기에 사용기준 없음,,사용가능,
8258,,청전류잎,,A1001795380000,식품원료,원료이기에 사용기준 없음,,사용가능,
8259,청태,청태,,A1002334000000,식품원료,원료이기에 사용기준 없음,,사용가능,
8260,,청파래,,A3000910000000,식품원료,원료이기에 사용기준 없음,,사용가능,
8261,,청포도,,A1002230000000,식품원료,원료이기에 사용기준 없음,,사용가능,
8262,,청포도 농축,,A1002230000800,식품원료,원료이기에 사용기준 없음,,사용가능,
8263,,청포도과즙,,A1002230000026,식품원료,원료이기에 사용기준 없음,,사용가능,
8264,,청포도농축과즙,,A1002230000826,식품원료,원료이기에 사용기준 없음,,사용가능,
8265,,청포도농축액,,A1002230000814,식품원료,원료이기에 사용기준 없음,,사용가능,
8266,,청포도주스,,A1002230000025,식품원료,원료이기에 사용기준 없음,,사용가능,
8267,MUSCAT JUICE CONCENTRATE,청포도주스농축,,A1002230000825,식품원료,원료이기에 사용기준 없음,,사용가능,
8268,,청포도추출물,,A1002230004500,식품원료,원료이기에 사용기준 없음,,사용가능,
8269,,청피망,,A1002236000000,식품원료,원료이기에 사용기준 없음,,사용가능,
8270,,청피망농축액,,A1002236000814,식품원료,원료이기에 사용기준 없음,,사용가능,
8271,,청피망분말,,A1002236000001,식품원료,원료이기에 사용기준 없음,,사용가능,
8272,DARK SWEET CHERRIES,체리,,A1001797000000,식품원료,원료이기에 사용기준 없음,,사용가능,
8273,CHERRY POWDER,체리가루,,A1001797000001,식품원료,원료이기에 사용기준 없음,,사용가능,
8274,,체리과즙분말,,A1001797000057,식품원료,원료이기에 사용기준 없음,,사용가능,
8275,CHERRY CONCENTRATES,체리농축물,,A1001797000812,식품원료,원료이기에 사용기준 없음,,사용가능,
8276,,체리농축분말,,A1001797000801,식품원료,원료이기에 사용기준 없음,,사용가능,
8277,,체리농축액,,A1001797000814,식품원료,원료이기에 사용기준 없음,,사용가능,
8278,WILD CHERRY,체리열매,,A1001797930000,식품원료,원료이기에 사용기준 없음,,사용가능,
8279,WILD CHERRY JUICE,체리열매주스,,A1001797930025,식품원료,원료이기에 사용기준 없음,,사용가능,
8280,,체리오일,,A1001797000020,식품원료,원료이기에 사용기준 없음,,사용가능,
8281,,체리원액,,A1054006000021,식품원료,원료이기에 사용기준 없음,,사용가능,
8282,CHERRY JUICE,체리주스,,A1001797000025,식품원료,원료이기에 사용기준 없음,,사용가능,
8283,CHERRY JUICE COCENTRATE,체리주스농축액,,A1001797000825,식품원료,원료이기에 사용기준 없음,,사용가능,
8284,CHERRY DISTILLATE,체리증류액,,A1001797006914,식품원료,원료이기에 사용기준 없음,,사용가능,
8285,,체리추출물,,A1001797004500,식품원료,원료이기에 사용기준 없음,,사용가능,
8286,CHERRY PULP,체리펄프,,A1001797000032,식품원료,원료이기에 사용기준 없음,,사용가능,
8287,CHERRY PUREE,체리퓌레,,A1001797000034,식품원료,원료이기에 사용기준 없음,,사용가능,
8288,CONCENTRATED CHERRY PUREE,체리퓌레농축액,,A1001797000834,식품원료,원료이기에 사용기준 없음,,사용가능,
8289,"LING, PINK-CUSK-EEL",체장메기,,A3001035000000,식품원료,원료이기에 사용기준 없음,,사용가능,
8290,,체장메기부레,,A3001035150000,식품원료,원료이기에 사용기준 없음,,사용가능,
8291,"LING, PINK-CUSK-EEL BONE",체장메기뼈,,A3001035070000,식품원료,원료이기에 사용기준 없음,,사용가능,
8292,CHECKERBERRY,체커베리,,A1001798000000,식품원료,원료이기에 사용기준 없음,,사용가능,
8293,WINTERGREEN OIL,체커베리오일,,A1001798000020,식품원료,원료이기에 사용기준 없음,,사용가능,
8294,,초두구,,A1002692000000,식품원료,원료이기에 사용기준 없음,,사용불가,
8295,,초록담치,,A3001178000000,식품원료,원료이기에 사용기준 없음,,사용가능,
8296,,초록입홍합,,A3000898000000,식품원료,원료이기에 사용기준 없음,,사용가능,
8297,,초록입홍합가수분해물분말,,A3000898000201,식품원료,원료이기에 사용기준 없음,,사용가능,
8298,GREEN-LIPPED MUSSEL CONCENTRATED POWDER,초록입홍합농축분말,,A3000898000801,식품원료,원료이기에 사용기준 없음,,사용가능,
8299,,초록입홍합분말,,A3000898000001,식품원료,원료이기에 사용기준 없음,,사용가능,
8300,,초록입홍합추출물,,A3000898004500,식품원료,원료이기에 사용기준 없음,,사용가능,
8301,,초록입홍합추출분말,,A3000898004501,식품원료,원료이기에 사용기준 없음,,사용가능,
8302,GREEN LIPPED MUSSEL EXTRACTED OIL,초록입홍합추출오일,,A3000898000020,식품원료,원료이기에 사용기준 없음,,사용가능,
8303,,초록입홍합추출오일(기능성원료인정제2004-8호),,C9000008000000,건강기능식품,"사용기준 못찾음, 별도 확인 필요",,"기타, 별도 확인 필요",
8304,,초록입홍합추출오일(기능성원료인정제2009-49호),,C9000230000000,건강기능식품,"사용기준 못찾음, 별도 확인 필요",,"기타, 별도 확인 필요",
8305,ACETIC ACID,초산,,B1000235000000,식품첨가물,II. 2. 1)의 규정에 따라 사용하여야 한다.,산도조절제,"기타, 별도 확인 필요",
8306,GERANYL ACETATE,초산게라닐,,B1000236000000,식품첨가물,"사용기준 찾음, 별도 확인 필요",향료,"기타, 별도 확인 필요",
8307,SODIUM ACETATE,초산나트륨,,B1000237000000,식품첨가물,II. 2. 1)의 규정에 따라 사용하여야 한다.,산도조절제,"기타, 별도 확인 필요",
8308,LINALYL ACETATE,초산리나릴,,B1000238000000,식품첨가물,"사용기준 찾음, 별도 확인 필요",향료,"기타, 별도 확인 필요",
8309,MAGNESIUM ACETATE,초산마그네슘(선천성대사이상질환자용),,BZ000018000000,식품첨가물,"사용기준 못찾음, 별도 확인 필요",,사용불가,
8310,BENZYL ACETATE,초산벤질,,B1000239000000,식품첨가물,"사용기준 찾음, 별도 확인 필요",향료,"기타, 별도 확인 필요",
8311,BUTYL ACETATE,초산부틸,,B1000240000000,식품첨가물,"사용기준 찾음, 별도 확인 필요",향료,"기타, 별도 확인 필요",
8312,POLYVINYL ACETATE,초산비닐수지,,B1000241000000,식품첨가물,"사용기준 찾음, 별도 확인 필요",껌기초제,"기타, 별도 확인 필요",
8313,CITRONELLYL ACETATE,초산시트로넬릴,,B1000242000000,식품첨가물,"사용기준 찾음, 별도 확인 필요",향료,"기타, 별도 확인 필요",
8314,CINNAMYL ACETATE,초산신나밀,,B1000243000000,식품첨가물,"사용기준 찾음, 별도 확인 필요",향료,"기타, 별도 확인 필요",
8315,ETHYL ACETATE,초산에틸,,B1000244000000,식품첨가물,"사용기준 찾음, 별도 확인 필요",추출용제,"기타, 별도 확인 필요",
8316,ISOAMYL ACETATE,초산이소아밀,,B1000245000000,식품첨가물,"사용기준 찾음, 별도 확인 필요",향료,"기타, 별도 확인 필요",
8317,STARCH ACETATE,초산전분,E1420,B1000246000000,식품첨가물,II. 2. 1)의 규정에 따라 사용하여야 한다.,,"기타, 별도 확인 필요",
8318,Potassium acetate,초산칼륨,,B1062568000000,식품첨가물,II. 2. 1)의 규정에 따라 사용하여야 한다.,산도조절제,사용가능,
8319,CALCIUM ACETATE,초산칼슘,,B1000373000000,식품첨가물,II. 2. 1)의 규정에 따라 사용하여야 한다.,산도조절제,"기타, 별도 확인 필요",
8320,PHENYLETHYL ACETATE,초산페닐에틸,,B1000247000000,식품첨가물,"사용기준 찾음, 별도 확인 필요",향료,"기타, 별도 확인 필요",
8321,CHINESE AR TICHOKE,초석잠,,A1001800000000,식품원료,원료이기에 사용기준 없음,,사용가능,
8322,COLOSTRUM,초유,,A6000037000000,식품원료,원료이기에 사용기준 없음,,사용가능,
8323,COLOSTRUM CONCENTRATE,초유농축,,A6000037000800,식품원료,원료이기에 사용기준 없음,,사용가능,
8324,,초유단백,,A6000037000008,식품원료,원료이기에 사용기준 없음,,사용가능,
8325,COLOSTRUM PROTEIN POWDER,초유단백분말,,A6000037000045,식품원료,원료이기에 사용기준 없음,,사용가능,
8326,COLOSTRUM PROTEIN,초유단백질,,A6000037000009,식품원료,원료이기에 사용기준 없음,,사용가능,
8327,COLOSTRUM POWDER,초유분말,,A6000037000001,식품원료,원료이기에 사용기준 없음,,사용가능,
8328,COLOSTRUM MILK FAT,초유유지방,,A6000037000006,식품원료,원료이기에 사용기준 없음,,사용가능,
8329,COLOSTRUM WHEY PROTEIN CONCENTRATE,초유유청,,A6001435000000,식품원료,원료이기에 사용기준 없음,,사용가능,
8330,COLOSTRUM EXTRACT,초유추출물,,A6000037004500,식품원료,원료이기에 사용기준 없음,,사용가능,
8331,COLOSTRUM EXTRACT POWDER,초유추출분말,,A6000037004501,식품원료,원료이기에 사용기준 없음,,사용가능,
8332,ZANTHOXYLUM,초피나무,,A1001802000000,식품원료,원료이기에 사용기준 없음,,사용가능,
8333,Zanthoxylum piperitum seed,초피나무씨앗,,A1001802320000,식품원료,원료이기에 사용기준 없음,,사용가능,
8334,ZANTHOXYLUM PIPERITUM(FRUIT),초피나무열매,,A1001802230000,식품원료,원료이기에 사용기준 없음,,사용가능,
8335,,초피나무열매껍질,,A1001802240000,식품원료,원료이기에 사용기준 없음,,사용가능,
8336,,초피나무열매분말,,A1001802230001,식품원료,원료이기에 사용기준 없음,,사용가능,
8337,ZANTHOXYLUM PIPERITUM(FRUIT) EXTRACT,초피나무열매추출물,,A1001802234500,식품원료,원료이기에 사용기준 없음,,사용가능,
8338,ZANTHOXYLUN PIPERITUM (LEAF),초피나무잎,,A1001802380000,식품원료,원료이기에 사용기준 없음,,사용가능,
8339,,총각무,,A1002210000000,식품원료,원료이기에 사용기준 없음,,사용가능,
8340,FOLIUM BIOTAE ORIENTALIS,측백나무,,A1001804000000,식품원료,원료이기에 사용기준 없음,,"제한적사용가능, 별도 확인 필요",
8341,측백나무잎추출물,측백나무잎추출물,,A1001804384500,식품원료,원료이기에 사용기준 없음,,"제한적사용가능, 별도 확인 필요",
8342,,층층갈고리둥굴레농축액,,A1001805000814,식품원료,원료이기에 사용기준 없음,,사용가능,
8343,,층층갈고리둥굴레분말,,A1001805000001,식품원료,원료이기에 사용기준 없음,,사용가능,
8344,POLYGONATUM SIBIRICUM REDT./ROOT,층층갈고리둥굴레뿌리,,A1001805610000,식품원료,원료이기에 사용기준 없음,,사용가능,
8345,,층층둥굴레뿌리줄기,,A1001806620000,식품원료,원료이기에 사용기준 없음,,사용가능,
8346,CHIA SEED PROTEIN POWDER,치아단백분말,,A1054067320045,식품원료,원료이기에 사용기준 없음,,사용가능,
8347,CHIA SEED,치아씨앗,Chia Seeds,A1001809320000,식품원료,원료이기에 사용기준 없음,,사용가능,
8348,,치아씨앗분말,,A1001809320001,식품원료,원료이기에 사용기준 없음,,사용가능,
8349,CHIA SEED OIL,치아씨앗오일,,A1001809320020,식품원료,원료이기에 사용기준 없음,,사용가능,
8350,GARDENIA,치자,,A1001810230000,식품원료,원료이기에 사용기준 없음,,"제한적사용가능, 별도 확인 필요",
8351,GARDENIA SEEDS,치자나무,,A1001810000000,식품원료,원료이기에 사용기준 없음,,"제한적사용가능, 별도 확인 필요",
8352,,치자나무분말,,A1001810000001,식품원료,원료이기에 사용기준 없음,,"제한적사용가능, 별도 확인 필요",
8353,,치자나무추출물,,A1001810004500,식품원료,원료이기에 사용기준 없음,,"제한적사용가능, 별도 확인 필요",
8354,,치자물,,A1001810230014,식품원료,원료이기에 사용기준 없음,,"제한적사용가능, 별도 확인 필요",
8355,,치자분말,,A1001810230001,식품원료,원료이기에 사용기준 없음,,"제한적사용가능, 별도 확인 필요",
8356,GARDENIA RED,치자적색소,,B2000056000000,식품첨가물,"사용기준 찾음, 별도 확인 필요",착색료,"기타, 별도 확인 필요",
8357,GARDENIA BLUE,치자청색소,,B2000057000000,식품첨가물,"사용기준 찾음, 별도 확인 필요",착색료,"기타, 별도 확인 필요",
8358,,치자추출물,,A1001810234512,식품원료,원료이기에 사용기준 없음,,"제한적사용가능, 별도 확인 필요",
8359,GARDENIA YELLOW,치자황색소,,B2000058000000,식품첨가물,"사용기준 찾음, 별도 확인 필요",착색료,"기타, 별도 확인 필요",
8360,CHICORY,치커리,,A1001811000000,식품원료,원료이기에 사용기준 없음,,사용가능,
8361,CHICORY POWDER,치커리분말,,A1001811000001,식품원료,원료이기에 사용기준 없음,,사용가능,
8362,,치커리뿌리,,A1001811610000,식품원료,원료이기에 사용기준 없음,,사용가능,
8363,,치커리뿌리분말,,A1001811610001,식품원료,원료이기에 사용기준 없음,,사용가능,
8364,CHICORY ROOT FIBER,치커리뿌리식이섬유,Chicory Root Fibre,A1054150610084,식품원료,원료이기에 사용기준 없음,,사용가능,
8365,,치커리뿌리추출물,,A1001811614500,식품원료,원료이기에 사용기준 없음,,사용가능,
8366,,치커리뿌리추출물분말,,A1001811614501,식품원료,원료이기에 사용기준 없음,,사용가능,
8367,CHICORY FIBER,치커리식이섬유,,A1001811000084,식품원료,원료이기에 사용기준 없음,,사용가능,
8368,,치커리잎,,A1001811380000,식품원료,원료이기에 사용기준 없음,,사용가능,
8369,CHICORY EXTRACT,치커리추출물,,A1001811004500,식품원료,원료이기에 사용기준 없음,,사용가능,
8370,,치커리추출분말,,A1001811004501,식품원료,원료이기에 사용기준 없음,,사용가능,
8371,CHICLE,치클,,B2000608000000,식품첨가물,"사용기준 못찾음, 별도 확인 필요",,"기타, 별도 확인 필요",
8372,CHIPOTLE FLAVOR,치폴레향,,B6000010000000,식품첨가물,"사용기준 못찾음, 별도 확인 필요",,사용가능,
8373,칠리고추,칠리,,A1002249000000,식품원료,원료이기에 사용기준 없음,,사용가능,
8374,,칠리분말,,A1002249000001,식품원료,원료이기에 사용기준 없음,,사용가능,
8375,,칠리씨드오일,,A1002249320020,식품원료,원료이기에 사용기준 없음,,사용가능,
8376,,칠리추출물,,A1002249004500,식품원료,원료이기에 사용기준 없음,,사용가능,
8377,,칠리페이스트,,A1002249000033,식품원료,원료이기에 사용기준 없음,,사용가능,
8378,,칠면조,,A2000017000000,식품원료,원료이기에 사용기준 없음,,사용가능,
8379,,칠면조가슴살,,A2000017010000,식품원료,원료이기에 사용기준 없음,,사용가능,
8380,,칠면조간,,A2000017020000,식품원료,원료이기에 사용기준 없음,,사용가능,
8381,,칠면조고기,,A2000017070000,식품원료,원료이기에 사용기준 없음,,사용가능,
8382,TURKEY EXTRACT,칠면조고기추출물,,A2000017074500,식품원료,원료이기에 사용기준 없음,,사용가능,
8383,TURKEY EXTRACT POWDER,칠면조고기추출분말,,A2000017074501,식품원료,원료이기에 사용기준 없음,,사용가능,
8384,,칠면조껍질,,A20000170D0000,식품원료,원료이기에 사용기준 없음,,사용가능,
8385,,칠면조다리,,A20000170L0000,식품원료,원료이기에 사용기준 없음,,사용가능,
8386,칠면조 오일,칠면조오일,,A2000017000020,식품원료,원료이기에 사용기준 없음,,사용가능,
8387,TURKEY BROTH PASTE,칠면조육수페이스트,,A2000017004533,식품원료,원료이기에 사용기준 없음,,사용가능,
8388,TURKEY FAT,칠면조지방,,A20000172Z0000,식품원료,원료이기에 사용기준 없음,,사용가능,
8389,,칡,,A1001815000000,식품원료,원료이기에 사용기준 없음,,사용가능,
8390,,칡가루,,A1001815000001,식품원료,원료이기에 사용기준 없음,,사용가능,
8391,,칡꽃봉오리,,A1001815150000,식품원료,원료이기에 사용기준 없음,,"제한적사용가능, 별도 확인 필요",
8392,,칡꽃엑기스,,A1001815150017,식품원료,원료이기에 사용기준 없음,,"제한적사용가능, 별도 확인 필요",
8393,,칡농축액,,A1001815000814,식품원료,원료이기에 사용기준 없음,,사용가능,
8394,,칡발효액,,A1001815611914,식품원료,원료이기에 사용기준 없음,,사용가능,
8395,,칡뿌리,,A1001815610000,식품원료,원료이기에 사용기준 없음,,사용가능,
8396,,칡뿌리고형분,,A1001815610004,식품원료,원료이기에 사용기준 없음,,사용가능,
8397,,칡뿌리농축액,,A1001815610814,식품원료,원료이기에 사용기준 없음,,사용가능,
8398,,칡뿌리분말,,A1001815610001,식품원료,원료이기에 사용기준 없음,,사용가능,
8399,,칡뿌리엑기스,,A1001815610017,식품원료,원료이기에 사용기준 없음,,사용가능,
8400,,칡뿌리전분,,A1001815610038,식품원료,원료이기에 사용기준 없음,,사용가능,
8401,,칡뿌리추출물,,A1001815614500,식품원료,원료이기에 사용기준 없음,,사용가능,
8402,,칡뿌리추출물분말,,A1001815614501,식품원료,원료이기에 사용기준 없음,,사용가능,
8403,,칡전분,,A1001815000038,식품원료,원료이기에 사용기준 없음,,사용가능,
8404,,칡추출물,,A1001815004500,식품원료,원료이기에 사용기준 없음,,사용가능,
8405,,침엽선인장열매,,A1001816230000,식품원료,원료이기에 사용기준 없음,,사용가능,
8406,,침출차,,P0116010000000,식품유형,"사용기준 못찾음, 별도 확인 필요",,"기타, 별도 확인 필요",
8407,,침향나무수지가침착된수간목,,A1003145870000,식품원료,원료이기에 사용기준 없음,,"제한적사용가능, 별도 확인 필요",
8408,,침향나무수지가침착된수간목분말,,A1003145870001,식품원료,원료이기에 사용기준 없음,,"제한적사용가능, 별도 확인 필요",
8409,,침향나무수지가침착된수간목오일,,A1003145873220,식품원료,원료이기에 사용기준 없음,,"제한적사용가능, 별도 확인 필요",
8410,CARNAUBA WAX,카나우바왁스,canaubawax,B2000059000000,식품첨가물,II. 2. 1)의 규정에 따라 사용하여야 한다.,유화제,"기타, 별도 확인 필요",
8411,CARNATION,카네이션꽃,,A1001818140000,식품원료,원료이기에 사용기준 없음,,사용가능,
8412,CARRAGEENAN,카라기난,E407,B2000060000000,식품첨가물,II. 2. 1)의 규정에 따라 사용하여야 한다.,유화제,"기타, 별도 확인 필요",
8413,CARAMEL COLOR 1,카라멜색소 I,"plain caramel,E150a, Caramel I",B2000624000000,식품첨가물,"사용기준 못찾음, 별도 확인 필요",,"기타, 별도 확인 필요",
8414,CARAMEL COLOR 2,카라멜색소 Ⅱ,"E150b,Caramel II",B2000625000000,식품첨가물,"사용기준 못찾음, 별도 확인 필요",,"기타, 별도 확인 필요",
8415,CARAMEL COLOR 3,카라멜색소 Ⅲ,"E150c,Caramel III",B2000626000000,식품첨가물,"사용기준 못찾음, 별도 확인 필요",,"기타, 별도 확인 필요",
8416,CARAMEL COLOR 4,카라멜색소 Ⅳ,"E150d,Caramel Ⅳ",B2000627000000,식품첨가물,"사용기준 못찾음, 별도 확인 필요",,"기타, 별도 확인 필요",
8417,CARAMELIZED SUGAR,카라멜화설탕,,P1105000000300,식품유형,"사용기준 못찾음, 별도 확인 필요",,사용가능,
8418,CARAMELIZED SUGAR SYRUP,카라멜화설탕시럽,,P1204276700313,식품유형,"사용기준 못찾음, 별도 확인 필요",,"기타, 별도 확인 필요",
8419,CARAMELIZED MILK,카라멜화우유,,P1201010100300,식품유형,"사용기준 못찾음, 별도 확인 필요",,"기타, 별도 확인 필요",
8420,CARAMELIZED GLUCOSE SYRUP,카라멜화포도당시럽,,P1106000000313,식품유형,"사용기준 못찾음, 별도 확인 필요",,사용가능,
8421,KARAYA GUM,카라야검,,B2000062000000,식품첨가물,II. 2. 1)의 규정에 따라 사용하여야 한다.,증점제,"기타, 별도 확인 필요",
8422,MAHAKARAMBA (CARISSA CARANDAS),카란다열매,,A1001819230000,식품원료,원료이기에 사용기준 없음,,사용가능,
8423,CAROTENE,카로틴,,B2000145000000,식품첨가물,"사용기준 찾음, 별도 확인 필요",착색료,"기타, 별도 확인 필요",
8424,카민,카민,,B1003620000000,식품첨가물,"사용기준 찾음, 별도 확인 필요",착색료,"기타, 별도 확인 필요",
8425,KABOSU,카보스,,A1053955000000,식품원료,원료이기에 사용기준 없음,,사용가능,
8426,CARBOXYMETHYL CELLULOSE,카복시메틸셀룰로스(외화획득용 등),,BZ000115000000,식품첨가물,"사용기준 못찾음, 별도 확인 필요",,사용불가,
8427,SODIUM CARBOXYMETHYLCELLULOSE,카복시메틸셀룰로스나트륨,"thickeners: cellulose gum, E466, Cellulose Gum, Sodium Carboxymethyl Cellulose",B1003593000000,식품첨가물,함량확인 (식품의 2% 이하),증점제,"기타, 별도 확인 필요",
8428,CALCIUM CARBOXYMETHYLCELLULOSE,카복시메틸셀룰로스칼슘,,B1003594000000,식품첨가물,"사용기준 찾음, 별도 확인 필요",증점제,"기타, 별도 확인 필요",
8429,SODIUM CARBOXYMETHYL STARCH,카복시메틸스타치나트륨,,B1003595000000,식품첨가물,"사용기준 찾음, 별도 확인 필요",증점제,"기타, 별도 확인 필요",
8430,CASSAVA,카사바,TAPIOCA,A1003150000000,식품원료,원료이기에 사용기준 없음,,사용가능,
8431,,카사바분말,TAPIOCA POWDER,A1003150000001,식품원료,원료이기에 사용기준 없음,,사용가능,
8432,TAPIOCA SYRUP,카사바시럽,,A1003150000013,식품원료,원료이기에 사용기준 없음,,사용가능,
8433,CASSAVA SYRUP SOLID,카사바시럽고형분,,A1053982000804,식품원료,원료이기에 사용기준 없음,,사용가능,
8434,CASSAVA FIBER,카사바식이섬유,,A1054041000084,식품원료,원료이기에 사용기준 없음,,사용가능,
8435,,카사바전분,"cassava starch, tapioca starch",A1003150000038,식품원료,원료이기에 사용기준 없음,,사용가능,
8436,TAPIOCA STARCH HYDROLYSATE,카사바전분가수분해물,,A1003150000238,식품원료,원료이기에 사용기준 없음,,사용가능,
8437,TAPIOCA STARCH SYRUP,카사바전분시럽,,A1003150710013,식품원료,원료이기에 사용기준 없음,,사용가능,
8438,RHAMNUS PURSHIANA DE CANDDLE,카스카라사그라다,,A1001829010000,식품원료,원료이기에 사용기준 없음,,사용불가,
8439,,카스카라사그라다추출물,,A1001829004500,식품원료,원료이기에 사용기준 없음,,사용불가,
8440,COWSLIP(PRIMULA VERIS),카우슬립,,A1001830000000,식품원료,원료이기에 사용기준 없음,,사용가능,
8441,,카우슬립꽃,,A1001830140000,식품원료,원료이기에 사용기준 없음,,사용가능,
8442,,카우슬립잎,,A1001830380000,식품원료,원료이기에 사용기준 없음,,사용가능,
8443,CASEIN,카제인,,B2000063000000,식품첨가물,II. 2. 1)의 규정에 따라 사용하여야 한다.,유화제,"기타, 별도 확인 필요",
8444,CASEIN HYDROLYSATE,카제인가수분해물(기능성원료인정제2006-19호),,C9000051000000,건강기능식품,"사용기준 못찾음, 별도 확인 필요",,"기타, 별도 확인 필요",
8445,SODIUM CASEINATE,카제인나트륨,,B1000255000000,식품첨가물,II. 2. 1)의 규정에 따라 사용하여야 한다.,유화제,"기타, 별도 확인 필요",
8446,,카제인칼륨,,B2000914000000,식품첨가물,II. 2. 1)의 규정에 따라 사용하여야 한다.,유화제,"기타, 별도 확인 필요",
8447,CALCIUM CASEINATE,카제인칼슘,,B1003574000000,식품첨가물,II. 2. 1)의 규정에 따라 사용하여야 한다.,유화제,"기타, 별도 확인 필요",
8448,CPP(CASEIN PHOSPEPTIDE),카제인포스포펩타이드,,A6000038000000,식품원료,원료이기에 사용기준 없음,,사용가능,
8449,CAJUPUT,카제푸트,,A1002629000000,식품원료,원료이기에 사용기준 없음,,사용불가,
8450,KACIP FATIMAH EXTRACT,카치파티마추출물(외화획득용 등),,AZ000060000000,식품원료,원료이기에 사용기준 없음,,사용불가,
8451,Kakadu plum,카카두플럼,,A1001831000000,식품원료,원료이기에 사용기준 없음,,사용가능,
8452,KAKADU PLUM POWDER,카카두플럼분말,,A1001831230001,식품원료,원료이기에 사용기준 없음,,사용가능,
8453,,카카두플럼열매,,A1001831230000,식품원료,원료이기에 사용기준 없음,,사용가능,
8454,COCOA(CACAO),카카오,"cocoa, cacao",A1003061000000,식품원료,원료이기에 사용기준 없음,,사용가능,
8455,COCOA HYDROGENATED FAT,카카오경화유지,,A1003061007320,식품원료,원료이기에 사용기준 없음,,사용가능,
8456,,카카오농축액,,A1003061000800,식품원료,원료이기에 사용기준 없음,,사용가능,
8457,COCOA NIB,카카오닙,,A1003061002282,식품원료,원료이기에 사용기준 없음,,사용가능,
8458,카카오분말,카카오분말,,A1003061000001,식품원료,원료이기에 사용기준 없음,,사용가능,
8459,,카카오분태,,A1003061000035,식품원료,원료이기에 사용기준 없음,,사용가능,
8460,COCOA(CACAO) COLOR,카카오색소,,B2000064000000,식품첨가물,"사용기준 찾음, 별도 확인 필요",착색료,"기타, 별도 확인 필요",
8461,,카카오시럽,,A1003061000013,식품원료,원료이기에 사용기준 없음,,사용가능,
8462,COCOA SHELL,카카오씨앗껍질,,A1003061280000,식품원료,원료이기에 사용기준 없음,,사용가능,
8463,COCOA(CACAO) BRAN FIBER,카카오씨앗껍질식이섬유,,A1054161770084,식품원료,원료이기에 사용기준 없음,,사용가능,
8464,,카카오엑기스,,A1003061000017,식품원료,원료이기에 사용기준 없음,,사용가능,
8465,COCOA(CACAO) OIL(FAT),카카오유,,A1003061000020,식품원료,원료이기에 사용기준 없음,,사용가능,
8466,COCOA(CACAO) FAT POWDER,카카오유분말,,A1054047000092,식품원료,원료이기에 사용기준 없음,,사용가능,
8467,COCOA(CACAO) JUICE,카카오주스,,A1003061000025,식품원료,원료이기에 사용기준 없음,,사용가능,
8468,COCOA(CACAO) EXTRACT,카카오추출물,,A1003061004500,식품원료,원료이기에 사용기준 없음,,사용가능,
8469,COCOA EXTRACT POWDER,카카오추출분말,,A1003061004501,식품원료,원료이기에 사용기준 없음,,사용가능,
8470,,카카오추출액,,A1003061004514,식품원료,원료이기에 사용기준 없음,,사용가능,
8471,,카카오추출오일,,A1003061004520,식품원료,원료이기에 사용기준 없음,,사용가능,
8472,COCOA(CACAO) CHIP,카카오칩,,A1003061000048,식품원료,원료이기에 사용기준 없음,,사용가능,
8473,COCOA PULP,카카오펄프,,A1003061000032,식품원료,원료이기에 사용기준 없음,,사용가능,
8474,COCOA(CACAO) PASTE,카카오페이스트,,A1003061000033,식품원료,원료이기에 사용기준 없음,,사용가능,
8475,CATALASE,카탈라아제,,B2000065000000,식품첨가물,II. 2. 1)의 규정에 따라 사용하여야 한다.,효소제,"기타, 별도 확인 필요",
8476,"CATECHU, BLACK",카테츄,,A1002631000000,식품원료,원료이기에 사용기준 없음,,사용불가,
8477,CAFFEINE,카페인,,B2000055000000,식품첨가물,"사용기준 찾음, 별도 확인 필요",향미증진제,"기타, 별도 확인 필요",
8478,ALLYL CAPROATE,카프론산알릴,,B1000256000000,식품첨가물,"사용기준 찾음, 별도 확인 필요",향료,"기타, 별도 확인 필요",
8479,CAPRIC ACID,카프릭산,,B2000188000000,식품첨가물,II. 2. 1)의 규정에 따라 사용하여야 한다.,제조용제,"기타, 별도 확인 필요",
8480,CAPRYLIC TRIGLYCERIDE,카프릴릭트리글리세라이드,,P1204276800000,식품유형,"사용기준 못찾음, 별도 확인 필요",,사용가능,
8481,CAPRYLIC ACID,카프릴산,,B2000192000000,식품첨가물,II. 2. 1)의 규정에 따라 사용하여야 한다.,제조용제,"기타, 별도 확인 필요",
8482,KAFFIR LIME,카피르라임,,A1001835000000,식품원료,원료이기에 사용기준 없음,,사용가능,
8483,KAFFIR LIME PEEL,카피르라임열매껍질,,A1001835240000,식품원료,원료이기에 사용기준 없음,,사용가능,
8484,KAFFIR LIME OIL,카피르라임오일,,A1001835000020,식품원료,원료이기에 사용기준 없음,,사용가능,
8485,KAFFIR LIME LEAF,카피르라임잎,,A1001835380000,식품원료,원료이기에 사용기준 없음,,사용가능,
8486,KAFFIR LIME LEAF POWDER,카피르라임잎분말,,A1001835380001,식품원료,원료이기에 사용기준 없음,,사용가능,
8487,CANDELILLA WAX,칸델릴라왁스,,B2000146000000,식품첨가물,II. 2. 1)의 규정에 따라 사용하여야 한다.,유화제,"기타, 별도 확인 필요",
8488,,칼고기,,A3000726000000,식품원료,원료이기에 사용기준 없음,,사용가능,
8489,,칼레펜시스운향잎,,A1005268380000,식품원료,원료이기에 사용기준 없음,,사용가능,
8490,EGYPTIAN RUE LAEVES EXTRACT POWDER,칼레펜시스운향잎추출분말,,A1053979384501,식품원료,원료이기에 사용기준 없음,,사용가능,
8491,CARAWAY,캐러웨이,,A1001836000000,식품원료,원료이기에 사용기준 없음,,사용가능,
8492,,캐러웨이분말,,A1001836000001,식품원료,원료이기에 사용기준 없음,,사용가능,
8493,CARAWAY SEED,캐러웨이씨앗,,A1001836320000,식품원료,원료이기에 사용기준 없음,,사용가능,
8494,CARAWAY SEED POWDER,캐러웨이씨앗분말,,A1001836320001,식품원료,원료이기에 사용기준 없음,,사용가능,
8495,CARAWAY SEED OIL,캐러웨이씨앗오일,,A1001836320020,식품원료,원료이기에 사용기준 없음,,사용가능,
8496,CARAWAY SEED EXTRACT,캐러웨이씨앗추출물,,A1001836324500,식품원료,원료이기에 사용기준 없음,,사용가능,
8497,CARAWAY OIL,캐러웨이오일,,A1001836000020,식품원료,원료이기에 사용기준 없음,,사용가능,
8498,,캐러웨이잎,,A1001836380000,식품원료,원료이기에 사용기준 없음,,사용가능,
8499,CARAWAY EXTRACT,캐러웨이추출물,,A1001836004500,식품원료,원료이기에 사용기준 없음,,사용가능,
8500,,캐롤라이나해만가리비,,A3001143000000,식품원료,원료이기에 사용기준 없음,,사용가능,
8501,,캐롭꼬투리,,A1001838360000,식품원료,원료이기에 사용기준 없음,,사용가능,
8502,,캐롭농축,,A1001838000800,식품원료,원료이기에 사용기준 없음,,사용가능,
8503,CAROB GEMMULE PROTEIN,캐롭배아단백질,,A1001838A40009,식품원료,원료이기에 사용기준 없음,,사용가능,
8504,CAROB POWDER,캐롭분말,,A1001838000001,식품원료,원료이기에 사용기준 없음,,사용가능,
8505,CAROB FIBER,캐롭식이섬유,,A1053959000084,식품원료,원료이기에 사용기준 없음,,사용가능,
8506,"CAROB BEAN, LOCUST BEAN",캐롭씨앗,,A1001838320000,식품원료,원료이기에 사용기준 없음,,사용가능,
8507,CAROB BEAN(LOCUST BEAN) CONCENTRATE,캐롭씨앗농축,,A1001838320800,식품원료,원료이기에 사용기준 없음,,사용가능,
8508,CAROB BEAN(LOCUST BEAN) POWDER,캐롭씨앗분말,,A1001838320001,식품원료,원료이기에 사용기준 없음,,사용가능,
8509,CAROB BEAN EXTRACT,캐롭씨앗추출물,,A1001838324500,식품원료,원료이기에 사용기준 없음,,사용가능,
8510,CAROB BEAN(LOCUST BEAN) PASTE,캐롭씨앗페이스트,,A1001838320033,식품원료,원료이기에 사용기준 없음,,사용가능,
8511,,캐롭열매,,A1001838230000,식품원료,원료이기에 사용기준 없음,,사용가능,
8512,Carob Extract Powder,캐롭추출분말,,A1001838004501,식품원료,원료이기에 사용기준 없음,,사용가능,
8513,COROB LOCUST BEAN PULP,캐롭펄프,,A1001838230032,식품원료,원료이기에 사용기준 없음,,사용가능,
8514,"CAMOMILE(CHAMOMILE)FLOWERS, ROMAN, ENGLISH",캐모마일,,A1001839000000,식품원료,원료이기에 사용기준 없음,,사용가능,
8515,CHAMOMILE FLOWER,캐모마일꽃,,A1001839140000,식품원료,원료이기에 사용기준 없음,,사용가능,
8516,,캐모마일꽃분말,,A1001839140001,식품원료,원료이기에 사용기준 없음,,사용가능,
8517,CHAMOMILE FLOWER EXTRACT,캐모마일꽃추출물,,A1001839144500,식품원료,원료이기에 사용기준 없음,,사용가능,
8518,,캐모마일분말,,A1001839000001,식품원료,원료이기에 사용기준 없음,,사용가능,
8519,CAMOMILE OIL,캐모마일오일,,A1001839000020,식품원료,원료이기에 사용기준 없음,,사용가능,
8520,,캐모마일잎,,A1001839380000,식품원료,원료이기에 사용기준 없음,,사용가능,
8521,,캐모마일추출물,,A1001839004500,식품원료,원료이기에 사용기준 없음,,사용가능,
8522,,캐모마일추출물분말,,A1001839004501,식품원료,원료이기에 사용기준 없음,,사용가능,
8523,CAVIAR EXTRACT,캐비어추출물,,A3000696054500,식품원료,원료이기에 사용기준 없음,,사용가능,
8524,CASHEW NUT,캐슈견과,CASHEW,A1003177330000,식품원료,원료이기에 사용기준 없음,,사용가능,
8525,,캐슈분말,,A1003177000001,식품원료,원료이기에 사용기준 없음,,사용가능,
8526,,캐슈오일,,A1003177000020,식품원료,원료이기에 사용기준 없음,,사용가능,
8527,,캐슈페이스트,,A1003177000033,식품원료,원료이기에 사용기준 없음,,사용가능,
8528,,캘리포니아 블랙베리열매,,A1005272230000,식품원료,원료이기에 사용기준 없음,,사용가능,
8529,CAPSULE,캡슐류,,P0129020000000,식품유형,"사용기준 못찾음, 별도 확인 필요",,"기타, 별도 확인 필요",
8530,,캥거루고기,,A4000061100000,식품원료,원료이기에 사용기준 없음,,사용가능,
8531,,캥거루식용부산물,,A4000061160000,식품원료,원료이기에 사용기준 없음,,사용불가,
8532,,캥거루지육(꼬리포함),,A4000061310000,식품원료,원료이기에 사용기준 없음,,사용가능,
8533,CURDLAN,커드란,,B2000066000000,식품첨가물,II. 2. 1)의 규정에 따라 사용하여야 한다.,증점제,"기타, 별도 확인 필요",
8534,CURRY PLANT,커리플랜트,,A1001844000000,식품원료,원료이기에 사용기준 없음,,사용가능,
8535,,커리플랜트잎,,A1001844380000,식품원료,원료이기에 사용기준 없음,,사용가능,
8536,,커스터드애플열매,,A1001845230000,식품원료,원료이기에 사용기준 없음,,사용가능,
8537,COFFEE CONCENTRATE,커피농축,,A1001846000800,식품원료,원료이기에 사용기준 없음,,사용가능,
8538,,커피농축액,,A1001846000814,식품원료,원료이기에 사용기준 없음,,사용가능,
8539,,커피발효액,,A1001846C21914,식품원료,원료이기에 사용기준 없음,,사용가능,
8540,COFFEE POWDER,커피분말,,A1001846000001,식품원료,원료이기에 사용기준 없음,,사용가능,
8541,,커피시럽,,A1001846000013,식품원료,원료이기에 사용기준 없음,,사용가능,
8542,,커피엑기스,,A1001846000017,식품원료,원료이기에 사용기준 없음,,사용가능,
8543,COFFEE OIL,커피오일,,A1001846000020,식품원료,원료이기에 사용기준 없음,,사용가능,
8544,COFFEE,커피원두,,A1001846C20000,식품원료,원료이기에 사용기준 없음,,사용가능,
8545,,커피원두분말,,A1001846C20001,식품원료,원료이기에 사용기준 없음,,사용가능,
8546,COFFEE DISTILLATE,커피원두증류액,,A1001846C26914,식품원료,원료이기에 사용기준 없음,,사용가능,
8547,RAW COFFEE BEAN EXTRACT,커피원두추출물,,A1001846C24500,식품원료,원료이기에 사용기준 없음,,사용가능,
8548,커피추출분말,커피원두추출물분말,,A1001846C24501,식품원료,원료이기에 사용기준 없음,,사용가능,
8549,,커피원두추출액,,A1001846C24514,식품원료,원료이기에 사용기준 없음,,사용가능,
8550,COFFEE CHERRY HUSK POWDER,커피체리껍질분말(외화획득용 등),,AZ000043000001,식품원료,원료이기에 사용기준 없음,,사용불가,
8551,COFFEE CHERRY HUSK EXTRACT,커피체리껍질추출(외화획득용 등),,AZ000043004500,식품원료,원료이기에 사용기준 없음,,사용불가,
8552,COFFEE EXTRACT,커피추출물,,A1001846004500,식품원료,원료이기에 사용기준 없음,,사용가능,
8553,COFFEE EXTRACT,커피추출액,,A1001846004514,식품원료,원료이기에 사용기준 없음,,사용가능,
8554,COFFEE PASTE,커피페이스트,,A1001846000033,식품원료,원료이기에 사용기준 없음,,사용가능,
8555,COFFEE FLAVOUR,커피향,,B6000003000000,식품첨가물,"사용기준 못찾음, 별도 확인 필요",,사용가능,
8556,COMFREY ROOT POWDER,컴프리뿌리분말,,A1001848610001,식품원료,원료이기에 사용기준 없음,,사용불가,
8557,COMFREY LEAF POWDER,컴프리잎분말,,A1001848380001,식품원료,원료이기에 사용기준 없음,,사용불가,
8558,KERATIN(외확획득용에 한함),케라틴(외화획득용),,BZ000020000000,식품첨가물,"사용기준 못찾음, 별도 확인 필요",,사용불가,
8559,QUERCETIN,케르세틴,,B2000179000000,식품첨가물,II. 2. 1)의 규정에 따라 사용하여야 한다.,산화방지제,"기타, 별도 확인 필요",
8560,KESUM,케섬(연구조사용),,AZ000003000000,식품원료,원료이기에 사용기준 없음,,사용불가,
8561,cayenne,케이엔열매,,A1001850230000,식품원료,원료이기에 사용기준 없음,,사용가능,
8562,Cayenne Fruits Extract Powder,케이엔열매추출분말,,A1001850234501,식품원료,원료이기에 사용기준 없음,,사용가능,
8563,CAPERS,케이퍼,,A1001851000000,식품원료,원료이기에 사용기준 없음,,사용가능,
8564,,케이퍼열매,,A1001851230000,식품원료,원료이기에 사용기준 없음,,사용가능,
8565,KALE,케일,,A1001852000000,식품원료,원료이기에 사용기준 없음,,사용가능,
8566,,케일분말,,A1001852000001,식품원료,원료이기에 사용기준 없음,,사용가능,
8567,,케일잎,,A1001852380000,식품원료,원료이기에 사용기준 없음,,사용가능,
8568,케일잎분말,케일잎분말,,A1001852380001,식품원료,원료이기에 사용기준 없음,,사용가능,
8569,,케일주스,,A1001852000025,식품원료,원료이기에 사용기준 없음,,사용가능,
8570,,케일추출물,,A1001852004500,식품원료,원료이기에 사용기준 없음,,사용가능,
8571,,케일추출물분말,,A1001852384501,식품원료,원료이기에 사용기준 없음,,사용가능,
8572,KALE PUREE,케일퓨레,,A1053983000034,식품원료,원료이기에 사용기준 없음,,사용가능,
8573,,코끼리마늘뿌리,,A1005353640000,식품원료,원료이기에 사용기준 없음,,사용가능,
8574,,코끼리마늘잎,,A1005353380000,식품원료,원료이기에 사용기준 없음,,사용가능,
8575,JAPANESE GEODUCK,코끼리조개,,A3000729000000,식품원료,원료이기에 사용기준 없음,,사용가능,
8576,Longtail southern cod,코드아이스피쉬,,A3000730000000,식품원료,원료이기에 사용기준 없음,,사용가능,
8577,COENZYME Q10,코엔자임 Q10(고시형),,C2000031000000,건강기능식품,"사용기준 못찾음, 별도 확인 필요",,"기타, 별도 확인 필요",
8578,COCHINEAL EXTRACT,코치닐추출색소,,B2000067000000,식품첨가물,"사용기준 찾음, 별도 확인 필요",착색료,"기타, 별도 확인 필요",
8579,COCONUT,코코넛,,A1001855000000,식품원료,원료이기에 사용기준 없음,,사용가능,
8580,HYDROGENATED COCONUT OIL (FAT),코코넛경화유,,A1001855007320,식품원료,원료이기에 사용기준 없음,,사용가능,
8581,COCONUT GRANULE,코코넛과립,,A1001855000043,식품원료,원료이기에 사용기준 없음,,사용가능,
8582,COCONUT MEAT,코코넛과육,,A1001855300000,식품원료,원료이기에 사용기준 없음,,사용가능,
8583,,코코넛과육분말,,A1001855300001,식품원료,원료이기에 사용기준 없음,,사용가능,
8584,COCONUT FLOWER NECTAR,코코넛꽃액즙,,A1001855210000,식품원료,원료이기에 사용기준 없음,,사용가능,
8585,,코코넛꽃액즙분말,,A1001855210001,식품원료,원료이기에 사용기준 없음,,사용가능,
8586,COCONUT SUGAR,코코넛꽃액즙설탕,,A1001855210804,식품원료,원료이기에 사용기준 없음,,사용가능,
8587,코코넛 꽃액즙 추출물,코코넛꽃액즙추출물,,A1001855214500,식품원료,원료이기에 사용기준 없음,,사용가능,
8588,COCONUT CONCENTRATE,코코넛농축,,A1001855000800,식품원료,원료이기에 사용기준 없음,,사용가능,
8589,COCONUT CONCENTRATE JUICE,코코넛농축과즙,,A1001855000826,식품원료,원료이기에 사용기준 없음,,사용가능,
8590,COCONUT MILK,코코넛밀크,,A1001855003226,식품원료,원료이기에 사용기준 없음,,사용가능,
8591,COCONUT MILK POWDER,코코넛밀크분말,,A1001855003257,식품원료,원료이기에 사용기준 없음,,사용가능,
8592,COCONUT MILK EXTRACT,코코넛밀크추출물,,A1054045004526,식품원료,원료이기에 사용기준 없음,,사용가능,
8593,COCONUT POWDER,코코넛분말,Coconut Flour,A1001855002301,식품원료,원료이기에 사용기준 없음,,사용가능,
8594,,코코넛슬라이스,,A1001855000039,식품원료,원료이기에 사용기준 없음,,사용가능,
8595,COCONUT SYRUP,코코넛시럽,,A1001855000013,식품원료,원료이기에 사용기준 없음,,사용가능,
8596,COCONUT FIBER,코코넛식이섬유,,A1001855000084,식품원료,원료이기에 사용기준 없음,,사용가능,
8597,COCONUT PALM,코코넛열매,,A1001855230000,식품원료,원료이기에 사용기준 없음,,사용가능,
8598,,코코넛열매액,,A1001855230014,식품원료,원료이기에 사용기준 없음,,사용가능,
8599,COCONUT OIL(FAT),코코넛오일,"coconut oil, coconut fat",A1001855000020,식품원료,원료이기에 사용기준 없음,,사용가능,
8600,COCONUT WATER,코코넛워터,,A1001855230026,식품원료,원료이기에 사용기준 없음,,사용가능,
8601,COCONUT FAT POWDER,코코넛유지분말,,A1001855000092,식품원료,원료이기에 사용기준 없음,,사용가능,
8602,,코코넛젤(나타데코코),,A1001855000049,식품원료,원료이기에 사용기준 없음,,사용가능,
8603,COCONUT CHUNK,코코넛조각,,A1001855000024,식품원료,원료이기에 사용기준 없음,,사용가능,
8604,COCONUT JUICE,코코넛주스,,A1001855000025,식품원료,원료이기에 사용기준 없음,,사용가능,
8605,COCONUT WATER POWDER,코코넛즙분말,,A1001855003201,식품원료,원료이기에 사용기준 없음,,사용가능,
8606,,코코넛채,,A1001855000029,식품원료,원료이기에 사용기준 없음,,사용가능,
8607,COCONUT EXTRACT,코코넛추출물,,A1001855004500,식품원료,원료이기에 사용기준 없음,,사용가능,
8608,,코코넛추출오일,,A1001855004520,식품원료,원료이기에 사용기준 없음,,사용가능,
8609,COCONUT CHIPS,코코넛칩,,A1001855000048,식품원료,원료이기에 사용기준 없음,,사용가능,
8610,COCONUT CREAM,코코넛크림,,A1054064004626,식품원료,원료이기에 사용기준 없음,,사용가능,
8611,,코코넛파우더,,A1001855000001,식품원료,원료이기에 사용기준 없음,,사용가능,
8612,COCONUT PASTE,코코넛페이스트,,A1001855000033,식품원료,원료이기에 사용기준 없음,,사용가능,
8613,COCONUT PUREE,코코넛퓌레,,A1001855000034,식품원료,원료이기에 사용기준 없음,,사용가능,
8614,COCONUT FLAKE,코코넛플레이크,,A1001855000051,식품원료,원료이기에 사용기준 없음,,사용가능,
8615,COCOA(CACAO) MASS,코코아매스,cocoa mass,P0103010100000,식품유형,"사용기준 못찾음, 별도 확인 필요",,"기타, 별도 확인 필요",
8616,COCOA(CACAO) MASS JUICE,코코아매스쥬스,,P0103010100025,식품유형,"사용기준 못찾음, 별도 확인 필요",,"기타, 별도 확인 필요",
8617,COCOA(CACAO) BUTTER,코코아버터,cocoa butter,P0103010200000,식품유형,원료이기에 사용기준 없음,,사용가능,
8618,,코코아버터분말,,P0103010200001,식품유형,"사용기준 못찾음, 별도 확인 필요",,"기타, 별도 확인 필요",
8619,COCOA(CACAO) POWDER,코코아분말,"low-fat cocoa powder, fat reduced cocoa powder,COCOA POWDER, fat-reduced cocoa powder",P0103010300000,식품유형,원료이기에 사용기준 없음,,사용가능,
8620,COTTONII,코토니,,A1005273010000,식품원료,원료이기에 사용기준 없음,,사용가능,
8621,SODIUM CHONDROITIN SULFATE,콘드로이친 황산(고시형),,C2000095000000,건강기능식품,"사용기준 못찾음, 별도 확인 필요",,"기타, 별도 확인 필요",
8622,CHONDROITIN SULFATE SODIUM,콘드로이친 황산염(기능성원료인정제2020-1호),,C9001003000000,건강기능식품,"사용기준 못찾음, 별도 확인 필요",,사용가능,
8623,CORN MINT,콘민트,,A1001858000000,식품원료,원료이기에 사용기준 없음,,사용가능,
8624,CORNMINT OIL,콘민트오일,,A1001858000020,식품원료,원료이기에 사용기준 없음,,사용가능,
8625,,콘민트잎,,A1001858380000,식품원료,원료이기에 사용기준 없음,,사용가능,
8626,COLLAGEN,콜라겐,,A6000039000000,식품원료,원료이기에 사용기준 없음,,사용가능,
8627,COLLAGEN(COW),콜라겐(소),,A6001446000000,식품원료,원료이기에 사용기준 없음,,사용가능,
8628,COLLAGEN PEPTIDE,콜라겐(우피),,A6001447000000,식품원료,원료이기에 사용기준 없음,,사용가능,
8629,COLLAGEN HYDROLYSATE,콜라겐가수분해물,,A6000039000200,식품원료,원료이기에 사용기준 없음,,사용가능,
8630,,콜라겐단백분말,,A6000039000045,식품원료,원료이기에 사용기준 없음,,사용가능,
8631,,콜라겐분말,,A6000039000001,식품원료,원료이기에 사용기준 없음,,사용가능,
8632,,콜라겐펩타이드(기능성원료인정제2012-24호),,C9000412000000,건강기능식품,"사용기준 못찾음, 별도 확인 필요",,"기타, 별도 확인 필요",
8633,COLLAGEN PEPTIDE(PIG),콜라겐펩타이드(돼지),,A6001460000000,식품원료,원료이기에 사용기준 없음,,사용가능,
8634,COLLAGEN PEPTIDE(BEEF),콜라겐펩타이드(소),,A6001453000000,식품원료,원료이기에 사용기준 없음,,사용가능,
8635,COLA NUT (KOLA NUT),콜라나무열매,,A1001859230000,식품원료,원료이기에 사용기준 없음,,사용가능,
8636,COLA CONCENTRATE,콜라나무열매농축물,,A1001859230800,식품원료,원료이기에 사용기준 없음,,사용가능,
8637,COLA NUT POWDER,콜라나무열매분말,,A1001859230001,식품원료,원료이기에 사용기준 없음,,사용가능,
8638,,콜라나무열매추출물,,A1001859234500,식품원료,원료이기에 사용기준 없음,,사용가능,
8639,,콜라나무추출물,,A1001859004500,식품원료,원료이기에 사용기준 없음,,사용가능,
8640,COLLARD,콜라드,,A1001860000000,식품원료,원료이기에 사용기준 없음,,사용가능,
8641,,콜라드분말,,A1001860000001,식품원료,원료이기에 사용기준 없음,,사용가능,
8642,KOHLRABI,콜라비,,A1001861000000,식품원료,원료이기에 사용기준 없음,,사용가능,
8643,COLA FLAVOR,콜라향,,B6000002000000,식품첨가물,"사용기준 못찾음, 별도 확인 필요",,사용가능,
8644,COLEUS FORSKOHLII,콜레우스 포스콜리,,A1001862000000,식품원료,원료이기에 사용기준 없음,,사용가능,
8645,,콜레우스포스콜리뿌리,,A1001862610000,식품원료,원료이기에 사용기준 없음,,사용가능,
8646,COLEUS FORSKOHLII EXTRACT,콜레우스포스콜리추출물,,A1001862004500,식품원료,원료이기에 사용기준 없음,,사용가능,
8647,,콜레우스포스콜리추출물(기능성원료인정제2012-5호),,C9000393000000,건강기능식품,"사용기준 못찾음, 별도 확인 필요",,"기타, 별도 확인 필요",
8648,CORYLUS COLURNA,콜루르나개암열매,,A1054206000000,식품원료,원료이기에 사용기준 없음,,사용가능,
8649,SOY FLOUR,콩가루,,A1002905002301,식품원료,원료이기에 사용기준 없음,,사용가능,
8650,,콩깍지고둥,,A3000953000000,식품원료,원료이기에 사용기준 없음,,사용가능,
8651,BEAN SPROUTS,콩나물,,A1001863010000,식품원료,원료이기에 사용기준 없음,,사용가능,
8652,,콩나물추출물,,A1001863004500,식품원료,원료이기에 사용기준 없음,,사용가능,
8653,,콩발효추출물(기능성원료인정제2012-31호),,C9000419000000,건강기능식품,"사용기준 못찾음, 별도 확인 필요",,"기타, 별도 확인 필요",
8654,,콩제비꽃순,,A1001866880000,식품원료,원료이기에 사용기준 없음,,사용가능,
8655,,콩코드포도,,A1002844000000,식품원료,원료이기에 사용기준 없음,,사용가능,
8656,,콩코드포도농축액,,A1002844230814,식품원료,원료이기에 사용기준 없음,,사용가능,
8657,CONCORD GRAPE JUICE,콩코드포도주스,,A1002844000025,식품원료,원료이기에 사용기준 없음,,사용가능,
8658,CONCORD GRAPE JUICE CONCENTRATE,콩코드포도주스농축,,A1002844000825,식품원료,원료이기에 사용기준 없음,,사용가능,
8659,,콰시아수액,,A1002652100000,식품원료,원료이기에 사용기준 없음,,사용가능,
8660,QUASSIA EXTRACT,콰시아추출물,,A1002652004500,식품원료,원료이기에 사용기준 없음,,사용가능,
8661,CUMIN,쿠민,,A1001868000000,식품원료,원료이기에 사용기준 없음,,사용가능,
8662,CUMIN POWDER,쿠민분말,"Organic Ground Cumin, Ground Cumin",A1001868320001,식품원료,원료이기에 사용기준 없음,,사용가능,
8663,CUMIN SEED,쿠민씨앗,,A1001868320000,식품원료,원료이기에 사용기준 없음,,사용가능,
8664,CUMIN(SEED) OIL,쿠민오일,,A1001868000020,식품원료,원료이기에 사용기준 없음,,사용가능,
8665,GROUND AND EXTRACTED SPICE CUMIN,쿠민추출물,,A1001868004500,식품원료,원료이기에 사용기준 없음,,사용가능,
8666,CULANTRO,쿨란트로,,A1001869000000,식품원료,원료이기에 사용기준 없음,,사용가능,
8667,,쿨란트로잎,,A1001869380000,식품원료,원료이기에 사용기준 없음,,사용가능,
8668,,퀴노아,Quinoa,A1001870000000,식품원료,원료이기에 사용기준 없음,,사용가능,
8669,QUINOA POWDER,퀴노아가루,Quinoa Flour,A1001870000001,식품원료,원료이기에 사용기준 없음,,사용가능,
8670,Quinoa Protein,퀴노아단백,,A1001870000008,식품원료,원료이기에 사용기준 없음,,사용가능,
8671,QUINOA PROTEIN POWDER,퀴노아단백분말,,A1054156000045,식품원료,원료이기에 사용기준 없음,,사용가능,
8672,,퀴노아씨앗,,A1001870320000,식품원료,원료이기에 사용기준 없음,,사용가능,
8673,,퀴노아플레이크,Quinoa Flakes,A1001870000051,식품원료,원료이기에 사용기준 없음,,사용가능,
8674,QUILLAIA EXTRACT,퀼라야추출물,,B2000119000000,식품첨가물,II. 2. 1)의 규정에 따라 사용하여야 한다.,유화제,"기타, 별도 확인 필요",
8675,CUBEB PEPPER(PIPER CUBEBA),큐벱페퍼,,A1001871000000,식품원료,원료이기에 사용기준 없음,,사용가능,
8676,Tailed pepper Extract,큐벱페퍼열매,,A1001871230000,식품원료,원료이기에 사용기준 없음,,사용가능,
8677,CUBEB PEPPER(PIPER CUBEBA) OIL,큐벱페퍼오일,,A1054054000020,식품원료,원료이기에 사용기준 없음,,사용가능,
8678,CUBEB PEPPER DISTILLATE,큐벱페퍼증류액,,A1054115006914,식품원료,원료이기에 사용기준 없음,,사용가능,
8679,,크랜베리추출물(기능성원료인정제2011-39호),,C9000385000000,건강기능식품,"사용기준 못찾음, 별도 확인 필요",,"기타, 별도 확인 필요",
8680,CRAMP BARK-외화획득용,크램박,,A1001872010000,식품원료,원료이기에 사용기준 없음,,사용불가,
8681,CRABAPPLES,크랩애플,,A1002515000000,식품원료,원료이기에 사용기준 없음,,사용가능,
8682,CREATINE MONOHYDRATE,크레아틴 모노하이드레이트(고시형),,C2000243000000,건강기능식품,"사용기준 못찾음, 별도 확인 필요",,"기타, 별도 확인 필요",
8683,크레아틴,크레아틴(고시형),,C2000232000000,건강기능식품,"사용기준 못찾음, 별도 확인 필요",,"기타, 별도 확인 필요",
8684,CREPIS RUBRA,크레피스,,A1002863000000,식품원료,원료이기에 사용기준 없음,,사용불가,
8685,,큰가리비,,A3001037000000,식품원료,원료이기에 사용기준 없음,,사용가능,
8686,,큰가리비엑기스,,A3001037000017,식품원료,원료이기에 사용기준 없음,,사용가능,
8687,,큰가리비추출액,,A3001037004514,식품원료,원료이기에 사용기준 없음,,사용가능,
8688,,큰구슬우렁이,,A3000735000000,식품원료,원료이기에 사용기준 없음,,사용가능,
8689,GREAT BARRACUDA,큰꼬치고기,,A3000736000000,식품원료,원료이기에 사용기준 없음,,사용가능,
8690,Gentiana,큰노랑용담,,A1005374000000,식품원료,원료이기에 사용기준 없음,,사용가능,
8691,GENTIANA ROOT EXTRACT,큰노랑용담뿌리추출물,,A1054007614500,식품원료,원료이기에 사용기준 없음,,사용가능,
8692,LARGE-EYE DENTEX,큰눈돔,,A3000737000000,식품원료,원료이기에 사용기준 없음,,사용가능,
8693,Bigeye snapper,큰눈퉁돔,,A3001144000000,식품원료,원료이기에 사용기준 없음,,사용가능,
8694,PLEUROTUS ERYNGII,큰느타리버섯(새송이버섯),,A1001181000000,식품원료,원료이기에 사용기준 없음,,사용가능,
8695,PLEUROTUS ERYNGII MYCELIUM,큰느타리버섯(새송이버섯)균사체,,A1001181B30000,식품원료,원료이기에 사용기준 없음,,"기타, 별도 확인 필요",
8696,,큰느타리버섯(새송이버섯)추출분말,,A1001181004501,식품원료,원료이기에 사용기준 없음,,사용가능,
8697,,큰대잎둥굴레뿌리줄기,,A1003140620000,식품원료,원료이기에 사용기준 없음,,사용가능,
8698,,큰매화노루발추출물,,A1002650004500,식품원료,원료이기에 사용기준 없음,,사용가능,
8699,DAIKON RADISH(LEAF),큰뱀무,,A1001888000000,식품원료,원료이기에 사용기준 없음,,사용가능,
8700,"Giant stargazer, Monkfish",큰얼룩통구멍,,A3000739000000,식품원료,원료이기에 사용기준 없음,,사용가능,
8701,,큰입선농어,,A3000741000000,식품원료,원료이기에 사용기준 없음,,사용가능,
8702,,큰전나무버섯,,A1001900000000,식품원료,원료이기에 사용기준 없음,,사용가능,
8703,CYNANCHUM WILFORDII,큰조롱덩이뿌리,,A1003146630000,식품원료,원료이기에 사용기준 없음,,"제한적사용가능, 별도 확인 필요",
8704,CYNANCHUM WILFORDII HEMSLEY POWDER,큰조롱덩이뿌리분말,,A1003146630001,식품원료,원료이기에 사용기준 없음,,"제한적사용가능, 별도 확인 필요",
8705,,큰조롱덩이뿌리추출분말,,A1003146634501,식품원료,원료이기에 사용기준 없음,,"제한적사용가능, 별도 확인 필요",
8706,,큰징거미새우,,A3000742000000,식품원료,원료이기에 사용기준 없음,,사용가능,
8707,CLEMENTINES,클레멘타인,,A1054053000000,식품원료,원료이기에 사용기준 없음,,사용가능,
8708,CLEMENTINES JUICE,클레멘타인주스,,A1054168000025,식품원료,원료이기에 사용기준 없음,,사용가능,
8709,CHLORELLA,클로렐라,,A3000889000000,식품원료,원료이기에 사용기준 없음,,사용가능,
8710,,클로렐라분말,,A3000889000001,식품원료,원료이기에 사용기준 없음,,사용가능,
8711,,클로렐라원말,,A3000889000042,식품원료,원료이기에 사용기준 없음,,사용가능,
8712,CHLORELLA EXTRACT,클로렐라추출물,,A3000889004500,식품원료,원료이기에 사용기준 없음,,사용가능,
8713,CHLORELLA EXTRACT POWDER,클로렐라추출물분말,,A3000889004501,식품원료,원료이기에 사용기준 없음,,사용가능,
8714,CHLOROPHYLL,클로로필,,B2000147000000,식품첨가물,"사용기준 찾음, 별도 확인 필요",착색료,"기타, 별도 확인 필요",
8715,ENZYMES(CHYMOSIN),키모신,,B2009145000000,식품첨가물,"사용기준 못찾음, 별도 확인 필요",,"기타, 별도 확인 필요",
8716,KIWI,키위,,A1001909000000,식품원료,원료이기에 사용기준 없음,,사용가능,
8717,KIWI PULP,키위과육,,A1001909300000,식품원료,원료이기에 사용기준 없음,,사용가능,
8718,,키위과즙,,A1001909000026,식품원료,원료이기에 사용기준 없음,,사용가능,
8719,KIWI CONCENTRATE,키위농축,,A1001909000800,식품원료,원료이기에 사용기준 없음,,사용가능,
8720,KIWI CONCENTRATE JUICE,키위농축과즙,,A1001909000826,식품원료,원료이기에 사용기준 없음,,사용가능,
8721,,키위농축액,,A1001909230814,식품원료,원료이기에 사용기준 없음,,사용가능,
8722,KIWI POWDER,키위분말,,A1001909000001,식품원료,원료이기에 사용기준 없음,,사용가능,
8723,KIWI SYRUP,키위시럽,,A1001909000013,식품원료,원료이기에 사용기준 없음,,사용가능,
8724,KIWI SEED,키위씨앗,,A1001909320000,식품원료,원료이기에 사용기준 없음,,사용가능,
8725,,키위열매,,A1001909230000,식품원료,원료이기에 사용기준 없음,,사용가능,
8726,KIWI JUICE,키위주스,,A1001909000025,식품원료,원료이기에 사용기준 없음,,사용가능,
8727,KIWI JUICE CONCENTRATED,키위주스농축액,,A1001909000825,식품원료,원료이기에 사용기준 없음,,사용가능,
8728,KIWI EXTRACT,키위추출물,,A1001909004500,식품원료,원료이기에 사용기준 없음,,사용가능,
8729,,키위추출분말,,A1001909004501,식품원료,원료이기에 사용기준 없음,,사용가능,
8730,KIWI PULP,키위펄프,,A1054136000032,식품원료,원료이기에 사용기준 없음,,사용가능,
8731,KIWI PUREE,키위퓌레,,A1001909000034,식품원료,원료이기에 사용기준 없음,,사용가능,
8732,,키조개,,A3000744000000,식품원료,원료이기에 사용기준 없음,,사용가능,
8733,,키조개관자,,A3000744250000,식품원료,원료이기에 사용기준 없음,,사용가능,
8734,CHITOSANASE,키토사나아제,,B2000159000000,식품첨가물,II. 2. 1)의 규정에 따라 사용하여야 한다.,효소제,"기타, 별도 확인 필요",
8735,CHITOSAN,키토산,,B2000070000000,식품첨가물,II. 2. 1)의 규정에 따라 사용하여야 한다.,증점제,"기타, 별도 확인 필요",
8736,,키토올리고당(고시형),,C2000135000000,건강기능식품,"사용기준 못찾음, 별도 확인 필요",,"기타, 별도 확인 필요",
8737,,키토올리고당분말(고시형),,C2000135000001,건강기능식품,"사용기준 못찾음, 별도 확인 필요",,"기타, 별도 확인 필요",
8738,CHITIN,키틴,,B2000148000000,식품첨가물,II. 2. 1)의 규정에 따라 사용하여야 한다.,증점제,"기타, 별도 확인 필요",
8739,TAGATOSE,타가토스(기능성원료인정제2011-37호),,C9000383000000,건강기능식품,"사용기준 못찾음, 별도 확인 필요",,"기타, 별도 확인 필요",
8740,TARA GUM,타라검,,B2000071000000,식품첨가물,II. 2. 1)의 규정에 따라 사용하여야 한다.,증점제,"기타, 별도 확인 필요",
8741,TAMARIND,타마린드,,A1001911000000,식품원료,원료이기에 사용기준 없음,,사용가능,
8742,Extract complex of Tamarindus indica and Curcuma longa(TamaFlex®),타마린드강황주정추출복합물(TamaFlex®)(기능성원료인정제2024-12호),,C9001035000000,건강기능식품,"사용기준 못찾음, 별도 확인 필요",,사용가능,
8743,TAMARIND GUM,타마린드검,,B2000072000000,식품첨가물,II. 2. 1)의 규정에 따라 사용하여야 한다.,증점제,"기타, 별도 확인 필요",
8744,TAMARIND CONCENTRATE,타마린드농축,,A1001911000800,식품원료,원료이기에 사용기준 없음,,사용가능,
8745,TAMARIND CONCENTRATE,타마린드농축액,,A1001911000814,식품원료,원료이기에 사용기준 없음,,사용가능,
8746,TAMARIND POWDER,타마린드분말,,A1001911000001,식품원료,원료이기에 사용기준 없음,,사용가능,
8747,TAMARIND COLOR,타마린드색소,,B2000073000000,식품첨가물,"사용기준 찾음, 별도 확인 필요",착색료,"기타, 별도 확인 필요",
8748,,타마린드열매,,A1001911230000,식품원료,원료이기에 사용기준 없음,,사용가능,
8749,TAMARIND JUICE,타마린드주스,,A1001911000025,식품원료,원료이기에 사용기준 없음,,사용가능,
8750,TAMARIND EXTRACT,타마린드추출물,,A1001911004500,식품원료,원료이기에 사용기준 없음,,사용가능,
8751,Tamarind Paste,타마린드페이스트,,A1001911000033,식품원료,원료이기에 사용기준 없음,,사용가능,
8752,TAMARIND PUREE,타마린드퓌레,,A1001911000034,식품원료,원료이기에 사용기준 없음,,사용가능,
8753,TAURINE,타우린,,B1000257000000,식품첨가물,II. 2. 1)의 규정에 따라 사용하여야 한다.,영양강화제,"기타, 별도 확인 필요",
8754,THYME,타임,,A1001912000000,식품원료,원료이기에 사용기준 없음,,사용가능,
8755,THYME POWDER,타임분말,,A1001912000001,식품원료,원료이기에 사용기준 없음,,사용가능,
8756,THYME ESSENTIAL OIL,타임오일,,A1001912000020,식품원료,원료이기에 사용기준 없음,,사용가능,
8757,THYME LEAF,타임잎,,A1001912380000,식품원료,원료이기에 사용기준 없음,,사용가능,
8758,THYME LEAF POWDER,타임잎분말,,A1001912380001,식품원료,원료이기에 사용기준 없음,,사용가능,
8759,,타임잎세이보리잎,,A1001913380000,식품원료,원료이기에 사용기준 없음,,사용가능,
8760,타임잎세이보리추출분말,타임잎세이보리추출분말,,A1001913384501,식품원료,원료이기에 사용기준 없음,,사용가능,
8761,THYME EXTRACT,타임추출물,,A1001912004500,식품원료,원료이기에 사용기준 없음,,사용가능,
8762,THYME FLAKE,타임플레이크,,A1001912000051,식품원료,원료이기에 사용기준 없음,,사용가능,
8763,,타조고기,,A4000062100000,식품원료,원료이기에 사용기준 없음,,사용가능,
8764,,타조식용부산물,,A4000062160000,식품원료,원료이기에 사용기준 없음,,사용불가,
8765,,타히보,,A1001915000000,식품원료,원료이기에 사용기준 없음,,사용가능,
8766,TAHEEBO BARK,타히보껍질,,A1001915770000,식품원료,원료이기에 사용기준 없음,,사용가능,
8767,,타히보내피,,A1001915850000,식품원료,원료이기에 사용기준 없음,,사용가능,
8768,,타히보분말,,A1001915000001,식품원료,원료이기에 사용기준 없음,,사용가능,
8769,TAHEEBO TEA,타히보차,,A1001915770400,식품원료,원료이기에 사용기준 없음,,사용가능,
8770,TAHEEBO TEA EXTRACT,타히보차추출물,,A1001915004500,식품원료,원료이기에 사용기준 없음,,사용가능,
8771,,타히보추출물분말,,A1001915004501,식품원료,원료이기에 사용기준 없음,,사용가능,
8772,Tahiti Lime,타히티라임열매,,A1001916230000,식품원료,원료이기에 사용기준 없음,,사용가능,
8773,TAHITI LIME,타히티라임열매주스농축물,,A1001916230825,식품원료,원료이기에 사용기준 없음,,사용가능,
8774,TAHITI LIME EXTRACT,타히티라임추출물,,A1001916234500,식품원료,원료이기에 사용기준 없음,,사용가능,
8775,TANNASE,탄나아제,,B2000197000000,식품첨가물,II. 2. 1)의 규정에 따라 사용하여야 한다.,효소제,"기타, 별도 확인 필요",
8776,TANNIC ACID,탄닌산,,B2000074000000,식품첨가물,II. 2. 1)의 규정에 따라 사용하여야 한다.,향미증진제,"기타, 별도 확인 필요",
8777,SODIUM CARBONATE,탄산나트륨,"sodium carbonates, raising agents: sodium carbonates",B1000258000000,식품첨가물,II. 2. 1)의 규정에 따라 사용하여야 한다.,산도조절제,"기타, 별도 확인 필요",
8778,MAGNESIUM CARBONATE,탄산마그네슘,,B1000259000000,식품첨가물,II. 2. 1)의 규정에 따라 사용하여야 한다.,산도조절제,"기타, 별도 확인 필요",
8779,CARBONATED WATER,탄산수,,P0118020200000,식품유형,"사용기준 못찾음, 별도 확인 필요",,"기타, 별도 확인 필요",
8780,SODIUM BICARBONATE,탄산수소나트륨,"E500(ii),sodium hydrogene carbonate,E500ii",B1000260000000,식품첨가물,II. 2. 1)의 규정에 따라 사용하여야 한다.,산도조절제,"기타, 별도 확인 필요",
8781,AMMONIUM BICARBONATE,탄산수소암모늄,,B1000261000000,식품첨가물,II. 2. 1)의 규정에 따라 사용하여야 한다.,산도조절제,"기타, 별도 확인 필요",
8782,POTASSIUM BICARBONATE,탄산수소칼륨,,B1000374000000,식품첨가물,II. 2. 1)의 규정에 따라 사용하여야 한다.,산도조절제,"기타, 별도 확인 필요",
8783,AMMONIUM CARBONATE,탄산암모늄,ammonium carbonates,B1000262000000,식품첨가물,II. 2. 1)의 규정에 따라 사용하여야 한다.,산도조절제,"기타, 별도 확인 필요",
8784,"POTASSIUM CARBONATE, ANHYDROUS",탄산칼륨(무수),,B1000263000000,식품첨가물,II. 2. 1)의 규정에 따라 사용하여야 한다.,산도조절제,"기타, 별도 확인 필요",
8785,CALCIUM CARBONATE,탄산칼슘,"E170(i), E170",B1000264000000,식품첨가물,II. 2. 1)의 규정에 따라 사용하여야 한다.,산도조절제,"기타, 별도 확인 필요",
8786,DEPROTEINIZED WHEY POWDER,탈단백유청분말,,P1204277208001,식품유형,"사용기준 못찾음, 별도 확인 필요",,"기타, 별도 확인 필요",
8787,DEMINERALIZED (40%) WHEY PERMEATE,탈염막투과유청,,P0201140108500,식품유형,"사용기준 못찾음, 별도 확인 필요",,"기타, 별도 확인 필요",
8788,,탈염산양유청,,A20000103G8500,식품원료,원료이기에 사용기준 없음,,사용가능,
8789,DEMINERALISED GOAT WHEY POWDER,탈염산양유청분말,,A20000103G8501,식품원료,원료이기에 사용기준 없음,,사용가능,
8790,REDUCED MINERALS WHEY,탈염유청,,P0201140109B00,식품유형,"사용기준 못찾음, 별도 확인 필요",,"기타, 별도 확인 필요",
8791,DEMINERALIZED WHEY PERMEATE,탈염유청막투과분말,,P0201140308500,식품유형,"사용기준 못찾음, 별도 확인 필요",,"기타, 별도 확인 필요",
8792,DEMINERALIZED WHEY POWDER,탈염유청분말,,P0201140309B00,식품유형,"사용기준 못찾음, 별도 확인 필요",,"기타, 별도 확인 필요",
8793,CONDENSED SKIM MILK,탈지농축우유,,P0201080200000,식품유형,"사용기준 못찾음, 별도 확인 필요",,"기타, 별도 확인 필요",
8794,DEFATTED SOYBEAN,탈지대두,,A1000633009300,식품원료,원료이기에 사용기준 없음,,사용가능,
8795,Defatted soy protein,탈지대두단백,,A1000633009308,식품원료,원료이기에 사용기준 없음,,사용가능,
8796,,탈지대두단백분말,,A1000633009345,식품원료,원료이기에 사용기준 없음,,사용가능,
8797,DEFARRED SOY FLOUR,탈지대두분말,,A1000633009301,식품원료,원료이기에 사용기준 없음,,사용가능,
8798,DEFATTED SOYBEAN STARCH,탈지대두전분,,A1000633009338,식품원료,원료이기에 사용기준 없음,,사용가능,
8799,,탈지대두플레이크,,A1000633009351,식품원료,원료이기에 사용기준 없음,,사용가능,
8800,DEFATTED PORK LIVER POWDER,탈지돼지간분말,,A2000005029301,식품원료,원료이기에 사용기준 없음,,사용가능,
8801,DEFATTED PEANUT,탈지땅콩,,A1000729009300,식품원료,원료이기에 사용기준 없음,,사용가능,
8802,,탈지땅콩분말,,A1000729009301,식품원료,원료이기에 사용기준 없음,,사용가능,
8803,DEFATTED BARLEY MALT,탈지맥아,,A1002268009300,식품원료,원료이기에 사용기준 없음,,사용가능,
8804,DEFATTED WHEAT GERM,탈지밀배아,,A1000911A49300,식품원료,원료이기에 사용기준 없음,,사용가능,
8805,SKIMMED BUTTER MILK,탈지버터유,,P0201070109300,식품유형,"사용기준 못찾음, 별도 확인 필요",,"기타, 별도 확인 필요",
8806,SKIM MILK POWDER,탈지분유,"skimmed milk powder, NonfatDry Mik, skimmed-milk powder",P0201130200000,식품유형,"사용기준 못찾음, 별도 확인 필요",,"기타, 별도 확인 필요",
8807,SKIMMED GOAT MILK,탈지산양유,,A20000103G9300,식품원료,원료이기에 사용기준 없음,,사용가능,
8808,SKIMMED GOAT MILK POWDER,탈지산양유분말,,A20000103G9301,식품원료,원료이기에 사용기준 없음,,사용가능,
8809,DEFATTED RICE BRAN,탈지쌀겨,,A1001332C59300,식품원료,원료이기에 사용기준 없음,,사용가능,
8810,,탈지아마씨앗,,A1001356329300,식품원료,원료이기에 사용기준 없음,,"제한적사용가능, 별도 확인 필요",
8811,DEFATTED SKIMMED MILK,탈지연유,,A2000016009347,식품원료,원료이기에 사용기준 없음,,사용가능,
8812,DEFATTED CORN,탈지옥수수,,A1001488009300,식품원료,원료이기에 사용기준 없음,,사용가능,
8813,SKIMMED MILK,탈지우유,"fat reduced milk, Part-Skim Milk, nonfat milk, Pasteurized Part Skim Cow’s Milk",A2000016009300,식품원료,원료이기에 사용기준 없음,,사용가능,
8814,SKIMMED MILK SOLIDS,탈지우유고형분,"nonfat milk solids, non-fat dry milk solids",A2000016009304,식품원료,원료이기에 사용기준 없음,,사용가능,
8815,탈지유단백,탈지유단백,,A2000016009308,식품원료,원료이기에 사용기준 없음,,사용가능,
8816,,탈지유단백분말,,A2000016009345,식품원료,원료이기에 사용기준 없음,,사용가능,
8817,SKIM WHEY POWDER,탈지유청분말,,P0201140309300,식품유형,"사용기준 못찾음, 별도 확인 필요",,"기타, 별도 확인 필요",
8818,DEFATTED SESAME,탈지참깨,,A1001742009300,식품원료,원료이기에 사용기준 없음,,사용가능,
8819,SKIMMED COLOSTRUM POWDER,탈지초유분말,,A6000037009301,식품원료,원료이기에 사용기준 없음,,사용가능,
8820,SKIMMED COCOA POWDER,탈지코코아분말,Defatted cocoa powder,P1204277009300,식품유형,"사용기준 못찾음, 별도 확인 필요",,"기타, 별도 확인 필요",
8821,RECONSTITUTED SKIMMED MILK,탈지환원유,,P0201010309300,식품유형,"사용기준 못찾음, 별도 확인 필요",,"기타, 별도 확인 필요",
8822,,태움용융소금,,P0129120300000,식품유형,"사용기준 못찾음, 별도 확인 필요",,"기타, 별도 확인 필요",
8823,,태평양연어,,A3000961000000,식품원료,원료이기에 사용기준 없음,,사용가능,
8824,TALC(TALCUM),탤크,,B2000075000000,식품첨가물,"사용기준 찾음, 별도 확인 필요",여과보조제,"기타, 별도 확인 필요",
8825,HARDY ORANGE,탱자,,A1001918230000,식품원료,원료이기에 사용기준 없음,,사용가능,
8826,,탱자열매분말,,A1001918230001,식품원료,원료이기에 사용기준 없음,,사용가능,
8827,,터리풀,,A1001920000000,식품원료,원료이기에 사용기준 없음,,사용가능,
8828,TERT-BUTYLHYDROQUINONE,터셔리부틸히드로퀴논(TBHQ),E319,B1000265000000,식품첨가물,"사용기준 못찾음, 별도 확인 필요",,"기타, 별도 확인 필요",
8829,,털게,,A3000749000000,식품원료,원료이기에 사용기준 없음,,사용가능,
8830,QUINCE,털모과열매,,A1003163230000,식품원료,원료이기에 사용기준 없음,,사용가능,
8831,,털모과추출물,,A1003163234500,식품원료,원료이기에 사용기준 없음,,사용가능,
8832,,털목이버섯,,A1001926B90000,식품원료,원료이기에 사용기준 없음,,사용가능,
8833,,털민들레,,A1001927010000,식품원료,원료이기에 사용기준 없음,,사용가능,
8834,,털생강나무순,,A1001931880000,식품원료,원료이기에 사용기준 없음,,사용가능,
8835,L-THEANINE,테아닌,,B1000401000000,식품첨가물,II. 2. 1)의 규정에 따라 사용하여야 한다.,영양강화제,"기타, 별도 확인 필요",
8836,RABBIT MEAT,토끼고기,,A2000052070000,식품원료,원료이기에 사용기준 없음,,사용가능,
8837,,토끼풀잎,,A1001944380000,식품원료,원료이기에 사용기준 없음,,"제한적사용가능, 별도 확인 필요",
8838,TARO,토란,,A1001945000000,식품원료,원료이기에 사용기준 없음,,사용가능,
8839,,토란분말,,A1001945000001,식품원료,원료이기에 사용기준 없음,,사용가능,
8840,TARO PASTE,토란뿌리줄기페이스트,,A1001945620033,식품원료,원료이기에 사용기준 없음,,사용가능,
8841,TARO GABI LEAVES,토란잎,,A1001945380000,식품원료,원료이기에 사용기준 없음,,사용가능,
8842,,토란줄기,,A1001945490000,식품원료,원료이기에 사용기준 없음,,사용가능,
8843,TARO EXTRACT,토란추출물,,A1001945004500,식품원료,원료이기에 사용기준 없음,,사용가능,
8844,TOMATO,토마토,,A1001946000000,식품원료,원료이기에 사용기준 없음,,사용가능,
8845,TOMATO GRANULE,토마토과립,,A1001946000043,식품원료,원료이기에 사용기준 없음,,사용가능,
8846,TOMATO PULP,토마토과육,,A1001946300000,식품원료,원료이기에 사용기준 없음,,사용가능,
8847,TOMATO CONCENTRATE,토마토농축,,A1001946000800,식품원료,원료이기에 사용기준 없음,,사용가능,
8848,TOMATO CONCENTRATED POWDER,토마토농축분말,,A1001946000801,식품원료,원료이기에 사용기준 없음,,사용가능,
8849,TOMATO CONCENTRATE,토마토농축액,,A1001946000814,식품원료,원료이기에 사용기준 없음,,사용가능,
8850,TOMATO CONCENTRATED PASTE,토마토농축페이스트,,A1054061000833,식품원료,원료이기에 사용기준 없음,,사용가능,
8851,,토마토농축퓌레,,A1001946000834,식품원료,원료이기에 사용기준 없음,,사용가능,
8852,TOMATO POWDER,토마토분말,,A1001946000001,식품원료,원료이기에 사용기준 없음,,사용가능,
8853,TOMATO COLOR,토마토색소,,B2000163000000,식품첨가물,"사용기준 찾음, 별도 확인 필요",착색료,"기타, 별도 확인 필요",
8854,TOMATO FIBER,토마토식이섬유,,A1001946000084,식품원료,원료이기에 사용기준 없음,,사용가능,
8855,TOMATO SEED OIL,토마토씨앗오일,,A1001946320020,식품원료,원료이기에 사용기준 없음,,사용가능,
8856,TOMATO SEED EXTRACT,토마토씨앗추출물,,A1054098324500,식품원료,원료이기에 사용기준 없음,,사용가능,
8857,PEELED TOMATOES,토마토열매,,A1001946230000,식품원료,원료이기에 사용기준 없음,,사용가능,
8858,TOMATO ESSENCE,토마토오일,,A1001946000020,식품원료,원료이기에 사용기준 없음,,사용가능,
8859,DICE TOMATO,토마토조각,Diced tomato,A1001946230024,식품원료,원료이기에 사용기준 없음,,사용가능,
8860,TOMATO JUICE,토마토주스,,A1001946000025,식품원료,원료이기에 사용기준 없음,,사용가능,
8861,TOMATO JUICE CONCENTRATE,토마토주스농축,,A1001946000825,식품원료,원료이기에 사용기준 없음,,사용가능,
8862,TOMATO EXTRACT,토마토추출물,,A1001946004500,식품원료,원료이기에 사용기준 없음,,사용가능,
8863,TOMATO EXTRACT POWDER,토마토추출물분말,,A1001946004501,식품원료,원료이기에 사용기준 없음,,사용가능,
8864,TOMATO PASTE,토마토페이스트,,A1001946000033,식품원료,원료이기에 사용기준 없음,,사용가능,
8865,TOMATO PUREE,토마토퓌레,,A1001946000034,식품원료,원료이기에 사용기준 없음,,사용가능,
8866,THAUMATIN,토마틴,,B2000149000000,식품첨가물,II. 2. 1)의 규정에 따라 사용하여야 한다.,감미료,"기타, 별도 확인 필요",
8867,,토목향뿌리,,A1003060610000,식품원료,원료이기에 사용기준 없음,,"제한적사용가능, 별도 확인 필요",
8868,Elecampane Roots Extract,토목향뿌리추출물,,A1003060614500,식품원료,원료이기에 사용기준 없음,,"제한적사용가능, 별도 확인 필요",
8869,GIANT MUD CRAB,톱날꽃게,,A3000753000000,식품원료,원료이기에 사용기준 없음,,사용가능,
8870,SAW PALMETTO,톱야자,,A1001949010000,식품원료,원료이기에 사용기준 없음,,사용불가,
8871,SAW PALMETTO EXTRACT,톱야자열매추출물,,A1001949234500,식품원료,원료이기에 사용기준 없음,,사용불가,
8872,,톱풀잎,,A1001951380000,식품원료,원료이기에 사용기준 없음,,사용가능,
8873,SPINDLE-SHAPED BLADER-LEAF,톳,,A3000890010000,식품원료,원료이기에 사용기준 없음,,사용가능,
8874,,톳분말,,A3000890000001,식품원료,원료이기에 사용기준 없음,,사용가능,
8875,,통밀,,A1002196000000,식품원료,원료이기에 사용기준 없음,,사용가능,
8876,GRAHAM FLOUR,통밀가루,,A1002196000001,식품원료,원료이기에 사용기준 없음,,사용가능,
8877,,통밀겨,,A1002196C40000,식품원료,원료이기에 사용기준 없음,,사용가능,
8878,WHOLE WHEAT STARCH,통밀전분,,A1002196000038,식품원료,원료이기에 사용기준 없음,,사용가능,
8879,,통밀플레이크,,A1002196000051,식품원료,원료이기에 사용기준 없음,,사용가능,
8880,WHOLE BARLEY,통보리,,A1002285000000,식품원료,원료이기에 사용기준 없음,,사용가능,
8881,,통아몬드,,A1002335000000,식품원료,원료이기에 사용기준 없음,,사용가능,
8882,히만탈리아 엘롱가타,통위드,,A1001952010000,식품원료,원료이기에 사용기준 없음,,사용가능,
8883,TONKA BEAN,통카콩,,A1002672000000,식품원료,원료이기에 사용기준 없음,,사용가능,
8884,TONKA BEAN POWDER,통카콩분말,,A1002672000001,식품원료,원료이기에 사용기준 없음,,사용가능,
8885,TONGKAT ALI,통캇알리,,A1001954010000,식품원료,원료이기에 사용기준 없음,,사용불가,
8886,TONGKAT ALI ROOT,통캇알리뿌리(외화획득용),,AZ000038000000,식품원료,원료이기에 사용기준 없음,,사용불가,
8887,,통팥앙금,,A1002323000037,식품원료,원료이기에 사용기준 없음,,사용가능,
8888,whole rye flour,통호밀분말,,A1054176000001,식품원료,원료이기에 사용기준 없음,,사용가능,
8889,whole rye flour flaes,통호밀플레이크,,A1054176000051,식품원료,원료이기에 사용기준 없음,,사용가능,
8890,,퉁퉁마디,,A1001957000000,식품원료,원료이기에 사용기준 없음,,사용가능,
8891,,퉁퉁마디분말,,A1001957000001,식품원료,원료이기에 사용기준 없음,,사용가능,
8892,,퉁퉁마디추출액,,A1001957004514,식품원료,원료이기에 사용기준 없음,,사용가능,
8893,FRIED APPLE,튀긴사과,,A1054144003600,식품원료,원료이기에 사용기준 없음,,사용가능,
8894,FRIED GLUTINOUS RICE FLOUR,튀긴찹쌀가루,,A1002165003601,식품원료,원료이기에 사용기준 없음,,사용가능,
8895,FRIED RICE,튀김쌀,,A1001332003600,식품원료,원료이기에 사용기준 없음,,사용가능,
8896,TRAGACANTH GUM,트라가칸스검,,B2000078000000,식품첨가물,II. 2. 1)의 규정에 따라 사용하여야 한다.,증점제,"기타, 별도 확인 필요",
8897,TRAGACANTH,트라가칸타수액,,A1001958100000,식품원료,원료이기에 사용기준 없음,,사용가능,
8898,TRANEXAMIC ACID,트라넥사민산(외화획득용),,BZ000098000000,식품첨가물,"사용기준 못찾음, 별도 확인 필요",,사용가능,
8899,TRANSGLUCOSIDASE,트랜스글루코시다아제,,B2000106000000,식품첨가물,II. 2. 1)의 규정에 따라 사용하여야 한다.,효소제,"기타, 별도 확인 필요",
8900,TRANSGLUTAMINASE,트랜스글루타미나아제,,B2000166000000,식품첨가물,II. 2. 1)의 규정에 따라 사용하여야 한다.,효소제,"기타, 별도 확인 필요",
8901,Calcium Ascorbate with added threonate,트레온산함유 아스코르빈산칼슘(고시형),,C1001431000000,건강기능식품,"사용기준 못찾음, 별도 확인 필요",,"기타, 별도 확인 필요",
8902,THREHALOSE,트레할로스,,A6000041000000,식품원료,원료이기에 사용기준 없음,,사용가능,
8903,TREHALULOSE,트레할룰로스,,A6000042000000,식품원료,원료이기에 사용기준 없음,,사용가능,
8904,Trimebutine Maleate(외화획득용에 한함),트리메부틴 말레산(외화획득용),,BZ000033000000,식품첨가물,"사용기준 못찾음, 별도 확인 필요",,사용불가,
8905,TRIACETIN (GLYCERYL TRIACETATE),트리아세틴,,B1000375000000,식품첨가물,II. 2. 1)의 규정에 따라 사용하여야 한다.,유화제,"기타, 별도 확인 필요",
8906,TRITICALE,트리티케일씨앗,,A1001961320000,식품원료,원료이기에 사용기준 없음,,사용가능,
8907,TRITICALE FLAKES,트리티케일씨앗플레이크,,A1001961320051,식품원료,원료이기에 사용기준 없음,,사용가능,
8908,TRYPSIN,트립신,,B2000079000000,식품첨가물,II. 2. 1)의 규정에 따라 사용하여야 한다.,효소제,"기타, 별도 확인 필요",
8909,POTASSIUM THIOCYANATE,티오시안산칼륨(외화획득용 등),,BZ000116000000,식품첨가물,"사용기준 못찾음, 별도 확인 필요",,사용불가,
8910,TITANIUM,티타늄,,D5000001800000,기구 및 용기포장,"사용기준 못찾음, 별도 확인 필요",,"기타, 별도 확인 필요",
8911,,틸라피아,,A3000758000000,식품원료,원료이기에 사용기준 없음,,사용가능,
8912,PROTEIN HYDROLYSATE(Tilapia/fish scale),틸라피아비늘가수분해단백,,A3011910240208,식품원료,원료이기에 사용기준 없음,,사용가능,
8913,WELSH ONION,파,,A1001964000000,식품원료,원료이기에 사용기준 없음,,사용가능,
8914,,파기름,,A1001964000006,식품원료,원료이기에 사용기준 없음,,사용가능,
8915,THREE LEAVES,파드득나물잎,,A1003115380000,식품원료,원료이기에 사용기준 없음,,사용가능,
8916,PARADISE NUT,파라다이스넛,,A1001967330000,식품원료,원료이기에 사용기준 없음,,사용가능,
8917,PARADISE NUT EXTRACT POWDER,파라다이스넛추출물분말,,A1001967334501,식품원료,원료이기에 사용기준 없음,,사용가능,
8918,METHYL PARA-ACETOPHENONE,파라메틸아세토페논,,B1000272000000,식품첨가물,"사용기준 찾음, 별도 확인 필요",향료,"기타, 별도 확인 필요",
8919,PARA AMINOBENZOIC ACID-외화획득용,파라아미노벤조산(외화획득용),,BZ000023000000,식품첨가물,"사용기준 못찾음, 별도 확인 필요",,사용불가,
8920,METHYL Ρ-HYDROXYBENZOATE,파라옥시안식향산메틸,,B1000392000000,식품첨가물,"사용기준 찾음, 별도 확인 필요",보존료,"기타, 별도 확인 필요",
8921,ETHYL PARA-HYDROXYBENZOATE,파라옥시안식향산에틸,,B1000274000000,식품첨가물,"사용기준 찾음, 별도 확인 필요",보존료,"기타, 별도 확인 필요",
8922,,파라콕커스 데니트리피칸스(고시형),,C2000033000000,건강기능식품,"사용기준 못찾음, 별도 확인 필요",,"기타, 별도 확인 필요",
8923,,파라크레스잎,,A1005307380000,식품원료,원료이기에 사용기준 없음,,사용가능,
8924,"ENTEROMORPHA, GREEN LAVER",파래,,A3000891000000,식품원료,원료이기에 사용기준 없음,,사용가능,
8925,,파래김,,A3000989000400,식품원료,원료이기에 사용기준 없음,,사용가능,
8926,,파래돌김자반볶음,,A3000922002204,식품원료,원료이기에 사용기준 없음,,사용가능,
8927,,파래분말,,A3000891000001,식품원료,원료이기에 사용기준 없음,,사용가능,
8928,,파래추출물,,A3000891004500,식품원료,원료이기에 사용기준 없음,,사용가능,
8929,FARRO,파로씨앗,,A1001968320000,식품원료,원료이기에 사용기준 없음,,사용가능,
8930,FARRO SEED POWDER,파로씨앗분말,,A1001968320001,식품원료,원료이기에 사용기준 없음,,사용가능,
8931,,파분말,,A1001964000001,식품원료,원료이기에 사용기준 없음,,사용가능,
8932,Kaempferia parviflora Extract,파비플로라생강뿌리추출물(기능성원료인정제2024-14호),,C9001040000000,건강기능식품,"사용기준 못찾음, 별도 확인 필요",,사용가능,
8933,,파뿌리,,A1001964610000,식품원료,원료이기에 사용기준 없음,,사용가능,
8934,PARSNIP,파스닙,,A1001969000000,식품원료,원료이기에 사용기준 없음,,사용가능,
8935,,파스닙농축액,,A1001969000814,식품원료,원료이기에 사용기준 없음,,사용가능,
8936,,파스닙뿌리,,A1001969610000,식품원료,원료이기에 사용기준 없음,,사용가능,
8937,PARSNIP JUICE,파스닙주스,,A1001969000025,식품원료,원료이기에 사용기준 없음,,사용가능,
8938,PARSNIP PUREE,파스닙퓌레,,A1001969000034,식품원료,원료이기에 사용기준 없음,,사용가능,
8939,PARSLEY,파슬리,,A1001971000000,식품원료,원료이기에 사용기준 없음,,사용가능,
8940,PARSLEY CONCENTRATE,파슬리농축,,A1001971000800,식품원료,원료이기에 사용기준 없음,,사용가능,
8941,,파슬리농축액,,A1001971000814,식품원료,원료이기에 사용기준 없음,,사용가능,
8942,PARSLEY POWDER,파슬리분말,,A1001971010001,식품원료,원료이기에 사용기준 없음,,사용가능,
8943,PARSLEY SEED OIL,파슬리씨앗 오일,,A1001971320020,식품원료,원료이기에 사용기준 없음,,사용가능,
8944,PARSLEY SEED POWDER,파슬리씨앗분말,,A1001971320001,식품원료,원료이기에 사용기준 없음,,사용가능,
8945,PARSLEY LEAF,파슬리잎,,A1001971380000,식품원료,원료이기에 사용기준 없음,,사용가능,
8946,PARSLEY LEAF POWDER,파슬리잎분말,,A1001971380001,식품원료,원료이기에 사용기준 없음,,사용가능,
8947,PARSLEY LEAF OIL,파슬리잎오일,,A1001971380020,식품원료,원료이기에 사용기준 없음,,사용가능,
8948,Parsley Leaves Extract Powder,파슬리잎추출분말,,A1001971384501,식품원료,원료이기에 사용기준 없음,,사용가능,
8949,PARSLEY JUICE,파슬리주스,,A1001971000025,식품원료,원료이기에 사용기준 없음,,사용가능,
8950,PARSLEY EXTRACT,파슬리추출물,,A1001971004500,식품원료,원료이기에 사용기준 없음,,사용가능,
8951,PARSLEY PUREE,파슬리퓌레,,A1001971000034,식품원료,원료이기에 사용기준 없음,,사용가능,
8952,,파슬리플레이크,"Organic Parsley Flakes, Parsley Flakes, Parsley Flake",A1001971000051,식품원료,원료이기에 사용기준 없음,,사용가능,
8953,,파엑기스,,A1001964000017,식품원료,원료이기에 사용기준 없음,,사용가능,
8954,파오일,파오일,,A1001964000020,식품원료,원료이기에 사용기준 없음,,사용가능,
8955,PINEAPPLE,파인애플,,A1001972000000,식품원료,원료이기에 사용기준 없음,,사용가능,
8956,PINEAPPLE SAGE LEAF,파인애플 세이지 잎,,A1053994000000,식품원료,원료이기에 사용기준 없음,,사용가능,
8957,,파인애플과립,,A1001972000043,식품원료,원료이기에 사용기준 없음,,사용가능,
8958,PINEAPPLE PULP,파인애플과육,,A1001972300000,식품원료,원료이기에 사용기준 없음,,사용가능,
8959,,파인애플과즙,,A1001972000026,식품원료,원료이기에 사용기준 없음,,사용가능,
8960,,파인애플과즙분말,,A1001972000057,식품원료,원료이기에 사용기준 없음,,사용가능,
8961,FEIJOA,파인애플구아바,,A1003151000000,식품원료,원료이기에 사용기준 없음,,사용가능,
8962,,파인애플구아바열매,,A1003151230000,식품원료,원료이기에 사용기준 없음,,사용가능,
8963,,파인애플구아바주스,,A1003151000025,식품원료,원료이기에 사용기준 없음,,사용가능,
8964,,파인애플냉동,,A1001972000600,식품원료,원료이기에 사용기준 없음,,사용가능,
8965,PINEAPPLE CONCENTRATE,파인애플농축,,A1001972000800,식품원료,원료이기에 사용기준 없음,,사용가능,
8966,,파인애플농축과즙,,A1001972000826,식품원료,원료이기에 사용기준 없음,,사용가능,
8967,,파인애플농축액,,A1001972000814,식품원료,원료이기에 사용기준 없음,,사용가능,
8968,,파인애플다이스,,A1001972000007,식품원료,원료이기에 사용기준 없음,,사용가능,
8969,PINEAPPLE POWDER,파인애플분말,,A1001972000001,식품원료,원료이기에 사용기준 없음,,사용가능,
8970,,파인애플시럽,,A1001972000013,식품원료,원료이기에 사용기준 없음,,사용가능,
8971,PINEAPPLE FIBER,파인애플식이섬유,,A1001972000084,식품원료,원료이기에 사용기준 없음,,사용가능,
8972,,파인애플엑기스,,A1001972000017,식품원료,원료이기에 사용기준 없음,,사용가능,
8973,,파인애플열매,,A1001972230000,식품원료,원료이기에 사용기준 없음,,사용가능,
8974,PINEAPPLE POMACE,파인애플열매박,,A1001972230075,식품원료,원료이기에 사용기준 없음,,사용가능,
8975,PINEAPPLE CORE,파인애플열매심,,A1001972230024,식품원료,원료이기에 사용기준 없음,,사용가능,
8976,PINEAPPLE ESSENCE,파인애플오일,,A1001972000020,식품원료,원료이기에 사용기준 없음,,사용가능,
8977,PINEAPPLE JUICE,파인애플주스,,A1001972000025,식품원료,원료이기에 사용기준 없음,,사용가능,
8978,PINEAPPLE JUICE CONCENTRATE,파인애플주스농축물,,A1001972000825,식품원료,원료이기에 사용기준 없음,,사용가능,
8979,PINEAPPLE JUICE POWDER,파인애플주스분말,,A1001972000069,식품원료,원료이기에 사용기준 없음,,사용가능,
8980,PINEAPPLE DISTILLATE,파인애플증류액,,A1001972006914,식품원료,원료이기에 사용기준 없음,,사용가능,
8981,PINEAPPLE EXTRACT,파인애플추출물,,A1001972004500,식품원료,원료이기에 사용기준 없음,,사용가능,
8982,PINEAPPLE EXTRACT POWDER,파인애플추출분말,,A1001972004501,식품원료,원료이기에 사용기준 없음,,사용가능,
8983,PINEAPPLE PASTE,파인애플페이스트,,A1001972000033,식품원료,원료이기에 사용기준 없음,,사용가능,
8984,PINAPPLE PUREE,파인애플퓌레,,A1001972000034,식품원료,원료이기에 사용기준 없음,,사용가능,
8985,CONCENTRATED PINEAPPLE PUREE,파인애플퓌레농축액,,A1001972000834,식품원료,원료이기에 사용기준 없음,,사용가능,
8986,,파주스,,A1001964000025,식품원료,원료이기에 사용기준 없음,,사용가능,
8987,,파추출물,,A1001964004500,식품원료,원료이기에 사용기준 없음,,사용가능,
8988,,파크랜크랜베리분말(기능성원료인정제2014-34호),,C9000625000000,건강기능식품,"사용기준 못찾음, 별도 확인 필요",,"기타, 별도 확인 필요",
8989,PAPAYA,파파야,,A1001975000000,식품원료,원료이기에 사용기준 없음,,사용가능,
8990,,파파야농축,,A1001975000800,식품원료,원료이기에 사용기준 없음,,사용가능,
8991,,파파야다이스,,A1001975000007,식품원료,원료이기에 사용기준 없음,,사용가능,
8992,,파파야엑기스,,A1001975000017,식품원료,원료이기에 사용기준 없음,,사용가능,
8993,RED PAPAYA,파파야열매,,A1001975230000,식품원료,원료이기에 사용기준 없음,,사용가능,
8994,PAPAYA PULP,파파야열매과육,,A1001975300000,식품원료,원료이기에 사용기준 없음,,사용가능,
8995,PAPAYA POWDER,파파야열매분말,,A1001975000001,식품원료,원료이기에 사용기준 없음,,사용가능,
8996,,파파야주스,,A1001975000025,식품원료,원료이기에 사용기준 없음,,사용가능,
8997,PAPAYA EXTRACT,파파야추출물,,A1001975004500,식품원료,원료이기에 사용기준 없음,,사용가능,
8998,,파파야추출분말,,A1001975004501,식품원료,원료이기에 사용기준 없음,,사용가능,
8999,,파파야페이스트,,A1001975000033,식품원료,원료이기에 사용기준 없음,,사용가능,
9000,PAPAYA PUREE,파파야퓌레,,A1001975000034,식품원료,원료이기에 사용기준 없음,,사용가능,
9001,PAPAIN,파파인,,B2009150000000,식품첨가물,"사용기준 못찾음, 별도 확인 필요",,"기타, 별도 확인 필요",
9002,PAPRIKA,파프리카,,A1002190000000,식품원료,원료이기에 사용기준 없음,,사용가능,
9003,PAPRIKA CONCENTRATE,파프리카농축,,A1002190000800,식품원료,원료이기에 사용기준 없음,,사용가능,
9004,,파프리카농축액,,A1002190000814,식품원료,원료이기에 사용기준 없음,,사용가능,
9005,PAPRIKA POWDER,파프리카분말,,A1002190000001,식품원료,원료이기에 사용기준 없음,,사용가능,
9006,,파프리카액,,A1002190000014,식품원료,원료이기에 사용기준 없음,,사용가능,
9007,PAPRIKA OIL,파프리카오일,,A1002190000020,식품원료,원료이기에 사용기준 없음,,사용가능,
9008,,파프리카잎,,A1002190380000,식품원료,원료이기에 사용기준 없음,,사용가능,
9009,PAPRIKA SLICES,파프리카조각,,A1002190000024,식품원료,원료이기에 사용기준 없음,,사용가능,
9010,PAPRIKA,파프리카주스,,A1002190000025,식품원료,원료이기에 사용기준 없음,,사용가능,
9011,PAPRIKA EXTRACT,파프리카추출물,EXTRACTIVE OF PAPRIKA,A1002190004500,식품원료,원료이기에 사용기준 없음,,사용가능,
9012,OLEORESIN PAPRIKA,파프리카추출색소,,B2000080000000,식품첨가물,"사용기준 찾음, 별도 확인 필요",착색료,"기타, 별도 확인 필요",
9013,,파프리카추출액,,A1002190004514,식품원료,원료이기에 사용기준 없음,,사용가능,
9014,POPPY SEED,파피씨드씨앗(가열처리한 것에 한함),,A1001976900000,식품원료,원료이기에 사용기준 없음,,사용가능,
9015,POPPY SEED OIL,파피씨드씨앗유,,A1001976900020,식품원료,원료이기에 사용기준 없음,,사용가능,
9016,PAKCHOI OIL,팍쵸(청경채)유,,A1001789000020,식품원료,원료이기에 사용기준 없음,,사용가능,
9017,PANDAN LEAF,판다누스잎,,A1003152380000,식품원료,원료이기에 사용기준 없음,,사용가능,
9018,PANDAN LEAF POWDER,판다누스잎분말,,A1003152380001,식품원료,원료이기에 사용기준 없음,,사용가능,
9019,PANDAN LEAF EXTRACT,판다누스잎추출물,,A1003152384500,식품원료,원료이기에 사용기준 없음,,사용가능,
9020,PANDAN JUICE,판다누스주스,,A1003152000025,식품원료,원료이기에 사용기준 없음,,사용가능,
9021,PANCREATIN,판크레아틴,,B2000183000000,식품첨가물,II. 2. 1)의 규정에 따라 사용하여야 한다.,효소제,"기타, 별도 확인 필요",
9022,Pentosanase,판토산나제(외화획득용 등),,BZ000078000000,식품첨가물,"사용기준 못찾음, 별도 확인 필요",,사용불가,
9023,SODIUM PANTOTHENATE,판토텐산나트륨,,B1000278000000,식품첨가물,II. 2. 1)의 규정에 따라 사용하여야 한다.,영양강화제,"기타, 별도 확인 필요",
9024,CALCIUM PANTOTHENATE(D-CALCIUM PANTOTHENATE),판토텐산칼슘,Calcium Pantothenate,B1000279000000,식품첨가물,"사용기준 찾음, 별도 확인 필요",영양강화제,"기타, 별도 확인 필요",
9025,,팔각향잎,,A1001979380000,식품원료,원료이기에 사용기준 없음,,사용가능,
9026,REDUCED PALATINOSE,팔라티노스,,A6000043000000,식품원료,원료이기에 사용기준 없음,,사용가능,
9027,PALMITIC ACID,팔미트산,,B2000182000000,식품첨가물,II. 2. 1)의 규정에 따라 사용하여야 한다.,거품제거제,"기타, 별도 확인 필요",
9028,REFINED FISH OIL FROM ALASKA POLLAK CONTAINING PALMITOLILEC ACID,팔밋올레산 함유 명태(알래스카폴락)유래 정제어유(기능성원료인정제2024-18호),,C9001045000000,건강기능식품,"사용기준 못찾음, 별도 확인 필요",,사용가능,
9029,DULSE,팔손이풀,,A1005357000000,식품원료,원료이기에 사용기준 없음,,사용가능,
9030,PALM TREE,팜,,A1001982000000,식품원료,원료이기에 사용기준 없음,,사용가능,
9031,,팜분말,,A1001982000001,식품원료,원료이기에 사용기준 없음,,사용가능,
9032,,팜스테아린유,,P0114120300000,식품유형,"사용기준 못찾음, 별도 확인 필요",,"기타, 별도 확인 필요",
9033,PALM,팜열매,,A1001982230000,식품원료,원료이기에 사용기준 없음,,사용가능,
9034,PALM POWDER,팜열매분말,,A1001982230001,식품원료,원료이기에 사용기준 없음,,사용가능,
9035,,팜올레인에스테르화유,,A1001982018320,식품원료,원료이기에 사용기준 없음,,사용가능,
9036,,팜올레인유,,P0114120200000,식품유형,"사용기준 못찾음, 별도 확인 필요",,"기타, 별도 확인 필요",
9037,PALM OIL(FAT),팜유,"Palm Oil,palm fat",A1001982000020,식품원료,원료이기에 사용기준 없음,,사용가능,
9038,PALM OIL POWDER,팜유분말,,A1001982000092,식품원료,원료이기에 사용기준 없음,,사용가능,
9039,PALM STARCH,팜전분,,A1001982230038,식품원료,원료이기에 사용기준 없음,,사용가능,
9040,PALM JUICE,팜주스,,A1001982000025,식품원료,원료이기에 사용기준 없음,,사용가능,
9041,,팜즙,,A1001982000026,식품원료,원료이기에 사용기준 없음,,사용가능,
9042,,팜추출물,,A1001982004500,식품원료,원료이기에 사용기준 없음,,사용가능,
9043,PALM FRACTION,팜프렉션,,A1054153008020,식품원료,원료이기에 사용기준 없음,,사용가능,
9044,PALM KERNEL,팜핵,,A1001982B20000,식품원료,원료이기에 사용기준 없음,,사용가능,
9045,PALM KERNEL OIL(FAT),팜핵유,"Palm kernel fat, palm kernel oil",A1001982B20020,식품원료,원료이기에 사용기준 없음,,사용가능,
9046,SMALL RED BEAN,팥,,A1001983000000,식품원료,원료이기에 사용기준 없음,,사용가능,
9047,SMALL RED BEAN POWDER,팥가루,,A1001983000001,식품원료,원료이기에 사용기준 없음,,사용가능,
9048,,팥씨앗,,A1001983320000,식품원료,원료이기에 사용기준 없음,,사용가능,
9049,Red Bean Skin,팥씨앗껍질,,A1001983280000,식품원료,원료이기에 사용기준 없음,,사용가능,
9050,,팥앙금,,A1001983000037,식품원료,원료이기에 사용기준 없음,,사용가능,
9051,,팥추출물,,A1001983004500,식품원료,원료이기에 사용기준 없음,,사용가능,
9052,RED BEAN PASTE,팥페이스트,,A1001983000033,식품원료,원료이기에 사용기준 없음,,사용가능,
9053,,패각분말,,A3000636030001,식품원료,원료이기에 사용기준 없음,,사용가능,
9054,,패각칼슘,,A6001440000000,식품원료,원료이기에 사용기준 없음,,사용가능,
9055,WINTER MUSHROOMS,팽이버섯,,A1001990B90000,식품원료,원료이기에 사용기준 없음,,사용가능,
9056,WINTER MUSHROOMS,팽이버섯분말,,A1001990B90001,식품원료,원료이기에 사용기준 없음,,사용가능,
9057,,팽이버섯추출물,,A1001990B94500,식품원료,원료이기에 사용기준 없음,,사용가능,
9058,,팽이버섯추출물분말,,A1001990B94501,식품원료,원료이기에 사용기준 없음,,사용가능,
9059,PUFFED OAT,팽화귀리,,A1000415009800,식품원료,원료이기에 사용기준 없음,,사용가능,
9060,PUFFED MILLET,팽화기장,,A1000454009800,식품원료,원료이기에 사용기준 없음,,사용가능,
9061,,팽화미,,A1001332009803,식품원료,원료이기에 사용기준 없음,,사용가능,
9062,,팽화미분말,,A1001332009801,식품원료,원료이기에 사용기준 없음,,사용가능,
9063,PUFFED WHEAT,팽화밀,,A1054184009800,식품원료,원료이기에 사용기준 없음,,사용가능,
9064,WHEAT FLOUR PUFFED,팽화밀가루,,A1000911009801,식품원료,원료이기에 사용기준 없음,,사용가능,
9065,PUFFED SPELT WHEAT,팽화스펠트밀,,A1001299009800,식품원료,원료이기에 사용기준 없음,,사용가능,
9066,PUFFED AMARANTH,팽화아마란스,,A1001357009800,식품원료,원료이기에 사용기준 없음,,사용가능,
9067,CORN PUFF,팽화옥수수,,A1001488009800,식품원료,원료이기에 사용기준 없음,,사용가능,
9068,,팽화찹쌀분말,,A1002165009801,식품원료,원료이기에 사용기준 없음,,사용가능,
9069,BARNYARD MILLET PUFF,팽화피씨앗,,A1002015329800,식품원료,원료이기에 사용기준 없음,,사용가능,
9070,PERLITE,퍼라이트,,B2000081000000,식품첨가물,"사용기준 찾음, 별도 확인 필요",여과보조제,"기타, 별도 확인 필요",
9071,FURCELLERAN,퍼셀레란,,B2009181000000,식품첨가물,II. 2. 1)의 규정에 따라 사용하여야 한다.,안정제,"기타, 별도 확인 필요",
9072,BASA FISH,퍼시픽도리,,A3000764000000,식품원료,원료이기에 사용기준 없음,,사용가능,
9073,BASA FISH SKIN,퍼시픽도리껍질,,A3011914030000,식품원료,원료이기에 사용기준 없음,,사용가능,
9074,펄닭새우,펄닭새우,,A3000765000000,식품원료,원료이기에 사용기준 없음,,사용가능,
9075,,펍핑퀴노아,,A1001870009800,식품원료,원료이기에 사용기준 없음,,사용가능,
9076,PHENOL-FORMALDEHYDE RESIN,페놀수지,,D1000007000000,기구 및 용기포장,"사용기준 못찾음, 별도 확인 필요",,"기타, 별도 확인 필요",
9077,ETHYL PHENYLACETATE,페닐초산에틸,,B1000284000000,식품첨가물,"사용기준 찾음, 별도 확인 필요",향료,"기타, 별도 확인 필요",
9078,ISOBUTYL PHENYLACETATE,페닐초산이소부틸,,B1000285000000,식품첨가물,"사용기준 찾음, 별도 확인 필요",향료,"기타, 별도 확인 필요",
9079,SODIUM FERROCYANIDE,페로시안화나트륨,,B1000410000000,식품첨가물,"사용기준 찾음, 별도 확인 필요",고결방지제,"기타, 별도 확인 필요",
9080,POTASSIUM FERROCYANIDE,페로시안화칼륨,,B1000409000000,식품첨가물,"사용기준 찾음, 별도 확인 필요",고결방지제,"기타, 별도 확인 필요",
9081,CALCIUM FERROCYANIDE,페로시안화칼슘,,B1000411000000,식품첨가물,"사용기준 찾음, 별도 확인 필요",고결방지제,"기타, 별도 확인 필요",
9082,,페루멸치,,A3001149000000,식품원료,원료이기에 사용기준 없음,,사용가능,
9083,FERULIC ACID,페룰린산,,B2000184000000,식품첨가물,II. 2. 1)의 규정에 따라 사용하여야 한다.,산화방지제,"기타, 별도 확인 필요",
9084,PEPPER TREE,페퍼트리,,A1001993000000,식품원료,원료이기에 사용기준 없음,,사용가능,
9085,PINK PEPPERCORN,페퍼트리열매,,A1001993230000,식품원료,원료이기에 사용기준 없음,,사용가능,
9086,PEPINO,페피노,,A1001994000000,식품원료,원료이기에 사용기준 없음,,사용가능,
9087,PECTINASE,펙티나아제,,B2000082000000,식품첨가물,II. 2. 1)의 규정에 따라 사용하여야 한다.,효소제,"기타, 별도 확인 필요",
9088,PECTIN,펙틴,"gelling agent: pectins, pectins, Fruit pectin",B2000083000000,식품첨가물,II. 2. 1)의 규정에 따라 사용하여야 한다.,증점제,"기타, 별도 확인 필요",
9089,PECTINLYASE,펙틴리아제,,B2009148000000,식품첨가물,"사용기준 못찾음, 별도 확인 필요",,"기타, 별도 확인 필요",
9090,PECTIN ESTERASE,펙틴에스터라아제,,B2009147000000,식품첨가물,"사용기준 못찾음, 별도 확인 필요",,"기타, 별도 확인 필요",
9091,SILVER BIRCH(EUROPEAN WHITE BIRCH),펜둘라자작,,A1003126000000,식품원료,원료이기에 사용기준 없음,,사용가능,
9092,,펜둘라자작잎,,A1003126380000,식품원료,원료이기에 사용기준 없음,,사용가능,
9093,SILVER BIRCH EXTRACT,펜둘라자작잎추출물,,A1054095384500,식품원료,원료이기에 사용기준 없음,,사용가능,
9094,Birch Leaves Extract Powder,펜둘라자작잎추출분말,,A1054095384501,식품원료,원료이기에 사용기준 없음,,사용가능,
9095,PEPSIN,펩신,,B2000084000000,식품첨가물,II. 2. 1)의 규정에 따라 사용하여야 한다.,효소제,"기타, 별도 확인 필요",
9096,TARAXACI HERBA,포공영,,A1000902010000,식품원료,원료이기에 사용기준 없음,,사용가능,
9097,GRAPE,포도,,A1001995000000,식품원료,원료이기에 사용기준 없음,,사용가능,
9098,,포도과립,,A1001995000043,식품원료,원료이기에 사용기준 없음,,사용가능,
9099,GRAPE PULP,포도과육,,A1001995300000,식품원료,원료이기에 사용기준 없음,,사용가능,
9100,,포도과즙,,A1001995000026,식품원료,원료이기에 사용기준 없음,,사용가능,
9101,포도과즙,포도과즙분말,,A1001995000057,식품원료,원료이기에 사용기준 없음,,사용가능,
9102,GRAPE JUICE COLOR,포도과즙색소,,B2000151000000,식품첨가물,"사용기준 찾음, 별도 확인 필요",착색료,"기타, 별도 확인 필요",
9103,,포도과피,,A1001995240000,식품원료,원료이기에 사용기준 없음,,사용가능,
9104,GRAPE SKIN EXTRACT COLOR,포도과피색소,,B2000085000000,식품첨가물,"사용기준 찾음, 별도 확인 필요",착색료,"기타, 별도 확인 필요",
9105,GRAPE SKIN,포도껍질,,A1001995770000,식품원료,원료이기에 사용기준 없음,,사용가능,
9106,GRAPE SKIN POWDER,포도껍질분말,,A1001995770001,식품원료,원료이기에 사용기준 없음,,사용가능,
9107,GRAPE SKIN EXTRACT,포도껍질추출물,,A1001995774500,식품원료,원료이기에 사용기준 없음,,사용가능,
9108,GRAPE SKIN EXTRACT POWDER,포도껍질추출분말,,A1001995774501,식품원료,원료이기에 사용기준 없음,,사용가능,
9109,,포도냉동,,A1001995000600,식품원료,원료이기에 사용기준 없음,,사용가능,
9110,GRAPE CONCENTRATE,포도농축,,A1001995000800,식품원료,원료이기에 사용기준 없음,,사용가능,
9111,,포도농축과즙,,A1001995000826,식품원료,원료이기에 사용기준 없음,,사용가능,
9112,RED GRAPE CONCENTRATES,포도농축액,,A1001995000814,식품원료,원료이기에 사용기준 없음,,사용가능,
9113,,포도농축액분말,,A1001995000801,식품원료,원료이기에 사용기준 없음,,사용가능,
9114,GLUCOSE(DEXTROSE),포도당,"Glucose, DEXTROSE",P0106000000000,식품유형,원료이기에 사용기준 없음,,"기타, 별도 확인 필요",
9115,GLUCOSE(DEXTROSE) SYRUP,포도당시럽,"glucose syrup, DEXTROSE SYRUP",P0106000000013,식품유형,원료이기에 사용기준 없음,,"기타, 별도 확인 필요",
9116,CONCENTRATED GLUCOSE SYRUP,포도당시럽농축,,P0106000000813,식품유형,"사용기준 못찾음, 별도 확인 필요",,"기타, 별도 확인 필요",
9117,DEHYDRATED GLUCOSE SYRUP,포도당시럽분말,,P0106000000413,식품유형,"사용기준 못찾음, 별도 확인 필요",,"기타, 별도 확인 필요",
9118,GRAPE POMACE,포도박,,A1001995000075,식품원료,원료이기에 사용기준 없음,,사용가능,
9119,GRAPE FERMENTED JUICE,포도발효액,,A1053995001925,식품원료,원료이기에 사용기준 없음,,사용가능,
9120,GRAPE POWDER,포도분말,,A1001995000001,식품원료,원료이기에 사용기준 없음,,사용가능,
9121,,포도숙성액,,A1001995002B14,식품원료,원료이기에 사용기준 없음,,사용가능,
9122,,포도시럽,,A1001995000013,식품원료,원료이기에 사용기준 없음,,사용가능,
9123,,포도씨 효소분해 추출분말(기능성원료 인정 제2013-9호),,C9000435000000,건강기능식품,"사용기준 못찾음, 별도 확인 필요",,"기타, 별도 확인 필요",
9124,GRAPE SEED POWDER,포도씨분말,,A1001995320001,식품원료,원료이기에 사용기준 없음,,사용가능,
9125,,포도씨앗,,A1001995320000,식품원료,원료이기에 사용기준 없음,,사용가능,
9126,,포도씨앗엑기스,,A1001995320017,식품원료,원료이기에 사용기준 없음,,사용가능,
9127,,포도씨앗추출물,,A1001995324514,식품원료,원료이기에 사용기준 없음,,사용가능,
9128,GRAPE SEED EXTRACT POWDER,포도씨앗추출물분말,,A1001995324501,식품원료,원료이기에 사용기준 없음,,사용가능,
9129,,포도엑기스,,A1001995000017,식품원료,원료이기에 사용기준 없음,,사용가능,
9130,DARK SEEDLESS GRAPES,포도열매,,A1001995230000,식품원료,원료이기에 사용기준 없음,,사용가능,
9131,,포도오일,,A1001995000020,식품원료,원료이기에 사용기준 없음,,사용가능,
9132,,포도원액,,A1001995000021,식품원료,원료이기에 사용기준 없음,,사용가능,
9133,GRAPE LEAF,포도잎,,A1001995380000,식품원료,원료이기에 사용기준 없음,,사용가능,
9134,GRAPE LEAVES EXTRACT,포도잎추출물,,A1001995384500,식품원료,원료이기에 사용기준 없음,,사용가능,
9135,,포도종자추출물(식품원료),,A1001995324500,식품원료,원료이기에 사용기준 없음,,사용가능,
9136,,포도종자추출물(식품첨가물),,B2000628000000,식품첨가물,"사용기준 못찾음, 별도 확인 필요",,"기타, 별도 확인 필요",
9137,GRAPE JUICE,포도주스,,A1001995000025,식품원료,원료이기에 사용기준 없음,,사용가능,
9138,GRAPE JUICE CONCENTRATE,포도주스농축액,,A1001995000825,식품원료,원료이기에 사용기준 없음,,사용가능,
9139,GRAPE JUICE POWDER,포도주스분말,,A1001995000069,식품원료,원료이기에 사용기준 없음,,사용가능,
9140,DISTILLATE OF GRAPES,포도증류액,,A1001995006914,식품원료,원료이기에 사용기준 없음,,사용가능,
9141,,포도착즙액,,A1001995233226,식품원료,원료이기에 사용기준 없음,,사용가능,
9142,RECTIFIED CONCENTRATED GRAPE MUST,포도추출농축당,,A1054063001000,식품원료,원료이기에 사용기준 없음,,사용가능,
9143,GRAPE EXTRACT,포도추출물,,A1001995004500,식품원료,원료이기에 사용기준 없음,,사용가능,
9144,GRAPE EXTRACT POWDER,포도추출분말,,A1001995004501,식품원료,원료이기에 사용기준 없음,,사용가능,
9145,,포도추출오일,,A1001995004520,식품원료,원료이기에 사용기준 없음,,사용가능,
9146,,포도페이스트,,A1001995000033,식품원료,원료이기에 사용기준 없음,,사용가능,
9147,GRAPE PUREE,포도퓌레,,A1001995000034,식품원료,원료이기에 사용기준 없음,,사용가능,
9148,POMELO,포멜로,,A1001997000000,식품원료,원료이기에 사용기준 없음,,사용가능,
9149,POMELO CONCENTRATE,포멜로농축액,,A1001997000814,식품원료,원료이기에 사용기준 없음,,사용가능,
9150,,포멜로열매,,A1001997230000,식품원료,원료이기에 사용기준 없음,,사용가능,
9151,POMELO,포멜로열매껍질,,A1001997770000,식품원료,원료이기에 사용기준 없음,,사용가능,
9152,CITRUS GRANDIS(GRAPEFRUIT)PEEL OIL,포멜로열매껍질오일,,A1001997240020,식품원료,원료이기에 사용기준 없음,,사용가능,
9153,POMELO FRUIT POWDER,포멜로열매분말,,A1054000230001,식품원료,원료이기에 사용기준 없음,,사용가능,
9154,POMELO FRUIT EXTRACT,포멜로열매추출물,,A1053999234500,식품원료,원료이기에 사용기준 없음,,사용가능,
9155,POMELO JUICE,포멜로주스,,A1001997000025,식품원료,원료이기에 사용기준 없음,,사용가능,
9156,POMELO PUREE,포멜로퓌레,,A1001997000034,식품원료,원료이기에 사용기준 없음,,사용가능,
9157,PHOSPHATIDYLSERINE,포스파티딜세린(고시형),,C2000087000000,건강기능식품,"사용기준 못찾음, 별도 확인 필요",,"기타, 별도 확인 필요",
9158,PHOSPHODIESTERASE,포스포디에스테라아제,,B2000211000000,식품첨가물,II. 2. 1)의 규정에 따라 사용하여야 한다.,효소제,"기타, 별도 확인 필요",
9159,PHOSPHOLIPASE A2,포스포리파아제 A₂,,B2000107000000,식품첨가물,"사용기준 못찾음, 별도 확인 필요",,"기타, 별도 확인 필요",
9160,포스포리파아제 B,포스포리파아제 B,,B2000630000000,식품첨가물,"사용기준 못찾음, 별도 확인 필요",,"기타, 별도 확인 필요",
9161,포스포리파아제 D,포스포리파아제 D,,B2000629000000,식품첨가물,"사용기준 못찾음, 별도 확인 필요",,"기타, 별도 확인 필요",
9162,POT MARIGOLD,포트마리골드,,A1001998000000,식품원료,원료이기에 사용기준 없음,,사용가능,
9163,,포트마리골드꽃,,A1001998140000,식품원료,원료이기에 사용기준 없음,,사용가능,
9164,,포트마리골드꽃잎,,A1001998170000,식품원료,원료이기에 사용기준 없음,,사용가능,
9165,POT MARIGOLD FLOWER EXTRACT,포트마리골드꽃추출물,,A1001998144500,식품원료,원료이기에 사용기준 없음,,사용가능,
9166,,포포나무열매,,A1003064230000,식품원료,원료이기에 사용기준 없음,,사용가능,
9167,PAWPAW PURE,포포나무열매퓌레,,A1003064230034,식품원료,원료이기에 사용기준 없음,,사용가능,
9168,POLYGALACTURONASE,폴리갈락투로나아제,,B2009149000000,식품첨가물,"사용기준 못찾음, 별도 확인 필요",,"기타, 별도 확인 필요",
9169,POLY-Γ-GLUTAMIC ACID,폴리감마글루탐산,,B2000198000000,식품첨가물,II. 2. 1)의 규정에 따라 사용하여야 한다.,증점제,"기타, 별도 확인 필요",
9170,POLYGLYCERIN,폴리글리세린(정제가공용원료),,BZ000058000000,식품첨가물,"사용기준 못찾음, 별도 확인 필요",,사용불가,
9171,POLYGLYCERIN ESTER OF FATTY ACID,폴리글리세린지방산에스테르,Mono- and Di- Glycerides of Fatty Acids (471),B1003568000000,식품첨가물,II. 2. 1)의 규정에 따라 사용하여야 한다.,유화제,"기타, 별도 확인 필요",
9172,POLYGLYCERIN ESTER OF CONDENSED RICINOLEATE,폴리글리세린축합리시놀레인산에스테르,"E476, polyglycerol polyricinoleate",B1003633000000,식품첨가물,II. 2. 1)의 규정에 따라 사용하여야 한다.,유화제,"기타, 별도 확인 필요",
9173,POLYGLYCITOL SYRUP,폴리글리시톨시럽,,B1000412000000,식품첨가물,II. 2. 1)의 규정에 따라 사용하여야 한다.,감미료,"기타, 별도 확인 필요",
9174,POLYDEXTROSE,폴리덱스트로스,,B1000286000000,식품첨가물,II. 2. 1)의 규정에 따라 사용하여야 한다.,습윤제,"기타, 별도 확인 필요",
9175,"POLYLACTIDE, POLY(LACTIC ACID)",폴리락타이드,,D1000038000000,기구 및 용기포장,"사용기준 못찾음, 별도 확인 필요",,"기타, 별도 확인 필요",
9176,POLYMETHACRYLSTYRENE,폴리메타크릴스티렌,,D1000020000000,기구 및 용기포장,"사용기준 못찾음, 별도 확인 필요",,"기타, 별도 확인 필요",
9177,POLYMETHYLPENTENE,폴리메틸펜텐,,D1000013000000,기구 및 용기포장,"사용기준 못찾음, 별도 확인 필요",,"기타, 별도 확인 필요",
9178,,폴리부텐(기구용기및포장),,D1000043000000,기구 및 용기포장,"사용기준 못찾음, 별도 확인 필요",,"기타, 별도 확인 필요",
9179,POLYBUTENE,폴리부텐(식품첨가물),,B1000287000000,식품첨가물,"사용기준 못찾음, 별도 확인 필요",,"기타, 별도 확인 필요",
9180,POLY(BUTYLENE ADIPATE TEREPHTHALATE),폴리부틸렌아디페이트테레프탈레이트,"POLY BUTYLENE ADIPATE TEREPHTHALATE,BUTYLENE ADIPATE TEREPHTHALATE",D1000052000000,기구 및 용기포장,"사용기준 못찾음, 별도 확인 필요",,사용가능,
9181,POLY(BUTYLENE TEREPHTHALATE),폴리부틸렌테레프탈레이트,"POLY BUTYLENE TEREPHTHALATE,BUTYLENE TEREPHTHALATE",D1000021000000,기구 및 용기포장,"사용기준 못찾음, 별도 확인 필요",,"기타, 별도 확인 필요",
9182,,폴리비닐알콜(기구용기및포장),,D1000042000000,기구 및 용기포장,"사용기준 못찾음, 별도 확인 필요",,"기타, 별도 확인 필요",
9183,,폴리비닐알콜(식품첨가물),,B1000436000000,식품첨가물,"사용기준 못찾음, 별도 확인 필요",,"기타, 별도 확인 필요",
9184,POLYVINYLPOLYPYRROLIDONE,폴리비닐폴리피로리돈,,B1000288000000,식품첨가물,"사용기준 찾음, 별도 확인 필요",여과보조제,"기타, 별도 확인 필요",
9185,POLYVINYL PYRROLIDONE,폴리비닐피로리돈,,B1000407000000,식품첨가물,"사용기준 찾음, 별도 확인 필요",피막제,"기타, 별도 확인 필요",
9186,POLYSORBATE 20,폴리소르베이트 20,,B1000289000000,식품첨가물,"사용기준 못찾음, 별도 확인 필요",,"기타, 별도 확인 필요",
9187,POLYSORBATE 60,폴리소르베이트 60,,B1000290000000,식품첨가물,"사용기준 못찾음, 별도 확인 필요",,"기타, 별도 확인 필요",
9188,POLYSORBATE 65,폴리소르베이트 65,,B1000291000000,식품첨가물,"사용기준 못찾음, 별도 확인 필요",,"기타, 별도 확인 필요",
9189,POLYSORBATE 80,폴리소르베이트 80,,B1000292000000,식품첨가물,"사용기준 못찾음, 별도 확인 필요",,"기타, 별도 확인 필요",
9190,POLYSTYRENE,폴리스티렌,,D1000004000000,기구 및 용기포장,"사용기준 못찾음, 별도 확인 필요",,"기타, 별도 확인 필요",
9191,POLYSTYRENE(GOLD PLATING),폴리스티렌(금도금),POLYSTYRENE GOLD PLATING,D1000004A40000,기구 및 용기포장,"사용기준 못찾음, 별도 확인 필요",,"기타, 별도 확인 필요",
9192,"POLY(CYCLOHEXANE-1,4-DIMETHYLENE TEREPHTHALATE)","폴리시클로헥산-1,4-디메틸렌테레프탈레이트",,D1000035000000,기구 및 용기포장,"사용기준 못찾음, 별도 확인 필요",,"기타, 별도 확인 필요",
9193,POLYARYLATE,폴리아릴레이트,,D1000023000000,기구 및 용기포장,"사용기준 못찾음, 별도 확인 필요",,"기타, 별도 확인 필요",
9194,POLYARYLSULFONE,폴리아릴설폰,,D1000022000000,기구 및 용기포장,"사용기준 못찾음, 별도 확인 필요",,"기타, 별도 확인 필요",
9195,POLYAMIDE,폴리아미드,,D1000012000000,기구 및 용기포장,"사용기준 못찾음, 별도 확인 필요",,"기타, 별도 확인 필요",
9196,"POLYACETAL, POLYOXYMETHYLENE",폴리아세탈,,D1000010000000,기구 및 용기포장,"사용기준 못찾음, 별도 확인 필요",,"기타, 별도 확인 필요",
9197,POLYACRYLONITRILE,폴리아크릴로니트릴,,D1000025000000,기구 및 용기포장,"사용기준 못찾음, 별도 확인 필요",,"기타, 별도 확인 필요",
9198,SODIUM POLYACRYLATE,폴리아크릴산나트륨,,B1000293000000,식품첨가물,"사용기준 찾음, 별도 확인 필요",증점제,"기타, 별도 확인 필요",
9199,POLY(ETHER SULFONE),폴리에테르설폰,,D1000034000000,기구 및 용기포장,"사용기준 못찾음, 별도 확인 필요",,"기타, 별도 확인 필요",
9200,POLYETHERETHERKETONE,폴리에테르에테르케톤,,D1000037000000,기구 및 용기포장,"사용기준 못찾음, 별도 확인 필요",,"기타, 별도 확인 필요",
9201,POLYETHYLENE,폴리에틸렌,,D1000002000000,기구 및 용기포장,"사용기준 못찾음, 별도 확인 필요",,"기타, 별도 확인 필요",
9202,폴리에틸렌글리콜,폴리에틸렌글리콜,,B1003575000000,식품첨가물,"사용기준 찾음, 별도 확인 필요",피막제,"기타, 별도 확인 필요",
9203,POLY(ETHYLENE NAPHTHALATE),폴리에틸렌나프탈레이트,,D1000031000000,기구 및 용기포장,"사용기준 못찾음, 별도 확인 필요",,"기타, 별도 확인 필요",
9204,POLY(ETHYLENE TEREPHTHALATE),폴리에틸렌테레프탈레이트,,D1000006000000,기구 및 용기포장,"사용기준 못찾음, 별도 확인 필요",,"기타, 별도 확인 필요",
9205,POLY(VINYL CHLORIDE),폴리염화비닐,,D1000001000000,기구 및 용기포장,"사용기준 못찾음, 별도 확인 필요",,"기타, 별도 확인 필요",
9206,POLY(VINYLIDENE CHLORIDE),폴리염화비닐리덴,,D1000005000000,기구 및 용기포장,"사용기준 못찾음, 별도 확인 필요",,"기타, 별도 확인 필요",
9207,POLYURETHANE,폴리우레탄,,D1000016000000,기구 및 용기포장,"사용기준 못찾음, 별도 확인 필요",,"기타, 별도 확인 필요",
9208,POLYIMIDE,폴리이미드,,D1000036000000,기구 및 용기포장,"사용기준 못찾음, 별도 확인 필요",,"기타, 별도 확인 필요",
9209,POLYISOBUTYLENE,폴리이소부틸렌,,B1000294000000,식품첨가물,"사용기준 찾음, 별도 확인 필요",껌기초제,"기타, 별도 확인 필요",
9210,SODIUM POLYPHOSPHATE,폴리인산나트륨,,B1000295000000,식품첨가물,II. 2. 1)의 규정에 따라 사용하여야 한다.,산도조절제,"기타, 별도 확인 필요",
9211,POTASSIUM POLYPHOSPHATE,폴리인산칼륨,,B1000296000000,식품첨가물,II. 2. 1)의 규정에 따라 사용하여야 한다.,산도조절제,"기타, 별도 확인 필요",
9212,POLYCARBONATE,폴리카보네이트,,D1000014000000,기구 및 용기포장,"사용기준 못찾음, 별도 확인 필요",,"기타, 별도 확인 필요",
9213,POLYCARBONATE(CHROM PLATING),폴리카보네이트(크롬도금),,D1000014C30000,기구 및 용기포장,"사용기준 못찾음, 별도 확인 필요",,"기타, 별도 확인 필요",
9214,POLYKETONE,폴리케톤,,D1000051000000,기구 및 용기포장,"사용기준 못찾음, 별도 확인 필요",,사용가능,
9215,,폴리코사놀-사탕수수 왁스 알코올(기능성원료인정제2006-4호),,C9000036000000,건강기능식품,"사용기준 못찾음, 별도 확인 필요",,"기타, 별도 확인 필요",
9216,POLICOSANOL-SUGARCANE ALCOHOL EXTRACT,폴리코사놀-사탕수수주정추출물(외화획득용 등),,AZ000070000000,식품원료,원료이기에 사용기준 없음,,사용불가,
9217,POLY(PHENYLENE SULFIDE),폴리페닐렌설파이드,,D1000033000000,기구 및 용기포장,"사용기준 못찾음, 별도 확인 필요",,"기타, 별도 확인 필요",
9218,POLY(PHENYLENE ETHER),폴리페닐렌에테르,,D1000027000000,기구 및 용기포장,"사용기준 못찾음, 별도 확인 필요",,"기타, 별도 확인 필요",
9219,POLYPODIUM LEUCOTOMOS EXTRACT,폴리포디움류코모스추출물(외화획득용),,AZ000021000000,식품원료,원료이기에 사용기준 없음,,사용불가,
9220,POLYPROPYLENE,폴리프로필렌,,D1000003000000,기구 및 용기포장,"사용기준 못찾음, 별도 확인 필요",,"기타, 별도 확인 필요",
9221,POLYPROPYLENE(ALUMINIUM PLATING),폴리프로필렌(알루미늄도금),,D1000003B70000,기구 및 용기포장,"사용기준 못찾음, 별도 확인 필요",,사용가능,
9222,POLYPROPYLENE(CHROM PLATING),폴리프로필렌(크롬도금),,D1000003C30000,기구 및 용기포장,"사용기준 못찾음, 별도 확인 필요",,"기타, 별도 확인 필요",
9223,SHIITAKE FUNGUS,표고버섯,,A1001999B90000,식품원료,원료이기에 사용기준 없음,,사용가능,
9224,SHIITAKE FUNGUS POWDER,표고버섯가루,,A1001999000001,식품원료,원료이기에 사용기준 없음,,사용가능,
9225,,표고버섯균사체,,A1001999B30000,식품원료,원료이기에 사용기준 없음,,사용가능,
9226,,표고버섯균사체배양물,,A1001999B37700,식품원료,원료이기에 사용기준 없음,,사용가능,
9227,,표고버섯균사체분말,,A1001999B30001,식품원료,원료이기에 사용기준 없음,,사용가능,
9228,,표고버섯균사체추출물,,A1001999B34514,식품원료,원료이기에 사용기준 없음,,사용가능,
9229,,표고버섯균사체추출물분말,,A1001999B34501,식품원료,원료이기에 사용기준 없음,,사용가능,
9230,,표고버섯농축,,A1001999000800,식품원료,원료이기에 사용기준 없음,,사용가능,
9231,,표고버섯농축액,,A1001999000814,식품원료,원료이기에 사용기준 없음,,사용가능,
9232,표고버섯 엑기스,표고버섯엑기스,,A1001999000017,식품원료,원료이기에 사용기준 없음,,사용가능,
9233,,표고버섯엑기스분말,,A1001999000018,식품원료,원료이기에 사용기준 없음,,사용가능,
9234,SHIITAKE FUNGUS BODY EXTRACT,표고버섯자실체추출물,,A1001999014500,식품원료,원료이기에 사용기준 없음,,사용가능,
9235,,표고버섯줄기플레이크,,A1001999490051,식품원료,원료이기에 사용기준 없음,,사용가능,
9236,,표고버섯즙,,A1001999000026,식품원료,원료이기에 사용기준 없음,,사용가능,
9237,,표고버섯채,,A1001999000029,식품원료,원료이기에 사용기준 없음,,사용가능,
9238,,표고버섯추출고형분,,A1001999004504,식품원료,원료이기에 사용기준 없음,,사용가능,
9239,,표고버섯추출물,,A1001999004500,식품원료,원료이기에 사용기준 없음,,사용가능,
9240,SHIITAKE FUNGUS EXTRACT POWDER,표고버섯추출물분말,,A1001999004501,식품원료,원료이기에 사용기준 없음,,사용가능,
9241,,표고버섯추출액,,A1001999004514,식품원료,원료이기에 사용기준 없음,,사용가능,
9242,FUMARIC ACID,푸마르산,,B1000299000000,식품첨가물,II. 2. 1)의 규정에 따라 사용하여야 한다.,산도조절제,"기타, 별도 확인 필요",
9243,MONOSODIUM FUMARATE,푸마르산일나트륨,,B1000300000000,식품첨가물,II. 2. 1)의 규정에 따라 사용하여야 한다.,산도조절제,"기타, 별도 확인 필요",
9244,FERROUS FUMARATE,푸마르산제일철,,B1000301000000,식품첨가물,II. 2. 1)의 규정에 따라 사용하여야 한다.,영양강화제,"기타, 별도 확인 필요",
9245,PULLULANASE,풀루라나아제,,B2000086000000,식품첨가물,II. 2. 1)의 규정에 따라 사용하여야 한다.,효소제,"기타, 별도 확인 필요",
9246,PULLULAN,풀루란,,B2000153000000,식품첨가물,II. 2. 1)의 규정에 따라 사용하여야 한다.,피막제,"기타, 별도 확인 필요",
9247,,풀망둑,,A3000772000000,식품원료,원료이기에 사용기준 없음,,사용가능,
9248,STAW MUSHROOM,풀버섯자실체,,A1002007B90000,식품원료,원료이기에 사용기준 없음,,사용가능,
9249,,풋고추,,A1002193000000,식품원료,원료이기에 사용기준 없음,,사용가능,
9250,,풋사과추출물 애플페논(Applephenon)(기능성원료인정제2015-9호),,C9000959000000,건강기능식품,"사용기준 못찾음, 별도 확인 필요",,"기타, 별도 확인 필요",
9251,,풋사과추출물 애플페논(Applephenon)(기능성원료인정제2019-21호),,C9000994000000,건강기능식품,"사용기준 못찾음, 별도 확인 필요",,"기타, 별도 확인 필요",
9252,Applephenon,풋사과추출물 애플페논(Applephenon)(기능성원료인정제2020-9호),,C9001002000000,건강기능식품,"사용기준 못찾음, 별도 확인 필요",,사용가능,
9253,EXTRACT OF UNRIPE APPLE(APPLEPHENON),풋사과추출물 애플페논(기능성원료인정제2021-6호),,C9001022000000,건강기능식품,"사용기준 못찾음, 별도 확인 필요",,사용가능,
9254,,풋콩,,A1002010000000,식품원료,원료이기에 사용기준 없음,,사용가능,
9255,,퓨질리어,,A3001038000000,식품원료,원료이기에 사용기준 없음,,사용가능,
9256,FRUCTO OLIGOSACCHARIDE,프락토올리고당,,P0110010000000,식품유형,"사용기준 못찾음, 별도 확인 필요",,"기타, 별도 확인 필요",
9257,,프랑스해안송나무껍질,,A1002013580000,식품원료,원료이기에 사용기준 없음,,사용가능,
9258,FRENCH MARITIME PINE BARK EXTRACT,프랑스해안송나무껍질추출물,,A1002013584500,식품원료,원료이기에 사용기준 없음,,사용가능,
9259,,프로바이오틱스 HY7714(기능성원료인정제2015-1호),,C9000658000000,건강기능식품,"사용기준 못찾음, 별도 확인 필요",,"기타, 별도 확인 필요",
9260,,프로바이오틱스(드시모네)(기능성원료인정제2009-28호),,C9000958000000,건강기능식품,"사용기준 못찾음, 별도 확인 필요",,"기타, 별도 확인 필요",
9261,PROTEASE,프로테아제,,B2000087000000,식품첨가물,"종류확인
Protease, Fungal (SAP)
Protease, Fungal (HUT)
Protease, Bacterial
Plant Protease",효소제,"기타, 별도 확인 필요",
9262,"PROTEASE, FUNGAL(HUT)",프로테아제(곰팡이성:HUT),,B2000088000000,식품첨가물,"사용기준 못찾음, 별도 확인 필요",,"기타, 별도 확인 필요",
9263,"PROTEASE, FUNGAL(SAP)",프로테아제(곰팡이성:SAP),,B2000513000000,식품첨가물,"사용기준 못찾음, 별도 확인 필요",,"기타, 별도 확인 필요",
9264,"PROTEASE, BACTERIAL(PC)",프로테아제(세균성),,B2000089000000,식품첨가물,"사용기준 못찾음, 별도 확인 필요",,"기타, 별도 확인 필요",
9265,PLANT PROTEASE(PU),프로테아제(식물성),,B2000090000000,식품첨가물,"사용기준 못찾음, 별도 확인 필요",,"기타, 별도 확인 필요",
9266,Protein-glutaminase,프로테인-글루타미나아제(한시적 인정 식품첨가물),,B9000001000000,식품첨가물,"사용기준 못찾음, 별도 확인 필요",,사용불가,
9267,,프로펠러조개,,A3001165000000,식품원료,원료이기에 사용기준 없음,,사용가능,
9268,PROPOLIS,프로폴리스,,A6000044000000,식품원료,원료이기에 사용기준 없음,,사용가능,
9269,PROPOLIS CONCENTRATE,프로폴리스농축,,A6000044000800,식품원료,원료이기에 사용기준 없음,,사용가능,
9270,PROPOLIS POWDER,프로폴리스분말,,A6000044000001,식품원료,원료이기에 사용기준 없음,,사용가능,
9271,PROPOLIS EXTRACT,프로폴리스추출물,,A6000044004500,식품원료,원료이기에 사용기준 없음,,사용가능,
9272,,프로폴리스추출물(기능성원료인정제2025-13호),,C9001060000000,건강기능식품,"사용기준 못찾음, 별도 확인 필요",,사용가능,
9273,PROPOLIS EXTRACT POWDER,프로폴리스추출물분말,,A6000044004501,식품원료,원료이기에 사용기준 없음,,사용가능,
9274,,프로폴리스추출액,,A6000044004514,식품원료,원료이기에 사용기준 없음,,사용가능,
9275,PROPIONIC ACID,프로피온산,,B1000376000000,식품첨가물,"사용기준 찾음, 별도 확인 필요",보존료,"기타, 별도 확인 필요",
9276,SODIUM PROPIONATE,프로피온산나트륨,,B1000302000000,식품첨가물,"사용기준 찾음, 별도 확인 필요",보존료,"기타, 별도 확인 필요",
9277,BENZYL PROPIONATE,프로피온산벤질,,B1000303000000,식품첨가물,"사용기준 찾음, 별도 확인 필요",향료,"기타, 별도 확인 필요",
9278,ETHYL PROPIONATE,프로피온산에틸,,B1000304000000,식품첨가물,"사용기준 찾음, 별도 확인 필요",향료,"기타, 별도 확인 필요",
9279,ISOAMYL PROPIONATE,프로피온산이소아밀,,B1000305000000,식품첨가물,"사용기준 찾음, 별도 확인 필요",향료,"기타, 별도 확인 필요",
9280,CALCIUM PROPIONATE,프로피온산칼슘,,B1000306000000,식품첨가물,"사용기준 찾음, 별도 확인 필요",보존료,"기타, 별도 확인 필요",
9281,PROPYLENE GLYCOL,프로필렌글리콜,,B1000307000000,식품첨가물,"사용기준 찾음, 별도 확인 필요",유화제,"기타, 별도 확인 필요",
9282,PROPYLENE GLYCOL ESTERS OF FATTY ACIDS,프로필렌글리콜지방산에스테르,,B1000308000000,식품첨가물,II. 2. 1)의 규정에 따라 사용하여야 한다.,유화제,"기타, 별도 확인 필요",
9283,HYDROXYPROPYLMETHYLCELLULOSE PHTHALATE,프탈산히드록시프로필메틸셀룰로스,,B1062491000000,식품첨가물,"사용기준 찾음, 별도 확인 필요",피막제,"기타, 별도 확인 필요",
9284,PTEROSTILBENE,프테로스틸벤(외화획득용 등),,BZ000083000000,식품첨가물,"사용기준 못찾음, 별도 확인 필요",,사용불가,
9285,,플랫레몬껍질,,A1002014240000,식품원료,원료이기에 사용기준 없음,,사용가능,
9286,"flat lemon, shekwasha",플랫레몬열매,"flat lemon, shekwasha",A1002014230000,식품원료,원료이기에 사용기준 없음,,사용가능,
9287,,플랫레몬열매주스,,A1002014230025,식품원료,원료이기에 사용기준 없음,,사용가능,
9288,Pluot,플루오트,,A1053952000000,식품원료,원료이기에 사용기준 없음,,사용가능,
9289,피,피,,A1002015000000,식품원료,원료이기에 사용기준 없음,,사용가능,
9290,LINDEN,피나무,,A1002016000000,식품원료,원료이기에 사용기준 없음,,사용가능,
9291,LINDEN FLOWERS,피나무꽃,,A1002016140000,식품원료,원료이기에 사용기준 없음,,사용가능,
9292,LINDEN FLOWER EXTRACT,피나무꽃추출물,,A1002016144500,식품원료,원료이기에 사용기준 없음,,사용가능,
9293,LINDEN LEAVES,피나무잎,,A1002016380000,식품원료,원료이기에 사용기준 없음,,사용가능,
9294,STONE PINE,피네아소나무,,A1001252000000,식품원료,원료이기에 사용기준 없음,,사용가능,
9295,STONE PINE FRUIT,피네아소나무견과,,A1001252330000,식품원료,원료이기에 사용기준 없음,,사용가능,
9296,PYRAZINE,피라진,,B1003506000000,식품첨가물,"사용기준 못찾음, 별도 확인 필요",,"기타, 별도 확인 필요",
9297,SODIUM PYROPHOSPHATE,피로인산나트륨,"Tetrasodium pyrophosphate,E450(iii), E450iii",B1000309000000,식품첨가물,II. 2. 1)의 규정에 따라 사용하여야 한다.,산도조절제,"기타, 별도 확인 필요",
9298,FERRIC PYROPHOSPHATE,피로인산제이철,,B1000378000000,식품첨가물,II. 2. 1)의 규정에 따라 사용하여야 한다.,영양강화제,"기타, 별도 확인 필요",
9299,SODIUM FERRIC PYROPHOSPHATE,피로인산철나트륨,,B1000379000000,식품첨가물,II. 2. 1)의 규정에 따라 사용하여야 한다.,영양강화제,"기타, 별도 확인 필요",
9300,POTASSIUM PYROPHOSPHATE,피로인산칼륨,,B1000310000000,식품첨가물,II. 2. 1)의 규정에 따라 사용하여야 한다.,산도조절제,"기타, 별도 확인 필요",
9301,PYRROLE,피롤,,B1003507000000,식품첨가물,"사용기준 못찾음, 별도 확인 필요",,"기타, 별도 확인 필요",
9302,PYRROLOQUINOLINE QUINONE,피롤로퀴놀린 퀴논(외화획득용 등),,BZ000080000000,식품첨가물,"사용기준 못찾음, 별도 확인 필요",,사용불가,
9303,,피마자,Castor bean,A1002018000000,식품원료,원료이기에 사용기준 없음,,사용가능,
9304,,피마자어린잎,,A1002018400000,식품원료,원료이기에 사용기준 없음,,사용가능,
9305,CASTOR OIL,피마자유,,B2000185000000,식품첨가물,"사용기준 찾음, 별도 확인 필요",피막제,"기타, 별도 확인 필요",
9306,,피마자추출물,,A1002018004500,식품원료,원료이기에 사용기준 없음,,사용가능,
9307,PHYMATOLITHON CALCAREUM,피마톨리톤칼카륨,,A1002019000000,식품원료,원료이기에 사용기준 없음,,사용가능,
9308,"SWEET PEPPER, BELL PEPPER, CAPSICUM",피망,"SWEET PEPPER, BELL PEPPER",A1002020000000,식품원료,원료이기에 사용기준 없음,,사용가능,
9309,PEPPER POWDER,피망분말,,A1002020000001,식품원료,원료이기에 사용기준 없음,,사용가능,
9310,피망오일,피망오일,,A1002020000020,식품원료,원료이기에 사용기준 없음,,사용가능,
9311,GREEN PEPPER JUICE,피망주스,,A1002020000025,식품원료,원료이기에 사용기준 없음,,사용가능,
9312,GREEN PEPPER EXTRACT,피망추출물,,A1002020004500,식품원료,원료이기에 사용기준 없음,,사용가능,
9313,,피망페이스트,,A1002020000033,식품원료,원료이기에 사용기준 없음,,사용가능,
9314,BELL PEPPER PUREE,피망퓨레,,A1054096000034,식품원료,원료이기에 사용기준 없음,,사용가능,
9315,EXTRACT OF FIBROIN BF-7,피브로인추출물 BF-7(기능성원료인정제2009-46호),,C9001052000000,건강기능식품,"사용기준 못찾음, 별도 확인 필요",,사용가능,
9316,,피뿔고둥,,A3000777000000,식품원료,원료이기에 사용기준 없음,,사용가능,
9317,,피뿔고둥살,,A3000777080000,식품원료,원료이기에 사용기준 없음,,사용가능,
9318,FISETIN,피세틴(외화획득용 등),,BZ000104000000,식품첨가물,"사용기준 못찾음, 별도 확인 필요",,사용불가,
9319,,피쉬 콜라겐펩타이드(기능성원료인정제2019-12호),,C9000986000000,건강기능식품,"사용기준 못찾음, 별도 확인 필요",,"기타, 별도 확인 필요",
9320,PISTACHIO,피스타치오,,A1002022000000,식품원료,원료이기에 사용기준 없음,,사용가능,
9321,,피스타치오견과,,A1002022330000,식품원료,원료이기에 사용기준 없음,,사용가능,
9322,PISTACHIO EXTRACT,피스타치오견과추출물,,A1002022334500,식품원료,원료이기에 사용기준 없음,,사용가능,
9323,PISTACHIO,피스타치오매스,,A1002022000090,식품원료,원료이기에 사용기준 없음,,사용가능,
9324,,피스타치오분말,,A1002022000001,식품원료,원료이기에 사용기준 없음,,사용가능,
9325,,피스타치오분태,,A1054118000035,식품원료,원료이기에 사용기준 없음,,사용가능,
9326,PISTACHIO OIL,피스타치오오일,,A1002022330020,식품원료,원료이기에 사용기준 없음,,사용가능,
9327,PISTACHIO STARCH,피스타치오전분,,A1002022000038,식품원료,원료이기에 사용기준 없음,,사용가능,
9328,,피스타치오페이스트,pistachio paste,A1002022000033,식품원료,원료이기에 사용기준 없음,,사용가능,
9329,PISTACHIO PUREE,피스타치오퓨레,,A1054100000034,식품원료,원료이기에 사용기준 없음,,사용가능,
9330,BARNYARD MILLET,피씨앗,,A1002015320000,식품원료,원료이기에 사용기준 없음,,사용가능,
9331,PECAN,피칸,,A1002024000000,식품원료,원료이기에 사용기준 없음,,사용가능,
9332,PECAN POWDER,피칸가루,,A1002024330001,식품원료,원료이기에 사용기준 없음,,사용가능,
9333,,피칸견과,,A1002024330000,식품원료,원료이기에 사용기준 없음,,사용가능,
9334,,피칸분태,,A1002024330035,식품원료,원료이기에 사용기준 없음,,사용가능,
9335,ZINC PICOLINATE(외화획득용),피콜린산아연(외화획득용),,BZ000060000000,식품첨가물,"사용기준 못찾음, 별도 확인 필요",,사용불가,
9336,CHROMIUM PICOLINATE(외화획득용에 한함),피콜린산크롬(외화획득용),,BZ000032000000,식품첨가물,"사용기준 못찾음, 별도 확인 필요",,사용불가,
9337,,피크노제놀-프랑스해안송껍질추출물(기능성원료인정제2006-1호),,C9000033000000,건강기능식품,"사용기준 못찾음, 별도 확인 필요",,"기타, 별도 확인 필요",
9338,PICKLE FLAVOUR,피클향,,B6000014000000,식품첨가물,"사용기준 못찾음, 별도 확인 필요",,사용가능,
9339,PITAYA(DRAGONFRUIT) CONCENTRATE,피타야농축,"PITAYA CONCENTRATE,DRAGONFRUIT CONCENTRATE",A1054103230800,식품원료,원료이기에 사용기준 없음,,사용가능,
9340,,피타야열매,,A1002025230000,식품원료,원료이기에 사용기준 없음,,사용가능,
9341,,피타야열매퓨레,,A1002025230034,식품원료,원료이기에 사용기준 없음,,사용가능,
9342,PITAYA FRUIT JUICE,피타야주스,,A1002025230025,식품원료,원료이기에 사용기준 없음,,사용가능,
9343,PHYTIC ACID,피틴산,,B2000091000000,식품첨가물,"사용기준 찾음, 별도 확인 필요",산도조절제,"기타, 별도 확인 필요",
9344,PIPERONAL,피페로날,,B1000311000000,식품첨가물,"사용기준 찾음, 별도 확인 필요",향료,"기타, 별도 확인 필요",
9345,PILINUT,필리너트,,A1002026000000,식품원료,원료이기에 사용기준 없음,,사용가능,
9346,PILI NUT OIL,필리너트오일,,A1002026000020,식품원료,원료이기에 사용기준 없음,,사용가능,
9347,CALAMANSI,필리핀레몬열매,,A1002027230000,식품원료,원료이기에 사용기준 없음,,사용가능,
9348,,필리핀레몬열매과즙,,A1002027230026,식품원료,원료이기에 사용기준 없음,,사용가능,
9349,,필리핀레몬열매농축액,,A1002027230814,식품원료,원료이기에 사용기준 없음,,사용가능,
9350,CALAMANSI POWDER,필리핀레몬열매분말,,A1002027230001,식품원료,원료이기에 사용기준 없음,,사용가능,
9351,,필리핀레몬열매원액,,A1002027230021,식품원료,원료이기에 사용기준 없음,,사용가능,
9352,CALAMANSI JUICE,필리핀레몬열매주스,,A1002027230025,식품원료,원료이기에 사용기준 없음,,사용가능,
9353,CALAMANSI JUICE EXTRACT,필리핀레몬열매주스추출물,,A1002027234525,식품원료,원료이기에 사용기준 없음,,사용가능,
9354,,필리핀레몬열매착즙액,,A1002027233214,식품원료,원료이기에 사용기준 없음,,사용가능,
9355,PURE CALAMANCI EXTRACT,필리핀레몬열매추출물,,A1002027234500,식품원료,원료이기에 사용기준 없음,,사용가능,
9356,CALAMANSI PUREE,필리핀레몬열매퓨레,,A1002027230034,식품원료,원료이기에 사용기준 없음,,사용가능,
9357,,필리핀오렌지열매,,A1002029230000,식품원료,원료이기에 사용기준 없음,,사용가능,
9358,DALANDAN PUREE,필리핀오렌지열매퓌레,,A1002029230034,식품원료,원료이기에 사용기준 없음,,사용가능,
9359,,필발열매,,A1002030230000,식품원료,원료이기에 사용기준 없음,,"제한적사용가능, 별도 확인 필요",
9360,LONG PEPPER EXTRACT,필발추출물,,A1002030004514,식품원료,원료이기에 사용기준 없음,,"제한적사용가능, 별도 확인 필요",
9361,FINGER LIMES,핑거라임,,A1054200000000,식품원료,원료이기에 사용기준 없음,,사용가능,
9362,FINGER ROOT,핑거루트,,A1002031000000,식품원료,원료이기에 사용기준 없음,,사용가능,
9363,,핑거루트뿌리,,A1002031610000,식품원료,원료이기에 사용기준 없음,,사용가능,
9364,FINGERROOT EXTRACT,핑거루트뿌리추출물,,A1002031614500,식품원료,원료이기에 사용기준 없음,,사용가능,
9365,,핑거루트뿌리추출액,,A1002031614514,식품원료,원료이기에 사용기준 없음,,사용가능,
9366,HABANERO PEPPER,하바네로,,A1002037000000,식품원료,원료이기에 사용기준 없음,,사용가능,
9367,HABANERO CHILI POWDER,하바네로분말,,A1002037230001,식품원료,원료이기에 사용기준 없음,,사용가능,
9368,RED SAVINA HABANERO,하바네로열매,,A1002037230000,식품원료,원료이기에 사용기준 없음,,사용가능,
9369,RED SAVINA HABANERO,하바네로열매증류액,,A1002037236914,식품원료,원료이기에 사용기준 없음,,사용가능,
9370,HABANERO PUREE,하바네로열매퓌레,,A1002037230034,식품원료,원료이기에 사용기준 없음,,사용가능,
9371,HABANERO PEPPER EXTRACT,하바네로추출물,,A1054116004500,식품원료,원료이기에 사용기준 없음,,사용가능,
9372,RADIX POLYGONI MULTIFLORI,하수오,,A1002038000000,식품원료,원료이기에 사용기준 없음,,사용가능,
9373,,하수오덩이뿌리,,A1002038630000,식품원료,원료이기에 사용기준 없음,,사용가능,
9374,,하수오분말,,A1002038630001,식품원료,원료이기에 사용기준 없음,,사용가능,
9375,하수오추출분말,하수오추출분말,,A1002038634501,식품원료,원료이기에 사용기준 없음,,사용가능,
9376,,하수오추출액,,A1002038634514,식품원료,원료이기에 사용기준 없음,,사용가능,
9377,HOUSE CRICKET,하우스크리켓(외화획득용 등),,AZ000028000000,식품원료,원료이기에 사용기준 없음,,사용불가,
9378,HARP SEAL,"하프물범(단, 하프물범신제외)",,A4000097000000,식품원료,원료이기에 사용기준 없음,,사용가능,
9379,HARPSEAL OIL,"하프물범(단, 하프물범신제외)유",,A4000097000020,식품원료,원료이기에 사용기준 없음,,사용가능,
9380,MEET PHOCA GROENLANDICA,하프물범고기,,A4000097100000,식품원료,원료이기에 사용기준 없음,,사용가능,
9381,,학공치,,A3001039000000,식품원료,원료이기에 사용기준 없음,,사용가능,
9382,,학공치살,,A3001039080000,식품원료,원료이기에 사용기준 없음,,사용가능,
9383,CITRUS SPHAEROCARPA,한라봉,,A1002039000000,식품원료,원료이기에 사용기준 없음,,사용가능,
9384,HALLABONG CONCENTRATE JUICE,한라봉열매과즙,,A1002039230026,식품원료,원료이기에 사용기준 없음,,사용가능,
9385,HALLABONG PEEL OIL,한라봉열매껍질오일,,A1002039770020,식품원료,원료이기에 사용기준 없음,,사용가능,
9386,HALLABONG(DEKOPON) JUICE,한라봉주스,,A1002039000025,식품원료,원료이기에 사용기준 없음,,사용가능,
9387,NASTURITIUM,한련,,A1002041000000,식품원료,원료이기에 사용기준 없음,,사용가능,
9388,,한련꽃,,A1002041140000,식품원료,원료이기에 사용기준 없음,,사용가능,
9389,,한련잎,,A1002041380000,식품원료,원료이기에 사용기준 없음,,사용가능,
9390,AMERICAN FALSE DAISY,한련초,,A1002043000000,식품원료,원료이기에 사용기준 없음,,"제한적사용가능, 별도 확인 필요",
9391,,한련초분말,,A1002043380001,식품원료,원료이기에 사용기준 없음,,"제한적사용가능, 별도 확인 필요",
9392,,한련초잎,,A1002043380000,식품원료,원료이기에 사용기준 없음,,"제한적사용가능, 별도 확인 필요",
9393,,한속단,,A1003157000000,식품원료,원료이기에 사용기준 없음,,사용가능,
9394,,한속단분말,,A1003157000001,식품원료,원료이기에 사용기준 없음,,사용가능,
9395,,한속단뿌리,,A1003157610000,식품원료,원료이기에 사용기준 없음,,사용가능,
9396,AGAR,한천,,P0130070100000,식품유형,"사용기준 못찾음, 별도 확인 필요",,"기타, 별도 확인 필요",
9397,,한천분말,,P0130070100001,식품유형,"사용기준 못찾음, 별도 확인 필요",,"기타, 별도 확인 필요",
9398,Mitre squid,한치꼴뚜기,,A3000785000000,식품원료,원료이기에 사용기준 없음,,사용가능,
9399,FRESH RED JALAPENO PEPPERS,할라피뇨,Red Jalapeno Peppers,A1002213000000,식품원료,원료이기에 사용기준 없음,,사용가능,
9400,JALAPENO PEPPER EXTRACT,할라피뇨(페퍼)추출물,,A1002213004500,식품원료,원료이기에 사용기준 없음,,사용가능,
9401,JALAPENO PEPPER POWDER,할라피뇨분말,,A1002213000001,식품원료,원료이기에 사용기준 없음,,사용가능,
9402,,할라피뇨퓨레,Jalapeno Peppers puree,A1002213000034,식품원료,원료이기에 사용기준 없음,,사용가능,
9403,ARCTIC RASPBERRY EXTRACT,함경딸기열매추출물,,A1003144234500,식품원료,원료이기에 사용기준 없음,,사용가능,
9404,MIMOSA(BLACK WATTLE)FLOWERS,"함수초,감응초","MIMOSA FLOWERS,BLACK WATTLE FLOWERS",A1002648000000,식품원료,원료이기에 사용기준 없음,,사용불가,
9405,ARTIFICIAL LARB FLAVOUR,합성LARB향,,B4003791000000,식품첨가물,"사용기준 못찾음, 별도 확인 필요",,사용가능,
9406,ARTIFICIAL TUTTI FRUITI FLAVOUR,합성TUTTIFRUIT향,,B4000134000000,식품첨가물,"사용기준 못찾음, 별도 확인 필요",,"기타, 별도 확인 필요",
9407,ARTIFICIAL POULTRY FLAVOR,합성가금향,,B4003711000000,식품첨가물,"사용기준 못찾음, 별도 확인 필요",,"기타, 별도 확인 필요",
9408,BONITO FLAVOUR,합성가다랑어향,,B4000200000000,식품첨가물,"사용기준 못찾음, 별도 확인 필요",,"기타, 별도 확인 필요",
9409,,합성가리비향,,B4000288000000,식품첨가물,"사용기준 못찾음, 별도 확인 필요",,"기타, 별도 확인 필요",
9410,,합성가시여지(사우얼솝)향,,B4000651000000,식품첨가물,"사용기준 못찾음, 별도 확인 필요",,"기타, 별도 확인 필요",
9411,,합성가재향,,B4000199000000,식품첨가물,"사용기준 못찾음, 별도 확인 필요",,"기타, 별도 확인 필요",
9412,ARTIFICIAL SOY SAUCE FLAVOUR,합성간장향,,B4000070000000,식품첨가물,"사용기준 못찾음, 별도 확인 필요",,"기타, 별도 확인 필요",
9413,ARTIFICIAL SEABUCKTHORN BERRY FLAVOR,합성갈매보리수나무열매향,,B4003678000000,식품첨가물,"사용기준 못찾음, 별도 확인 필요",,"기타, 별도 확인 필요",
9414,,합성갈색설탕향,,B4000197000000,식품첨가물,"사용기준 못찾음, 별도 확인 필요",,"기타, 별도 확인 필요",
9415,ARTIFICIAL CITRUS FLAVOUR,합성감귤향,,B4000095000000,식품첨가물,"사용기준 못찾음, 별도 확인 필요",,"기타, 별도 확인 필요",
9416,ARTFICIAL HONEYDEW MELON FLAVOUR,합성감로멜론향,,B4000138000000,식품첨가물,"사용기준 못찾음, 별도 확인 필요",,"기타, 별도 확인 필요",
9417,,합성감자향,,B4000149000000,식품첨가물,"사용기준 못찾음, 별도 확인 필요",,"기타, 별도 확인 필요",
9418,,합성감초향,,B4000193000000,식품첨가물,"사용기준 못찾음, 별도 확인 필요",,"기타, 별도 확인 필요",
9419,,합성개암향,,B4000611000000,식품첨가물,"사용기준 못찾음, 별도 확인 필요",,"기타, 별도 확인 필요",
9420,ARTIFICIAL KYOHO GRAPE FLAVOUR,합성거봉향,,B4003668000000,식품첨가물,"사용기준 못찾음, 별도 확인 필요",,"기타, 별도 확인 필요",
9421,,합성건포도향,,B4000192000000,식품첨가물,"사용기준 못찾음, 별도 확인 필요",,"기타, 별도 확인 필요",
9422,ARTIFICIAL BLACK TRUFFLES FLAVOR,합성검은서양송로향,,B4003661000000,식품첨가물,"사용기준 못찾음, 별도 확인 필요",,사용가능,
9423,,합성게향,,B4000191000000,식품첨가물,"사용기준 못찾음, 별도 확인 필요",,"기타, 별도 확인 필요",
9424,,합성겨자향,,B4000190000000,식품첨가물,"사용기준 못찾음, 별도 확인 필요",,"기타, 별도 확인 필요",
9425,ARTIFICIAL EGG MILK FLAVOUR,합성계란우유향,,B4003640000000,식품첨가물,"사용기준 못찾음, 별도 확인 필요",,사용가능,
9426,,합성계란향,,B4000189000000,식품첨가물,"사용기준 못찾음, 별도 확인 필요",,"기타, 별도 확인 필요",
9427,,합성계피사과향,,B4000188000000,식품첨가물,"사용기준 못찾음, 별도 확인 필요",,"기타, 별도 확인 필요",
9428,ARTIFICIAL CINNAMON FLAVOUR,합성계피향,,B4000092000000,식품첨가물,"사용기준 못찾음, 별도 확인 필요",,"기타, 별도 확인 필요",
9429,,합성계화향,,B4000650000000,식품첨가물,"사용기준 못찾음, 별도 확인 필요",,"기타, 별도 확인 필요",
9430,,합성고구마향,,B4000183000000,식품첨가물,"사용기준 못찾음, 별도 확인 필요",,"기타, 별도 확인 필요",
9431,,합성고기향,,B4000182000000,식품첨가물,"사용기준 못찾음, 별도 확인 필요",,"기타, 별도 확인 필요",
9432,ARTIFICIAL GOUDA CHEESE FLAVOUR,합성고다치즈향,,B4003758000000,식품첨가물,"사용기준 못찾음, 별도 확인 필요",,사용가능,
9433,,합성고등어향,,B4000139000000,식품첨가물,"사용기준 못찾음, 별도 확인 필요",,"기타, 별도 확인 필요",
9434,,합성고량향,,B4000649000000,식품첨가물,"사용기준 못찾음, 별도 확인 필요",,"기타, 별도 확인 필요",
9435,,합성고수잎향,,B4000181000000,식품첨가물,"사용기준 못찾음, 별도 확인 필요",,"기타, 별도 확인 필요",
9436,,합성고수향,,B4000732000000,식품첨가물,"사용기준 못찾음, 별도 확인 필요",,"기타, 별도 확인 필요",
9437,인공와사비향,합성고추냉이향,,B4000517000000,식품첨가물,"사용기준 못찾음, 별도 확인 필요",,"기타, 별도 확인 필요",
9438,,합성고추장향,,B4000179000000,식품첨가물,"사용기준 못찾음, 별도 확인 필요",,"기타, 별도 확인 필요",
9439,,합성고추향,,B4000071000000,식품첨가물,"사용기준 못찾음, 별도 확인 필요",,"기타, 별도 확인 필요",
9440,인공곡물향,합성곡물향,,B4000689000000,식품첨가물,"사용기준 못찾음, 별도 확인 필요",,"기타, 별도 확인 필요",
9441,ARTIFICIAL CHIVE FLAVOUR,합성골파향,,B4000122000000,식품첨가물,"사용기준 못찾음, 별도 확인 필요",,"기타, 별도 확인 필요",
9442,ARTIFICIAL GUARANA FLAVOUR,합성과라나향,,B4003836000000,식품첨가물,"사용기준 못찾음, 별도 확인 필요",,사용가능,
9443,,합성과일펀치향,,B4000177000000,식품첨가물,"사용기준 못찾음, 별도 확인 필요",,"기타, 별도 확인 필요",
9444,,합성과일향,,B4000176000000,식품첨가물,"사용기준 못찾음, 별도 확인 필요",,"기타, 별도 확인 필요",
9445,,합성과일혼합향,,B4000175000000,식품첨가물,"사용기준 못찾음, 별도 확인 필요",,"기타, 별도 확인 필요",
9446,ARTIFICIAL SOUR ORANGE FLOWDER FLAVOUR,합성광귤향,,B4003829000000,식품첨가물,"사용기준 못찾음, 별도 확인 필요",,사용가능,
9447,,합성구아바향,,B4000159000000,식품첨가물,"사용기준 못찾음, 별도 확인 필요",,"기타, 별도 확인 필요",
9448,,합성구운닭고기향,,B4000593000000,식품첨가물,"사용기준 못찾음, 별도 확인 필요",,"기타, 별도 확인 필요",
9449,ARTIFICIAL ROASTED GARLIC FLAVOUR,합성구운마늘향,,B4003819000000,식품첨가물,"사용기준 못찾음, 별도 확인 필요",,"기타, 별도 확인 필요",
9450,ARTIFICIAL ROAST BEEF FLAVOR,합성구운소고기향,,B4003722000000,식품첨가물,"사용기준 못찾음, 별도 확인 필요",,"기타, 별도 확인 필요",
9451,,합성구운양파향,,B4000284000000,식품첨가물,"사용기준 못찾음, 별도 확인 필요",,"기타, 별도 확인 필요",
9452,ARTIFICIAL ROASTED CORN FLAVOUR,합성구운옥수수향,,B4003826000000,식품첨가물,"사용기준 못찾음, 별도 확인 필요",,사용가능,
9453,,합성구운코코넛향,,B4000707000000,식품첨가물,"사용기준 못찾음, 별도 확인 필요",,"기타, 별도 확인 필요",
9454,ARTIFICIAL ROASTED FLAVOR,합성구운향,,B4003651000000,식품첨가물,"사용기준 못찾음, 별도 확인 필요",,사용가능,
9455,,합성구즈베리향,,B4000172000000,식품첨가물,"사용기준 못찾음, 별도 확인 필요",,"기타, 별도 확인 필요",
9456,,합성국화향,,B4000171000000,식품첨가물,"사용기준 못찾음, 별도 확인 필요",,"기타, 별도 확인 필요",
9457,,합성굴향,,B4000170000000,식품첨가물,"사용기준 못찾음, 별도 확인 필요",,"기타, 별도 확인 필요",
9458,ARTIFICIAL OAT FLAVOUR,합성귀리향,,B4003798000000,식품첨가물,"사용기준 못찾음, 별도 확인 필요",,사용가능,
9459,,합성그라함크래커향,,B4000729000000,식품첨가물,"사용기준 못찾음, 별도 확인 필요",,"기타, 별도 확인 필요",
9460,,합성그레나딘향,,B4000168000000,식품첨가물,"사용기준 못찾음, 별도 확인 필요",,"기타, 별도 확인 필요",
9461,ARTIFICIAL GREEN MANGO FLAVOUR,합성그린망고향,,B4003667000000,식품첨가물,"사용기준 못찾음, 별도 확인 필요",,사용가능,
9462,ARTIFICIAL GREEN APPLE FALVOUR,합성그린애플향,,B4000140000000,식품첨가물,"사용기준 못찾음, 별도 확인 필요",,"기타, 별도 확인 필요",
9463,ARTIFICIAL GRILLED MEAT FLAVOUR,합성그릴고기향,,B4003831000000,식품첨가물,"사용기준 못찾음, 별도 확인 필요",,사용가능,
9464,,합성그릴향,,B4000166000000,식품첨가물,"사용기준 못찾음, 별도 확인 필요",,"기타, 별도 확인 필요",
9465,,합성그물버섯향,,B4000165000000,식품첨가물,"사용기준 못찾음, 별도 확인 필요",,"기타, 별도 확인 필요",
9466,,합성글레이즈향,,B4000648000000,식품첨가물,"사용기준 못찾음, 별도 확인 필요",,"기타, 별도 확인 필요",
9467,,합성금귤(낑깡)향,,B4000164000000,식품첨가물,"사용기준 못찾음, 별도 확인 필요",,"기타, 별도 확인 필요",
9468,,합성김치향,,B4000163000000,식품첨가물,"사용기준 못찾음, 별도 확인 필요",,"기타, 별도 확인 필요",
9469,ARTIFICIAL SEAWEED FLAVOR,합성김향,,B4003729000000,식품첨가물,"사용기준 못찾음, 별도 확인 필요",,"기타, 별도 확인 필요",
9470,ARTIFICIAL CAMEMBERT CHEESE FLAVOR,합성까망베르치즈향,,B4003625000000,식품첨가물,"사용기준 못찾음, 별도 확인 필요",,사용가능,
9471,,합성깨향,,B4000247000000,식품첨가물,"사용기준 못찾음, 별도 확인 필요",,"기타, 별도 확인 필요",
9472,ARTIFICIAL HONEY LEMON FLAVOUR,합성꿀레몬향,,B4003773000000,식품첨가물,"사용기준 못찾음, 별도 확인 필요",,사용가능,
9473,,합성꿀향,,B4000409000000,식품첨가물,"사용기준 못찾음, 별도 확인 필요",,"기타, 별도 확인 필요",
9474,ARTIFICIAL NACHO CHEESE FLAVOR,합성나초치즈향,,B4003685000000,식품첨가물,"사용기준 못찾음, 별도 확인 필요",,"기타, 별도 확인 필요",
9475,인공나쵸향,합성나쵸향,,B4000687000000,식품첨가물,"사용기준 못찾음, 별도 확인 필요",,"기타, 별도 확인 필요",
9476,,합성낙산향,,B4000606000000,식품첨가물,"사용기준 못찾음, 별도 확인 필요",,"기타, 별도 확인 필요",
9477,EGG YOLK FLAVOR,합성난황향,,B4000156000000,식품첨가물,"사용기준 못찾음, 별도 확인 필요",,"기타, 별도 확인 필요",
9478,ARTIFICIAL FLYING FISH ROE FLAVOR,합성날치알향,,B4003647000000,식품첨가물,"사용기준 못찾음, 별도 확인 필요",,사용가능,
9479,,합성너트맥향,,B4000605000000,식품첨가물,"사용기준 못찾음, 별도 확인 필요",,"기타, 별도 확인 필요",
9480,,합성너트향,,B4000603000000,식품첨가물,"사용기준 못찾음, 별도 확인 필요",,"기타, 별도 확인 필요",
9481,,합성노니향,,B4000602000000,식품첨가물,"사용기준 못찾음, 별도 확인 필요",,"기타, 별도 확인 필요",
9482,ARTIFICIAL MUNG BEAN FLAVOUR,합성녹두향,,B4003744000000,식품첨가물,"사용기준 못찾음, 별도 확인 필요",,사용가능,
9483,ARTIFICIAL GREEN TEA FLAVOUR,합성녹차향,,B4000096000000,식품첨가물,"사용기준 못찾음, 별도 확인 필요",,"기타, 별도 확인 필요",
9484,,합성누가향,,B4000600000000,식품첨가물,"사용기준 못찾음, 별도 확인 필요",,"기타, 별도 확인 필요",
9485,SCORCHED RICE FLAVOR,합성누룽지향,,B4000125000000,식품첨가물,"사용기준 못찾음, 별도 확인 필요",,"기타, 별도 확인 필요",
9486,,합성다크카라멜향,,B4000712000000,식품첨가물,"사용기준 못찾음, 별도 확인 필요",,"기타, 별도 확인 필요",
9487,,합성단풍시럽향,,B4000598000000,식품첨가물,"사용기준 못찾음, 별도 확인 필요",,"기타, 별도 확인 필요",
9488,maple cappuccino flavor,합성단풍카푸치노향,,B4003740000000,식품첨가물,"사용기준 못찾음, 별도 확인 필요",,사용가능,
9489,ARTIFICIAL MAPLE FLAVOUR,합성단풍향,,B4000041000000,식품첨가물,"사용기준 못찾음, 별도 확인 필요",,"기타, 별도 확인 필요",
9490,,합성단피클향,,B4000596000000,식품첨가물,"사용기준 못찾음, 별도 확인 필요",,"기타, 별도 확인 필요",
9491,ARTIFICIAL DALGONA FLAVOUR,합성달고나향,,B4003724000000,식품첨가물,"사용기준 못찾음, 별도 확인 필요",,"기타, 별도 확인 필요",
9492,,합성달콤한오렌지껍질향,,B4000290000000,식품첨가물,"사용기준 못찾음, 별도 확인 필요",,"기타, 별도 확인 필요",
9493,,합성닭고기육수향,,B4000614000000,식품첨가물,"사용기준 못찾음, 별도 확인 필요",,"기타, 별도 확인 필요",
9494,ARTIFICIAL CHICKEN FLAVOUR,합성닭고기향,,B4000031000000,식품첨가물,"사용기준 못찾음, 별도 확인 필요",,"기타, 별도 확인 필요",
9495,ARTIFICIAL CARROT FLAVOR,합성당근향,,B4000086000000,식품첨가물,"사용기준 못찾음, 별도 확인 필요",,"기타, 별도 확인 필요",
9496,Synthetic Molasses flavor,합성당밀향,,B4000064000000,식품첨가물,"사용기준 못찾음, 별도 확인 필요",,"기타, 별도 확인 필요",
9497,,합성대구향,,B4000592000000,식품첨가물,"사용기준 못찾음, 별도 확인 필요",,"기타, 별도 확인 필요",
9498,ARTIFICIAL SOY MASKER FLAVOR,합성대두머스크향,,B4003687000000,식품첨가물,"사용기준 못찾음, 별도 확인 필요",,"기타, 별도 확인 필요",
9499,ARTIFICIAL SOY FLAVOUR,합성대두향,,B4000108000000,식품첨가물,"사용기준 못찾음, 별도 확인 필요",,"기타, 별도 확인 필요",
9500,ARTIFICAIL DATE FLAVOR,합성대추야자향,,B4003673000000,식품첨가물,"사용기준 못찾음, 별도 확인 필요",,"기타, 별도 확인 필요",
9501,,합성대추향,,B4000590000000,식품첨가물,"사용기준 못찾음, 별도 확인 필요",,"기타, 별도 확인 필요",
9502,,합성대파향,,B4000708000000,식품첨가물,"사용기준 못찾음, 별도 확인 필요",,"기타, 별도 확인 필요",
9503,ARTIFICIAL CLAM FLAVOUR,합성대합조개향,,B4000038000000,식품첨가물,"사용기준 못찾음, 별도 확인 필요",,"기타, 별도 확인 필요",
9504,ARTIFICIAL CRANBERRY FLAVOUR,합성덩굴월귤향,,B4000109000000,식품첨가물,"사용기준 못찾음, 별도 확인 필요",,"기타, 별도 확인 필요",
9505,,합성데낄라향,,B4000586000000,식품첨가물,"사용기준 못찾음, 별도 확인 필요",,"기타, 별도 확인 필요",
9506,,합성데리야끼향,,B4000585000000,식품첨가물,"사용기준 못찾음, 별도 확인 필요",,"기타, 별도 확인 필요",
9507,,합성도넛향,,B4000584000000,식품첨가물,"사용기준 못찾음, 별도 확인 필요",,"기타, 별도 확인 필요",
9508,ARTIFICIAL BALLOON FLOWER FLAVOUR,합성도라지향,,B4003837000000,식품첨가물,"사용기준 못찾음, 별도 확인 필요",,사용가능,
9509,ARTIFICIAL TONKOTSU STOCK FLAVOUR,합성돈코츠육수향,,B4003778000000,식품첨가물,"사용기준 못찾음, 별도 확인 필요",,사용가능,
9510,,합성동아향,,B4000316000000,식품첨가물,"사용기준 못찾음, 별도 확인 필요",,"기타, 별도 확인 필요",
9511,ARTIFICIAL STEWED PORK CHOP FLAVOUR,합성돼지갈비찜향,,B4003775000000,식품첨가물,"사용기준 못찾음, 별도 확인 필요",,사용가능,
9512,,합성돼지고기향,,B4000583000000,식품첨가물,"사용기준 못찾음, 별도 확인 필요",,"기타, 별도 확인 필요",
9513,,합성두리안향,,B4000157000000,식품첨가물,"사용기준 못찾음, 별도 확인 필요",,"기타, 별도 확인 필요",
9514,ARTIFICIAL BEAN PASTE FLAVOUR,합성두반장향,,B4003688000000,식품첨가물,"사용기준 못찾음, 별도 확인 필요",,"기타, 별도 확인 필요",
9515,ARTIFICIAL DULCE DE LECHE FLAVOR,합성둘세데레체향,,B4003633000000,식품첨가물,"사용기준 못찾음, 별도 확인 필요",,사용가능,
9516,ARTIFICIAL DRAGON FRUIT FLAVOUR,합성드래곤후르츠향,,B4000077000000,식품첨가물,"사용기준 못찾음, 별도 확인 필요",,"기타, 별도 확인 필요",
9517,ARTIFICIAL PERILLA FLAVOUR,합성들깨향,,B4000107000000,식품첨가물,"사용기준 못찾음, 별도 확인 필요",,"기타, 별도 확인 필요",
9518,ARTFICIAL DILL PICKLE FLAVOR,합성딜피클향,,B4003699000000,식품첨가물,"사용기준 못찾음, 별도 확인 필요",,"기타, 별도 확인 필요",
9519,ARTIFICIAL STRAWBERRY LIME FLAVOUR,합성딸기라임향,,B4000074000000,식품첨가물,"사용기준 못찾음, 별도 확인 필요",,"기타, 별도 확인 필요",
9520,,합성딸기바나나향,,B4000582000000,식품첨가물,"사용기준 못찾음, 별도 확인 필요",,"기타, 별도 확인 필요",
9521,,합성딸기요거트향,,B4000581000000,식품첨가물,"사용기준 못찾음, 별도 확인 필요",,"기타, 별도 확인 필요",
9522,,합성딸기우유향,,B4000580000000,식품첨가물,"사용기준 못찾음, 별도 확인 필요",,"기타, 별도 확인 필요",
9523,,합성딸기초콜릿향,,B4000578000000,식품첨가물,"사용기준 못찾음, 별도 확인 필요",,"기타, 별도 확인 필요",
9524,ARTIFICIAL STRAWBERRY COOLING FLAVOR,합성딸기쿨링향,,B4003659000000,식품첨가물,"사용기준 못찾음, 별도 확인 필요",,사용가능,
9525,,합성딸기크림향,,B4000575000000,식품첨가물,"사용기준 못찾음, 별도 확인 필요",,"기타, 별도 확인 필요",
9526,,합성딸기키위향,,B4000574000000,식품첨가물,"사용기준 못찾음, 별도 확인 필요",,"기타, 별도 확인 필요",
9527,ARTIFICIAL STRAWBERRY FLAVOUR,합성딸기향,,B4000022000000,식품첨가물,"사용기준 못찾음, 별도 확인 필요",,"기타, 별도 확인 필요",
9528,ARTIFICIAL STRAWBERRY AND WHITE CHOCOLATE TASTE FLAVOR,합성딸기화이트초콜릿향,,B4003712000000,식품첨가물,"사용기준 못찾음, 별도 확인 필요",,"기타, 별도 확인 필요",
9529,ARTIFICIAL PEANUT BUTTER CREAMY FLAVOR,합성땅콩버터크리미향,,B4003760000000,식품첨가물,"사용기준 못찾음, 별도 확인 필요",,사용가능,
9530,ARTIFICIAL PEANUT BUTTER FLAVOR,합성땅콩버터향,,B4000152000000,식품첨가물,"사용기준 못찾음, 별도 확인 필요",,"기타, 별도 확인 필요",
9531,ARTIFICIAL PEANUT OIL FLAVOUR,합성땅콩오일향,,B4003812000000,식품첨가물,"사용기준 못찾음, 별도 확인 필요",,"기타, 별도 확인 필요",
9532,ARTIFICIAL PEANUT FLAVOUR,합성땅콩향,,B4000024000000,식품첨가물,"사용기준 못찾음, 별도 확인 필요",,"기타, 별도 확인 필요",
9533,ARTIFICIAL TOM YUM FLAVOUR,합성똠얌향,,B4003700000000,식품첨가물,"사용기준 못찾음, 별도 확인 필요",,"기타, 별도 확인 필요",
9534,ARTIFICIAL LATTE FLAVOUR,합성라떼향,,B4003639000000,식품첨가물,"사용기준 못찾음, 별도 확인 필요",,사용가능,
9535,,합성라무네향,,B4000709000000,식품첨가물,"사용기준 못찾음, 별도 확인 필요",,"기타, 별도 확인 필요",
9536,ARTIFICIAL FLAVOR(LAVENDER),합성라벤더향,,B4000084000000,식품첨가물,"사용기준 못찾음, 별도 확인 필요",,"기타, 별도 확인 필요",
9537,,합성라이치(여지)향,,B4000510000000,식품첨가물,"사용기준 못찾음, 별도 확인 필요",,"기타, 별도 확인 필요",
9538,ARTIFICIAL LYCHEE PEACH FLAVOUR,합성라이치복숭아향,,B4000088000000,식품첨가물,"사용기준 못찾음, 별도 확인 필요",,"기타, 별도 확인 필요",
9539,ARTIFICIAL LIME FLAVOUR,합성라임향,,B4000144000000,식품첨가물,"사용기준 못찾음, 별도 확인 필요",,"기타, 별도 확인 필요",
9540,,합성라즈베리향,,B4000322000000,식품첨가물,"사용기준 못찾음, 별도 확인 필요",,"기타, 별도 확인 필요",
9541,ARTIFICIAL RASPBERRY WHITE CHOCOLATE FLAVOR,합성라즈베리화이트초콜릿향,,B4003635000000,식품첨가물,"사용기준 못찾음, 별도 확인 필요",,사용가능,
9542,,합성람부탄향,,B4000222000000,식품첨가물,"사용기준 못찾음, 별도 확인 필요",,"기타, 별도 확인 필요",
9543,,합성럼카카오향,,B4000158000000,식품첨가물,"사용기준 못찾음, 별도 확인 필요",,"기타, 별도 확인 필요",
9544,,합성럼향,,B4000566000000,식품첨가물,"사용기준 못찾음, 별도 확인 필요",,"기타, 별도 확인 필요",
9545,,합성레드베리향,,B4000015000000,식품첨가물,"사용기준 못찾음, 별도 확인 필요",,"기타, 별도 확인 필요",
9546,레드애플향,합성레드애플향,,B4000684000000,식품첨가물,"사용기준 못찾음, 별도 확인 필요",,"기타, 별도 확인 필요",
9547,,합성레드커런트향,,B4000477000000,식품첨가물,"사용기준 못찾음, 별도 확인 필요",,"기타, 별도 확인 필요",
9548,,합성레드푸르츠향,,B4000735000000,식품첨가물,"사용기준 못찾음, 별도 확인 필요",,"기타, 별도 확인 필요",
9549,ARTIFICIAL RED FRUIT FLAVOUR,합성레드후르츠향,,B4003683000000,식품첨가물,"사용기준 못찾음, 별도 확인 필요",,"기타, 별도 확인 필요",
9550,레몬그라스향,합성레몬그라스향,,B4000682000000,식품첨가물,"사용기준 못찾음, 별도 확인 필요",,"기타, 별도 확인 필요",
9551,ARTIFICIAL LEMON LIME FLAVOUR,합성레몬라임향,,B4000027000000,식품첨가물,"사용기준 못찾음, 별도 확인 필요",,"기타, 별도 확인 필요",
9552,레몬소다향,합성레몬소다향,,B4000681000000,식품첨가물,"사용기준 못찾음, 별도 확인 필요",,"기타, 별도 확인 필요",
9553,,합성레몬에이드향,,B4000514000000,식품첨가물,"사용기준 못찾음, 별도 확인 필요",,"기타, 별도 확인 필요",
9554,ARTIFICIAL LEMON CHEESE CAKE FLAVOR,합성레몬치즈케이크향,,B4003727000000,식품첨가물,"사용기준 못찾음, 별도 확인 필요",,"기타, 별도 확인 필요",
9555,,합성레몬크림향,,B4000512000000,식품첨가물,"사용기준 못찾음, 별도 확인 필요",,"기타, 별도 확인 필요",
9556,ARTIFICIAL LEMON FLAVOUR,합성레몬향,,B4000018000000,식품첨가물,"사용기준 못찾음, 별도 확인 필요",,"기타, 별도 확인 필요",
9557,ARTIFICIAL LOVAGE FLAVOUR,합성로베지향,,B4000039000000,식품첨가물,"사용기준 못찾음, 별도 확인 필요",,"기타, 별도 확인 필요",
9558,ARTIFICIAL ROSE FLAVOR,합성로제향,,B4003713000000,식품첨가물,"사용기준 못찾음, 별도 확인 필요",,"기타, 별도 확인 필요",
9559,,합성로즈마리향,,B4000511000000,식품첨가물,"사용기준 못찾음, 별도 확인 필요",,"기타, 별도 확인 필요",
9560,,합성로즈힙향,,B4000665000000,식품첨가물,"사용기준 못찾음, 별도 확인 필요",,"기타, 별도 확인 필요",
9561,,합성루바브잎향,,B4000162000000,식품첨가물,"사용기준 못찾음, 별도 확인 필요",,"기타, 별도 확인 필요",
9562,,합성루트비어향,,B4000497000000,식품첨가물,"사용기준 못찾음, 별도 확인 필요",,"기타, 별도 확인 필요",
9563,ARTIFICIAL LULO FLAVOR,합성룰로향,,B4003723000000,식품첨가물,"사용기준 못찾음, 별도 확인 필요",,"기타, 별도 확인 필요",
9564,ARTIFICIAL LYCHEE FLAVOUR,합성리치(여지)향,,B4000068000000,식품첨가물,"사용기준 못찾음, 별도 확인 필요",,"기타, 별도 확인 필요",
9565,ARTIFICIAL RICOTTA FLAVOR,합성리코타향,,B4003652000000,식품첨가물,"사용기준 못찾음, 별도 확인 필요",,사용가능,
9566,ARTIFICIAL LINGONBERRY FLAVOUR,합성링곤베리향,,B4000135000000,식품첨가물,"사용기준 못찾음, 별도 확인 필요",,"기타, 별도 확인 필요",
9567,,합성마가리타향,,B4000509000000,식품첨가물,"사용기준 못찾음, 별도 확인 필요",,"기타, 별도 확인 필요",
9568,인공마늘향,합성마늘향,,B4000319000000,식품첨가물,"사용기준 못찾음, 별도 확인 필요",,"기타, 별도 확인 필요",
9569,ARTIFICIAL GARLIC HERB FLAVOUR,합성마늘허브향,,B4003763000000,식품첨가물,"사용기준 못찾음, 별도 확인 필요",,사용가능,
9570,,합성마들렌향,,B4000744000000,식품첨가물,"사용기준 못찾음, 별도 확인 필요",,"기타, 별도 확인 필요",
9571,,합성마쉬멜로우향,,B4000160000000,식품첨가물,"사용기준 못찾음, 별도 확인 필요",,"기타, 별도 확인 필요",
9572,ARTIFICIAL MASCARPONE FLAVOUR,합성마스카르포네치즈향,,B4003641000000,식품첨가물,"사용기준 못찾음, 별도 확인 필요",,사용가능,
9573,,합성마스카르포네향,,B4000504000000,식품첨가물,"사용기준 못찾음, 별도 확인 필요",,"기타, 별도 확인 필요",
9574,,합성마스킹향,,B4000713000000,식품첨가물,"사용기준 못찾음, 별도 확인 필요",,"기타, 별도 확인 필요",
9575,ARTIFICIAL MASHMALLOW BUTTER FLAVOUR,합성마시멜로버터향,,B4003825000000,식품첨가물,"사용기준 못찾음, 별도 확인 필요",,사용가능,
9576,,합성마시멜로우향,,B4000507000000,식품첨가물,"사용기준 못찾음, 별도 확인 필요",,"기타, 별도 확인 필요",
9577,,합성마아가린향,,B4000624000000,식품첨가물,"사용기준 못찾음, 별도 확인 필요",,"기타, 별도 확인 필요",
9578,,합성마요네즈향,,B4000647000000,식품첨가물,"사용기준 못찾음, 별도 확인 필요",,"기타, 별도 확인 필요",
9579,,합성마요네즈향분말,,B4000237000000,식품첨가물,"사용기준 못찾음, 별도 확인 필요",,"기타, 별도 확인 필요",
9580,ARTIFICIAL MOUTHFEEL FLAVOR,합성마우스필향,,B4003725000000,식품첨가물,"사용기준 못찾음, 별도 확인 필요",,"기타, 별도 확인 필요",
9581,ARTIFICIAL MAILLARD REACTION FLAVOR,합성마이야르반응향,,B4003743000000,식품첨가물,"사용기준 못찾음, 별도 확인 필요",,사용가능,
9582,,합성마카다미아너트초콜릿향,,B4000645000000,식품첨가물,"사용기준 못찾음, 별도 확인 필요",,"기타, 별도 확인 필요",
9583,,합성마카다미아너트향,,B4000644000000,식품첨가물,"사용기준 못찾음, 별도 확인 필요",,"기타, 별도 확인 필요",
9584,ARTIFICIAL MACARON FLAVOUR,합성마카롱향,,B4003628000000,식품첨가물,"사용기준 못찾음, 별도 확인 필요",,사용가능,
9585,ARTIFICIAL MANDARIN PEACH FLAVOUR,합성만다린피치향,,B4003792000000,식품첨가물,"사용기준 못찾음, 별도 확인 필요",,사용가능,
9586,ARTIFICIAL MANDARIN FLAVOUR,합성만다린향,,B4000053000000,식품첨가물,"사용기준 못찾음, 별도 확인 필요",,"기타, 별도 확인 필요",
9587,ARTIFICIAL MACCHA FLAVOUR,합성말차향,,B4000078000000,식품첨가물,"사용기준 못찾음, 별도 확인 필요",,"기타, 별도 확인 필요",
9588,,합성말토덱스트린향,,B4000742000000,식품첨가물,"사용기준 못찾음, 별도 확인 필요",,"기타, 별도 확인 필요",
9589,,합성말톨향,,B4000642000000,식품첨가물,"사용기준 못찾음, 별도 확인 필요",,"기타, 별도 확인 필요",
9590,,합성망고스틴향,,B4000641000000,식품첨가물,"사용기준 못찾음, 별도 확인 필요",,"기타, 별도 확인 필요",
9591,ARTIFICIAL MANGO YOGURT FLAVOR,합성망고요거트향,,B4003707000000,식품첨가물,"사용기준 못찾음, 별도 확인 필요",,"기타, 별도 확인 필요",
9592,ARTIFICIAL MANGO FLAVOUR,합성망고향,,B4000037000000,식품첨가물,"사용기준 못찾음, 별도 확인 필요",,"기타, 별도 확인 필요",
9593,ARTIFICIAL MASKING FLAVOR,합성매스킹향,,B4003702000000,식품첨가물,"사용기준 못찾음, 별도 확인 필요",,"기타, 별도 확인 필요",
9594,ARTIFICIAL MASTIC FLAVOUR,합성매스틱향,,B4003766000000,식품첨가물,"사용기준 못찾음, 별도 확인 필요",,사용가능,
9595,,합성매실향,,B4000639000000,식품첨가물,"사용기준 못찾음, 별도 확인 필요",,"기타, 별도 확인 필요",
9596,,합성매운향,,B4000638000000,식품첨가물,"사용기준 못찾음, 별도 확인 필요",,"기타, 별도 확인 필요",
9597,인공맥아초콜릿향,합성맥아초콜릿향,,B4000696000000,식품첨가물,"사용기준 못찾음, 별도 확인 필요",,"기타, 별도 확인 필요",
9598,,합성맥아향,,B4000269000000,식품첨가물,"사용기준 못찾음, 별도 확인 필요",,"기타, 별도 확인 필요",
9599,,합성맥주향,,B4000714000000,식품첨가물,"사용기준 못찾음, 별도 확인 필요",,"기타, 별도 확인 필요",
9600,,합성머스켓향,,B4000229000000,식품첨가물,"사용기준 못찾음, 별도 확인 필요",,"기타, 별도 확인 필요",
9601,,합성머스타드향,,B4000616000000,식품첨가물,"사용기준 못찾음, 별도 확인 필요",,"기타, 별도 확인 필요",
9602,ARTIFICIAL MUFFIN FLAVOUR,합성머핀향,,B4003800000000,식품첨가물,"사용기준 못찾음, 별도 확인 필요",,"기타, 별도 확인 필요",
9603,ARTIFICIAL MULLED WINE FLAVOR,합성멀드와인향,,B4003675000000,식품첨가물,"사용기준 못찾음, 별도 확인 필요",,"기타, 별도 확인 필요",
9604,ARTIFICIAL MERINGUE FLAVOUR,합성메링게향,,B4000052000000,식품첨가물,"사용기준 못찾음, 별도 확인 필요",,"기타, 별도 확인 필요",
9605,,합성멘톨향,,B4000328000000,식품첨가물,"사용기준 못찾음, 별도 확인 필요",,"기타, 별도 확인 필요",
9606,ARTIFICIAL MELON BERRY FLAVOR,합성멜론베리향,,B4003753000000,식품첨가물,"사용기준 못찾음, 별도 확인 필요",,사용가능,
9607,,합성멜론소다향,,B4000637000000,식품첨가물,"사용기준 못찾음, 별도 확인 필요",,"기타, 별도 확인 필요",
9608,ARTIFICIAL MELON FLAVOUR,합성멜론향,,B4000025000000,식품첨가물,"사용기준 못찾음, 별도 확인 필요",,"기타, 별도 확인 필요",
9609,,합성멸치향,,B4000636000000,식품첨가물,"사용기준 못찾음, 별도 확인 필요",,"기타, 별도 확인 필요",
9610,,합성명태향,,B4000612000000,식품첨가물,"사용기준 못찾음, 별도 확인 필요",,"기타, 별도 확인 필요",
9611,,합성모짜렐라치즈향,,B4000634000000,식품첨가물,"사용기준 못찾음, 별도 확인 필요",,"기타, 별도 확인 필요",
9612,ARTIFICIAL MOCHA CAPPUCCINO FLAVOUR,합성모카카푸치노향,,B4003781000000,식품첨가물,"사용기준 못찾음, 별도 확인 필요",,사용가능,
9613,,합성모카커피향,,B4000632000000,식품첨가물,"사용기준 못찾음, 별도 확인 필요",,"기타, 별도 확인 필요",
9614,,합성모카향,,B4000016000000,식품첨가물,"사용기준 못찾음, 별도 확인 필요",,"기타, 별도 확인 필요",
9615,ARTIFICIAL OSMANTHUS FLAVOUR,합성목서향,,B4003827000000,식품첨가물,"사용기준 못찾음, 별도 확인 필요",,사용가능,
9616,,합성목화캔디향,,B4000631000000,식품첨가물,"사용기준 못찾음, 별도 확인 필요",,"기타, 별도 확인 필요",
9617,ARITIFICIAL COTTON FLAVOR,합성목화향,,B4003623000000,식품첨가물,"사용기준 못찾음, 별도 확인 필요",,사용가능,
9618,,합성무화과향,,B4000630000000,식품첨가물,"사용기준 못찾음, 별도 확인 필요",,"기타, 별도 확인 필요",
9619,,합성미림향,,B4000520000000,식품첨가물,"사용기준 못찾음, 별도 확인 필요",,"기타, 별도 확인 필요",
9620,ARTIFICIAL MISO FLAVOUR,합성미소향,,B4003820000000,식품첨가물,"사용기준 못찾음, 별도 확인 필요",,"기타, 별도 확인 필요",
9621,ARTIFICIAL SEA MUSTARD FLAVOUR,합성미역향,,B4003785000000,식품첨가물,"사용기준 못찾음, 별도 확인 필요",,사용가능,
9622,ARTIFICIAL MEAT BOOSTER FLAVOR,합성미트부스터향,,B4003719000000,식품첨가물,"사용기준 못찾음, 별도 확인 필요",,"기타, 별도 확인 필요",
9623,,합성미트향,,B4000335000000,식품첨가물,"사용기준 못찾음, 별도 확인 필요",,"기타, 별도 확인 필요",
9624,ARTIFICIAL MIX BERRY FLAVOR,합성믹스베리향,,B4003730000000,식품첨가물,"사용기준 못찾음, 별도 확인 필요",,"기타, 별도 확인 필요",
9625,,합성믹스후르츠향,,B4000715000000,식품첨가물,"사용기준 못찾음, 별도 확인 필요",,"기타, 별도 확인 필요",
9626,,합성민트초콜릿향,,B4000627000000,식품첨가물,"사용기준 못찾음, 별도 확인 필요",,"기타, 별도 확인 필요",
9627,,합성민트향,,B4000225000000,식품첨가물,"사용기준 못찾음, 별도 확인 필요",,"기타, 별도 확인 필요",
9628,ARTIFICIAL WHEAT BEER FLAVOUR,합성밀맥주향,,B4000058000000,식품첨가물,"사용기준 못찾음, 별도 확인 필요",,"기타, 별도 확인 필요",
9629,ARTIFICIAL MILK CHOCOLATE FLAVOUR,합성밀크초콜릿향,,B4003710000000,식품첨가물,"사용기준 못찾음, 별도 확인 필요",,"기타, 별도 확인 필요",
9630,ARTIFICIAL MILK CREAM FLAVOUR,합성밀크크림향,,B4000090000000,식품첨가물,"사용기준 못찾음, 별도 확인 필요",,"기타, 별도 확인 필요",
9631,ARTIFICIAL MILK TEA FLAVOR,합성밀크티향,,B4003695000000,식품첨가물,"사용기준 못찾음, 별도 확인 필요",,"기타, 별도 확인 필요",
9632,,합성밀향,,B4000626000000,식품첨가물,"사용기준 못찾음, 별도 확인 필요",,"기타, 별도 확인 필요",
9633,ARTIFICIAL & NATURAL BANANA FLAVOUR,합성바나나향,,B4000028000000,식품첨가물,"사용기준 못찾음, 별도 확인 필요",,"기타, 별도 확인 필요",
9634,,합성바닐라마카다미아향,,B4000724000000,식품첨가물,"사용기준 못찾음, 별도 확인 필요",,"기타, 별도 확인 필요",
9635,ARTIFICIAL VANILLA MOUSSE FLAVOR,합성바닐라무스향,,B4003726000000,식품첨가물,"사용기준 못찾음, 별도 확인 필요",,"기타, 별도 확인 필요",
9636,인공바닐라버본향,합성바닐라버본향,,B4000564000000,식품첨가물,"사용기준 못찾음, 별도 확인 필요",,"기타, 별도 확인 필요",
9637,,합성바닐라버터향,,B4000679000000,식품첨가물,"사용기준 못찾음, 별도 확인 필요",,"기타, 별도 확인 필요",
9638,ARTIFICIAL VANILLA SPICE FLAVOUR,합성바닐라스파이스향,,B4003780000000,식품첨가물,"사용기준 못찾음, 별도 확인 필요",,사용가능,
9639,ARTIFICIAL VANILLA ICECREAM FLAVOR,합성바닐라아이스크림향,,B4003637000000,식품첨가물,"사용기준 못찾음, 별도 확인 필요",,사용가능,
9640,,합성바닐라에센스향,,B4000677000000,식품첨가물,"사용기준 못찾음, 별도 확인 필요",,"기타, 별도 확인 필요",
9641,,합성바닐라우유향,,B4000557000000,식품첨가물,"사용기준 못찾음, 별도 확인 필요",,"기타, 별도 확인 필요",
9642,,합성바닐라체리향,,B4000556000000,식품첨가물,"사용기준 못찾음, 별도 확인 필요",,"기타, 별도 확인 필요",
9643,,합성바닐라초콜릿향,,B4000555000000,식품첨가물,"사용기준 못찾음, 별도 확인 필요",,"기타, 별도 확인 필요",
9644,,합성바닐라카라멜향,,B4000554000000,식품첨가물,"사용기준 못찾음, 별도 확인 필요",,"기타, 별도 확인 필요",
9645,ARTIFICIAL VANILLA COOKIE FLAVOR,합성바닐라쿠키향,,B4003638000000,식품첨가물,"사용기준 못찾음, 별도 확인 필요",,사용가능,
9646,,합성바닐라크림향,,B4000608000000,식품첨가물,"사용기준 못찾음, 별도 확인 필요",,"기타, 별도 확인 필요",
9647,ARTIFICIAL VANILLA FLAVOUR,합성바닐라향,Artificial vanilla flavouring,B4000010000000,식품첨가물,"사용기준 못찾음, 별도 확인 필요",,"기타, 별도 확인 필요",
9648,ARTIFICIAL VANILLA HAZELNUT FLAVOUR,합성바닐라헤이즐넛향,,B4000130000000,식품첨가물,"사용기준 못찾음, 별도 확인 필요",,"기타, 별도 확인 필요",
9649,ARTIFICIAL VANILLIN FLAVOUR,합성바닐린향,Vanillin Flavouring,B4000093000000,식품첨가물,"사용기준 못찾음, 별도 확인 필요",,"기타, 별도 확인 필요",
9650,,합성바다가재(랍스터)향,,B4000567000000,식품첨가물,"사용기준 못찾음, 별도 확인 필요",,"기타, 별도 확인 필요",
9651,인공바베큐향,합성바베큐향,,B4000661000000,식품첨가물,"사용기준 못찾음, 별도 확인 필요",,"기타, 별도 확인 필요",
9652,ARTIFICIAL FLAVOR(BASIL),합성바질향,,B4000133000000,식품첨가물,"사용기준 못찾음, 별도 확인 필요",,"기타, 별도 확인 필요",
9653,ARTIFICIAL PEPPERMINT FLAVOUR,합성박하향,,B4000082000000,식품첨가물,"사용기준 못찾음, 별도 확인 필요",,"기타, 별도 확인 필요",
9654,,합성밤향,,B4000251000000,식품첨가물,"사용기준 못찾음, 별도 확인 필요",,"기타, 별도 확인 필요",
9655,ARTIFICIAL PEAR LOQUAT FLAVOUR,합성배비파향,,B4003774000000,식품첨가물,"사용기준 못찾음, 별도 확인 필요",,사용가능,
9656,ARTIFICIAL FLAVOUR(PEAR),합성배향,,B4000062000000,식품첨가물,"사용기준 못찾음, 별도 확인 필요",,"기타, 별도 확인 필요",
9657,,합성백미후추향,,B4000658000000,식품첨가물,"사용기준 못찾음, 별도 확인 필요",,"기타, 별도 확인 필요",
9658,ARTIFICIAL WHITE GRAPE FLAVOUR,합성백포도향,,B4000013000000,식품첨가물,"사용기준 못찾음, 별도 확인 필요",,"기타, 별도 확인 필요",
9659,,합성백후추향,,B4000266000000,식품첨가물,"사용기준 못찾음, 별도 확인 필요",,"기타, 별도 확인 필요",
9660,,합성버블검향,,B4000657000000,식품첨가물,"사용기준 못찾음, 별도 확인 필요",,"기타, 별도 확인 필요",
9661,,합성버섯향,,B4000669000000,식품첨가물,"사용기준 못찾음, 별도 확인 필요",,"기타, 별도 확인 필요",
9662,,합성버터밀크향,,B4000503000000,식품첨가물,"사용기준 못찾음, 별도 확인 필요",,"기타, 별도 확인 필요",
9663,,합성버터산향,,B4000655000000,식품첨가물,"사용기준 못찾음, 별도 확인 필요",,"기타, 별도 확인 필요",
9664,,합성버터스카치카라멜향,,B4000654000000,식품첨가물,"사용기준 못찾음, 별도 확인 필요",,"기타, 별도 확인 필요",
9665,ARTIFICIAL BUTTER SCOTCH FLAVOUR,합성버터스카치향,,B4000033000000,식품첨가물,"사용기준 못찾음, 별도 확인 필요",,"기타, 별도 확인 필요",
9666,Artificial Butter Milk Vanilla Flavour,합성버터우유바닐라향,,B4003747000000,식품첨가물,"사용기준 못찾음, 별도 확인 필요",,사용가능,
9667,,합성버터우유향,,B4000441000000,식품첨가물,"사용기준 못찾음, 별도 확인 필요",,"기타, 별도 확인 필요",
9668,,합성버터초콜릿향,,B4000710000000,식품첨가물,"사용기준 못찾음, 별도 확인 필요",,"기타, 별도 확인 필요",
9669,,합성버터치즈향,,B4000518000000,식품첨가물,"사용기준 못찾음, 별도 확인 필요",,"기타, 별도 확인 필요",
9670,,합성버터카라멜향,,B4000440000000,식품첨가물,"사용기준 못찾음, 별도 확인 필요",,"기타, 별도 확인 필요",
9671,,합성버터크림향,,B4000439000000,식품첨가물,"사용기준 못찾음, 별도 확인 필요",,"기타, 별도 확인 필요",
9672,,합성버터토피향,,B4000438000000,식품첨가물,"사용기준 못찾음, 별도 확인 필요",,"기타, 별도 확인 필요",
9673,,합성버터피칸향,,B4000437000000,식품첨가물,"사용기준 못찾음, 별도 확인 필요",,"기타, 별도 확인 필요",
9674,ARTIFICIAL BUTTER FLAVOUR,합성버터향,Artificial butter Flavors,B4000101000000,식품첨가물,"사용기준 못찾음, 별도 확인 필요",,"기타, 별도 확인 필요",
9675,,합성벌꿀향,,B4000436000000,식품첨가물,"사용기준 못찾음, 별도 확인 필요",,"기타, 별도 확인 필요",
9676,ARTIFICIAL CHERRY BLOSSOM FLAVOUR,합성벚꽃향,,B4000103000000,식품첨가물,"사용기준 못찾음, 별도 확인 필요",,"기타, 별도 확인 필요",
9677,,합성베르가못향,,B4000218000000,식품첨가물,"사용기준 못찾음, 별도 확인 필요",,"기타, 별도 확인 필요",
9678,ARTIFICIAL BERRY YOGURT FLAVOR,합성베리요거트향,,B4003708000000,식품첨가물,"사용기준 못찾음, 별도 확인 필요",,"기타, 별도 확인 필요",
9679,ARTIFICIAL BERRY PUNCH FLAVOR,합성베리펀치향,,B4003754000000,식품첨가물,"사용기준 못찾음, 별도 확인 필요",,사용가능,
9680,,합성베리향,,B4000435000000,식품첨가물,"사용기준 못찾음, 별도 확인 필요",,"기타, 별도 확인 필요",
9681,,합성베리혼합향,,B4000434000000,식품첨가물,"사용기준 못찾음, 별도 확인 필요",,"기타, 별도 확인 필요",
9682,,합성베이컨향,,B4000433000000,식품첨가물,"사용기준 못찾음, 별도 확인 필요",,"기타, 별도 확인 필요",
9683,,합성보드카향,,B4000432000000,식품첨가물,"사용기준 못찾음, 별도 확인 필요",,"기타, 별도 확인 필요",
9684,ARTIFICIAL BARLEY FLAVOUR,합성보리향,,B4000036000000,식품첨가물,"사용기준 못찾음, 별도 확인 필요",,"기타, 별도 확인 필요",
9685,ARTIFICIAL BOYSENBERRY FLAVOUR,합성보이젠베리향,,B4000106000000,식품첨가물,"사용기준 못찾음, 별도 확인 필요",,"기타, 별도 확인 필요",
9686,ARTIFICIAL PEACH ICED TEA FLAVOUR,합성복숭아아이스티향,,B4003765000000,식품첨가물,"사용기준 못찾음, 별도 확인 필요",,사용가능,
9687,,합성복숭아크림향,,B4000430000000,식품첨가물,"사용기준 못찾음, 별도 확인 필요",,"기타, 별도 확인 필요",
9688,,합성복숭아파이향,,B4000124000000,식품첨가물,"사용기준 못찾음, 별도 확인 필요",,"기타, 별도 확인 필요",
9689,NATURAL & ARTIFICIAL PEACH FLAVOUR,합성복숭아향,,B4000007000000,식품첨가물,"사용기준 못찾음, 별도 확인 필요",,"기타, 별도 확인 필요",
9690,,합성볶은보리향,,B4000174000000,식품첨가물,"사용기준 못찾음, 별도 확인 필요",,"기타, 별도 확인 필요",
9691,,합성볶은아몬드향,,B4000173000000,식품첨가물,"사용기준 못찾음, 별도 확인 필요",,"기타, 별도 확인 필요",
9692,,합성볼로네제향,,B4000717000000,식품첨가물,"사용기준 못찾음, 별도 확인 필요",,"기타, 별도 확인 필요",
9693,ARTIFICIAL BUAH MERAH FLAVOUR,합성부아메라향,,B4000056000000,식품첨가물,"사용기준 못찾음, 별도 확인 필요",,"기타, 별도 확인 필요",
9694,,합성부추향,,B4000429000000,식품첨가물,"사용기준 못찾음, 별도 확인 필요",,"기타, 별도 확인 필요",
9695,ARTIFICIAL BROWNIE FLAVOR,합성브라우니향,,B4000697000000,식품첨가물,"사용기준 못찾음, 별도 확인 필요",,"기타, 별도 확인 필요",
9696,,합성브랜디향,,B4000428000000,식품첨가물,"사용기준 못찾음, 별도 확인 필요",,"기타, 별도 확인 필요",
9697,,합성블랙라즈베리향,,B4000426000000,식품첨가물,"사용기준 못찾음, 별도 확인 필요",,"기타, 별도 확인 필요",
9698,ARTIFICIAL BLACK MORELLO CHERRY FLAVOUR,합성블랙모렐로체리향,,B4003715000000,식품첨가물,"사용기준 못찾음, 별도 확인 필요",,"기타, 별도 확인 필요",
9699,ARTIFICIAL BLACKBERRY FLAVOUR,합성블랙베리향,,B4000032000000,식품첨가물,"사용기준 못찾음, 별도 확인 필요",,"기타, 별도 확인 필요",
9700,,합성블랙체리향,,B4000425000000,식품첨가물,"사용기준 못찾음, 별도 확인 필요",,"기타, 별도 확인 필요",
9701,ARTIFICIAL BLACK CURRANT FLAVOUR,합성블랙커런트향,,B4000110000000,식품첨가물,"사용기준 못찾음, 별도 확인 필요",,"기타, 별도 확인 필요",
9702,,합성블러드오렌지향,,B4000333000000,식품첨가물,"사용기준 못찾음, 별도 확인 필요",,"기타, 별도 확인 필요",
9703,,합성블루라즈베리향,,B4000424000000,식품첨가물,"사용기준 못찾음, 별도 확인 필요",,"기타, 별도 확인 필요",
9704,ARTIFICIAL BLUEBERRY FLAVOUR,합성블루베리향,,B4000040000000,식품첨가물,"사용기준 못찾음, 별도 확인 필요",,"기타, 별도 확인 필요",
9705,,합성블루치즈향,,B4000422000000,식품첨가물,"사용기준 못찾음, 별도 확인 필요",,"기타, 별도 확인 필요",
9706,ARTIFICIAL BIRYANI FLAVOUR,합성비리야니향,,B4000127000000,식품첨가물,"사용기준 못찾음, 별도 확인 필요",,"기타, 별도 확인 필요",
9707,,합성비스킷향,,B4000240000000,식품첨가물,"사용기준 못찾음, 별도 확인 필요",,"기타, 별도 확인 필요",
9708,,합성빌베리향,,B4000421000000,식품첨가물,"사용기준 못찾음, 별도 확인 필요",,"기타, 별도 확인 필요",
9709,BREAD CRUST ARTIFICIAL FLAVOUR,합성빵향,,B4000129000000,식품첨가물,"사용기준 못찾음, 별도 확인 필요",,"기타, 별도 확인 필요",
9710,Artificial petit beurre flavor,합성쁘띠베르향,,B4003748000000,식품첨가물,"사용기준 못찾음, 별도 확인 필요",,사용가능,
9711,ARTIFICIAL APPLE TEA FLAVOUR,합성사과차향,,B4000119000000,식품첨가물,"사용기준 못찾음, 별도 확인 필요",,"기타, 별도 확인 필요",
9712,ARTIFICIAL APPLE PIE FLAVOR,합성사과파이향,,B4003653000000,식품첨가물,"사용기준 못찾음, 별도 확인 필요",,사용가능,
9713,ARTIFICIAL APPLE FLAVOUR,합성사과향,,B4000003000000,식품첨가물,"사용기준 못찾음, 별도 확인 필요",,"기타, 별도 확인 필요",
9714,,합성사우어애플향,,B4000701000000,식품첨가물,"사용기준 못찾음, 별도 확인 필요",,"기타, 별도 확인 필요",
9715,,합성사우어크림향,,B4000551000000,식품첨가물,"사용기준 못찾음, 별도 확인 필요",,"기타, 별도 확인 필요",
9716,ARTIFICIAL SOURCREAM ONION FLAVOUR,합성사워크림어니언향,,B4000116000000,식품첨가물,"사용기준 못찾음, 별도 확인 필요",,"기타, 별도 확인 필요",
9717,인공사워크림향,합성사워크림향,,B4000215000000,식품첨가물,"사용기준 못찾음, 별도 확인 필요",,"기타, 별도 확인 필요",
9718,,합성사이다향,,B4000549000000,식품첨가물,"사용기준 못찾음, 별도 확인 필요",,"기타, 별도 확인 필요",
9719,,합성사탕수수향,,B4000548000000,식품첨가물,"사용기준 못찾음, 별도 확인 필요",,"기타, 별도 확인 필요",
9720,ARTIFICIAL RASPBERRY FLAVOUR,합성산딸기향,,B4000004000000,식품첨가물,"사용기준 못찾음, 별도 확인 필요",,"기타, 별도 확인 필요",
9721,ARTIFICIAL MOUNTAIN BLUEBERRY FLAVOUR,합성산매자나무열매향,,B4003814000000,식품첨가물,"사용기준 못찾음, 별도 확인 필요",,"기타, 별도 확인 필요",
9722,,합성산사향,,B4000704000000,식품첨가물,"사용기준 못찾음, 별도 확인 필요",,"기타, 별도 확인 필요",
9723,ARTIFICIAL GOAT MILK FLAVOUR,합성산양유향,,B4003818000000,식품첨가물,"사용기준 못찾음, 별도 확인 필요",,"기타, 별도 확인 필요",
9724,ARTIFICIAL CHINESE PEPPER FLAVOUR,합성산초향,,B4003789000000,식품첨가물,"사용기준 못찾음, 별도 확인 필요",,사용가능,
9725,합성착향료(살구향),합성살구향,,B4000048000000,식품첨가물,"사용기준 못찾음, 별도 확인 필요",,"기타, 별도 확인 필요",
9726,ARTIFICIAL SALAMI FLAVOUR,합성살라미향,,B4000117000000,식품첨가물,"사용기준 못찾음, 별도 확인 필요",,"기타, 별도 확인 필요",
9727,,합성살사사이다향,,B4000544000000,식품첨가물,"사용기준 못찾음, 별도 확인 필요",,"기타, 별도 확인 필요",
9728,ARTIFICIAL BOILED MEAT FLAVOR,합성삶은고기향,,B4003721000000,식품첨가물,"사용기준 못찾음, 별도 확인 필요",,"기타, 별도 확인 필요",
9729,,합성상그리아향,,B4000273000000,식품첨가물,"사용기준 못찾음, 별도 확인 필요",,"기타, 별도 확인 필요",
9730,,합성새우향,,B4000543000000,식품첨가물,"사용기준 못찾음, 별도 확인 필요",,"기타, 별도 확인 필요",
9731,ARTIFICIAL GINGER FLAVOUR,합성생강향,,B4000035000000,식품첨가물,"사용기준 못찾음, 별도 확인 필요",,"기타, 별도 확인 필요",
9732,,합성생선향,,B4000540000000,식품첨가물,"사용기준 못찾음, 별도 확인 필요",,"기타, 별도 확인 필요",
9733,생크림향,합성생크림향,,B4000683000000,식품첨가물,"사용기준 못찾음, 별도 확인 필요",,"기타, 별도 확인 필요",
9734,ARTIFICIAL SHINE MUSCAT FLAVOUR,합성샤인머스캣향,,B4003821000000,식품첨가물,"사용기준 못찾음, 별도 확인 필요",,사용가능,
9735,,합성샴페인향,,B4000539000000,식품첨가물,"사용기준 못찾음, 별도 확인 필요",,"기타, 별도 확인 필요",
9736,,합성서양고추냉이향,,B4000317000000,식품첨가물,"사용기준 못찾음, 별도 확인 필요",,"기타, 별도 확인 필요",
9737,,합성서양배향,,B4000676000000,식품첨가물,"사용기준 못찾음, 별도 확인 필요",,"기타, 별도 확인 필요",
9738,,합성서양송로향,,B4000666000000,식품첨가물,"사용기준 못찾음, 별도 확인 필요",,"기타, 별도 확인 필요",
9739,,합성서양자초향,,B4000723000000,식품첨가물,"사용기준 못찾음, 별도 확인 필요",,"기타, 별도 확인 필요",
9740,ARTIFICIAL POMEGRANATE FLAVOR,합성석류향,,B4000089000000,식품첨가물,"사용기준 못찾음, 별도 확인 필요",,"기타, 별도 확인 필요",
9741,,합성설탕향,,B4000538000000,식품첨가물,"사용기준 못찾음, 별도 확인 필요",,"기타, 별도 확인 필요",
9742,ARTIFICIAL SAVORY FLAVOUR,합성세이보리향,,B4000123000000,식품첨가물,"사용기준 못찾음, 별도 확인 필요",,"기타, 별도 확인 필요",
9743,ARTIFICIAL CELERY FLAVOUR,합성셀러리향,,B4000030000000,식품첨가물,"사용기준 못찾음, 별도 확인 필요",,"기타, 별도 확인 필요",
9744,,합성셜롯향,,B4000537000000,식품첨가물,"사용기준 못찾음, 별도 확인 필요",,"기타, 별도 확인 필요",
9745,ARTIFICIAL BEEF FAT FLAVOR,합성소고기기름향,,B4003733000000,식품첨가물,"사용기준 못찾음, 별도 확인 필요",,"기타, 별도 확인 필요",
9746,ARTIFICIAL BEEF FLAVOUR,합성소고기향,,B4003714000000,식품첨가물,"사용기준 못찾음, 별도 확인 필요",,"기타, 별도 확인 필요",
9747,,합성소금향,,B4000536000000,식품첨가물,"사용기준 못찾음, 별도 확인 필요",,"기타, 별도 확인 필요",
9748,ARTIFICIAL SODA FLAVOUR,합성소다향,,B4000126000000,식품첨가물,"사용기준 못찾음, 별도 확인 필요",,"기타, 별도 확인 필요",
9749,ARTIFICIAL CARDAMOM FLAVOR,합성소두구향,,B4003746000000,식품첨가물,"사용기준 못찾음, 별도 확인 필요",,사용가능,
9750,ARTIFICIAL SAUSAGE FLAVOUR,합성소시지향,,B4003801000000,식품첨가물,"사용기준 못찾음, 별도 확인 필요",,"기타, 별도 확인 필요",
9751,ARTIFICIAL SALTED CARAMEL FLAVOR,합성솔티드카라멜향,,B4003684000000,식품첨가물,"사용기준 못찾음, 별도 확인 필요",,"기타, 별도 확인 필요",
9752,,합성솜사탕향,,B4000291000000,식품첨가물,"사용기준 못찾음, 별도 확인 필요",,"기타, 별도 확인 필요",
9753,인공송로버섯향,합성송로버섯향,,B4000534000000,식품첨가물,"사용기준 못찾음, 별도 확인 필요",,"기타, 별도 확인 필요",
9754,,합성쇠고기바베큐향,,B4000533000000,식품첨가물,"사용기준 못찾음, 별도 확인 필요",,"기타, 별도 확인 필요",
9755,ARTIFICIAL BEEF FLAVOUR,합성쇠고기향,,B4000017000000,식품첨가물,"사용기준 못찾음, 별도 확인 필요",,"기타, 별도 확인 필요",
9756,ARTIFICIAL WATER MELLON FLAVOUR,합성수박향,,B4000029000000,식품첨가물,"사용기준 못찾음, 별도 확인 필요",,"기타, 별도 확인 필요",
9757,ARTIFICIAL FRIED SHALLOT FLAVOUR,합성숙근초튀김향,,B4003824000000,식품첨가물,"사용기준 못찾음, 별도 확인 필요",,사용가능,
9758,,합성숙근초향,,B4000722000000,식품첨가물,"사용기준 못찾음, 별도 확인 필요",,"기타, 별도 확인 필요",
9759,,합성숯불닭고기향,,B4000280000000,식품첨가물,"사용기준 못찾음, 별도 확인 필요",,"기타, 별도 확인 필요",
9760,Artificial charred beef flavor,합성숯불소고기향,,B4003745000000,식품첨가물,"사용기준 못찾음, 별도 확인 필요",,사용가능,
9761,ARTIFICIAL SMOKE FLAVOUR,합성스모크향,,B4003646000000,식품첨가물,"사용기준 못찾음, 별도 확인 필요",,사용가능,
9762,,합성스위트니스향,,B4000699000000,식품첨가물,"사용기준 못찾음, 별도 확인 필요",,"기타, 별도 확인 필요",
9763,SWEET DOUGH FLAVOUR,합성스위트도우향,,B4000506000000,식품첨가물,"사용기준 못찾음, 별도 확인 필요",,"기타, 별도 확인 필요",
9764,ARTIFICIAL SWEET VANILLA FLAVOUR,합성스위트바닐라향,,B4003682000000,식품첨가물,"사용기준 못찾음, 별도 확인 필요",,"기타, 별도 확인 필요",
9765,ARTIFICIAL SWEET CORN FLAVOUR,합성스위트콘향,,B4003731000000,식품첨가물,"사용기준 못찾음, 별도 확인 필요",,"기타, 별도 확인 필요",
9766,ARTIFICIAL STARANISE FLAVOUR,합성스타아니스향,,B4003658000000,식품첨가물,"사용기준 못찾음, 별도 확인 필요",,사용가능,
9767,ARTIFICIAL STOUT FLAVOUR,합성스타우트향,,B4003807000000,식품첨가물,"사용기준 못찾음, 별도 확인 필요",,"기타, 별도 확인 필요",
9768,,합성스톡향,,B4000745000000,식품첨가물,"사용기준 못찾음, 별도 확인 필요",,"기타, 별도 확인 필요",
9769,ARTIFICIAL STRACCIATELLA FLAVOUR,합성스트라치아텔라향,,B4003738000000,식품첨가물,"사용기준 못찾음, 별도 확인 필요",,사용가능,
9770,,합성스파이스향,,B4000528000000,식품첨가물,"사용기준 못찾음, 별도 확인 필요",,"기타, 별도 확인 필요",
9771,,합성스프베이스향,,B4000623000000,식품첨가물,"사용기준 못찾음, 별도 확인 필요",,"기타, 별도 확인 필요",
9772,ARTIFICIAL SPEARMINT FLAVOR,합성스피어민트향,,B4003629000000,식품첨가물,"사용기준 못찾음, 별도 확인 필요",,사용가능,
9773,ARTIFICIAL PASSIONFLOWER FLAVOUR,합성시계꽃향,,B4000057000000,식품첨가물,"사용기준 못찾음, 별도 확인 필요",,"기타, 별도 확인 필요",
9774,,합성시콰사향,,B4000668000000,식품첨가물,"사용기준 못찾음, 별도 확인 필요",,"기타, 별도 확인 필요",
9775,,합성시트랄향,,B4000620000000,식품첨가물,"사용기준 못찾음, 별도 확인 필요",,"기타, 별도 확인 필요",
9776,,합성시트러스향,,B4000619000000,식품첨가물,"사용기준 못찾음, 별도 확인 필요",,"기타, 별도 확인 필요",
9777,,합성식물성마가린향,,B4000527000000,식품첨가물,"사용기준 못찾음, 별도 확인 필요",,"기타, 별도 확인 필요",
9778,IDENTICAL VINEGAR FLAVOR,합성식초향,,B4003631000000,식품첨가물,"사용기준 못찾음, 별도 확인 필요",,사용가능,
9779,ARTIFICIAL SOUR CHERRY FLAVOUR,합성신체리향,,B4000141000000,식품첨가물,"사용기준 못찾음, 별도 확인 필요",,"기타, 별도 확인 필요",
9780,,합성쌀향,,B4000618000000,식품첨가물,"사용기준 못찾음, 별도 확인 필요",,"기타, 별도 확인 필요",
9781,합성 쌍화향,합성쌍화향,,B4000114000000,식품첨가물,"사용기준 못찾음, 별도 확인 필요",,"기타, 별도 확인 필요",
9782,ARTIFICIAL ARTEMISIA FLAVOUR,합성쑥향,,B4003679000000,식품첨가물,"사용기준 못찾음, 별도 확인 필요",,사용가능,
9783,합성향료(씨푸드향),합성씨푸드향,,B4000692000000,식품첨가물,"사용기준 못찾음, 별도 확인 필요",,"기타, 별도 확인 필요",
9784,ARTIFICIAL AGAVE FLAVOUR,합성아가베향,,B4003742000000,식품첨가물,"사용기준 못찾음, 별도 확인 필요",,사용가능,
9785,,합성아네톨향,,B4000525000000,식품첨가물,"사용기준 못찾음, 별도 확인 필요",,"기타, 별도 확인 필요",
9786,,합성아니스향,,B4000264000000,식품첨가물,"사용기준 못찾음, 별도 확인 필요",,"기타, 별도 확인 필요",
9787,ARTIFICIAL SCREW PINE FLAVOUR,합성아단향,,B4000131000000,식품첨가물,"사용기준 못찾음, 별도 확인 필요",,"기타, 별도 확인 필요",
9788,,합성아마레또아몬드향,,B4000524000000,식품첨가물,"사용기준 못찾음, 별도 확인 필요",,"기타, 별도 확인 필요",
9789,,합성아마레또향,,B4000523000000,식품첨가물,"사용기준 못찾음, 별도 확인 필요",,"기타, 별도 확인 필요",
9790,,합성아몬드버터향,,B4000402000000,식품첨가물,"사용기준 못찾음, 별도 확인 필요",,"기타, 별도 확인 필요",
9791,,합성아몬드크림향,,B4000476000000,식품첨가물,"사용기준 못찾음, 별도 확인 필요",,"기타, 별도 확인 필요",
9792,ARTIFICIAL ALMOND FLAVOUR,합성아몬드향,,B4000081000000,식품첨가물,"사용기준 못찾음, 별도 확인 필요",,"기타, 별도 확인 필요",
9793,ARTIFICIAL AVOCADO FLAVOR,합성아보카도향,,B4003650000000,식품첨가물,"사용기준 못찾음, 별도 확인 필요",,사용가능,
9794,,합성아사이향,,B4000289000000,식품첨가물,"사용기준 못찾음, 별도 확인 필요",,"기타, 별도 확인 필요",
9795,,합성아세로라향,,B4000474000000,식품첨가물,"사용기준 못찾음, 별도 확인 필요",,"기타, 별도 확인 필요",
9796,,합성아스파라거스향,,B4000473000000,식품첨가물,"사용기준 못찾음, 별도 확인 필요",,"기타, 별도 확인 필요",
9797,,합성아이리쉬크림향,,B4000471000000,식품첨가물,"사용기준 못찾음, 별도 확인 필요",,"기타, 별도 확인 필요",
9798,,합성아이리쉬향,,B4000470000000,식품첨가물,"사용기준 못찾음, 별도 확인 필요",,"기타, 별도 확인 필요",
9799,ARTIFICIAL ICE SUGAR FLAVOUR,합성아이스슈가향,,B4003662000000,식품첨가물,"사용기준 못찾음, 별도 확인 필요",,사용가능,
9800,,합성아이스크림향,,B4000469000000,식품첨가물,"사용기준 못찾음, 별도 확인 필요",,"기타, 별도 확인 필요",
9801,ARTICHOKE FLAVOR,합성아티초크향,,B4000155000000,식품첨가물,"사용기준 못찾음, 별도 확인 필요",,"기타, 별도 확인 필요",
9802,,합성알로에향,,B4000466000000,식품첨가물,"사용기준 못찾음, 별도 확인 필요",,"기타, 별도 확인 필요",
9803,,합성알콜향,,B4000741000000,식품첨가물,"사용기준 못찾음, 별도 확인 필요",,"기타, 별도 확인 필요",
9804,ARTIFICIAL APPLE CIDER VINEGAR FLAVOUR,합성애플사이다식초향,,B4003810000000,식품첨가물,"사용기준 못찾음, 별도 확인 필요",,"기타, 별도 확인 필요",
9805,ARTIFICIAL APPLE CIDER FLAVOUR,합성애플사이다향,,B4003783000000,식품첨가물,"사용기준 못찾음, 별도 확인 필요",,사용가능,
9806,,합성액상소고기향,,B4000243000000,식품첨가물,"사용기준 못찾음, 별도 확인 필요",,"기타, 별도 확인 필요",
9807,ARTIFICIAL WILD STRAWBERRY FLAVOUR,합성야생딸기향,,B4000085000000,식품첨가물,"사용기준 못찾음, 별도 확인 필요",,"기타, 별도 확인 필요",
9808,ARTIFICIAL VEGETABLE BROTH FLAVOUR,합성야채육수향,,B4003802000000,식품첨가물,"사용기준 못찾음, 별도 확인 필요",,"기타, 별도 확인 필요",
9809,,합성야채향,,B4000464000000,식품첨가물,"사용기준 못찾음, 별도 확인 필요",,"기타, 별도 확인 필요",
9810,,합성야채혼합향,,B4000463000000,식품첨가물,"사용기준 못찾음, 별도 확인 필요",,"기타, 별도 확인 필요",
9811,,합성얌향,,B4000462000000,식품첨가물,"사용기준 못찾음, 별도 확인 필요",,"기타, 별도 확인 필요",
9812,ARTIFICIAL MUTTON FLAVOR,합성양고기향,,B4003834000000,식품첨가물,"사용기준 못찾음, 별도 확인 필요",,사용가능,
9813,ARTIFICIAL SPEARMINT FLAVOUR,합성양박하향,,B4000006000000,식품첨가물,"사용기준 못찾음, 별도 확인 필요",,"기타, 별도 확인 필요",
9814,,합성양배추향,,B4000461000000,식품첨가물,"사용기준 못찾음, 별도 확인 필요",,"기타, 별도 확인 필요",
9815,,합성양송이향,,B4000460000000,식품첨가물,"사용기준 못찾음, 별도 확인 필요",,"기타, 별도 확인 필요",
9816,ARTIFICIAL ONION FLAVOUR,합성양파향,,B4000099000000,식품첨가물,"사용기준 못찾음, 별도 확인 필요",,"기타, 별도 확인 필요",
9817,ARTIFICIAL FISHMEAT FLAVOUR,합성어육향,,B4003776000000,식품첨가물,"사용기준 못찾음, 별도 확인 필요",,사용가능,
9818,,합성얼그레이향,,B4000014000000,식품첨가물,"사용기준 못찾음, 별도 확인 필요",,"기타, 별도 확인 필요",
9819,,합성에그녹향,,B4000458000000,식품첨가물,"사용기준 못찾음, 별도 확인 필요",,"기타, 별도 확인 필요",
9820,ARTIFICIAL ENERGY DRINK FLAVOUR,합성에너지드링크향,,B4000073000000,식품첨가물,"사용기준 못찾음, 별도 확인 필요",,"기타, 별도 확인 필요",
9821,ARTIFICIAL EDAM CHEESE FLAVOUR,합성에담치즈향,,B4003832000000,식품첨가물,"사용기준 못찾음, 별도 확인 필요",,사용가능,
9822,ARTIFICIAL EMMENTA CHESSE FLAVOUR,합성에멘탈치즈향,,B4003624000000,식품첨가물,"사용기준 못찾음, 별도 확인 필요",,사용가능,
9823,,합성에스프레소향,,B4000457000000,식품첨가물,"사용기준 못찾음, 별도 확인 필요",,"기타, 별도 확인 필요",
9824,ARTIFICIAL ETHYL VANILLIN FLAVOR,합성에틸바닐린향,,B4000008000000,식품첨가물,"사용기준 못찾음, 별도 확인 필요",,"기타, 별도 확인 필요",
9825,,합성엘더베리향,,B4000456000000,식품첨가물,"사용기준 못찾음, 별도 확인 필요",,"기타, 별도 확인 필요",
9826,ARTIFICIAL CITRUS NATSUDAIDAI FLAVOR,합성여름밀감향,,B4000153000000,식품첨가물,"사용기준 못찾음, 별도 확인 필요",,"기타, 별도 확인 필요",
9827,인공연꽃씨향,합성연꽃씨향,,B4000693000000,식품첨가물,"사용기준 못찾음, 별도 확인 필요",,"기타, 별도 확인 필요",
9828,,합성연꽃향,,B4000455000000,식품첨가물,"사용기준 못찾음, 별도 확인 필요",,"기타, 별도 확인 필요",
9829,,합성연어향,,B4000454000000,식품첨가물,"사용기준 못찾음, 별도 확인 필요",,"기타, 별도 확인 필요",
9830,,합성연유향,,B4000672000000,식품첨가물,"사용기준 못찾음, 별도 확인 필요",,"기타, 별도 확인 필요",
9831,,합성열대과일향,,B4000287000000,식품첨가물,"사용기준 못찾음, 별도 확인 필요",,"기타, 별도 확인 필요",
9832,ARTIFICIAL SALTED EGG FLAVOUR,합성염장계란향,,B4003830000000,식품첨가물,"사용기준 못찾음, 별도 확인 필요",,사용가능,
9833,ARTIFICIAL SALTED EGG YOLK FLAVOR,합성염장난황향,,B4003649000000,식품첨가물,"사용기준 못찾음, 별도 확인 필요",,사용가능,
9834,,합성엿기름향,,B4000278000000,식품첨가물,"사용기준 못찾음, 별도 확인 필요",,"기타, 별도 확인 필요",
9835,ARTIFICIAL ORGEAT SYRUP FLAVOR,합성오가이트시럽향,,B4003697000000,식품첨가물,"사용기준 못찾음, 별도 확인 필요",,"기타, 별도 확인 필요",
9836,ARTIFICIAL MULBERRY FLAVOUR,합성오디향,,B4000147000000,식품첨가물,"사용기준 못찾음, 별도 확인 필요",,"기타, 별도 확인 필요",
9837,,합성오레가노향,,B4000203000000,식품첨가물,"사용기준 못찾음, 별도 확인 필요",,"기타, 별도 확인 필요",
9838,ARTIFICIAL ORANGE FLOWER FLAVOUR,합성오렌지꽃향,,B4003690000000,식품첨가물,"사용기준 못찾음, 별도 확인 필요",,"기타, 별도 확인 필요",
9839,ARTIFICIAL ORANGE LEMON FLAVOUR,합성오렌지레몬향,,B4003794000000,식품첨가물,"사용기준 못찾음, 별도 확인 필요",,"기타, 별도 확인 필요",
9840,ARTIFICIAL ORANGE POMEGRANATE FLAVOUR,합성오렌지석류향,,B4003816000000,식품첨가물,"사용기준 못찾음, 별도 확인 필요",,"기타, 별도 확인 필요",
9841,,합성오렌지소다향,,B4000737000000,식품첨가물,"사용기준 못찾음, 별도 확인 필요",,"기타, 별도 확인 필요",
9842,,합성오렌지크림향,,B4000562000000,식품첨가물,"사용기준 못찾음, 별도 확인 필요",,"기타, 별도 확인 필요",
9843,,합성오렌지파인애플향,,B4000561000000,식품첨가물,"사용기준 못찾음, 별도 확인 필요",,"기타, 별도 확인 필요",
9844,ARTIFICIAL ORANGE FLAVOUR,합성오렌지향,,B4000001000000,식품첨가물,"사용기준 못찾음, 별도 확인 필요",,"기타, 별도 확인 필요",
9845,ARTIFICIAL SCHIZANDRA FLAVOR,합성오미자향,,B4000046000000,식품첨가물,"사용기준 못찾음, 별도 확인 필요",,"기타, 별도 확인 필요",
9846,,합성오이향,,B4000560000000,식품첨가물,"사용기준 못찾음, 별도 확인 필요",,"기타, 별도 확인 필요",
9847,,합성오징어향,,B4000559000000,식품첨가물,"사용기준 못찾음, 별도 확인 필요",,"기타, 별도 확인 필요",
9848,ARTIFICIAL OAK FLAVOR,합성오크향,,B4003666000000,식품첨가물,"사용기준 못찾음, 별도 확인 필요",,사용가능,
9849,,합성오트밀향,,B4000493000000,식품첨가물,"사용기준 못찾음, 별도 확인 필요",,"기타, 별도 확인 필요",
9850,ARTIFICIAL CORN FLAVOUR,합성옥수수향,,B4000067000000,식품첨가물,"사용기준 못찾음, 별도 확인 필요",,"기타, 별도 확인 필요",
9851,,합성올리브향,,B4000491000000,식품첨가물,"사용기준 못찾음, 별도 확인 필요",,"기타, 별도 확인 필요",
9852,,합성와인향,,B4000216000000,식품첨가물,"사용기준 못찾음, 별도 확인 필요",,"기타, 별도 확인 필요",
9853,ARTIFICIAL WILDBERRY FLAVOUR,합성와일드베리향,,B4000104000000,식품첨가물,"사용기준 못찾음, 별도 확인 필요",,"기타, 별도 확인 필요",
9854,ARTIFICIAL WILD CHERRY FLAVOUR,합성와일드체리향,,B4000079000000,식품첨가물,"사용기준 못찾음, 별도 확인 필요",,"기타, 별도 확인 필요",
9855,ARTIFICIAL WAFER FLAVOR,합성와퍼향,,B4003670000000,식품첨가물,"사용기준 못찾음, 별도 확인 필요",,사용가능,
9856,,합성와플향,,B4000711000000,식품첨가물,"사용기준 못찾음, 별도 확인 필요",,"기타, 별도 확인 필요",
9857,ARTIFICIAL PEA FLAVOUR,합성완두향,,B4003817000000,식품첨가물,"사용기준 못찾음, 별도 확인 필요",,"기타, 별도 확인 필요",
9858,,합성요거트향,,B4000405000000,식품첨가물,"사용기준 못찾음, 별도 확인 필요",,"기타, 별도 확인 필요",
9859,ARTIFICIAL YOGURT FLAVOUR,합성요구르트향,,B4000148000000,식품첨가물,"사용기준 못찾음, 별도 확인 필요",,"기타, 별도 확인 필요",
9860,,합성요쿠르트향,,B4000324000000,식품첨가물,"사용기준 못찾음, 별도 확인 필요",,"기타, 별도 확인 필요",
9861,합성착향료(오롱차향),합성우롱차향,,B4000686000000,식품첨가물,"사용기준 못찾음, 별도 확인 필요",,"기타, 별도 확인 필요",
9862,ARTIFICIAL UMAMI FLAVOUR,합성우마미향,,B4000059000000,식품첨가물,"사용기준 못찾음, 별도 확인 필요",,"기타, 별도 확인 필요",
9863,,합성우스터소스향,,B4003626000000,식품첨가물,"사용기준 못찾음, 별도 확인 필요",,"기타, 별도 확인 필요",
9864,,합성우유버터향,,B4000489000000,식품첨가물,"사용기준 못찾음, 별도 확인 필요",,"기타, 별도 확인 필요",
9865,,합성우유초콜릿향,,B4000487000000,식품첨가물,"사용기준 못찾음, 별도 확인 필요",,"기타, 별도 확인 필요",
9866,,합성우유카라멜향,,B4000486000000,식품첨가물,"사용기준 못찾음, 별도 확인 필요",,"기타, 별도 확인 필요",
9867,,합성우유커피향,,B4000485000000,식품첨가물,"사용기준 못찾음, 별도 확인 필요",,"기타, 별도 확인 필요",
9868,,합성우유코코넛향,,B4000484000000,식품첨가물,"사용기준 못찾음, 별도 확인 필요",,"기타, 별도 확인 필요",
9869,,합성우유크림향,,B4000483000000,식품첨가물,"사용기준 못찾음, 별도 확인 필요",,"기타, 별도 확인 필요",
9870,ARTIFICIAL MILK FLAVOUR,합성우유향,,B4000019000000,식품첨가물,"사용기준 못찾음, 별도 확인 필요",,"기타, 별도 확인 필요",
9871,ARTIFICAIL LAUREL LEAVE FLAVOR,합성월계수잎향,,B4003648000000,식품첨가물,"사용기준 못찾음, 별도 확인 필요",,사용가능,
9872,,합성위스키향,,B4000228000000,식품첨가물,"사용기준 못찾음, 별도 확인 필요",,"기타, 별도 확인 필요",
9873,ARTIFICIAL WINTERMELON FLAVOUR,합성윈터메론향,,B4000069000000,식품첨가물,"사용기준 못찾음, 별도 확인 필요",,"기타, 별도 확인 필요",
9874,,합성유자향,,B4000501000000,식품첨가물,"사용기준 못찾음, 별도 확인 필요",,"기타, 별도 확인 필요",
9875,,"합성유채유(채종유,카놀라유)향",,B4000210000000,식품첨가물,"사용기준 못찾음, 별도 확인 필요",,"기타, 별도 확인 필요",
9876,ARTIFICIAL EUCALYPTUS FLAVOUR,합성유칼립투스향,,B4000075000000,식품첨가물,"사용기준 못찾음, 별도 확인 필요",,"기타, 별도 확인 필요",
9877,SYNTHETIC BROTH FLAVOR,합성육수향,,B4003644000000,식품첨가물,"사용기준 못찾음, 별도 확인 필요",,사용가능,
9878,,합성인공모카향,,B4000318000000,식품첨가물,"사용기준 못찾음, 별도 확인 필요",,"기타, 별도 확인 필요",
9879,ARTIFICIAL HONEYSUCKLE FLAVOUR,합성인동향,,B4003692000000,식품첨가물,"사용기준 못찾음, 별도 확인 필요",,"기타, 별도 확인 필요",
9880,합성착향료(자두향),합성자두향,,B4000047000000,식품첨가물,"사용기준 못찾음, 별도 확인 필요",,"기타, 별도 확인 필요",
9881,artificial pink grapefruit flavour,합성자몽향,,B4000083000000,식품첨가물,"사용기준 못찾음, 별도 확인 필요",,"기타, 별도 확인 필요",
9882,ARTIFICIAL ZABIONE FLAVOUR,합성자바이오네향,,B4003833000000,식품첨가물,"사용기준 못찾음, 별도 확인 필요",,사용가능,
9883,ARTIFICIAL PURPLE SWEET POTATO FLAVOUR,합성자색고구마향,,B4003732000000,식품첨가물,"사용기준 못찾음, 별도 확인 필요",,"기타, 별도 확인 필요",
9884,ARTIFICIAL JASMINE FLAVOUR,합성자스민향,,B4000066000000,식품첨가물,"사용기준 못찾음, 별도 확인 필요",,"기타, 별도 확인 필요",
9885,ARTIFICIAL GIANDUJA FLAVOR,합성잔두야향,,B4003664000000,식품첨가물,"사용기준 못찾음, 별도 확인 필요",,사용가능,
9886,ARTIFICIAL ROSE FLAVOR,합성장미향,,B4000065000000,식품첨가물,"사용기준 못찾음, 별도 확인 필요",,"기타, 별도 확인 필요",
9887,ARTIFICIAL PRICKLY PEAR FLAVOUR,합성저단선향,,B4003772000000,식품첨가물,"사용기준 못찾음, 별도 확인 필요",,사용가능,
9888,,합성적포도주향,,B4000242000000,식품첨가물,"사용기준 못찾음, 별도 확인 필요",,"기타, 별도 확인 필요",
9889,ARTIFICIAL RED GRAPE FLAVOUR,합성적포도향,,B4003681000000,식품첨가물,"사용기준 못찾음, 별도 확인 필요",,"기타, 별도 확인 필요",
9890,ABALONE ARTIFICIAL FLAVOR,합성전복향,,B4003686000000,식품첨가물,"사용기준 못찾음, 별도 확인 필요",,"기타, 별도 확인 필요",
9891,,합성정향향,,B4000307000000,식품첨가물,"사용기준 못찾음, 별도 확인 필요",,"기타, 별도 확인 필요",
9892,,합성젖산향,,B4000306000000,식품첨가물,"사용기준 못찾음, 별도 확인 필요",,"기타, 별도 확인 필요",
9893,ARTIFICIAL VIOLET FLAVOR,합성제비꽃향,,B4000151000000,식품첨가물,"사용기준 못찾음, 별도 확인 필요",,"기타, 별도 확인 필요",
9894,ARTIFICIAL SALANGANE NEST FLAVOR,합성제비집향,,B4000045000000,식품첨가물,"사용기준 못찾음, 별도 확인 필요",,"기타, 별도 확인 필요",
9895,ARTIFICIAL JELLY FLAVOR,합성젤리향,,B4003655000000,식품첨가물,"사용기준 못찾음, 별도 확인 필요",,사용가능,
9896,ARTIFICIAL SHELLFISH FLAVOUR,합성조개향,,B4003803000000,식품첨가물,"사용기준 못찾음, 별도 확인 필요",,"기타, 별도 확인 필요",
9897,,합성종합과일향,,B4000740000000,식품첨가물,"사용기준 못찾음, 별도 확인 필요",,"기타, 별도 확인 필요",
9898,,합성진저브레드향,,B4000695000000,식품첨가물,"사용기준 못찾음, 별도 확인 필요",,"기타, 별도 확인 필요",
9899,ARTIFICIAL GINGER ALE FLAVOR,합성진저에일향,,B4003750000000,식품첨가물,"사용기준 못찾음, 별도 확인 필요",,사용가능,
9900,ARTIFICIAL THAI TEA FLAVOR,합성차옌향,,B4003796000000,식품첨가물,"사용기준 못찾음, 별도 확인 필요",,사용가능,
9901,ARTIFICIAL CHAI FLAVOUR,합성차이향,,B4000105000000,식품첨가물,"사용기준 못찾음, 별도 확인 필요",,"기타, 별도 확인 필요",
9902,ARTIFICIAL BEEFSTEAK PLANT FLAVOUR,합성차조기향,,B4000142000000,식품첨가물,"사용기준 못찾음, 별도 확인 필요",,"기타, 별도 확인 필요",
9903,,합성차즈기향,,B4000716000000,식품첨가물,"사용기준 못찾음, 별도 확인 필요",,"기타, 별도 확인 필요",
9904,ARTIFICIAL TEA FLAVOUR,합성차향,,B4000026000000,식품첨가물,"사용기준 못찾음, 별도 확인 필요",,"기타, 별도 확인 필요",
9905,ARTIFICIAL SESAME FLAVOR,합성참깨향,,B4000121000000,식품첨가물,"사용기준 못찾음, 별도 확인 필요",,"기타, 별도 확인 필요",
9906,,합성참치향,,B4000304000000,식품첨가물,"사용기준 못찾음, 별도 확인 필요",,"기타, 별도 확인 필요",
9907,ARTIFICIAL MOCHI FLAVOUR,합성찹쌀떡향,,B4003795000000,식품첨가물,"사용기준 못찾음, 별도 확인 필요",,사용가능,
9908,,합성청포도향,,B4000303000000,식품첨가물,"사용기준 못찾음, 별도 확인 필요",,"기타, 별도 확인 필요",
9909,,합성체다치즈향,,B4000302000000,식품첨가물,"사용기준 못찾음, 별도 확인 필요",,"기타, 별도 확인 필요",
9910,ARTIFICIAL CHERRY FLAVOUR,합성체리(버찌)향,,B4000002000000,식품첨가물,"사용기준 못찾음, 별도 확인 필요",,"기타, 별도 확인 필요",
9911,ARTIFICIAL CHORIZO FLAVOUR,합성초리조향,,B4003786000000,식품첨가물,"사용기준 못찾음, 별도 확인 필요",,사용가능,
9912,ARTIFICIAL CHOCOLATE CHIP COOKIE FLAVOUR,합성초코칩쿠키향,,B4003709000000,식품첨가물,"사용기준 못찾음, 별도 확인 필요",,"기타, 별도 확인 필요",
9913,,합성초콜릿마카다미아향,,B4000725000000,식품첨가물,"사용기준 못찾음, 별도 확인 필요",,"기타, 별도 확인 필요",
9914,인공초콜릿무스향,합성초콜릿무스향,,B4000688000000,식품첨가물,"사용기준 못찾음, 별도 확인 필요",,"기타, 별도 확인 필요",
9915,,합성초콜릿우유향,,B4000498000000,식품첨가물,"사용기준 못찾음, 별도 확인 필요",,"기타, 별도 확인 필요",
9916,,합성초콜릿케익향,,B4000420000000,식품첨가물,"사용기준 못찾음, 별도 확인 필요",,"기타, 별도 확인 필요",
9917,,합성초콜릿크림향,,B4000419000000,식품첨가물,"사용기준 못찾음, 별도 확인 필요",,"기타, 별도 확인 필요",
9918,,합성초콜릿트러플향,,B4000418000000,식품첨가물,"사용기준 못찾음, 별도 확인 필요",,"기타, 별도 확인 필요",
9919,,합성초콜릿푸딩향,,B4000417000000,식품첨가물,"사용기준 못찾음, 별도 확인 필요",,"기타, 별도 확인 필요",
9920,ARTIFICIAL CHOCOLATE FLAVOUR,합성초콜릿향,,B4000023000000,식품첨가물,"사용기준 못찾음, 별도 확인 필요",,"기타, 별도 확인 필요",
9921,ARTIFICIAL CHOCOLATE HAZELNUT FLAVOUR,합성초콜릿헤이즐넛향,,B4003657000000,식품첨가물,"사용기준 못찾음, 별도 확인 필요",,사용가능,
9922,ARTIFICIAL CHEESE AND BACON FLAVOUR,합성치즈베이컨향,,B4003716000000,식품첨가물,"사용기준 못찾음, 별도 확인 필요",,"기타, 별도 확인 필요",
9923,ARTIFICIAL CHEESE OIL FLAVOUR,합성치즈오일향,,B4003642000000,식품첨가물,"사용기준 못찾음, 별도 확인 필요",,사용가능,
9924,,합성치즈케이크향,,B4000738000000,식품첨가물,"사용기준 못찾음, 별도 확인 필요",,"기타, 별도 확인 필요",
9925,,합성치즈케익향,,B4000415000000,식품첨가물,"사용기준 못찾음, 별도 확인 필요",,"기타, 별도 확인 필요",
9926,ARTIFICIAL CHEESE FLAVOUR,합성치즈향,,B4000143000000,식품첨가물,"사용기준 못찾음, 별도 확인 필요",,"기타, 별도 확인 필요",
9927,ARTIFICIAL FLAVOR(CHICORY FLAVOR),합성치커리향,,B4000113000000,식품첨가물,"사용기준 못찾음, 별도 확인 필요",,"기타, 별도 확인 필요",
9928,인공치킨향,합성치킨향,,B4000399000000,식품첨가물,"사용기준 못찾음, 별도 확인 필요",,"기타, 별도 확인 필요",
9929,,합성칠리고추향,,B4000674000000,식품첨가물,"사용기준 못찾음, 별도 확인 필요",,"기타, 별도 확인 필요",
9930,,합성칠리소스향,,B4000413000000,식품첨가물,"사용기준 못찾음, 별도 확인 필요",,"기타, 별도 확인 필요",
9931,,합성카라멜너트향,,B4000412000000,식품첨가물,"사용기준 못찾음, 별도 확인 필요",,"기타, 별도 확인 필요",
9932,,합성카라멜마끼아또향,,B4000703000000,식품첨가물,"사용기준 못찾음, 별도 확인 필요",,"기타, 별도 확인 필요",
9933,,합성카라멜크림향,,B4000367000000,식품첨가물,"사용기준 못찾음, 별도 확인 필요",,"기타, 별도 확인 필요",
9934,ARTIFICIAL CARAMEL TOFFEE FLAVOUR,합성카라멜토피향,,B4003689000000,식품첨가물,"사용기준 못찾음, 별도 확인 필요",,"기타, 별도 확인 필요",
9935,ARTIFICIAL CARAMEL FLAVOUR,합성카라멜향,,B4000098000000,식품첨가물,"사용기준 못찾음, 별도 확인 필요",,"기타, 별도 확인 필요",
9936,ARTIFICIAL CARAMELIZED GRILLED FLAVOUR,합성카라멜화그릴향,,B4003828000000,식품첨가물,"사용기준 못찾음, 별도 확인 필요",,사용가능,
9937,ARTIFICIAL CARAMELIZED SUGAR FLAVOUR,합성카라멜화설탕향,,B4003790000000,식품첨가물,"사용기준 못찾음, 별도 확인 필요",,사용가능,
9938,,합성카레향,,B4000365000000,식품첨가물,"사용기준 못찾음, 별도 확인 필요",,"기타, 별도 확인 필요",
9939,,합성카르다몸향,,B4000364000000,식품첨가물,"사용기준 못찾음, 별도 확인 필요",,"기타, 별도 확인 필요",
9940,ARTIFICIAL CACHACA FLAVOR,합성카샤사향,,B4003676000000,식품첨가물,"사용기준 못찾음, 별도 확인 필요",,"기타, 별도 확인 필요",
9941,,합성카스타드향,,B4000362000000,식품첨가물,"사용기준 못찾음, 별도 확인 필요",,"기타, 별도 확인 필요",
9942,합성카스테라향,합성카스테라향,,B4000694000000,식품첨가물,"사용기준 못찾음, 별도 확인 필요",,"기타, 별도 확인 필요",
9943,,합성카시스향,,B4000361000000,식품첨가물,"사용기준 못찾음, 별도 확인 필요",,"기타, 별도 확인 필요",
9944,,합성카페라테향,,B4000360000000,식품첨가물,"사용기준 못찾음, 별도 확인 필요",,"기타, 별도 확인 필요",
9945,,합성카푸치노커피향,,B4000359000000,식품첨가물,"사용기준 못찾음, 별도 확인 필요",,"기타, 별도 확인 필요",
9946,,합성카푸치노향,,B4000358000000,식품첨가물,"사용기준 못찾음, 별도 확인 필요",,"기타, 별도 확인 필요",
9947,ARTIFICIAL COCKTAIL FLAVOR,합성칵테일향,,B4003680000000,식품첨가물,"사용기준 못찾음, 별도 확인 필요",,"기타, 별도 확인 필요",
9948,,합성칸달루프향,,B4000356000000,식품첨가물,"사용기준 못찾음, 별도 확인 필요",,"기타, 별도 확인 필요",
9949,,합성칼라만시향,,B4000355000000,식품첨가물,"사용기준 못찾음, 별도 확인 필요",,"기타, 별도 확인 필요",
9950,ARTIFICIAL CAMOMILE FLAVOUR,합성캐모마일향,,B4000146000000,식품첨가물,"사용기준 못찾음, 별도 확인 필요",,"기타, 별도 확인 필요",
9951,,합성캐슈너트향,,B4000354000000,식품첨가물,"사용기준 못찾음, 별도 확인 필요",,"기타, 별도 확인 필요",
9952,ARTIFICIAL CANDY FLAVOUR,합성캔디향,,B4003703000000,식품첨가물,"사용기준 못찾음, 별도 확인 필요",,"기타, 별도 확인 필요",
9953,,합성커런트향,,B4000352000000,식품첨가물,"사용기준 못찾음, 별도 확인 필요",,"기타, 별도 확인 필요",
9954,,합성커스타드크림향,,B4000368000000,식품첨가물,"사용기준 못찾음, 별도 확인 필요",,"기타, 별도 확인 필요",
9955,ARTIFICIAL CUSTARD PUDDING FLAVOUR,합성커스타드푸딩향,,B4003813000000,식품첨가물,"사용기준 못찾음, 별도 확인 필요",,"기타, 별도 확인 필요",
9956,,합성커스타드향,,B4000286000000,식품첨가물,"사용기준 못찾음, 별도 확인 필요",,"기타, 별도 확인 필요",
9957,ARTIFICIAL COFFEE FLAVOUR,합성커피향,,B4000021000000,식품첨가물,"사용기준 못찾음, 별도 확인 필요",,"기타, 별도 확인 필요",
9958,ARTIFICIAL KEBAB FLAVOR,합성케밥향,,B4003654000000,식품첨가물,"사용기준 못찾음, 별도 확인 필요",,사용가능,
9959,ARTIFICIAL CAKE FLAVOUR,합성케이크향,,B4000055000000,식품첨가물,"사용기준 못찾음, 별도 확인 필요",,"기타, 별도 확인 필요",
9960,,합성케첩향,,B4000350000000,식품첨가물,"사용기준 못찾음, 별도 확인 필요",,"기타, 별도 확인 필요",
9961,,합성케톤향,,B4000349000000,식품첨가물,"사용기준 못찾음, 별도 확인 필요",,"기타, 별도 확인 필요",
9962,ARTIFICIAL COCONUT MACADAMIA FLAVOUR,합성코코넛마카다미아향,,B4003793000000,식품첨가물,"사용기준 못찾음, 별도 확인 필요",,"기타, 별도 확인 필요",
9963,,합성코코넛크림향,,B4000348000000,식품첨가물,"사용기준 못찾음, 별도 확인 필요",,"기타, 별도 확인 필요",
9964,,합성코코넛파인애플향,,B4000347000000,식품첨가물,"사용기준 못찾음, 별도 확인 필요",,"기타, 별도 확인 필요",
9965,ARTIFICIAL COCONUT FLAVOUR,합성코코넛향,,B4000011000000,식품첨가물,"사용기준 못찾음, 별도 확인 필요",,"기타, 별도 확인 필요",
9966,ARTIFICIAL COCOA(CACAO) FLAVOUR,합성코코아(카카오)향,,B4000097000000,식품첨가물,"사용기준 못찾음, 별도 확인 필요",,"기타, 별도 확인 필요",
9967,,합성코코아리큐르향,,B4000236000000,식품첨가물,"사용기준 못찾음, 별도 확인 필요",,"기타, 별도 확인 필요",
9968,,합성코코아향,,B4000330000000,식품첨가물,"사용기준 못찾음, 별도 확인 필요",,"기타, 별도 확인 필요",
9969,ARTIFICIAL COLA FLAVOUR,합성콜라향,,B4000120000000,식품첨가물,"사용기준 못찾음, 별도 확인 필요",,"기타, 별도 확인 필요",
9970,,합성콩향,,B4000343000000,식품첨가물,"사용기준 못찾음, 별도 확인 필요",,"기타, 별도 확인 필요",
9971,ARTIFICIAL CUMIN FLAVOR,합성쿠민향,,B4003632000000,식품첨가물,"사용기준 못찾음, 별도 확인 필요",,사용가능,
9972,,합성쿠키도우향,,B4000700000000,식품첨가물,"사용기준 못찾음, 별도 확인 필요",,"기타, 별도 확인 필요",
9973,쿠키앤크림향,합성쿠키앤크림향,,B4000685000000,식품첨가물,"사용기준 못찾음, 별도 확인 필요",,"기타, 별도 확인 필요",
9974,ARTIFICIAL COOKIE FLAVOR,합성쿠키향,,B4000060000000,식품첨가물,"사용기준 못찾음, 별도 확인 필요",,"기타, 별도 확인 필요",
9975,합성 쿨란트로향,합성쿨란트로향,,B4000690000000,식품첨가물,"사용기준 못찾음, 별도 확인 필요",,"기타, 별도 확인 필요",
9976,ARTIFICIAL COOLING FLAVOR,합성쿨링향,,B4000094000000,식품첨가물,"사용기준 못찾음, 별도 확인 필요",,"기타, 별도 확인 필요",
9977,ARTIFICIAL QUININE FLAVOUR,합성퀴닌향,,B4003768000000,식품첨가물,"사용기준 못찾음, 별도 확인 필요",,사용가능,
9978,,합성크랜베리향,,B4000698000000,식품첨가물,"사용기준 못찾음, 별도 확인 필요",,"기타, 별도 확인 필요",
9979,,합성크랩향,,B4000341000000,식품첨가물,"사용기준 못찾음, 별도 확인 필요",,"기타, 별도 확인 필요",
9980,합성크런치향,합성크런치향,,B4000691000000,식품첨가물,"사용기준 못찾음, 별도 확인 필요",,"기타, 별도 확인 필요",
9981,ARTIFICIAL CREME BRULEE FLAVOUR,합성크렘브릴레향,,B4003634000000,식품첨가물,"사용기준 못찾음, 별도 확인 필요",,사용가능,
9982,ARTIFICIAL CREME BRULEE FLAVOR,합성크림브륄레향,,B4003663000000,식품첨가물,"사용기준 못찾음, 별도 확인 필요",,사용가능,
9983,,합성크림소다향,,B4000340000000,식품첨가물,"사용기준 못찾음, 별도 확인 필요",,"기타, 별도 확인 필요",
9984,,합성크림치즈향,,B4000339000000,식품첨가물,"사용기준 못찾음, 별도 확인 필요",,"기타, 별도 확인 필요",
9985,ARTIFICIAL CREAM FLAVOUR,합성크림향,,B4000087000000,식품첨가물,"사용기준 못찾음, 별도 확인 필요",,"기타, 별도 확인 필요",
9986,ARTIFICIAL KIRSCH FLAVOR,합성키르슈향,,B4003677000000,식품첨가물,"사용기준 못찾음, 별도 확인 필요",,사용가능,
9987,ARTIFICIAL KIWI FLAVOUR,합성키위향,,B4000050000000,식품첨가물,"사용기준 못찾음, 별도 확인 필요",,"기타, 별도 확인 필요",
9988,,합성타로향,,B4000132000000,식품첨가물,"사용기준 못찾음, 별도 확인 필요",,"기타, 별도 확인 필요",
9989,ARTIFICIAL TAMARIND FLAVOUR,합성타마린드향,,B4000115000000,식품첨가물,"사용기준 못찾음, 별도 확인 필요",,"기타, 별도 확인 필요",
9990,,합성타바스코향,,B4000743000000,식품첨가물,"사용기준 못찾음, 별도 확인 필요",,"기타, 별도 확인 필요",
9991,,합성타임향,,B4000720000000,식품첨가물,"사용기준 못찾음, 별도 확인 필요",,"기타, 별도 확인 필요",
9992,,합성타피오카향,,B4000451000000,식품첨가물,"사용기준 못찾음, 별도 확인 필요",,"기타, 별도 확인 필요",
9993,,합성토닉향,,B4000449000000,식품첨가물,"사용기준 못찾음, 별도 확인 필요",,"기타, 별도 확인 필요",
9994,ARTIFICIAL TARO FLAVOUR,합성토란향,,B4000112000000,식품첨가물,"사용기준 못찾음, 별도 확인 필요",,"기타, 별도 확인 필요",
9995,,합성토마토케첩향,,B4000448000000,식품첨가물,"사용기준 못찾음, 별도 확인 필요",,"기타, 별도 확인 필요",
9996,ARTIFICIAL TOMATO FLAVOUR,합성토마토향,,B4000054000000,식품첨가물,"사용기준 못찾음, 별도 확인 필요",,"기타, 별도 확인 필요",
9997,,합성토피향,,B4000502000000,식품첨가물,"사용기준 못찾음, 별도 확인 필요",,"기타, 별도 확인 필요",
9998,ARTIFICIAL GRAHAM FLAVOR,합성통밀향,,B4003636000000,식품첨가물,"사용기준 못찾음, 별도 확인 필요",,사용가능,
9999,ARTIFICIAL TUTTI FRUTTI FLAVOUR,합성투티프루티향,,B4003630000000,식품첨가물,"사용기준 못찾음, 별도 확인 필요",,사용가능,
10000,ARTIFICIAL FRIED GARLIC FLAVOR,합성튀긴마늘향,,B4003756000000,식품첨가물,"사용기준 못찾음, 별도 확인 필요",,사용가능,
10001,ARTIFICIAL FRIED BEEF FLAVOUR,합성튀긴소고기향,,B4003823000000,식품첨가물,"사용기준 못찾음, 별도 확인 필요",,사용가능,
10002,Artificial Truffle Flavour,합성트러플향,,B4003749000000,식품첨가물,"사용기준 못찾음, 별도 확인 필요",,사용가능,
10003,ARTIFICIAL TROPICAL PUNCH FLAVOR,합성트로피칼펀치향,,B4000061000000,식품첨가물,"사용기준 못찾음, 별도 확인 필요",,"기타, 별도 확인 필요",
10004,ARTIFICIAL TROPICIAL FLAVOUR,합성트로피칼향,,B4000080000000,식품첨가물,"사용기준 못찾음, 별도 확인 필요",,"기타, 별도 확인 필요",
10005,,합성트리아세틴향,,B4000445000000,식품첨가물,"사용기준 못찾음, 별도 확인 필요",,"기타, 별도 확인 필요",
10006,,합성트리플섹향,,B4000444000000,식품첨가물,"사용기준 못찾음, 별도 확인 필요",,"기타, 별도 확인 필요",
10007,,합성티라미수향,,B4000443000000,식품첨가물,"사용기준 못찾음, 별도 확인 필요",,"기타, 별도 확인 필요",
10008,,합성파래향,,B4000442000000,식품첨가물,"사용기준 못찾음, 별도 확인 필요",,"기타, 별도 확인 필요",
10009,,합성파마산치즈향,,B4000397000000,식품첨가물,"사용기준 못찾음, 별도 확인 필요",,"기타, 별도 확인 필요",
10010,ARTIFICIAL PARSLEY FLAVOUR,합성파슬리향,,B4003720000000,식품첨가물,"사용기준 못찾음, 별도 확인 필요",,"기타, 별도 확인 필요",
10011,ARTIFICIAL PINEAPPLE YOGURT FLAVOR,합성파인애플요거트향,,B4003706000000,식품첨가물,"사용기준 못찾음, 별도 확인 필요",,"기타, 별도 확인 필요",
10012,ARTIFICIAL PINEAPPLE FLAVOUR,합성파인애플향,,B4000091000000,식품첨가물,"사용기준 못찾음, 별도 확인 필요",,"기타, 별도 확인 필요",
10013,,합성파파야향,,B4000395000000,식품첨가물,"사용기준 못찾음, 별도 확인 필요",,"기타, 별도 확인 필요",
10014,,합성파프리카향,,B4000226000000,식품첨가물,"사용기준 못찾음, 별도 확인 필요",,"기타, 별도 확인 필요",
10015,ARTIFICIAL PANNA COTTA FLAVOR,합성판나코타향,,B4003665000000,식품첨가물,"사용기준 못찾음, 별도 확인 필요",,사용가능,
10016,,합성판다너스향,,B4000478000000,식품첨가물,"사용기준 못찾음, 별도 확인 필요",,"기타, 별도 확인 필요",
10017,,합성판단향,,B4000282000000,식품첨가물,"사용기준 못찾음, 별도 확인 필요",,"기타, 별도 확인 필요",
10018,,합성팔각향,,B4000394000000,식품첨가물,"사용기준 못찾음, 별도 확인 필요",,"기타, 별도 확인 필요",
10019,ARTIFICIAL PALM OIL FLAVOR,합성팜오일향,,B4003717000000,식품첨가물,"사용기준 못찾음, 별도 확인 필요",,"기타, 별도 확인 필요",
10020,,합성팜향,,B4000496000000,식품첨가물,"사용기준 못찾음, 별도 확인 필요",,"기타, 별도 확인 필요",
10021,,합성팝콘향,,B4000393000000,식품첨가물,"사용기준 못찾음, 별도 확인 필요",,"기타, 별도 확인 필요",
10022,ARTIFICIAL PAD THAI FLAVOR,합성팟타이향,,B4003698000000,식품첨가물,"사용기준 못찾음, 별도 확인 필요",,"기타, 별도 확인 필요",
10023,ARTIFICIAL AN BUTTER FLAVOUR,합성팥앙금버터향,,B4003777000000,식품첨가물,"사용기준 못찾음, 별도 확인 필요",,사용가능,
10024,,합성팥향,,B4000276000000,식품첨가물,"사용기준 못찾음, 별도 확인 필요",,"기타, 별도 확인 필요",
10025,ARTIFICEAL FALERNUM FLAVOR,합성패러넘향,,B4003674000000,식품첨가물,"사용기준 못찾음, 별도 확인 필요",,"기타, 별도 확인 필요",
10026,ARTIFICIAL PASSIONFRUIT FLAVOUR,합성패션푸르츠향,,B4000137000000,식품첨가물,"사용기준 못찾음, 별도 확인 필요",,"기타, 별도 확인 필요",
10027,,합성페퍼민트향,,B4000407000000,식품첨가물,"사용기준 못찾음, 별도 확인 필요",,"기타, 별도 확인 필요",
10028,,합성포도당시럽향,,B4000389000000,식품첨가물,"사용기준 못찾음, 별도 확인 필요",,"기타, 별도 확인 필요",
10029,,합성포도당향,,B4000388000000,식품첨가물,"사용기준 못찾음, 별도 확인 필요",,"기타, 별도 확인 필요",
10030,ARTIFICIAL GRAPE SODA FLAVOUR,합성포도소다향,,B4003759000000,식품첨가물,"사용기준 못찾음, 별도 확인 필요",,사용가능,
10031,,합성포도주향,,B4000386000000,식품첨가물,"사용기준 못찾음, 별도 확인 필요",,"기타, 별도 확인 필요",
10032,ARTIFICIAL GRAPE FLAVOUR,합성포도향,,B4000034000000,식품첨가물,"사용기준 못찾음, 별도 확인 필요",,"기타, 별도 확인 필요",
10033,ARTIFICIAL FOREST FRUITS FLAVOR,합성포레스트프룻향,,B4003645000000,식품첨가물,"사용기준 못찾음, 별도 확인 필요",,사용가능,
10034,ARTIFICIAL Shiitake Fungus Flavour,합성표고버섯향,,B4003752000000,식품첨가물,"사용기준 못찾음, 별도 확인 필요",,사용가능,
10035,ARTIFICIAL PUDDING FLAVOR,합성푸딩향,,B4003718000000,식품첨가물,"사용기준 못찾음, 별도 확인 필요",,"기타, 별도 확인 필요",
10036,,합성푸룬향,,B4000385000000,식품첨가물,"사용기준 못찾음, 별도 확인 필요",,"기타, 별도 확인 필요",
10037,ARTIFICIAL BUBBLE GUM FLAVOR,합성풍선껌향,,B4000100000000,식품첨가물,"사용기준 못찾음, 별도 확인 필요",,"기타, 별도 확인 필요",
10038,,합성프란젤리코향,,B4000730000000,식품첨가물,"사용기준 못찾음, 별도 확인 필요",,"기타, 별도 확인 필요",
10039,ARTIFICIAL FRENCH VANILLA FLAVOUR,합성프렌치바닐라향,,B4000118000000,식품첨가물,"사용기준 못찾음, 별도 확인 필요",,"기타, 별도 확인 필요",
10040,ARTIFICIAL PROSCIUTTO FLAVOUR,합성프로슈토향,,B4003787000000,식품첨가물,"사용기준 못찾음, 별도 확인 필요",,사용가능,
10041,,합성프로필렌글리콜향,,B4000406000000,식품첨가물,"사용기준 못찾음, 별도 확인 필요",,"기타, 별도 확인 필요",
10042,,합성플레인향,,B4000726000000,식품첨가물,"사용기준 못찾음, 별도 확인 필요",,"기타, 별도 확인 필요",
10043,ARTIFICIAL LINDEN FLOWER FLAVOUR,합성피나무꽃향,,B4003784000000,식품첨가물,"사용기준 못찾음, 별도 확인 필요",,사용가능,
10044,,합성피나콜라다향,,B4000384000000,식품첨가물,"사용기준 못찾음, 별도 확인 필요",,"기타, 별도 확인 필요",
10045,ARTIFICIAL GREEN PEPPER FLAVOR,합성피망향,,B4000072000000,식품첨가물,"사용기준 못찾음, 별도 확인 필요",,"기타, 별도 확인 필요",
10046,ARTIFICIAL PISTACHE COOKIES FLAVOR,합성피스타치오쿠키향,,B4003739000000,식품첨가물,"사용기준 못찾음, 별도 확인 필요",,사용가능,
10047,,합성피스타치오향,,B4000383000000,식품첨가물,"사용기준 못찾음, 별도 확인 필요",,"기타, 별도 확인 필요",
10048,ARTIFICIAL PIZZA FLAVOUR,합성피자향,,B4000020000000,식품첨가물,"사용기준 못찾음, 별도 확인 필요",,"기타, 별도 확인 필요",
10049,,합성피칸향,,B4000381000000,식품첨가물,"사용기준 못찾음, 별도 확인 필요",,"기타, 별도 확인 필요",
10050,ARTIFICIAL JAMON FLAVOR,합성하몽향,,B4003671000000,식품첨가물,"사용기준 못찾음, 별도 확인 필요",,"기타, 별도 확인 필요",
10051,ARTIFICIAL HALLABONG(DEKOPON) FLAVOUR,합성한라봉향,,B4000049000000,식품첨가물,"사용기준 못찾음, 별도 확인 필요",,"기타, 별도 확인 필요",
10052,,합성할라피뇨향,,B4000274000000,식품첨가물,"사용기준 못찾음, 별도 확인 필요",,"기타, 별도 확인 필요",
10053,ARTIFICIAL HOT SAUCE FLAVOUR,합성핫소스향,,B4003701000000,식품첨가물,"사용기준 못찾음, 별도 확인 필요",,"기타, 별도 확인 필요",
10054,ARTIFICIAL SEAFOOD FLAVOUR,합성해물향,,B4003735000000,식품첨가물,"사용기준 못찾음, 별도 확인 필요",,"기타, 별도 확인 필요",
10055,,합성해바라기유향,,B4000728000000,식품첨가물,"사용기준 못찾음, 별도 확인 필요",,"기타, 별도 확인 필요",
10056,,합성해바라기향,,B4000285000000,식품첨가물,"사용기준 못찾음, 별도 확인 필요",,"기타, 별도 확인 필요",
10057,,합성해산물향,,B4000380000000,식품첨가물,"사용기준 못찾음, 별도 확인 필요",,"기타, 별도 확인 필요",
10058,,합성해초향,,B4000379000000,식품첨가물,"사용기준 못찾음, 별도 확인 필요",,"기타, 별도 확인 필요",
10059,ARTIFICIAL HERBACEOUS SEEPWEED FLAVOUR,합성해홍나물향,,B4003835000000,식품첨가물,"사용기준 못찾음, 별도 확인 필요",,사용가능,
10060,ARTIFICIAL HAM FLAVOUR,합성햄향,,B4000005000000,식품첨가물,"사용기준 못찾음, 별도 확인 필요",,"기타, 별도 확인 필요",
10061,ARTIFICIAL FLAVOURS,합성향료,,B1003622000000,식품첨가물,"사용기준 못찾음, 별도 확인 필요",,"기타, 별도 확인 필요",
10062,"(+/-)-(2,6,6-TRIMETHYL-2-HYDROXYCYCLOHEXYLIDENE)ACETIC ACID Γ-LACTONE","합성향료((+/-)-(2,6,6-Trimethyl-2-hydroxycyclohexylidene)acetic acid γ-lactone)",,B1005996000000,식품첨가물,"사용기준 못찾음, 별도 확인 필요",,"기타, 별도 확인 필요",
10063,(+/-)-1-PHENYLETHYLMERCAPTAN,합성향료((+/-)-1-Phenylethylmercaptan),,B1005735000000,식품첨가물,"사용기준 못찾음, 별도 확인 필요",,"기타, 별도 확인 필요",
10064,"(+/-)-2,8-EPITHIO-CIS-P-MENTHANE","합성향료((+/-)-2,8-Epithio-cis-p-menthane)",,B1004273000000,식품첨가물,"사용기준 못찾음, 별도 확인 필요",,"기타, 별도 확인 필요",
10065,(+/-)-2-METHYL-1-BUTANOL,합성향료((+/-)-2-Methyl-1-butanol),,B1005194000000,식품첨가물,"사용기준 못찾음, 별도 확인 필요",,"기타, 별도 확인 필요",
10066,(+/-)-ISOBUTYL 3-METHYLTHIOBUTYRATE,합성향료((+/-)-Isobutyl 3-methylthiobutyrate),,B1004851000000,식품첨가물,"사용기준 못찾음, 별도 확인 필요",,"기타, 별도 확인 필요",
10067,(+/-)3-METHYL-Γ-DECALACTONE,합성향료((+/-)3-Methyl-γ-decalactone),,B1005320000000,식품첨가물,"사용기준 못찾음, 별도 확인 필요",,"기타, 별도 확인 필요",
10068,"(-)-HOMOERIODICTYOL, SODIUM SALT","합성향료((-)-Homoeriodictyol, sodium salt)",,B1004691000000,식품첨가물,"사용기준 못찾음, 별도 확인 필요",,"기타, 별도 확인 필요",
10069,(-)-MENTHOL ETHYLENE GLYCOL CARBONATE,합성향료((-)-Menthol ethylene glycol carbonate),,B1005035000000,식품첨가물,"사용기준 못찾음, 별도 확인 필요",,"기타, 별도 확인 필요",
10070,(1-BUTEN-1-YL) METHYL SULFIDE,합성향료((1-Buten-1-yl) methyl sulfide),,B1003822000000,식품첨가물,"사용기준 못찾음, 별도 확인 필요",,"기타, 별도 확인 필요",
10071,,"합성향료((1R,2S,5R)-N-(4-Methoxyphenyl)-5-methyl-2-(1-methylethyl)cyclohexanecarboxamide )",,B1006201000000,식품첨가물,"사용기준 못찾음, 별도 확인 필요",,"기타, 별도 확인 필요",
10072,(2S-TRANS)-5METHYL-2-(1-METHYLETHYL)CYCLOHEXANONE,합성향료((2S-trans)-5 Methyl-2-(1-methylethyl)cyclohexanone),,B1005202000000,식품첨가물,"사용기준 못찾음, 별도 확인 필요",,"기타, 별도 확인 필요",
10073,"(3,5 OR 6)-(METHYLTHIO)-2- METHYLPYRAZINE","합성향료((3,5 or 6)-(Methylthio)-2-methylpyrazine)",,B1005351000000,식품첨가물,"사용기준 못찾음, 별도 확인 필요",,"기타, 별도 확인 필요",
10074,"(E) & (Z)-4,8-DIMETHYL-3,7-NONADIEN-2-ONE","합성향료((E) & (Z)-4,8-Dimethyl-3,7-nonadien-2-one)",,B1004119000000,식품첨가물,"사용기준 못찾음, 별도 확인 필요",,"기타, 별도 확인 필요",
10075,(E)-2-HEXENAL DIETHYL ACETAL,합성향료((E)-2-Hexenal diethyl acetal),,B1004636000000,식품첨가물,"사용기준 못찾음, 별도 확인 필요",,"기타, 별도 확인 필요",
10076,(E)-2-HEXENYL HEXANOATE,합성향료((E)-2-Hexenyl hexanoate),,B1004654000000,식품첨가물,"사용기준 못찾음, 별도 확인 필요",,"기타, 별도 확인 필요",
10077,(E)-2-OCTEN-4-OL,합성향료((E)-2-Octen-4-ol),,B1005611000000,식품첨가물,"사용기준 못찾음, 별도 확인 필요",,"기타, 별도 확인 필요",
10078,"(E,E)-2,4-DECADIEN-1-OL","합성향료((E,E)-2,4-Decadien-1-ol)",,B1004007000000,식품첨가물,"사용기준 못찾음, 별도 확인 필요",,"기타, 별도 확인 필요",
10079,"(E,E)-2,4-HEPTADIENAL","합성향료((E,E)-2,4-Heptadienal)",,B1004566000000,식품첨가물,"사용기준 못찾음, 별도 확인 필요",,"기타, 별도 확인 필요",
10080,"(E,E)-2,4-HEXADIENAL","합성향료((E,E)-2,4-Hexadienal)",,B1004608000000,식품첨가물,"사용기준 못찾음, 별도 확인 필요",,"기타, 별도 확인 필요",
10081,,"합성향료((E,R)-3,7-Dimethyl-1,5,7-octatrien-3-ol)",,B1004108000000,식품첨가물,"사용기준 못찾음, 별도 확인 필요",,"기타, 별도 확인 필요",
10082,,"합성향료((E,Z)-3,6-Nonadien-1-ol)",,B1005535000000,식품첨가물,"사용기준 못찾음, 별도 확인 필요",,"기타, 별도 확인 필요",
10083,"(S)-3,7-DIMETHYL-7-OCTEN-1-OL","합성향료((S)-3,7-Dimethyl-7-octen-1-ol)",,B1004139000000,식품첨가물,"사용기준 못찾음, 별도 확인 필요",,"기타, 별도 확인 필요",
10084,(S1)-METHOXY-3-HEPTANETHIOL,합성향료((S1)-Methoxy-3-heptanethiol),,B1005075000000,식품첨가물,"사용기준 못찾음, 별도 확인 필요",,"기타, 별도 확인 필요",
10085,(Z)-4-DODECENAL,합성향료((Z)-4-Dodecenal),,B1004179000000,식품첨가물,"사용기준 못찾음, 별도 확인 필요",,"기타, 별도 확인 필요",
10086,(Z)-4-HEPTEN-1-OL,합성향료((Z)-4-Hepten-1-ol),,B1004582000000,식품첨가물,"사용기준 못찾음, 별도 확인 필요",,"기타, 별도 확인 필요",
10087,"(Z,Z)-3,6-NONADIEN-1-OL","합성향료((Z,Z)-3,6-Nonadien-1-ol)",,B1005536000000,식품첨가물,"사용기준 못찾음, 별도 확인 필요",,"기타, 별도 확인 필요",
10088,,"합성향료((±)-6-Methoxy-2,6-dimethylheptanal)",,B1006199000000,식품첨가물,"사용기준 못찾음, 별도 확인 필요",,"기타, 별도 확인 필요",
10089,,합성향료((±)-6-Octyltetrahdro-2H-pyran-2-one),,B1006230000000,식품첨가물,"사용기준 못찾음, 별도 확인 필요",,"기타, 별도 확인 필요",
10090,,합성향료((±)-Naringenin),,B1006223000000,식품첨가물,"사용기준 못찾음, 별도 확인 필요",,"기타, 별도 확인 필요",
10091,"1,1-DIETHOXYPROPANE","합성향료(1,1-Diethoxypropane)",,B1004221000000,식품첨가물,"사용기준 못찾음, 별도 확인 필요",,"기타, 별도 확인 필요",
10092,"1,1-DIMETHOXYETHANE","합성향료(1,1-Dimethoxyethane)",,B1004087000000,식품첨가물,"사용기준 못찾음, 별도 확인 필요",,"기타, 별도 확인 필요",
10093,"1,10-DIHYDRONOOTKATONE","합성향료(1,10-Dihydronootkatone)",,B1004073000000,식품첨가물,"사용기준 못찾음, 별도 확인 필요",,"기타, 별도 확인 필요",
10094,"1,2-DI((1`-ETHOXY)-ETHOXY)PROPANE","합성향료(1,2-Di((1-ethoxy)-ethoxy)propane)",,B1004034000000,식품첨가물,"사용기준 못찾음, 별도 확인 필요",,"기타, 별도 확인 필요",
10095,"1,2-DIHYDROLINALOOL","합성향료(1,2-Dihydrolinalool)",,B1004218000000,식품첨가물,"사용기준 못찾음, 별도 확인 필요",,"기타, 별도 확인 필요",
10096,"1,2-DIMETHOXYBENZENE","합성향료(1,2-Dimethoxybenzene)",,B1004085000000,식품첨가물,"사용기준 못찾음, 별도 확인 필요",,"기타, 별도 확인 필요",
10097,"1,2-ETHANEDITHIOL","합성향료(1,2-Ethanedithiol)",,B1004279000000,식품첨가물,"사용기준 못찾음, 별도 확인 필요",,"기타, 별도 확인 필요",
10098,"1,2-PROPANEDITHIOL","합성향료(1,2-Propanedithiol)",,B1005780000000,식품첨가물,"사용기준 못찾음, 별도 확인 필요",,"기타, 별도 확인 필요",
10099,FENCHYL ACETATE,"합성향료(1,3,3-Trimethyl-2-norbornanyl acetate)",,B1005997000000,식품첨가물,"사용기준 못찾음, 별도 확인 필요",,"기타, 별도 확인 필요",
10100,"1,3,5-UNDECATRIENE","합성향료(1,3,5-Undecatriene)",,B1006056000000,식품첨가물,"사용기준 못찾음, 별도 확인 필요",,"기타, 별도 확인 필요",
10101,"1,3-DIPHENYL-2-PROPANONE","합성향료(1,3-Diphenyl-2-propanone)",,B1004166000000,식품첨가물,"사용기준 못찾음, 별도 확인 필요",,"기타, 별도 확인 필요",
10102,"1,3-NONANEDIOL ACETATE (MIXED ESTERS)","합성향료(1,3-Nonanediol acetate (mixed esters))",,B1005546000000,식품첨가물,"사용기준 못찾음, 별도 확인 필요",,"기타, 별도 확인 필요",
10103,"1,4-CINEOLE","합성향료(1,4-Cineole)",,B1003929000000,식품첨가물,"사용기준 못찾음, 별도 확인 필요",,"기타, 별도 확인 필요",
10104,"1,4-DITHIANE","합성향료(1,4-Dithiane)",,B1004170000000,식품첨가물,"사용기준 못찾음, 별도 확인 필요",,"기타, 별도 확인 필요",
10105,"1,5,5,9-TETRAMETHYL-13-OXATRICYCLO(8.3.0.0(4,9))TRIDECANE","합성향료(1,5,5,9-Tetramethyl-13-oxatricyclo(8.3.0.0(4,9))tridecane)",,B1005950000000,식품첨가물,"사용기준 못찾음, 별도 확인 필요",,"기타, 별도 확인 필요",
10106,,"합성향료(1,6-Hexanedithiol)",,B1004620000000,식품첨가물,"사용기준 못찾음, 별도 확인 필요",,"기타, 별도 확인 필요",
10107,1-(METHYLTHIO)-2-BUTANONE,합성향료(1-(Methylthio)-2-butanone),,B1005348000000,식품첨가물,"사용기준 못찾음, 별도 확인 필요",,"기타, 별도 확인 필요",
10108,1-(P-METHOXYPHENYL)-1-PENTEN-3-ONE,합성향료(1-(p-Methoxyphenyl)-1-penten-3-one),,B1005091000000,식품첨가물,"사용기준 못찾음, 별도 확인 필요",,"기타, 별도 확인 필요",
10109,1-(P-METHOXYPHENYL)-2-PROPANONE,합성향료(1-(p-Methoxyphenyl)-2-propanone),,B1005093000000,식품첨가물,"사용기준 못찾음, 별도 확인 필요",,"기타, 별도 확인 필요",
10110,1-BUTANETHIOL,합성향료(1-Butanethiol),,B1003820000000,식품첨가물,"사용기준 못찾음, 별도 확인 필요",,"기타, 별도 확인 필요",
10111,1-DECANOL,합성향료(1-Decanol),,B1004014000000,식품첨가물,"사용기준 못찾음, 별도 확인 필요",,"기타, 별도 확인 필요",
10112,1-ETHYL-2-ACETYL PYRROLE,합성향료(1-Ethyl-2-acetyl pyrrole),,B1004392000000,식품첨가물,"사용기준 못찾음, 별도 확인 필요",,"기타, 별도 확인 필요",
10113,1-HEXADECANOL,합성향료(1-Hexadecanol),,B1004605000000,식품첨가물,"사용기준 못찾음, 별도 확인 필요",,"기타, 별도 확인 필요",
10114,,합성향료(1-Hexen-3-ol),,B1004629000000,식품첨가물,"사용기준 못찾음, 별도 확인 필요",,"기타, 별도 확인 필요",
10115,1-HYDROXY-2-BUTANONE,합성향료(1-Hydroxy-2-butanone),,B1004700000000,식품첨가물,"사용기준 못찾음, 별도 확인 필요",,"기타, 별도 확인 필요",
10116,ACETONE ALCOHOL,합성향료(1-Hydroxypropan-2-one),,B1004750000000,식품첨가물,"사용기준 못찾음, 별도 확인 필요",,"기타, 별도 확인 필요",
10117,,합성향료(1-Mercapto-2-propanone),,B1005055000000,식품첨가물,"사용기준 못찾음, 별도 확인 필요",,"기타, 별도 확인 필요",
10118,1-METHOXY-4-(1-PROPENYL)BENZENE,합성향료(1-Methoxy-4-(1-propenyl)benzene),,B1005077000000,식품첨가물,"사용기준 못찾음, 별도 확인 필요",,"기타, 별도 확인 필요",
10119,1-METHYL-1-CYCLOPENTEN-3-ONE,합성향료(1-Methyl-1-cyclopenten-3-one),,B1005196000000,식품첨가물,"사용기준 못찾음, 별도 확인 필요",,"기타, 별도 확인 필요",
10120,"1-METHYL-2,3-CYCLOHEXADIONE","합성향료(1-Methyl-2,3-cyclohexadione)",,B1005206000000,식품첨가물,"사용기준 못찾음, 별도 확인 필요",,"기타, 별도 확인 필요",
10121,1-METHYL-3-METHYOXY-4-ISOPROPYLBENZENE,합성향료(1-Methyl-3-methyoxy-4-isopropylbenzene),,B1005255000000,식품첨가물,"사용기준 못찾음, 별도 확인 필요",,"기타, 별도 확인 필요",
10122,1-METHYLNAPHTHALENE,합성향료(1-Methylnaphthalene),,B1005326000000,식품첨가물,"사용기준 못찾음, 별도 확인 필요",,"기타, 별도 확인 필요",
10123,1-OCTANOL (N-OCTYL ALCOHOL),합성향료(1-Octanol),,B1005596000000,식품첨가물,"사용기준 못찾음, 별도 확인 필요",,"기타, 별도 확인 필요",
10124,1-OCTEN-3-OL,합성향료(1-Octen-3-ol),,B1005607000000,식품첨가물,"사용기준 못찾음, 별도 확인 필요",,"기타, 별도 확인 필요",
10125,1-OCTEN-3-ONE,합성향료(1-Octen-3-one),,B1005608000000,식품첨가물,"사용기준 못찾음, 별도 확인 필요",,"기타, 별도 확인 필요",
10126,1-OCTEN-3-YL ACETATE,합성향료(1-Octen-3-yl acetate),,B1005609000000,식품첨가물,"사용기준 못찾음, 별도 확인 필요",,"기타, 별도 확인 필요",
10127,1-OCTEN-3-YL BUTYRATE,합성향료(1-Octen-3-yl butyrate),,B1005610000000,식품첨가물,"사용기준 못찾음, 별도 확인 필요",,"기타, 별도 확인 필요",
10128,1-PENTEN-3-OL,합성향료(1-Penten-3-ol),,B1005673000000,식품첨가물,"사용기준 못찾음, 별도 확인 필요",,"기타, 별도 확인 필요",
10129,1-PENTEN-3-ONE,합성향료(1-Penten-3-one),,B1005674000000,식품첨가물,"사용기준 못찾음, 별도 확인 필요",,"기타, 별도 확인 필요",
10130,"1-PHENYL-1,2-PROPANEDIONE","합성향료(1-Phenyl-1,2-propanedione)",,B1005715000000,식품첨가물,"사용기준 못찾음, 별도 확인 필요",,"기타, 별도 확인 필요",
10131,1-PHENYL-1-PROPANOL,합성향료(1-Phenyl-1-propanol),,B1005716000000,식품첨가물,"사용기준 못찾음, 별도 확인 필요",,"기타, 별도 확인 필요",
10132,1-PHENYL-3-METHYL-3-PENTANOL,합성향료(1-Phenyl-3-methyl-3-pentanol),,B1005725000000,식품첨가물,"사용기준 못찾음, 별도 확인 필요",,"기타, 별도 확인 필요",
10133,1-PYRROLINE,합성향료(1-Pyrroline),,B1005837000000,식품첨가물,"사용기준 못찾음, 별도 확인 필요",,"기타, 별도 확인 필요",
10134,1-P-MENTHEN-9-YL ACETATE,합성향료(1-p-Menthen-9-yl acetate),,B1005030000000,식품첨가물,"사용기준 못찾음, 별도 확인 필요",,"기타, 별도 확인 필요",
10135,1-P-MENTHENE-8-THIOL,합성향료(1-p-Menthene-8-thiol),,B1005031000000,식품첨가물,"사용기준 못찾음, 별도 확인 필요",,"기타, 별도 확인 필요",
10136,10-UNDECENAL,합성향료(10-Undecenal),,B1006061000000,식품첨가물,"사용기준 못찾음, 별도 확인 필요",,"기타, 별도 확인 필요",
10137,10-UNDECENOIC ACID,합성향료(10-Undecenoic acid),,B1006064000000,식품첨가물,"사용기준 못찾음, 별도 확인 필요",,"기타, 별도 확인 필요",
10138,12-METHYLTRIDECANAL,합성향료(12-Methyltridecanal),,B1005375000000,식품첨가물,"사용기준 못찾음, 별도 확인 필요",,"기타, 별도 확인 필요",
10139,PINOCARVEOL,합성향료(2(10)-Pinen-3-ol),,B1005757000000,식품첨가물,"사용기준 못찾음, 별도 확인 필요",,"기타, 별도 확인 필요",
10140,"2,2,3-TRIMETHYLCYCLOPENT-3-EN-1-YL ACETALDEHYDE","합성향료(2,2,3-Trimethylcyclopent-3-en-1-yl acetaldehyde)",,B1006007000000,식품첨가물,"사용기준 못찾음, 별도 확인 필요",,"기타, 별도 확인 필요",
10141,"2,2,4-TRIMETHYL-1,3-DIOXACYCLOPENTANE","합성향료(2,2,4-Trimethyl-1,3-dioxacyclopentane)",,B1005989000000,식품첨가물,"사용기준 못찾음, 별도 확인 필요",,"기타, 별도 확인 필요",
10142,"2,2,6-TRIMETHYLCYCLOHEXANONE","합성향료(2,2,6-Trimethylcyclohexanone)",,B1006006000000,식품첨가물,"사용기준 못찾음, 별도 확인 필요",,"기타, 별도 확인 필요",
10143,"2,2'-(DITHIODIMETHYLENE)DIFURAN","합성향료(2,2-(Dithiodimethylene)difuran)",,B1004172000000,식품첨가물,"사용기준 못찾음, 별도 확인 필요",,"기타, 별도 확인 필요",
10144,"2,2'-(THIODIMETHYLENE)DIFURAN","합성향료(2,2-(Thiodimethylene)difuran)",,B1005958000000,식품첨가물,"사용기준 못찾음, 별도 확인 필요",,"기타, 별도 확인 필요",
10145,"2,3,5,6-TETRAMETHYLPYRAZINE","합성향료(2,3,5,6-Tetramethylpyrazine)",,B1005951000000,식품첨가물,"사용기준 못찾음, 별도 확인 필요",,"기타, 별도 확인 필요",
10146,"2,3,5-TRIMETHYLPYRAZINE","합성향료(2,3,5-Trimethylpyrazine)",,B1006014000000,식품첨가물,"사용기준 못찾음, 별도 확인 필요",,"기타, 별도 확인 필요",
10147,,"합성향료(2,3,5-Trithiahexane)",,B1006019000000,식품첨가물,"사용기준 못찾음, 별도 확인 필요",,"기타, 별도 확인 필요",
10148,"2,3,6-TRIMETHYLPHENOL","합성향료(2,3,6-Trimethylphenol)",,B1006013000000,식품첨가물,"사용기준 못찾음, 별도 확인 필요",,"기타, 별도 확인 필요",
10149,"2,3-BUTANEDITHIOL","합성향료(2,3-Butanedithiol)",,B1003816000000,식품첨가물,"사용기준 못찾음, 별도 확인 필요",,"기타, 별도 확인 필요",
10150,"2,3-DIETHYL-5-METHYLPYRAZINE","합성향료(2,3-Diethyl-5-methylpyrazine)",,B1004055000000,식품첨가물,"사용기준 못찾음, 별도 확인 필요",,"기타, 별도 확인 필요",
10151,"2,3-DIETHYLPYRAZINE","합성향료(2,3-Diethylpyrazine)",,B1004056000000,식품첨가물,"사용기준 못찾음, 별도 확인 필요",,"기타, 별도 확인 필요",
10152,HESPERETIN,"합성향료(2,3-Dihydro-5,7-dihydroxy-2-(3-hydroxy-4-methoxyphenyl)-4H-1-benzyopyran-4-one)",,B1004261000000,식품첨가물,"사용기준 못찾음, 별도 확인 필요",,"기타, 별도 확인 필요",
10153,"2,3-DIMETHYLPYRAZINE","합성향료(2,3-Dimethylpyrazine)",,B1004156000000,식품첨가물,"사용기준 못찾음, 별도 확인 필요",,"기타, 별도 확인 필요",
10154,"2,3-HEPTANEDIONE","합성향료(2,3-Heptanedione)",,B1004574000000,식품첨가물,"사용기준 못찾음, 별도 확인 필요",,"기타, 별도 확인 필요",
10155,"2,3-HEXANDIONE","합성향료(2,3-Hexanedione)",,B1004618000000,식품첨가물,"사용기준 못찾음, 별도 확인 필요",,"기타, 별도 확인 필요",
10156,"2,3-PENTADIONE","합성향료(2,3-Pentadione)",,B1005667000000,식품첨가물,"사용기준 못찾음, 별도 확인 필요",,"기타, 별도 확인 필요",
10157,"2,4,5-TRIMETHYL-Δ-3-OXAZOLINE","합성향료(2,4,5-Trimethyl-delta-3-oxazoline)",,B1006008000000,식품첨가물,"사용기준 못찾음, 별도 확인 필요",,"기타, 별도 확인 필요",
10158,"2,4,5-TRIMETHYLTHIAZOLE","합성향료(2,4,5-Trimethylthiazole)",,B1006015000000,식품첨가물,"사용기준 못찾음, 별도 확인 필요",,"기타, 별도 확인 필요",
10159,"2,4,6-TRIISOBUTYL-5,6-DIHYDRO-4H-1,3,5-DITHIAZINE","합성향료(2,4,6-Triisobutyl-5,6-dihydro-4H-1,3,5-dithiazine)",,B1005986000000,식품첨가물,"사용기준 못찾음, 별도 확인 필요",,"기타, 별도 확인 필요",
10160,"2,4,6-TRIMETHYLDIHYDRO-4H-1,3,5-DITHIAZINE","합성향료(2,4,6-Trimethyldihydro-4H-1,3,5-dithiazine)",,B1006009000000,식품첨가물,"사용기준 못찾음, 별도 확인 필요",,"기타, 별도 확인 필요",
10161,"2,4-DDIMETHYL-5-ACETYLTHIAZOLE","합성향료(2,4-Ddimethyl-5-acetylthiazole)",,B1004005000000,식품첨가물,"사용기준 못찾음, 별도 확인 필요",,"기타, 별도 확인 필요",
10162,"2,4-DIFURFURYLFURAN","합성향료(2,4-Difurfurylfuran)",,B1004059000000,식품첨가물,"사용기준 못찾음, 별도 확인 필요",,"기타, 별도 확인 필요",
10163,"2,4-DIHYDROXYBENZOIC ACID","합성향료(2,4-Dihydroxybenzoic acid)",,B1004077000000,식품첨가물,"사용기준 못찾음, 별도 확인 필요",,"기타, 별도 확인 필요",
10164,"2,4-DIMETHYL ANISOLE","합성향료(2,4-Dimethyl anisole)",,B1004090000000,식품첨가물,"사용기준 못찾음, 별도 확인 필요",,"기타, 별도 확인 필요",
10165,"2,4-DIMETHYL-1,3-DIOXOLANE","합성향료(2,4-Dimethyl-1,3-dioxolane)",,B1004107000000,식품첨가물,"사용기준 못찾음, 별도 확인 필요",,"기타, 별도 확인 필요",
10166,"2,4-DIMETHYLBENZALDEHYDE","합성향료(2,4-Dimethylbenzaldehyde)",,B1004141000000,식품첨가물,"사용기준 못찾음, 별도 확인 필요",,"기타, 별도 확인 필요",
10167,"2,4-HEXADIEN-1-OL","합성향료(2,4-Hexadien-1-ol)",,B1004607000000,식품첨가물,"사용기준 못찾음, 별도 확인 필요",,"기타, 별도 확인 필요",
10168,"2,4-NONADIENAL","합성향료(2,4-Nonadienal)",,B1005540000000,식품첨가물,"사용기준 못찾음, 별도 확인 필요",,"기타, 별도 확인 필요",
10169,"2,4-UNDECADIENAL","합성향료(2,4-undecadienal)",,B1006048000000,식품첨가물,"사용기준 못찾음, 별도 확인 필요",,"기타, 별도 확인 필요",
10170,"2,5 OR 6-METHOXY-3-METHYL PYRAZINE(MIXTURE OF ISOMERS)","합성향료(2,5 or 6-Methoxy-3-methylpyrazine(mixture of isomers))",,B1005076000000,식품첨가물,"사용기준 못찾음, 별도 확인 필요",,"기타, 별도 확인 필요",
10171,"2,5-DIHYDROXY-1,4-DITHIANE","합성향료(2,5-Dihydroxy-1,4-dithiane)",,B1004074000000,식품첨가물,"사용기준 못찾음, 별도 확인 필요",,"기타, 별도 확인 필요",
10172,"2,5-DIMETHYL-2,5-DIHYDROXY-1,4-DITHIANE","합성향료(2,5-Dimethyl-2,5-dihydroxy-1,4-dithiane)",,B1004111000000,식품첨가물,"사용기준 못찾음, 별도 확인 필요",,"기타, 별도 확인 필요",
10173,"2,5-DIMETHYL-3(2H)-FURANONE","합성향료(2,5-Dimethyl-3(2H)-furanone)",,B1004117000000,식품첨가물,"사용기준 못찾음, 별도 확인 필요",,"기타, 별도 확인 필요",
10174,"2,5-DIMETHYL-3-FURANTHIOL","합성향료(2,5-Dimethyl-3-furanthiol)",,B1004123000000,식품첨가물,"사용기준 못찾음, 별도 확인 필요",,"기타, 별도 확인 필요",
10175,"2,5-DIMETHYL-3-THIOFUROYLFURAN","합성향료(2,5-Dimethyl-3-thiofuroylfuran)",,B1004128000000,식품첨가물,"사용기준 못찾음, 별도 확인 필요",,"기타, 별도 확인 필요",
10176,"2,5-DIMETHYL-4-ETHOXYFURAN-3(2H)-ONE","합성향료(2,5-Dimethyl-4-ethoxyfuran-3(2H)-one)",,B1004130000000,식품첨가물,"사용기준 못찾음, 별도 확인 필요",,"기타, 별도 확인 필요",
10177,"2,5-DIMETHYLFURAN","합성향료(2,5-Dimethylfuran)",,B1004147000000,식품첨가물,"사용기준 못찾음, 별도 확인 필요",,"기타, 별도 확인 필요",
10178,"2,5-DIMETHYLPYRAZINE","합성향료(2,5-Dimethylpyrazine)",,B1004157000000,식품첨가물,"사용기준 못찾음, 별도 확인 필요",,"기타, 별도 확인 필요",
10179,"2,5-XYLENOL","합성향료(2,5-Xylenol)",,B1006094000000,식품첨가물,"사용기준 못찾음, 별도 확인 필요",,"기타, 별도 확인 필요",
10180,"2,6,6-TRIMETHYL-1-CYCLOHEXEN-1-ACETALDEHYDE","합성향료(2,6,6-Trimethyl-1-cyclohexen-1-acetaldehyde)",,B1005990000000,식품첨가물,"사용기준 못찾음, 별도 확인 필요",,"기타, 별도 확인 필요",
10181,"2,6,6-TRIMETHYL-2-VINYLTETRAHYDROPYRAN","합성향료(2,6,6-Trimethyl-2-vinyltetrahydropyran)",,B1005998000000,식품첨가물,"사용기준 못찾음, 별도 확인 필요",,"기타, 별도 확인 필요",
10182,"2,6,6-TRIMETHYLCYCLOHEX-2-ENE-1,4-DIONE","합성향료(2,6,6-Trimethylcyclohex-2-ene-1,4-dione)",,B1006004000000,식품첨가물,"사용기준 못찾음, 별도 확인 필요",,"기타, 별도 확인 필요",
10183,"2,6,6-TRIMETHYLCYCLOHEXA-1,3-DIENYL METHANAL","합성향료(2,6,6-Trimethylcyclohexa-1,3-dienyl methanal)",,B1006005000000,식품첨가물,"사용기준 못찾음, 별도 확인 필요",,"기타, 별도 확인 필요",
10184,"2,6-(DIMETHYL)THIOPHENOL","합성향료(2,6-(Dimethyl)thiophenol)",,B1004101000000,식품첨가물,"사용기준 못찾음, 별도 확인 필요",,"기타, 별도 확인 필요",
10185,"2,6-DIMETHOXYPHENOL","합성향료(2,6-Dimethoxyphenol)",,B1004088000000,식품첨가물,"사용기준 못찾음, 별도 확인 필요",,"기타, 별도 확인 필요",
10186,,"합성향료(2,6-Dimethyl-3-[(2-methyl-3-furyl)thio]-4-heptanone)",,B1004121000000,식품첨가물,"사용기준 못찾음, 별도 확인 필요",,"기타, 별도 확인 필요",
10187,,"합성향료(2,6-Dimethyl-5-heptenal propyleneglycol acetal)",,B1004265000000,식품첨가물,"사용기준 못찾음, 별도 확인 필요",,"기타, 별도 확인 필요",
10188,"2,6-DIMETHYL-5-HEPTENAL","합성향료(2,6-Dimethyl-5-heptenal)",,B1004135000000,식품첨가물,"사용기준 못찾음, 별도 확인 필요",,"기타, 별도 확인 필요",
10189,DIHYDROMYRCENOL,"합성향료(2,6-Dimethyl-7-octen-2-ol)",,B1004240000000,식품첨가물,"사용기준 못찾음, 별도 확인 필요",,"기타, 별도 확인 필요",
10190,,"합성향료(2,6-Dimethylocta-2,4,6-triene)",,B1004210000000,식품첨가물,"사용기준 못찾음, 별도 확인 필요",,"기타, 별도 확인 필요",
10191,"2,6-DIMETHYLPYRAZINE","합성향료(2,6-Dimethylpyrazine)",,B1004158000000,식품첨가물,"사용기준 못찾음, 별도 확인 필요",,"기타, 별도 확인 필요",
10192,"2,6-DIMETHYLPYRIDINE","합성향료(2,6-Dimethylpyridine)",,B1004159000000,식품첨가물,"사용기준 못찾음, 별도 확인 필요",,"기타, 별도 확인 필요",
10193,"2,6-NONADIEN-1-OL","합성향료(2,6-Nonadien-1-ol)",,B1005534000000,식품첨가물,"사용기준 못찾음, 별도 확인 필요",,"기타, 별도 확인 필요",
10194,"2,6-XYLENOL","합성향료(2,6-Xylenol)",,B1006093000000,식품첨가물,"사용기준 못찾음, 별도 확인 필요",,"기타, 별도 확인 필요",
10195,"2-(2-BUTYL)-4,5-DIMETHYL-3-THIAZOLINE","합성향료(2-(2-Butyl)-4,5-dimethyl-3-thiazoline)",,B1003854000000,식품첨가물,"사용기준 못찾음, 별도 확인 필요",,"기타, 별도 확인 필요",
10196,2-(2-HYCROXY-4-METHYL-3-CYCLOHEXENYL) PROPIONIC ACID Γ-LACTONE,합성향료(2-(2-Hycroxy-4-methyl-3-cyclohexenyl) propionic acid γ-lactone),,B1004692000000,식품첨가물,"사용기준 못찾음, 별도 확인 필요",,"기타, 별도 확인 필요",
10197,"2-(3,7-DIMETHYL-2,6-OCTADIENYL)CYCLOPENTANONE","합성향료(2-(3,7-Dimethyl-2,6-octadienyl)cyclopentanone)",,B1004113000000,식품첨가물,"사용기준 못찾음, 별도 확인 필요",,"기타, 별도 확인 필요",
10198,2-(3-Benzyloxypropyl)pyridine,합성향료(2-(3-Benzyloxypropyl)pyridine),,B1006103000000,식품첨가물,"사용기준 못찾음, 별도 확인 필요",,"기타, 별도 확인 필요",
10199,2-(3-PHENYLPROPYL)TETRAHYDROFURAN,합성향료(2-(3-Phenylpropyl)tetrahydrofuran),,B1005751000000,식품첨가물,"사용기준 못찾음, 별도 확인 필요",,"기타, 별도 확인 필요",
10200,2-(4-METHYL-5-THIAZOLYL)ETHYL BUTANOATE,합성향료(2-(4-Methyl-5-thiazolyl)ethyl butanoate),,B1005503000000,식품첨가물,"사용기준 못찾음, 별도 확인 필요",,"기타, 별도 확인 필요",
10201,,합성향료(2-(4-Methyl-5-thiazolyl)ethyl formate),,B1005461000000,식품첨가물,"사용기준 못찾음, 별도 확인 필요",,"기타, 별도 확인 필요",
10202,2-(4-Methyl-5-thiazolyl)ethyl octanoate,합성향료(2-(4-Methyl-5-thiazolyl)ethyl octanoate),,B1005509000000,식품첨가물,"사용기준 못찾음, 별도 확인 필요",,"기타, 별도 확인 필요",
10203,2-(4-METHYL-5-THIAZOLYL)ETHYL PROPIONATE,합성향료(2-(4-Methyl-5-thiazolyl)ethyl propionate),,B1005502000000,식품첨가물,"사용기준 못찾음, 별도 확인 필요",,"기타, 별도 확인 필요",
10204,,합성향료(2-(4-Methylphenoxy)-N-(1H-pyrazol-3-yl)-N-(thiophen-2-ylmethyl)acetamide),,B1006214000000,식품첨가물,"사용기준 못찾음, 별도 확인 필요",,"기타, 별도 확인 필요",
10205,2-(5-METHYL-4-THIAZOLYL) ETHYL ISOBUTYRATE,합성향료(2-(5-Methyl-4-thiazolyl)ethyl isobutyrate),,B1005511000000,식품첨가물,"사용기준 못찾음, 별도 확인 필요",,"기타, 별도 확인 필요",
10206,2-(ETHYLTHIO)PHENOL,합성향료(2-(Ethylthio)phenol),,B1004421000000,식품첨가물,"사용기준 못찾음, 별도 확인 필요",,"기타, 별도 확인 필요",
10207,2-(L-MENTHOXY)ETHANOL,합성향료(2-(L-Menthoxy)ethanol),,B1005042000000,식품첨가물,"사용기준 못찾음, 별도 확인 필요",,"기타, 별도 확인 필요",
10208,2-(METHYLTHIO)ETHANOL,합성향료(2-(Methylthio)ethanol),,B1005357000000,식품첨가물,"사용기준 못찾음, 별도 확인 필요",,"기타, 별도 확인 필요",
10209,2-(METHYLTHIOMETHYL)BUTENAL,합성향료(2-(Methylthiomethyl)butenal),,B1005373000000,식품첨가물,"사용기준 못찾음, 별도 확인 필요",,"기타, 별도 확인 필요",
10210,2-(SEC-BUTYL)CYCLOHEXANONE,합성향료(2-(sec-Butyl)cyclohexanone),,B1003855000000,식품첨가물,"사용기준 못찾음, 별도 확인 필요",,"기타, 별도 확인 필요",
10211,"2-, 3- AND 10-MERCAPTOPINANE","합성향료(2-, 3- and 10-Mercaptopinane)",,B1005068000000,식품첨가물,"사용기준 못찾음, 별도 확인 필요",,"기타, 별도 확인 필요",
10212,2-ACETOXY-3-BUTANONE,합성향료(2-Acetoxy-3-butanone),,B1003663000000,식품첨가물,"사용기준 못찾음, 별도 확인 필요",,"기타, 별도 확인 필요",
10213,2-ACETYL-1-METHYLPYRROLE,합성향료(2-Acetyl-1-methylpyrrole),,B1003666000000,식품첨가물,"사용기준 못찾음, 별도 확인 필요",,"기타, 별도 확인 필요",
10214,2-ACETYL-1-PYRROLINE,합성향료(2-Acetyl-1-pyrroline),,B1003667000000,식품첨가물,"사용기준 못찾음, 별도 확인 필요",,"기타, 별도 확인 필요",
10215,2-ACETYL-2-THIAZOLINE,합성향료(2-Acetyl-2-thiazoline),,B1003672000000,식품첨가물,"사용기준 못찾음, 별도 확인 필요",,"기타, 별도 확인 필요",
10216,"2-ACETYL-3,(5 OR 6)-DIMETHYLPYRAZINE","합성향료(2-Acetyl-3,(5 or 6)-dimethylpyrazine)",,B1003673000000,식품첨가물,"사용기준 못찾음, 별도 확인 필요",,"기타, 별도 확인 필요",
10217,2-ACETYL-3-ETHYLPYRAZINE,합성향료(2-Acetyl-3-ethylpyrazine),,B1003675000000,식품첨가물,"사용기준 못찾음, 별도 확인 필요",,"기타, 별도 확인 필요",
10218,2-ACETYL-3-METHYLPYRAZINE,합성향료(2-Acetyl-3-methylpyrazine),,B1003676000000,식품첨가물,"사용기준 못찾음, 별도 확인 필요",,"기타, 별도 확인 필요",
10219,2-ACETYL-5-METHYLFURAN,합성향료(2-Acetyl-5-methylfuran),,B1003677000000,식품첨가물,"사용기준 못찾음, 별도 확인 필요",,"기타, 별도 확인 필요",
10220,2-ACETYLPYRAZINE,합성향료(2-Acetylpyrazine),,B1003680000000,식품첨가물,"사용기준 못찾음, 별도 확인 필요",,"기타, 별도 확인 필요",
10221,2-ACETYLTHIAZOLE,합성향료(2-Acetylthiazole),,B1003683000000,식품첨가물,"사용기준 못찾음, 별도 확인 필요",,"기타, 별도 확인 필요",
10222,2-AMINOACETOPHENONE,합성향료(2-Aminoacetophenone),,B1003723000000,식품첨가물,"사용기준 못찾음, 별도 확인 필요",,"기타, 별도 확인 필요",
10223,ETHYLMETHYLKETONE,합성향료(2-Butanone),,B1003821000000,식품첨가물,"사용기준 못찾음, 별도 확인 필요",,"기타, 별도 확인 필요",
10224,METHYL OCTYL KETONE,합성향료(2-Decanone),,B1004212000000,식품첨가물,"사용기준 못찾음, 별도 확인 필요",,"기타, 별도 확인 필요",
10225,2-DODECENOIC ACID,합성향료(2-Dodecenoic acid),,B1004180000000,식품첨가물,"사용기준 못찾음, 별도 확인 필요",,"기타, 별도 확인 필요",
10226,"2-ETHYL-3,(5 OR 6)-DIMETHYLPYRAZINE","합성향료(2-ETHYL-3,(5 OR 6)-DIMETHYLPYRAZINE)",,B1004398000000,식품첨가물,"사용기준 못찾음, 별도 확인 필요",,"기타, 별도 확인 필요",
10227,2-ETHOXY-3-METHYLPYRAZINE,합성향료(2-Ethoxy-3-methylpyrazine),,B1004283000000,식품첨가물,"사용기준 못찾음, 별도 확인 필요",,"기타, 별도 확인 필요",
10228,2-ETHOXYTHIAZOLE,합성향료(2-Ethoxythiazole),,B1004286000000,식품첨가물,"사용기준 못찾음, 별도 확인 필요",,"기타, 별도 확인 필요",
10229,2-ETHYL 4-METHYLTHIAZOLE,합성향료(2-Ethyl 4-methylthiazole),,B1004318000000,식품첨가물,"사용기준 못찾음, 별도 확인 필요",,"기타, 별도 확인 필요",
10230,2-ETHYL HEXANOIC ACID,합성향료(2-Ethyl hexanoic acid),,B1004436000000,식품첨가물,"사용기준 못찾음, 별도 확인 필요",,"기타, 별도 확인 필요",
10231,"2-ETHYL(OR METHYL)-(3-, 5- OR 6-)METHOXYPYRAZINE","합성향료(2-Ethyl(or methyl)-(3-, 5- or 6-)methoxypyrazine)",,B1004387000000,식품첨가물,"사용기준 못찾음, 별도 확인 필요",,"기타, 별도 확인 필요",
10232,"2-ETHYL-1,3,3-TRIMETHYL-2-NORBORNANOL","합성향료(2-Ethyl-1,3,3-trimethyl-2-norbornanol)",,B1004388000000,식품첨가물,"사용기준 못찾음, 별도 확인 필요",,"기타, 별도 확인 필요",
10233,2-ETHYL-1-HEXANOL,합성향료(2-Ethyl-1-hexanol),,B1004389000000,식품첨가물,"사용기준 못찾음, 별도 확인 필요",,"기타, 별도 확인 필요",
10234,,합성향료(2-Ethyl-2-heptenal),,B1004393000000,식품첨가물,"사용기준 못찾음, 별도 확인 필요",,"기타, 별도 확인 필요",
10235,2-ETHYL-3-METHYLPYRAZINE,합성향료(2-Ethyl-3-methylpyrazine),,B1004400000000,식품첨가물,"사용기준 못찾음, 별도 확인 필요",,"기타, 별도 확인 필요",
10236,"2-ETHYL-4,5-DIMETHYLOXAZOLE","합성향료(2-Ethyl-4,5-dimethyloxazole)",,B1004401000000,식품첨가물,"사용기준 못찾음, 별도 확인 필요",,"기타, 별도 확인 필요",
10237,2-ETHYL-4-HYDROXY-5-METHYL-3(2H)-FURANONE,합성향료(2-Ethyl-4-hydroxy-5-methyl-3(2H)-furanone),,B1004402000000,식품첨가물,"사용기준 못찾음, 별도 확인 필요",,"기타, 별도 확인 필요",
10238,2-ETHYL-5-METHYLPYRAZINE,합성향료(2-Ethyl-5-methylpyrazine),,B1004403000000,식품첨가물,"사용기준 못찾음, 별도 확인 필요",,"기타, 별도 확인 필요",
10239,2-ETHYL-6-METHYLPYRAZINE,합성향료(2-Ethyl-6-methylpyrazine),,B1004404000000,식품첨가물,"사용기준 못찾음, 별도 확인 필요",,"기타, 별도 확인 필요",
10240,2-ETHYLBUTYL ACETATE,합성향료(2-Ethylbutyl acetate),,B1004408000000,식품첨가물,"사용기준 못찾음, 별도 확인 필요",,"기타, 별도 확인 필요",
10241,2-ETHYLBUTYRALDEHYDE,합성향료(2-Ethylbutyraldehyde),,B1004409000000,식품첨가물,"사용기준 못찾음, 별도 확인 필요",,"기타, 별도 확인 필요",
10242,2-ETHYLBUTYRIC ACID,합성향료(2-Ethylbutyric acid),,B1004410000000,식품첨가물,"사용기준 못찾음, 별도 확인 필요",,"기타, 별도 확인 필요",
10243,2-ETHYLFURAN,합성향료(2-Ethylfuran),,B1004412000000,식품첨가물,"사용기준 못찾음, 별도 확인 필요",,"기타, 별도 확인 필요",
10244,2-ETHYLPYRAZINE,합성향료(2-Ethylpyrazine),,B1004419000000,식품첨가물,"사용기준 못찾음, 별도 확인 필요",,"기타, 별도 확인 필요",
10245,"2-FORMYL-6,6-DIMETHYLBICYCLO[3.1.1]HEPT-2-ENE","합성향료(2-Formyl-6,6-dimethylbicyclo[3.1.1]hept-2-ene)",,B1004500000000,식품첨가물,"사용기준 못찾음, 별도 확인 필요",,"기타, 별도 확인 필요",
10246,2-FURYL METHYL KETONE,합성향료(2-Furyl methyl ketone),,B1004521000000,식품첨가물,"사용기준 못찾음, 별도 확인 필요",,"기타, 별도 확인 필요",
10247,2-FURYL-2-PROPANONE,합성향료(2-Furyl-2-propanone),,B1004525000000,식품첨가물,"사용기준 못찾음, 별도 확인 필요",,"기타, 별도 확인 필요",
10248,2-HEPTANOL,합성향료(2-Heptanol),,B1004577000000,식품첨가물,"사용기준 못찾음, 별도 확인 필요",,"기타, 별도 확인 필요",
10249,2-HEPTANONE,합성향료(2-Heptanone),,B1004579000000,식품첨가물,"사용기준 못찾음, 별도 확인 필요",,"기타, 별도 확인 필요",
10250,2-HEXEN-1-YL ACETATE,합성향료(2-Hexen-1-yl acetate),,B1004628000000,식품첨가물,"사용기준 못찾음, 별도 확인 필요",,"기타, 별도 확인 필요",
10251,2-HEXENAL,합성향료(2-Hexenal),,B1004631000000,식품첨가물,"사용기준 못찾음, 별도 확인 필요",,"기타, 별도 확인 필요",
10252,,합성향료(2-Hexenyl octanoate),,B1004658000000,식품첨가물,"사용기준 못찾음, 별도 확인 필요",,"기타, 별도 확인 필요",
10253,2-HEXYLTHIOPHENE,합성향료(2-Hexylthiophene),,B1004690000000,식품첨가물,"사용기준 못찾음, 별도 확인 필요",,"기타, 별도 확인 필요",
10254,"2-HYDROXY-3,5,5-TRIMETHYL-2-CYCLOHEXEN-1-ONE","합성향료(2-Hydroxy-3,5,5-trimethyl-2-cyclohexen-1-one)",,B1004709000000,식품첨가물,"사용기준 못찾음, 별도 확인 필요",,"기타, 별도 확인 필요",
10255,2-HYDROXYACETOPHENONE,합성향료(2-Hydroxyacetophenone),,B1004728000000,식품첨가물,"사용기준 못찾음, 별도 확인 필요",,"기타, 별도 확인 필요",
10256,2-ISOBUTYL-3-METHOXYPYRAZINE,합성향료(2-Isobutyl-3-methoxypyrazine),,B1004869000000,식품첨가물,"사용기준 못찾음, 별도 확인 필요",,"기타, 별도 확인 필요",
10257,2-ISOBUTYL-3-METHYLPYRAZINE,합성향료(2-Isobutyl-3-methylpyrazine),,B1004870000000,식품첨가물,"사용기준 못찾음, 별도 확인 필요",,"기타, 별도 확인 필요",
10258,"2-ISOBUTYL-4-METHYL-1,3-DIOXOLANE","합성향료(2-Isobutyl-4-methyl-1,3-dioxolane)",,B1004967000000,식품첨가물,"사용기준 못찾음, 별도 확인 필요",,"기타, 별도 확인 필요",
10259,2-ISOBUTYLTHIAZOLE,합성향료(2-Isobutylthiazole),,B1004875000000,식품첨가물,"사용기준 못찾음, 별도 확인 필요",,"기타, 별도 확인 필요",
10260,"2-isopropyl-4-methyl-1,3-dioxolane","합성향료(2-Isopropyl-4-methyl-1,3-dioxolane)",,B1004978000000,식품첨가물,"사용기준 못찾음, 별도 확인 필요",,"기타, 별도 확인 필요",
10261,2-ISOPROPYL-4-METHYLTHIAZOLE,합성향료(2-Isopropyl-4-methylthiazole),,B1004918000000,식품첨가물,"사용기준 못찾음, 별도 확인 필요",,"기타, 별도 확인 필요",
10262,2-ISOPROPYL-5-METHYL-2-HEXENAL,합성향료(2-Isopropyl-5-methyl-2-hexenal),,B1004919000000,식품첨가물,"사용기준 못찾음, 별도 확인 필요",,"기타, 별도 확인 필요",
10263,"2-ISOPROPYL-N,2,3-TRIMETHYLBUTYRAMIDE","합성향료(2-Isopropyl-N,2,3-trimethyl butyram)",,B1004924000000,식품첨가물,"사용기준 못찾음, 별도 확인 필요",,"기타, 별도 확인 필요",
10264,2-ISOPROPYLPHENOL,합성향료(2-Isopropylphenol),,B1004925000000,식품첨가물,"사용기준 못찾음, 별도 확인 필요",,"기타, 별도 확인 필요",
10265,2-METHYLTETRAHYDROTHIOPHEN-3-ONE,합성향료(2-METHYLTETRAHYDROTHIOPHEN-3-ONE),,B1005343000000,식품첨가물,"사용기준 못찾음, 별도 확인 필요",,"기타, 별도 확인 필요",
10266,2-MERCAPTO-3-BUTANOL,합성향료(2-Mercapto-3-butanol),,B1005056000000,식품첨가물,"사용기준 못찾음, 별도 확인 필요",,"기타, 별도 확인 필요",
10267,2-MERCAPTOANISOLE,합성향료(2-Mercaptoanisole),,B1005061000000,식품첨가물,"사용기준 못찾음, 별도 확인 필요",,"기타, 별도 확인 필요",
10268,2-MERCAPTOPROPIONIC ACID,합성향료(2-Mercaptopropionic acid),,B1005069000000,식품첨가물,"사용기준 못찾음, 별도 확인 필요",,"기타, 별도 확인 필요",
10269,2-METHOXY-3-(1-METHYLPROPYL)PYRAZINE,합성향료(2-Methoxy-3-(1-methylpropyl)pyrazine),,B1005074000000,식품첨가물,"사용기준 못찾음, 별도 확인 필요",,"기타, 별도 확인 필요",
10270,2-METHOXY-4-METHYLPHENOL,합성향료(2-Methoxy-4-methylphenol),,B1005080000000,식품첨가물,"사용기준 못찾음, 별도 확인 필요",,"기타, 별도 확인 필요",
10271,2-METHOXY-4-PROPYLPHENOL,합성향료(2-Methoxy-4-propylphenol),,B1005081000000,식품첨가물,"사용기준 못찾음, 별도 확인 필요",,"기타, 별도 확인 필요",
10272,2-METHOXY-4-VINYLPHENOL,합성향료(2-Methoxy-4-vinylphenol),,B1005082000000,식품첨가물,"사용기준 못찾음, 별도 확인 필요",,"기타, 별도 확인 필요",
10273,2-METHOXYACETOPHENONE,합성향료(2-Methoxyacetophenone),,B1005083000000,식품첨가물,"사용기준 못찾음, 별도 확인 필요",,"기타, 별도 확인 필요",
10274,2-METHOXYBENZOIC ACID,합성향료(2-Methoxybenzoic acid),,B1005086000000,식품첨가물,"사용기준 못찾음, 별도 확인 필요",,"기타, 별도 확인 필요",
10275,"2-METHYL-1,3-CYCLOHEXADIENE","합성향료(2-Methyl-1,3-cyclohexadiene)",,B1005191000000,식품첨가물,"사용기준 못찾음, 별도 확인 필요",,"기타, 별도 확인 필요",
10276,2-METHYL-1-BUTANETHIOL,합성향료(2-Methyl-1-butanethiol),,B1005193000000,식품첨가물,"사용기준 못찾음, 별도 확인 필요",,"기타, 별도 확인 필요",
10277,2-METHYL-1-PROPANETHIOL,합성향료(2-Methyl-1-propanethiol),,B1005201000000,식품첨가물,"사용기준 못찾음, 별도 확인 필요",,"기타, 별도 확인 필요",
10278,2-METHYL-2-BUTENAL,합성향료(2-Methyl-2-butenal),,B1005213000000,식품첨가물,"사용기준 못찾음, 별도 확인 필요",,"기타, 별도 확인 필요",
10279,2-METHYL-2-PENTENAL,합성향료(2-Methyl-2-pentenal),,B1005229000000,식품첨가물,"사용기준 못찾음, 별도 확인 필요",,"기타, 별도 확인 필요",
10280,2-METHYL-2-PENTENOIC ACID,합성향료(2-Methyl-2-pentenoic acid),,B1005231000000,식품첨가물,"사용기준 못찾음, 별도 확인 필요",,"기타, 별도 확인 필요",
10281,"2-METHYL-3,5 AND 6-(FURFURYLTHIO)PYRAZINE","합성향료(2-Methyl-3,5 and 6-(furfurylthio)pyrazine)",,B1005241000000,식품첨가물,"사용기준 못찾음, 별도 확인 필요",,"기타, 별도 확인 필요",
10282,"2-METHYL-3,5 OR 6-ETHOXYPYRAZINE","합성향료(2-Methyl-3,5 or 6-ethoxypyrazine)",,B1005242000000,식품첨가물,"사용기준 못찾음, 별도 확인 필요",,"기타, 별도 확인 필요",
10283,2-METHYL-3-(METHYLTHIO)FURAN,합성향료(2-Methyl-3-(methylthio)furan),,B1005239000000,식품첨가물,"사용기준 못찾음, 별도 확인 필요",,"기타, 별도 확인 필요",
10284,2-METHYL-3-(P-METHYLPHENYL)PROPANAL,합성향료(2-Methyl-3-(p-methylphenyl)propanal),,B1005240000000,식품첨가물,"사용기준 못찾음, 별도 확인 필요",,"기타, 별도 확인 필요",
10285,2-METHYL-3-FURANTHIOL,합성향료(2-Methyl-3-furanthiol),,B1005245000000,식품첨가물,"사용기준 못찾음, 별도 확인 필요",,"기타, 별도 확인 필요",
10286,2-METHYL-3-FURFURYLTHIOPYRAZINE,합성향료(2-Methyl-3-furfurylthiopyrazine),,B1005246000000,식품첨가물,"사용기준 못찾음, 별도 확인 필요",,"기타, 별도 확인 필요",
10287,2-METHYL-3-PENTENOIC ACID,합성향료(2-Methyl-3-pentenoic acid),,B1005258000000,식품첨가물,"사용기준 못찾음, 별도 확인 필요",,"기타, 별도 확인 필요",
10288,2-METHYL-3-TETRAHYDROFURANTHIOL,합성향료(2-Methyl-3-tetrahydrofuranthiol),,B1005259000000,식품첨가물,"사용기준 못찾음, 별도 확인 필요",,"기타, 별도 확인 필요",
10289,"2-METHYL-3-THIOACETOXY-4,5-DIHYDROFURAN","합성향료(2-Methyl-3-thioacetoxy-4,5-dihydrofuran)",,B1005260000000,식품첨가물,"사용기준 못찾음, 별도 확인 필요",,"기타, 별도 확인 필요",
10290,"2-METHYL-3-TOLYLPROPIONALDEHYDE (MIXED O,M,P-)","합성향료(2-Methyl-3-tolylpropionaldehyde (mixed o,m,p-))",,B1005261000000,식품첨가물,"사용기준 못찾음, 별도 확인 필요",,"기타, 별도 확인 필요",
10291,2-METHYL-4-PHENYL-2-BUTANOL,합성향료(2-Methyl-4-phenyl-2-butanol),,B1005264000000,식품첨가물,"사용기준 못찾음, 별도 확인 필요",,"기타, 별도 확인 필요",
10292,"2-METHYL-4-PROPYL-1,3-OXATHIANE","합성향료(2-Methyl-4-propyl-1,3-oxathiane)",,B1005269000000,식품첨가물,"사용기준 못찾음, 별도 확인 필요",,"기타, 별도 확인 필요",
10293,2-METHYL-5-(METHYLTHIO)FURAN,합성향료(2-Methyl-5-(methylthio)furan),,B1005270000000,식품첨가물,"사용기준 못찾음, 별도 확인 필요",,"기타, 별도 확인 필요",
10294,2-METHYLBUTYL 2-METHYLBUTYRATE,합성향료(2-Methylbutyl 2-methylbutyrate),,B1005299000000,식품첨가물,"사용기준 못찾음, 별도 확인 필요",,"기타, 별도 확인 필요",
10295,2-METHYLBUTYL 3-METHYLBUTANOATE,합성향료(2-Methylbutyl 3-methylbutanoate),,B1005300000000,식품첨가물,"사용기준 못찾음, 별도 확인 필요",,"기타, 별도 확인 필요",
10296,2-METHYLBUTYL ACETATE,합성향료(2-Methylbutyl acetate),,B1005301000000,식품첨가물,"사용기준 못찾음, 별도 확인 필요",,"기타, 별도 확인 필요",
10297,2-METHYLBUTYL BUTYRATE,합성향료(2-Methylbutyl butyrate),,B1005485000000,식품첨가물,"사용기준 못찾음, 별도 확인 필요",,"기타, 별도 확인 필요",
10298,2-METHYLBUTYLAMINE,합성향료(2-Methylbutylamine),,B1005302000000,식품첨가물,"사용기준 못찾음, 별도 확인 필요",,"기타, 별도 확인 필요",
10299,2-METHYLBUTYRALDEHYDE,합성향료(2-Methylbutyraldehyde),,B1005303000000,식품첨가물,"사용기준 못찾음, 별도 확인 필요",,"기타, 별도 확인 필요",
10300,2-METHYLBUTYRIC ACID,합성향료(2-Methylbutyric acid),,B1005305000000,식품첨가물,"사용기준 못찾음, 별도 확인 필요",,"기타, 별도 확인 필요",
10301,2-METHYLCROTONIC ACID,합성향료(2-Methylcrotonic acid),,B1005310000000,식품첨가물,"사용기준 못찾음, 별도 확인 필요",,"기타, 별도 확인 필요",
10302,2-METHYLFURAN,합성향료(2-Methylfuran),,B1005318000000,식품첨가물,"사용기준 못찾음, 별도 확인 필요",,"기타, 별도 확인 필요",
10303,2-METHYLHEPTAN-3-ONE,합성향료(2-Methylheptan-3-one),,B1005321000000,식품첨가물,"사용기준 못찾음, 별도 확인 필요",,"기타, 별도 확인 필요",
10304,2-METHYLHEPTANOIC ACID,합성향료(2-Methylheptanoic acid),,B1005322000000,식품첨가물,"사용기준 못찾음, 별도 확인 필요",,"기타, 별도 확인 필요",
10305,2-METHYLHEXANOIC ACID,합성향료(2-Methylhexanoic acid),,B1005323000000,식품첨가물,"사용기준 못찾음, 별도 확인 필요",,"기타, 별도 확인 필요",
10306,2-METHYLPIPERIDINE,합성향료(2-Methylpiperidine),,B1005336000000,식품첨가물,"사용기준 못찾음, 별도 확인 필요",,"기타, 별도 확인 필요",
10307,TERT BUTYL ALCOHOL,합성향료(2-Methylpropan-2-ol),,B1005386000000,식품첨가물,"사용기준 못찾음, 별도 확인 필요",,"기타, 별도 확인 필요",
10308,2-METHYLPROPYL 3-METHYLBUTYRATE,합성향료(2-Methylpropyl 3-methylbutyrate),,B1005337000000,식품첨가물,"사용기준 못찾음, 별도 확인 필요",,"기타, 별도 확인 필요",
10309,2-METHYLPYRAZINE,합성향료(2-Methylpyrazine),,B1005339000000,식품첨가물,"사용기준 못찾음, 별도 확인 필요",,"기타, 별도 확인 필요",
10310,2-METHYLTETRAHYDROFURAN-3-ONE,합성향료(2-Methyltetrahydrofuran-3-one),,B1005344000000,식품첨가물,"사용기준 못찾음, 별도 확인 필요",,"기타, 별도 확인 필요",
10311,2-METHYLTHIOACETALDEHYDE,합성향료(2-Methylthioacetaldehyde),,B1005368000000,식품첨가물,"사용기준 못찾음, 별도 확인 필요",,"기타, 별도 확인 필요",
10312,2-METHYLUNDECANAL,합성향료(2-Methylundecanal),,B1005376000000,식품첨가물,"사용기준 못찾음, 별도 확인 필요",,"기타, 별도 확인 필요",
10313,2-METHYLVALERIC ACID,합성향료(2-Methylvaleric acid),,B1005377000000,식품첨가물,"사용기준 못찾음, 별도 확인 필요",,"기타, 별도 확인 필요",
10314,2-NONANOL,합성향료(2-Nonanol),,B1005551000000,식품첨가물,"사용기준 못찾음, 별도 확인 필요",,"기타, 별도 확인 필요",
10315,2-NONANONE,합성향료(2-Nonanone),,B1005553000000,식품첨가물,"사용기준 못찾음, 별도 확인 필요",,"기타, 별도 확인 필요",
10316,2-OCTANOL,합성향료(2-Octanol),,B1005597000000,식품첨가물,"사용기준 못찾음, 별도 확인 필요",,"기타, 별도 확인 필요",
10317,2-OCTANONE,합성향료(2-Octanone),,B1005599000000,식품첨가물,"사용기준 못찾음, 별도 확인 필요",,"기타, 별도 확인 필요",
10318,2-OCTEN-4-ONE,합성향료(2-Octen-4-one),,B1005612000000,식품첨가물,"사용기준 못찾음, 별도 확인 필요",,"기타, 별도 확인 필요",
10319,2-OCTENAL,합성향료(2-Octenal),,B1005613000000,식품첨가물,"사용기준 못찾음, 별도 확인 필요",,"기타, 별도 확인 필요",
10320,2-OXO-3-PHENYL PROPIONIC ACID,합성향료(2-Oxo-3-phenyl propionic acid),,B1005632000000,식품첨가물,"사용기준 못찾음, 별도 확인 필요",,"기타, 별도 확인 필요",
10321,2-OXOBUTYRIC ACID,합성향료(2-Oxobutyric acid),,B1005634000000,식품첨가물,"사용기준 못찾음, 별도 확인 필요",,"기타, 별도 확인 필요",
10322,2-OXOPENTANEDIOIC ACID,합성향료(2-Oxopentanedioic acid),,B1005640000000,식품첨가물,"사용기준 못찾음, 별도 확인 필요",,"기타, 별도 확인 필요",
10323,2-PENTADECANONE,합성향료(2-Pentadecanone),,B1005665000000,식품첨가물,"사용기준 못찾음, 별도 확인 필요",,"기타, 별도 확인 필요",
10324,2-PENTANOL,합성향료(2-Pentanol),,B1005669000000,식품첨가물,"사용기준 못찾음, 별도 확인 필요",,"기타, 별도 확인 필요",
10325,2-PENTANONE,합성향료(2-Pentanone),,B1005670000000,식품첨가물,"사용기준 못찾음, 별도 확인 필요",,"기타, 별도 확인 필요",
10326,2-PENTENAL,합성향료(2-Pentenal),,B1005676000000,식품첨가물,"사용기준 못찾음, 별도 확인 필요",,"기타, 별도 확인 필요",
10327,2-PENTYL ACETATE,합성향료(2-Pentyl acetate),,B1005681000000,식품첨가물,"사용기준 못찾음, 별도 확인 필요",,"기타, 별도 확인 필요",
10328,2-PENTYLFURAN,합성향료(2-Pentylfuran),,B1005685000000,식품첨가물,"사용기준 못찾음, 별도 확인 필요",,"기타, 별도 확인 필요",
10329,2-PENTYL THIOPHENE,합성향료(2-Pentylthiophene(2-Amylthiophene)),,B1005869000000,식품첨가물,"사용기준 못찾음, 별도 확인 필요",,"기타, 별도 확인 필요",
10330,,합성향료(2-Phenoxyethanol),,B1006232000000,식품첨가물,"사용기준 못찾음, 별도 확인 필요",,"기타, 별도 확인 필요",
10331,2-PHENOXYETHYL ISOBUTYRATE,합성향료(2-Phenoxyethyl isobutyrate),,B1005710000000,식품첨가물,"사용기준 못찾음, 별도 확인 필요",,"기타, 별도 확인 필요",
10332,2-PHENYL-2-BUTENAL,합성향료(2-Phenyl-2-butenal),,B1005719000000,식품첨가물,"사용기준 못찾음, 별도 확인 필요",,"기타, 별도 확인 필요",
10333,2-PHENYLPROPAN-1-OL,합성향료(2-Phenylpropan-1-ol),,B1005738000000,식품첨가물,"사용기준 못찾음, 별도 확인 필요",,"기타, 별도 확인 필요",
10334,2-Phenylpropan-2-ol,합성향료(2-Phenylpropan-2-ol),,B1005855000000,식품첨가물,"사용기준 못찾음, 별도 확인 필요",,"기타, 별도 확인 필요",
10335,2-PHENYLPROPYL ISOBUTYRATE,합성향료(2-Phenylpropyl isobutyrate),,B1005746000000,식품첨가물,"사용기준 못찾음, 별도 확인 필요",,"기타, 별도 확인 필요",
10336,2-PROPANETHIOL,합성향료(2-Propanethiol),,B1005783000000,식품첨가물,"사용기준 못찾음, 별도 확인 필요",,"기타, 별도 확인 필요",
10337,2-PROPIONYLTHIAZOLE,합성향료(2-Propionylthiazole),,B1005793000000,식품첨가물,"사용기준 못찾음, 별도 확인 필요",,"기타, 별도 확인 필요",
10338,2-PYRIDINE METHANETHIOL,합성향료(2-Pyridine methanethiol),,B1005832000000,식품첨가물,"사용기준 못찾음, 별도 확인 필요",,"기타, 별도 확인 필요",
10339,2-THIENYLMERCAPTAN,합성향료(2-Thienylmercaptan),,B1005956000000,식품첨가물,"사용기준 못찾음, 별도 확인 필요",,"기타, 별도 확인 필요",
10340,2-TRIDECANONE,합성향료(2-Tridecanone),,B1005980000000,식품첨가물,"사용기준 못찾음, 별도 확인 필요",,"기타, 별도 확인 필요",
10341,2-TRIDECENAL,합성향료(2-Tridecenal),,B1005982000000,식품첨가물,"사용기준 못찾음, 별도 확인 필요",,"기타, 별도 확인 필요",
10342,2-UNDECANOL,합성향료(2-Undecanol),,B1006053000000,식품첨가물,"사용기준 못찾음, 별도 확인 필요",,"기타, 별도 확인 필요",
10343,2-UNDECANONE,합성향료(2-Undecanone),,B1006054000000,식품첨가물,"사용기준 못찾음, 별도 확인 필요",,"기타, 별도 확인 필요",
10344,2-UNDECENAL,합성향료(2-Undecenal),,B1006062000000,식품첨가물,"사용기준 못찾음, 별도 확인 필요",,"기타, 별도 확인 필요",
10345,"2-TRANS, 6-TRANS-NONADIENAL","합성향료(2-trans, 6-trans-Nonadienal)",,B1005541000000,식품첨가물,"사용기준 못찾음, 별도 확인 필요",,"기타, 별도 확인 필요",
10346,"2-TRANS,4-TRANS-DECADIENAL","합성향료(2-trans,4-trans-Decadienal)",,B1004008000000,식품첨가물,"사용기준 못찾음, 별도 확인 필요",,"기타, 별도 확인 필요",
10347,2-TRANS-6-TRANS-OCTADIENAL,합성향료(2-trans-6-trans-Octadienal),,B1005585000000,식품첨가물,"사용기준 못찾음, 별도 확인 필요",,"기타, 별도 확인 필요",
10348,"3,3,5-TRIMETHYL CYCLOHEXANOL","합성향료(3,3,5-Trimethyl cyclohexanol)",,B1005987000000,식품첨가물,"사용기준 못찾음, 별도 확인 필요",,"기타, 별도 확인 필요",
10349,"3,4-DIMETHOXY-1-VINYLBENZENE","합성향료(3,4-Dimethoxy-1-vinylbenzene)",,B1004082000000,식품첨가물,"사용기준 못찾음, 별도 확인 필요",,"기타, 별도 확인 필요",
10350,"3,4-DIMETHYL-1,2-CYCLO-PENTADIONE","합성향료(3,4-Dimethyl-1,2-cyclo-pentadione)",,B1004103000000,식품첨가물,"사용기준 못찾음, 별도 확인 필요",,"기타, 별도 확인 필요",
10351,"3,4-HEXANDIONE","합성향료(3,4-Hexanedione)",,B1004619000000,식품첨가물,"사용기준 못찾음, 별도 확인 필요",,"기타, 별도 확인 필요",
10352,"3,4-XYLENOL","합성향료(3,4-Xylenol)",,B1006095000000,식품첨가물,"사용기준 못찾음, 별도 확인 필요",,"기타, 별도 확인 필요",
10353,"3,5,5-TRIMETHYL-1-HEXANOL","합성향료(3,5,5-Trimethyl-1-hexanol)",,B1005992000000,식품첨가물,"사용기준 못찾음, 별도 확인 필요",,"기타, 별도 확인 필요",
10354,"3,5,5-TRIMETHYLHEXANAL","합성향료(3,5,5-Trimethylhexanal)",,B1006011000000,식품첨가물,"사용기준 못찾음, 별도 확인 필요",,"기타, 별도 확인 필요",
10355,"3,5-DIMETHYL-1,2-CYCLO-PENTADIONE","합성향료(3,5-Dimethyl-1,2-cyclo-pentadione)",,B1004104000000,식품첨가물,"사용기준 못찾음, 별도 확인 필요",,"기타, 별도 확인 필요",
10356,,"합성향료(3,7,10-Humulatriene)",,B1004783000000,식품첨가물,"사용기준 못찾음, 별도 확인 필요",,"기타, 별도 확인 필요",
10357,"3,7-DIMETHYL-1,3,6,-OCTATRIENE","합성향료(3,7-Dimethyl-1,3,6,-octatriene)",,B1004105000000,식품첨가물,"사용기준 못찾음, 별도 확인 필요",,"기타, 별도 확인 필요",
10358,"3,7-DIMETHYL-1-OCTANOL","합성향료(3,7-Dimethyl-1-octanol)",,B1004110000000,식품첨가물,"사용기준 못찾음, 별도 확인 필요",,"기타, 별도 확인 필요",
10359,"3,7-DIMETHYL-2,6-OCTADIEN-1-YL 2-ETHYLBUTANOATE","합성향료(3,7-Dimethyl-2,6-octadien-1-yl 2-ethylbutanoate)",,B1004112000000,식품첨가물,"사용기준 못찾음, 별도 확인 필요",,"기타, 별도 확인 필요",
10360,"3-(1-METHOXY)-1,2-PROPANEDIOL","합성향료(3-(1-Methoxy)-1,2-propanediol)",,B1005071000000,식품첨가물,"사용기준 못찾음, 별도 확인 필요",,"기타, 별도 확인 필요",
10361,3-(2-FURYL)ACROLEIN,합성향료(3-(2-Furyl)acrolein),,B1004523000000,식품첨가물,"사용기준 못찾음, 별도 확인 필요",,"기타, 별도 확인 필요",
10362,"3-(3,4-METHYLENEDIOXYPHENYL)-2-METHYLPROPANAL","합성향료(3-(3,4-Methylenedioxyphenyl)-2-methylpropanal)",,B1006122000000,식품첨가물,"사용기준 못찾음, 별도 확인 필요",,"기타, 별도 확인 필요",
10363,,"합성향료(3-(4-hydroxy-phenyl)-1-(2,4,6-trihydroxy-phenyl)-propan-1-one)",,B1004746000000,식품첨가물,"사용기준 못찾음, 별도 확인 필요",,"기타, 별도 확인 필요",
10364,3-(ACETYLMERCAPTO)HEXYL ACETATE,합성향료(3-(Acetylmercapto)hexyl acetate),,B1003679000000,식품첨가물,"사용기준 못찾음, 별도 확인 필요",,"기타, 별도 확인 필요",
10365,3-(HYDROXYMETHYL)-2-HEPTANONE,합성향료(3-(Hydroxymethyl)-2-heptanone),,B1004739000000,식품첨가물,"사용기준 못찾음, 별도 확인 필요",,"기타, 별도 확인 필요",
10366,"3-(L-MENTHOXY)-2-METHYLPROPANE-1,2-DIOL","합성향료(3-(L-Menthoxy)-2-methylpropane-1,2-diol)",,B1005041000000,식품첨가물,"사용기준 못찾음, 별도 확인 필요",,"기타, 별도 확인 필요",
10367,3-METHYLTHIO-1-HEXANOL,합성향료(3-(Methylthio)-1-hexanol),,B1005347000000,식품첨가물,"사용기준 못찾음, 별도 확인 필요",,"기타, 별도 확인 필요",
10368,3-(METHYLTHIO)BUTANAL,합성향료(3-(Methylthio)butanal),,B1005354000000,식품첨가물,"사용기준 못찾음, 별도 확인 필요",,"기타, 별도 확인 필요",
10369,3-(METHYLTHIO)HEXYL ACETATE,합성향료(3-(Methylthio)hexyl acetate),,B1005359000000,식품첨가물,"사용기준 못찾음, 별도 확인 필요",,"기타, 별도 확인 필요",
10370,3-(METHYLTHIO)METHYLTHIOPHENE,합성향료(3-(Methylthio)methylthiophene),,B1005360000000,식품첨가물,"사용기준 못찾음, 별도 확인 필요",,"기타, 별도 확인 필요",
10371,3-(METHYLTHIO)PROPANOL,합성향료(3-(Methylthio)propanol),,B1005362000000,식품첨가물,"사용기준 못찾음, 별도 확인 필요",,"기타, 별도 확인 필요",
10372,3-(METHYLTHIO)PROPIONALDEHYDE,합성향료(3-(Methylthio)propionaldehyde),,B1005363000000,식품첨가물,"사용기준 못찾음, 별도 확인 필요",,"기타, 별도 확인 필요",
10373,3-(METHYLTHIO)PROPYL ACETATE,합성향료(3-(Methylthio)propyl acetate),,B1005364000000,식품첨가물,"사용기준 못찾음, 별도 확인 필요",,"기타, 별도 확인 필요",
10374,3-(METHYLTHIO)PROPYL ISOTHIOCYANATE,합성향료(3-(Methylthio)propyl isothiocyanate),,B1005365000000,식품첨가물,"사용기준 못찾음, 별도 확인 필요",,"기타, 별도 확인 필요",
10375,"3-ACETYL-2,5-DIMETHYLFURAN","합성향료(3-Acetyl-2,5-dimethylfuran)",,B1003668000000,식품첨가물,"사용기준 못찾음, 별도 확인 필요",,"기타, 별도 확인 필요",
10376,3-ACETYLPYRIDINE,합성향료(3-Acetylpyridine),,B1003682000000,식품첨가물,"사용기준 못찾음, 별도 확인 필요",,"기타, 별도 확인 필요",
10377,3-BUTYLIDENEPHTHALIDE,합성향료(3-Butylidenephthalide),,B1003862000000,식품첨가물,"사용기준 못찾음, 별도 확인 필요",,"기타, 별도 확인 필요",
10378,3-DECANONE,합성향료(3-Decanone),,B1004016000000,식품첨가물,"사용기준 못찾음, 별도 확인 필요",,"기타, 별도 확인 필요",
10379,,합성향료(3-Decen-2-one),,B1004018000000,식품첨가물,"사용기준 못찾음, 별도 확인 필요",,"기타, 별도 확인 필요",
10380,,"합성향료(3-Ethyl-2,6-dimethylpyrazine)",,B1004391000000,식품첨가물,"사용기준 못찾음, 별도 확인 필요",,"기타, 별도 확인 필요",
10381,3-ETHYL-2-HYDROXY-4-METHYLCYCLOPENT-2-EN-1-ONE,합성향료(3-Ethyl-2-hydroxy-4-methylcyclopent-2-en-1-one),,B1004395000000,식품첨가물,"사용기준 못찾음, 별도 확인 필요",,"기타, 별도 확인 필요",
10382,3-ETHYLPYRIDINE,합성향료(3-Ethylpyridine),,B1004420000000,식품첨가물,"사용기준 못찾음, 별도 확인 필요",,"기타, 별도 확인 필요",
10383,3-HEPTANONE,합성향료(3-Heptanone),,B1004580000000,식품첨가물,"사용기준 못찾음, 별도 확인 필요",,"기타, 별도 확인 필요",
10384,3-HEPTYLDIHYDRO-5-METHYL-2(3H)-FURANONE,합성향료(3-Heptyldihydro-5-methyl-2(3H)-furanone),,B1004601000000,식품첨가물,"사용기준 못찾음, 별도 확인 필요",,"기타, 별도 확인 필요",
10385,3-HEXANOL,합성향료(3-Hexanol),,B1004623000000,식품첨가물,"사용기준 못찾음, 별도 확인 필요",,"기타, 별도 확인 필요",
10386,3-HEXANONE,합성향료(3-Hexanone),,B1004624000000,식품첨가물,"사용기준 못찾음, 별도 확인 필요",,"기타, 별도 확인 필요",
10387,3-HEXENAL,합성향료(3-Hexenal),,B1004634000000,식품첨가물,"사용기준 못찾음, 별도 확인 필요",,"기타, 별도 확인 필요",
10388,3-HEXENOIC ACID,합성향료(3-Hexenoic acid),,B1004638000000,식품첨가물,"사용기준 못찾음, 별도 확인 필요",,"기타, 별도 확인 필요",
10389,3-HEXENYL 2-METHYLBUTANOATE,합성향료(3-Hexenyl 2-methylbutanoate),,B1004642000000,식품첨가물,"사용기준 못찾음, 별도 확인 필요",,"기타, 별도 확인 필요",
10390,3-HEXENYL 3-METHYLBUTANOATE,합성향료(3-Hexenyl 3-methylbutanoate),,B1004643000000,식품첨가물,"사용기준 못찾음, 별도 확인 필요",,"기타, 별도 확인 필요",
10391,3-HEXENYL FORMATE (CIS AND TRANS MIXTURE),합성향료(3-Hexenyl formate (cis and trans mixture)),,B1004652000000,식품첨가물,"사용기준 못찾음, 별도 확인 필요",,"기타, 별도 확인 필요",
10392,3-Hexenyl Methyl Carbonate,합성향료(3-Hexenyl methyl carbonate),,B1004800000000,식품첨가물,"사용기준 못찾음, 별도 확인 필요",,"기타, 별도 확인 필요",
10393,3-HEXENYL PHENYLACETATE,합성향료(3-Hexenyl phenylacetate),,B1004659000000,식품첨가물,"사용기준 못찾음, 별도 확인 필요",,"기타, 별도 확인 필요",
10394,3-MERCAPTO-2-BUTANONE,합성향료(3-Mercapto-2-butanone),,B1005049000000,식품첨가물,"사용기준 못찾음, 별도 확인 필요",,"기타, 별도 확인 필요",
10395,3-MERCAPTO-2-METHYLPENTAN-1-OL (RACEMIC),합성향료(3-Mercapto-2-methylpentan-1-ol (racemic)),,B1005051000000,식품첨가물,"사용기준 못찾음, 별도 확인 필요",,"기타, 별도 확인 필요",
10396,3-MERCAPTO-2-PENTANONE,합성향료(3-Mercapto-2-pentanone),,B1005053000000,식품첨가물,"사용기준 못찾음, 별도 확인 필요",,"기타, 별도 확인 필요",
10397,3-MERCAPTO-3-METHYL-1-BUTANOL,합성향료(3-Mercapto-3-methyl-1-butanol),,B1005057000000,식품첨가물,"사용기준 못찾음, 별도 확인 필요",,"기타, 별도 확인 필요",
10398,3-MERCAPTO-3-METHYLBUTYL FORMATE,합성향료(3-Mercapto-3-methylbutyl formate),,B1005058000000,식품첨가물,"사용기준 못찾음, 별도 확인 필요",,"기타, 별도 확인 필요",
10399,3-MERCAPTOHEXANOL,합성향료(3-Mercaptohexanol),,B1005062000000,식품첨가물,"사용기준 못찾음, 별도 확인 필요",,"기타, 별도 확인 필요",
10400,3-MERCAPTOHEXYL ACETATE,합성향료(3-Mercaptohexyl acetate),,B1005063000000,식품첨가물,"사용기준 못찾음, 별도 확인 필요",,"기타, 별도 확인 필요",
10401,3-METHOXYBENZOIC ACID,합성향료(3-Methoxybenzoic acid),,B1005087000000,식품첨가물,"사용기준 못찾음, 별도 확인 필요",,"기타, 별도 확인 필요",
10402,3-METHYL-1-CYCLOPENTADECANONE,합성향료(3-Methyl-1-cyclopentadecanone),,B1005195000000,식품첨가물,"사용기준 못찾음, 별도 확인 필요",,"기타, 별도 확인 필요",
10403,3-METHYL-1-PENTANOL,합성향료(3-Methyl-1-pentanol),,B1005198000000,식품첨가물,"사용기준 못찾음, 별도 확인 필요",,"기타, 별도 확인 필요",
10404,"3-METHYL-2,4-NONANEDIONE","합성향료(3-Methyl-2,4-nonanedione)",,B1005208000000,식품첨가물,"사용기준 못찾음, 별도 확인 필요",,"기타, 별도 확인 필요",
10405,3-METHYL-2-(2-PENTENYL)-2-CYCLOPENTEN-1-ONE,합성향료(3-Methyl-2-(2-pentenyl)-2-cyclopenten-1-one),,B1005203000000,식품첨가물,"사용기준 못찾음, 별도 확인 필요",,"기타, 별도 확인 필요",
10406,3-METHYL-2-BUTANETHIOL,합성향료(3-Methyl-2-butanethiol),,B1005210000000,식품첨가물,"사용기준 못찾음, 별도 확인 필요",,"기타, 별도 확인 필요",
10407,3-METHYL-2-BUTANOL,합성향료(3-Methyl-2-butanol),,B1005211000000,식품첨가물,"사용기준 못찾음, 별도 확인 필요",,"기타, 별도 확인 필요",
10408,3-METHYL-2-BUTEN-1-OL,합성향료(3-Methyl-2-buten-1-ol),,B1005212000000,식품첨가물,"사용기준 못찾음, 별도 확인 필요",,"기타, 별도 확인 필요",
10409,3-METHYL-2-CYCLOHEXEN-1-ONE,합성향료(3-Methyl-2-cyclohexen-1-one),,B1005216000000,식품첨가물,"사용기준 못찾음, 별도 확인 필요",,"기타, 별도 확인 필요",
10410,3-METHYL-2-OXOBUTANOIC ACID,합성향료(3-Methyl-2-oxobutanoic acid),,B1005222000000,식품첨가물,"사용기준 못찾음, 별도 확인 필요",,"기타, 별도 확인 필요",
10411,ebanol,"합성향료(3-Methyl-5-(2,2,3-trimethylcyclopent-3-en-1-yl)pent-4-en-2-ol)",,B1006121000000,식품첨가물,"사용기준 못찾음, 별도 확인 필요",,"기타, 별도 확인 필요",
10412,3-METHYL-5-PROPYL-2-CYCLOHEXEN-1-ONE,합성향료(3-Methyl-5-propyl-2-cyclohexen-1-one),,B1005277000000,식품첨가물,"사용기준 못찾음, 별도 확인 필요",,"기타, 별도 확인 필요",
10413,3-METHYLBUTANETHIOL,합성향료(3-Methylbutanethiol),,B1005298000000,식품첨가물,"사용기준 못찾음, 별도 확인 필요",,"기타, 별도 확인 필요",
10414,3-METHYLBUTYRALDEHYDE(ISOVALERALDEHYDE),합성향료(3-Methylbutyraldehyde),,B1005304000000,식품첨가물,"사용기준 못찾음, 별도 확인 필요",,"기타, 별도 확인 필요",
10415,3-METHYLCYCLOHEXANONE,합성향료(3-Methylcyclohexanone),,B1005312000000,식품첨가물,"사용기준 못찾음, 별도 확인 필요",,"기타, 별도 확인 필요",
10416,3-METHYLPENTANOIC ACID,합성향료(3-Methylpentanoic acid),,B1005333000000,식품첨가물,"사용기준 못찾음, 별도 확인 필요",,"기타, 별도 확인 필요",
10417,3-METHYLTHIOHEXANAL,합성향료(3-Methylthiohexanal),,B1005369000000,식품첨가물,"사용기준 못찾음, 별도 확인 필요",,"기타, 별도 확인 필요",
10418,3-OCTANOL,합성향료(3-Octanol),,B1005598000000,식품첨가물,"사용기준 못찾음, 별도 확인 필요",,"기타, 별도 확인 필요",
10419,3-OCTANONE,합성향료(3-Octanone),,B1005600000000,식품첨가물,"사용기준 못찾음, 별도 확인 필요",,"기타, 별도 확인 필요",
10420,3-OCTEN-2-ONE,합성향료(3-Octen-2-one),,B1005606000000,식품첨가물,"사용기준 못찾음, 별도 확인 필요",,"기타, 별도 확인 필요",
10421,3-OCTYL ACETATE,합성향료(3-Octyl acetate),,B1005623000000,식품첨가물,"사용기준 못찾음, 별도 확인 필요",,"기타, 별도 확인 필요",
10422,3-OXODECANOIC ACID GLYCERIDE,합성향료(3-Oxodecanoic acid glyceride),,B1005635000000,식품첨가물,"사용기준 못찾음, 별도 확인 필요",,"기타, 별도 확인 필요",
10423,3-PENTEN-2-ONE,합성향료(3-Penten-2-one),,B1005672000000,식품첨가물,"사용기준 못찾음, 별도 확인 필요",,"기타, 별도 확인 필요",
10424,3-PHENYL-1-PROPANOL,합성향료(3-Phenyl-1-propanol),,B1005717000000,식품첨가물,"사용기준 못찾음, 별도 확인 필요",,"기타, 별도 확인 필요",
10425,3-PHENYL-4-PENTENAL,합성향료(3-Phenyl-4-pentenal),,B1005727000000,식품첨가물,"사용기준 못찾음, 별도 확인 필요",,"기타, 별도 확인 필요",
10426,3-PHENYLPROPIONALDEHYDE,합성향료(3-Phenylpropionaldehyde),,B1005739000000,식품첨가물,"사용기준 못찾음, 별도 확인 필요",,"기타, 별도 확인 필요",
10427,3-PHENYLPROPIONIC ACID,합성향료(3-Phenylpropionic acid),,B1005740000000,식품첨가물,"사용기준 못찾음, 별도 확인 필요",,"기타, 별도 확인 필요",
10428,3-PHENYLPROPYL ACETATE,합성향료(3-Phenylpropyl acetate),,B1005741000000,식품첨가물,"사용기준 못찾음, 별도 확인 필요",,"기타, 별도 확인 필요",
10429,3-PHENYLPROPYL CINNAMATE,합성향료(3-Phenylpropyl cinnamate),,B1005743000000,식품첨가물,"사용기준 못찾음, 별도 확인 필요",,"기타, 별도 확인 필요",
10430,3-PHENYLPROPYL FORMATE,합성향료(3-Phenylpropyl formate),,B1005744000000,식품첨가물,"사용기준 못찾음, 별도 확인 필요",,"기타, 별도 확인 필요",
10431,3-PHENYLPROPYL ISOBUTYRATE,합성향료(3-Phenylpropyl isobutyrate),,B1005747000000,식품첨가물,"사용기준 못찾음, 별도 확인 필요",,"기타, 별도 확인 필요",
10432,3-PROPYLIDENEPHTHALIDE,합성향료(3-Propylidenephthalide),,B1005821000000,식품첨가물,"사용기준 못찾음, 별도 확인 필요",,"기타, 별도 확인 필요",
10433,3-N-BUTYL PHTHALIDE,합성향료(3-n-Butyl phthalide),,B1003848000000,식품첨가물,"사용기준 못찾음, 별도 확인 필요",,"기타, 별도 확인 필요",
10434,"3{(4-AMINO-2,2-DIOXIDO-1H-2,1,3-BENZOTHIADIAZIN-5-YL)OXY}-2,2-DIMETHYL-N-PROPYLPROPAMIDE","합성향료(3{(4-Amino-2,2-dioxido-1H-2,1,3-benzothiadiazin-5-yl)oxy}-2,2-dimethyl-N-propylpropamide)",,B1006100000000,식품첨가물,"사용기준 못찾음, 별도 확인 필요",,"기타, 별도 확인 필요",
10435,"4,4-DIBUTYL-Γ-BUTYROLACTONE","합성향료(4,4-Dibutyl-γ-butyrolactone)",,B1004041000000,식품첨가물,"사용기준 못찾음, 별도 확인 필요",,"기타, 별도 확인 필요",
10436,"4,5-DIHYDRO-3(2H)-THIOPHENONE","합성향료(4,5-Dihydro-3(2H)-thiophenone)",,B1004062000000,식품첨가물,"사용기준 못찾음, 별도 확인 필요",,"기타, 별도 확인 필요",
10437,"4,5-DIMETHYL-3-HYDROXY-2,5-DIHYDROFURAN-2-ONE","합성향료(4,5-Dimethyl-3-hydroxy-2,5-dihydrofuran-2-one)",,B1004126000000,식품첨가물,"사용기준 못찾음, 별도 확인 필요",,"기타, 별도 확인 필요",
10438,"4,5-DIMETHYLTHIAZOLE","합성향료(4,5-Dimethylthiazole)",,B1004163000000,식품첨가물,"사용기준 못찾음, 별도 확인 필요",,"기타, 별도 확인 필요",
10439,4-(2-FURYL)-3-BUTEN-2-ONE,합성향료(4-(2-Furyl)-3-buten-2-one),,B1004522000000,식품첨가물,"사용기준 못찾음, 별도 확인 필요",,"기타, 별도 확인 필요",
10440,4-(METHYLTHIO)-2-BUTANONE,합성향료(4-(Methylthio)-2-butanone),,B1005349000000,식품첨가물,"사용기준 못찾음, 별도 확인 필요",,"기타, 별도 확인 필요",
10441,4-(METHYLTHIO)-4-METHYL-2-PENTANONE,합성향료(4-(Methylthio)-4-methyl-2-pentanone),,B1005353000000,식품첨가물,"사용기준 못찾음, 별도 확인 필요",,"기타, 별도 확인 필요",
10442,4-(P-ACETOXYPHENYL)-2-BUTANONE,합성향료(4-(p-Acetoxyphenyl)-2-butanone),,B1003665000000,식품첨가물,"사용기준 못찾음, 별도 확인 필요",,"기타, 별도 확인 필요",
10443,4-(P-HYDROXYPHENYL)-2-BUTANONE,합성향료(4-(p-Hydroxyphenyl)-2-butanone),,B1004743000000,식품첨가물,"사용기준 못찾음, 별도 확인 필요",,"기타, 별도 확인 필요",
10444,4-(P-METHOXYPHENYL)-2-BUTANONE,합성향료(4-(p-Methoxyphenyl)-2-butanone),,B1005092000000,식품첨가물,"사용기준 못찾음, 별도 확인 필요",,"기타, 별도 확인 필요",
10445,"4-ACETYL-2,5-DIMETHYLFURAN-3(2H)-ONE","합성향료(4-Acetyl-2,5-dimethylfuran-3(2H)-one)",,B1003669000000,식품첨가물,"사용기준 못찾음, 별도 확인 필요",,"기타, 별도 확인 필요",
10446,,"합성향료(4-Allyl-2,6-dimethoxyphenol)",,B1003720000000,식품첨가물,"사용기준 못찾음, 별도 확인 필요",,"기타, 별도 확인 필요",
10447,4-ALLYLPHENOL,합성향료(4-Allylphenol),,B1003721000000,식품첨가물,"사용기준 못찾음, 별도 확인 필요",,"기타, 별도 확인 필요",
10448,,"합성향료(4-Amino-5,6-dimethylthieno[2,3-d]pyrimidin-2(1H)-one)",,B1006138000000,식품첨가물,"사용기준 못찾음, 별도 확인 필요",,"기타, 별도 확인 필요",
10449,,합성향료(4-Aminobutyric acid),,B1006137000000,식품첨가물,"사용기준 못찾음, 별도 확인 필요",,"기타, 별도 확인 필요",
10450,4-CARVOMENTHENOL,합성향료(4-Carvomenthenol),,B1003915000000,식품첨가물,"사용기준 못찾음, 별도 확인 필요",,"기타, 별도 확인 필요",
10451,,합성향료(4-Decenal),,B1004020000000,식품첨가물,"사용기준 못찾음, 별도 확인 필요",,"기타, 별도 확인 필요",
10452,4-DECENOIC ACID,합성향료(4-Decenoic acid),,B1004023000000,식품첨가물,"사용기준 못찾음, 별도 확인 필요",,"기타, 별도 확인 필요",
10453,"4-ETHYL-2,6-DIMETHOXYPHENOL","합성향료(4-Ethyl-2,6-dimethoxyphenol)",,B1004390000000,식품첨가물,"사용기준 못찾음, 별도 확인 필요",,"기타, 별도 확인 필요",
10454,4-ETHYLBENZALDEHYDE,합성향료(4-Ethylbenzaldehyde),,B1004406000000,식품첨가물,"사용기준 못찾음, 별도 확인 필요",,"기타, 별도 확인 필요",
10455,4-ETHYLGUAIACOL,합성향료(4-Ethylguaiacol),,B1004413000000,식품첨가물,"사용기준 못찾음, 별도 확인 필요",,"기타, 별도 확인 필요",
10456,"4-HYDROXY-2,3-DIMETHYL-2,4-NONADIEN","합성향료(4-HYDROXY-2,3-DIMETHYL-2,4-NONADIEN)",,B1004697000000,식품첨가물,"사용기준 못찾음, 별도 확인 필요",,"기타, 별도 확인 필요",
10457,4-HYDROXY-3-METHYLOCTANOIC ACID Γ-LACTONE,합성향료(4-HYDROXY-3-METHYLOCTANOIC ACID Γ-LACTONE),,B1004714000000,식품첨가물,"사용기준 못찾음, 별도 확인 필요",,"기타, 별도 확인 필요",
10458,4-HEPTANONE,합성향료(4-Heptanone),,B1004581000000,식품첨가물,"사용기준 못찾음, 별도 확인 필요",,"기타, 별도 확인 필요",
10459,4-HEPTENAL DIETHYL ACETAL,합성향료(4-Heptenal diethyl acetal),,B1004588000000,식품첨가물,"사용기준 못찾음, 별도 확인 필요",,"기타, 별도 확인 필요",
10460,4-HEXEN-1-OL,합성향료(4-Hexen-1-ol),,B1004627000000,식품첨가물,"사용기준 못찾음, 별도 확인 필요",,"기타, 별도 확인 필요",
10461,4-HEXEN-3-ONE,합성향료(4-Hexen-3-one),,B1004630000000,식품첨가물,"사용기준 못찾음, 별도 확인 필요",,"기타, 별도 확인 필요",
10462,,"합성향료(4-Hydroxy-2,5-dimethyl-3(2H)-furanon)",,B1006130000000,식품첨가물,"사용기준 못찾음, 별도 확인 필요",,"기타, 별도 확인 필요",
10463,"4-HYDROXY-2,5-DIMETHYL-3(2H)-FURANONE","합성향료(4-Hydroxy-2,5-dimethyl-3(2H)-furanone)",,B1004699000000,식품첨가물,"사용기준 못찾음, 별도 확인 필요",,"기타, 별도 확인 필요",
10464,"4-HYDROXY-3,5-DIMETHOXYBENZALDEHYDE","합성향료(4-Hydroxy-3,5-dimethoxybenzaldehyde)",,B1004710000000,식품첨가물,"사용기준 못찾음, 별도 확인 필요",,"기타, 별도 확인 필요",
10465,4-HYDROXY-3-METHOXYBENZOIC ACID,합성향료(4-Hydroxy-3-methoxybenzoic acid),,B1004712000000,식품첨가물,"사용기준 못찾음, 별도 확인 필요",,"기타, 별도 확인 필요",
10466,4-HYDROXY-3-PENTENOIC ACID LACTONE,합성향료(4-Hydroxy-3-pentenoic acid lactone),,B1004715000000,식품첨가물,"사용기준 못찾음, 별도 확인 필요",,"기타, 별도 확인 필요",
10467,4-HYDROXY-4-METHYLPENTAN-2-ONE,합성향료(4-Hydroxy-4-methylpentan-2-one),,B1004751000000,식품첨가물,"사용기준 못찾음, 별도 확인 필요",,"기타, 별도 확인 필요",
10468,4-HYDROXY-5-METHYL-3(2H)-FURANONE,합성향료(4-Hydroxy-5-methyl-3(2H)-furanone),,B1004724000000,식품첨가물,"사용기준 못찾음, 별도 확인 필요",,"기타, 별도 확인 필요",
10469,4-HYDROXYBENZALDEHYDE,합성향료(4-Hydroxybenzaldehyde),,B1004729000000,식품첨가물,"사용기준 못찾음, 별도 확인 필요",,"기타, 별도 확인 필요",
10470,4-HYDROXYBENZYL ALCOHOL,합성향료(4-Hydroxybenzyl alcohol),,B1004732000000,식품첨가물,"사용기준 못찾음, 별도 확인 필요",,"기타, 별도 확인 필요",
10471,4-HYDROXYBUTYRIC ACID LACTONE,합성향료(4-Hydroxybutyric acid lactone),,B1004733000000,식품첨가물,"사용기준 못찾음, 별도 확인 필요",,"기타, 별도 확인 필요",
10472,4-MERCAPTO-2-PENTANONE,합성향료(4-Mercapto-2-pentanone),,B1005054000000,식품첨가물,"사용기준 못찾음, 별도 확인 필요",,"기타, 별도 확인 필요",
10473,4-MERCAPTO-4-METHYL-2-PENTANONE,합성향료(4-Mercapto-4-methyl-2-pentanone),,B1005060000000,식품첨가물,"사용기준 못찾음, 별도 확인 필요",,"기타, 별도 확인 필요",
10474,4-METHOXY-2-METHYL-2-BUTANETHIOL,합성향료(4-Methoxy-2-methyl-2-butanethiol),,B1005073000000,식품첨가물,"사용기준 못찾음, 별도 확인 필요",,"기타, 별도 확인 필요",
10475,4-METHYL BIPHENYL,합성향료(4-Methyl biphenyl),,B1005135000000,식품첨가물,"사용기준 못찾음, 별도 확인 필요",,"기타, 별도 확인 필요",
10476,4-METHYL-1-PHENYL-2-PENTANONE,합성향료(4-Methyl-1-phenyl-2-pentanone),,B1005200000000,식품첨가물,"사용기준 못찾음, 별도 확인 필요",,"기타, 별도 확인 필요",
10477,"4-METHYL-2,6-DIMETHOXYPHENOL","합성향료(4-Methyl-2,6-dimethoxyphenol)",,B1005209000000,식품첨가물,"사용기준 못찾음, 별도 확인 필요",,"기타, 별도 확인 필요",
10478,4-METHYL-2-PENTANONE,합성향료(4-Methyl-2-pentanone),,B1005228000000,식품첨가물,"사용기준 못찾음, 별도 확인 필요",,"기타, 별도 확인 필요",
10479,4-METHYL-2-PENTENAL,합성향료(4-Methyl-2-pentenal),,B1005230000000,식품첨가물,"사용기준 못찾음, 별도 확인 필요",,"기타, 별도 확인 필요",
10480,"4-METHYL-2-PENTYL-1,3-DIOXOLANE","합성향료(4-Methyl-2-pentyl-1,3-dioxolane)",,B1005232000000,식품첨가물,"사용기준 못찾음, 별도 확인 필요",,"기타, 별도 확인 필요",
10481,4-METHYL-2-PHENYL-2-PENTENAL,합성향료(4-Methyl-2-phenyl-2-pentenal),,B1005234000000,식품첨가물,"사용기준 못찾음, 별도 확인 필요",,"기타, 별도 확인 필요",
10482,,합성향료(4-Methyl-3-penten-2-one),,B1005257000000,식품첨가물,"사용기준 못찾음, 별도 확인 필요",,"기타, 별도 확인 필요",
10483,4-METHYL-5-THIAZOLEETHANOL,합성향료(4-Methyl-5-thiazole ethanol),,B1005278000000,식품첨가물,"사용기준 못찾음, 별도 확인 필요",,"기타, 별도 확인 필요",
10484,4-METHYL-5-THIAZOLEETHANOL ACETATE,합성향료(4-Methyl-5-thiazoleethanol acetate),,B1005279000000,식품첨가물,"사용기준 못찾음, 별도 확인 필요",,"기타, 별도 확인 필요",
10485,4-METHYL-5-VINYLTHIAZOLE,합성향료(4-Methyl-5-vinylthiazole),,B1005281000000,식품첨가물,"사용기준 못찾음, 별도 확인 필요",,"기타, 별도 확인 필요",
10486,4-METHYLACETOPHENONE,합성향료(4-Methylacetophenone),,B1005283000000,식품첨가물,"사용기준 못찾음, 별도 확인 필요",,"기타, 별도 확인 필요",
10487,4-METHYLNONANOIC ACID,합성향료(4-Methylnonanoic acid),,B1005327000000,식품첨가물,"사용기준 못찾음, 별도 확인 필요",,"기타, 별도 확인 필요",
10488,4-METHYLOCTANOIC ACID,합성향료(4-Methyloctanoic acid),,B1005329000000,식품첨가물,"사용기준 못찾음, 별도 확인 필요",,"기타, 별도 확인 필요",
10489,4-METHYLPENTANOIC ACID,합성향료(4-Methylpentanoic acid),,B1005334000000,식품첨가물,"사용기준 못찾음, 별도 확인 필요",,"기타, 별도 확인 필요",
10490,,합성향료(4-Methylpentyl-4-methylvalerate),,B1006213000000,식품첨가물,"사용기준 못찾음, 별도 확인 필요",,"기타, 별도 확인 필요",
10491,4-METHYLTHIAZOLE,합성향료(4-Methylthiazole),,B1005345000000,식품첨가물,"사용기준 못찾음, 별도 확인 필요",,"기타, 별도 확인 필요",
10492,4-PENTENOIC ACID,합성향료(4-Pentenoic acid),,B1005677000000,식품첨가물,"사용기준 못찾음, 별도 확인 필요",,"기타, 별도 확인 필요",
10493,4-PHENYL-3-BUTEN-2-OL,합성향료(4-Phenyl-3-buten-2-ol),,B1005722000000,식품첨가물,"사용기준 못찾음, 별도 확인 필요",,"기타, 별도 확인 필요",
10494,4-PHENYL-3-BUTEN-2-ONE,합성향료(4-Phenyl-3-buten-2-one),,B1005723000000,식품첨가물,"사용기준 못찾음, 별도 확인 필요",,"기타, 별도 확인 필요",
10495,4-THUJANOL,합성향료(4-Thujanol),,B1005960000000,식품첨가물,"사용기준 못찾음, 별도 확인 필요",,"기타, 별도 확인 필요",
10496,4-[(2-FURANMETHYL)THIO]-2-PENTANONE,합성향료(4-[(2-Furanmethyl)thio]-2-pentanone),,B1004502000000,식품첨가물,"사용기준 못찾음, 별도 확인 필요",,"기타, 별도 확인 필요",
10497,"5,6,7,8-TETRAHYDROQUINOXALINE","합성향료(5,6,7,8-Tetrahydroquinoxaline)",,B1005948000000,식품첨가물,"사용기준 못찾음, 별도 확인 필요",,"기타, 별도 확인 필요",
10498,"5,7-DIHYDRO-2-METHYLTHIENO(3,4-D)PYRIMIDINE","합성향료(5,7-Dihydro-2-methylthieno(3,4-d)pyrimidine)",,B1004061000000,식품첨가물,"사용기준 못찾음, 별도 확인 필요",,"기타, 별도 확인 필요",
10499,5- AND 6-DECENOIC ACID (MIXTURE),합성향료(5- and 6-Decenoic acid (mixture)),,B1004024000000,식품첨가물,"사용기준 못찾음, 별도 확인 필요",,"기타, 별도 확인 필요",
10500,,합성향료(5-Ethyl-2-methylpyridine),,B1004397000000,식품첨가물,"사용기준 못찾음, 별도 확인 필요",,"기타, 별도 확인 필요",
10501,5-ETHYL-3-HYDROXY-4-METHYL-2(5H)-FURANONE,합성향료(5-Ethyl-3-hydroxy-4-methyl-2(5H)-furanone),,B1004399000000,식품첨가물,"사용기준 못찾음, 별도 확인 필요",,"기타, 별도 확인 필요",
10502,5-HYDROXY-2-DECENOIC ACID Δ-LACTONE,합성향료(5-HYDROXY-2-DECENOIC ACID Δ-LACTONE),,B1004704000000,식품첨가물,"사용기준 못찾음, 별도 확인 필요",,"기타, 별도 확인 필요",
10503,"5-HYDROXY-2,4-DECADIENOIC ACID Δ-LACTONE","합성향료(5-Hydroxy-2,4-decadienoic acid delta-lactone)",,B1004698000000,식품첨가물,"사용기준 못찾음, 별도 확인 필요",,"기타, 별도 확인 필요",
10504,5-HYDROXY-2-DODECENOIC ACID Δ-LACTONE,합성향료(5-Hydroxy-2-dodecenoic acid delta-lactone),,B1004705000000,식품첨가물,"사용기준 못찾음, 별도 확인 필요",,"기타, 별도 확인 필요",
10505,5-HYDROXY-4-METHYLHEXANOIC ACID Δ-LACTONE,합성향료(5-Hydroxy-4-methylhexanoic acid delta-lactone),,B1004719000000,식품첨가물,"사용기준 못찾음, 별도 확인 필요",,"기타, 별도 확인 필요",
10506,5-HYDROXY-4-OCTANONE,합성향료(5-Hydroxy-4-octanone),,B1004720000000,식품첨가물,"사용기준 못찾음, 별도 확인 필요",,"기타, 별도 확인 필요",
10507,5-HYDROXY-7-DECENOIC ACID Δ-LACTONE,합성향료(5-Hydroxy-7-decenoic acid δ-lactone),,B1004726000000,식품첨가물,"사용기준 못찾음, 별도 확인 필요",,"기타, 별도 확인 필요",
10508,5-HYDROXY-8-UNDECENOIC ACID Δ-LACTONE,합성향료(5-Hydroxy-8-undecenoic acid delta-lactone),,B1004727000000,식품첨가물,"사용기준 못찾음, 별도 확인 필요",,"기타, 별도 확인 필요",
10509,5-HYDROXYMETHYL FURFURALDEHYDE,합성향료(5-Hydroxymethylfurfuraldehyde),,B1004747000000,식품첨가물,"사용기준 못찾음, 별도 확인 필요",,"기타, 별도 확인 필요",
10510,5-HYDROXYUNDECANOIC ACID Δ-LACTONE,합성향료(5-Hydroxyundecanoic acid delta-lactone),,B1004745000000,식품첨가물,"사용기준 못찾음, 별도 확인 필요",,"기타, 별도 확인 필요",
10511,"5-METHYL-2,3-HEXANEDIONE","합성향료(5-Methyl-2,3-hexanedione)",,B1005207000000,식품첨가물,"사용기준 못찾음, 별도 확인 필요",,"기타, 별도 확인 필요",
10512,5-METHYL-2-HEPT-4-ONE,합성향료(5-Methyl-2-hept-4-one),,B1005219000000,식품첨가물,"사용기준 못찾음, 별도 확인 필요",,"기타, 별도 확인 필요",
10513,5-METHYL-2-PHENYL-2-HEXENAL,합성향료(5-Methyl-2-phenyl-2-hexenal),,B1005233000000,식품첨가물,"사용기준 못찾음, 별도 확인 필요",,"기타, 별도 확인 필요",
10514,5-METHYL-2-THIOPHENECARBOXYALDEHYDE,합성향료(5-Methyl-2-thiophenecarboxyaldehyde),,B1005236000000,식품첨가물,"사용기준 못찾음, 별도 확인 필요",,"기타, 별도 확인 필요",
10515,"5-METHYL-6,7-DIHYDRO-5H-CYCLOPENTAPYRAZINE","합성향료(5-Methyl-6,7-dihydro-5H-cyclopentapyrazine)",,B1005282000000,식품첨가물,"사용기준 못찾음, 별도 확인 필요",,"기타, 별도 확인 필요",
10516,5-METHYL FURFURAL,합성향료(5-Methylfurfural),,B1005319000000,식품첨가물,"사용기준 못찾음, 별도 확인 필요",,"기타, 별도 확인 필요",
10517,5-METHYLFURFURYLMERCAPTAN,합성향료(5-Methylfurfurylmercaptan),,B1062529000000,식품첨가물,"사용기준 못찾음, 별도 확인 필요",,"기타, 별도 확인 필요",
10518,5-METHYLQUINOXALINE,합성향료(5-Methylquinoxaline),,B1005341000000,식품첨가물,"사용기준 못찾음, 별도 확인 필요",,"기타, 별도 확인 필요",
10519,"6,7-DIHYDRO-2,3-DIMETHYL-5H-CYCLOPENTAPYRAZINE","합성향료(6,7-Dihydro-2,3-dimethyl-5H-cyclopentapyrazine)",,B1004060000000,식품첨가물,"사용기준 못찾음, 별도 확인 필요",,"기타, 별도 확인 필요",
10520,"6-HYDROXY-3,7-DIMETHYLOCTANOIC ACID LACTONE","합성향료(6-HYDROXY-3,7-DIMETHYLOCTANOIC ACID LACTONE)",,B1004711000000,식품첨가물,"사용기준 못찾음, 별도 확인 필요",,"기타, 별도 확인 필요",
10521,"6-METHYL-3,5-HEPTADIEN-2-ONE","합성향료(6-Methyl-3,5-heptadien-2-one)",,B1005243000000,식품첨가물,"사용기준 못찾음, 별도 확인 필요",,"기타, 별도 확인 필요",
10522,6-METHYL-5-HEPTEN-2-ONE,합성향료(6-Methyl-5-hepten-2-one),,B1005272000000,식품첨가물,"사용기준 못찾음, 별도 확인 필요",,"기타, 별도 확인 필요",
10523,6-METHYLCOUMARIN,합성향료(6-Methylcoumarin),,B1005308000000,식품첨가물,"사용기준 못찾음, 별도 확인 필요",,"기타, 별도 확인 필요",
10524,6-[5(6)-DECENOYLOXY]DECANOIC ACID,합성향료(6-[5(6)-Decenoyloxy]decanoic acid),,B1062507000000,식품첨가물,"사용기준 못찾음, 별도 확인 필요",,"기타, 별도 확인 필요",
10525,9-DECENAL,합성향료(9-Decenal),,B1004021000000,식품첨가물,"사용기준 못찾음, 별도 확인 필요",,"기타, 별도 확인 필요",
10526,9-DECENOIC ACID,합성향료(9-Decenoic acid),,B1004022000000,식품첨가물,"사용기준 못찾음, 별도 확인 필요",,"기타, 별도 확인 필요",
10527,ALDEHYDE C-11 UNDECYLENIC,합성향료(9-Undecenal),,B1006060000000,식품첨가물,"사용기준 못찾음, 별도 확인 필요",,"기타, 별도 확인 필요",
10528,ACETAL,합성향료(Acetal),,B1003653000000,식품첨가물,"사용기준 못찾음, 별도 확인 필요",,"기타, 별도 확인 필요",
10529,ACETALDEHYDE BUTYL PHENETHYL ACETAL,합성향료(Acetaldehyde butyl phenethyl acetal),,B1003655000000,식품첨가물,"사용기준 못찾음, 별도 확인 필요",,"기타, 별도 확인 필요",
10530,ACETALDEHYDE DIISOAMYL ACETAL,합성향료(Acetaldehyde diisoamyl acetal),,B1003656000000,식품첨가물,"사용기준 못찾음, 별도 확인 필요",,"기타, 별도 확인 필요",
10531,ACETALDEHYDE ETHYL CIS-3-HEXENYL ACETAL,합성향료(Acetaldehyde ethyl cis-3-hexenyl acetal),,B1003657000000,식품첨가물,"사용기준 못찾음, 별도 확인 필요",,"기타, 별도 확인 필요",
10532,ACETALDEHYDE PHENETHYL PROPYL ACETAL,합성향료(Acetaldehyde phenethyl propyl acetal),,B1003658000000,식품첨가물,"사용기준 못찾음, 별도 확인 필요",,"기타, 별도 확인 필요",
10533,ACETALDEHYDE,합성향료(Acetaldehyde),,B1003654000000,식품첨가물,"사용기준 못찾음, 별도 확인 필요",,"기타, 별도 확인 필요",
10534,,합성향료(Acetamide),,B1003659000000,식품첨가물,"사용기준 못찾음, 별도 확인 필요",,"기타, 별도 확인 필요",
10535,ACETANISOLE,합성향료(Acetanisole),,B1003660000000,식품첨가물,"사용기준 못찾음, 별도 확인 필요",,"기타, 별도 확인 필요",
10536,,합성향료(Acetic acid),,B1006133000000,식품첨가물,"사용기준 못찾음, 별도 확인 필요",,"기타, 별도 확인 필요",
10537,ACETOIN PROPYLENEGLYCOL KETAL,합성향료(Acetoin propyleneglycol ketal),,B1062498000000,식품첨가물,"사용기준 못찾음, 별도 확인 필요",,"기타, 별도 확인 필요",
10538,ACETOIN,합성향료(Acetoin),,B1003661000000,식품첨가물,"사용기준 못찾음, 별도 확인 필요",,"기타, 별도 확인 필요",
10539,ACETOL ACETATE,합성향료(Acetol acetate),,B1003750000000,식품첨가물,"사용기준 못찾음, 별도 확인 필요",,"기타, 별도 확인 필요",
10540,,합성향료(Acetophenone),,B1003662000000,식품첨가물,"사용기준 못찾음, 별도 확인 필요",,"기타, 별도 확인 필요",
10541,ALDEHYDE C16,합성향료(Aldehyde C16),,B1003686000000,식품첨가물,"사용기준 못찾음, 별도 확인 필요",,"기타, 별도 확인 필요",
10542,ALLYL 2-ETHYLBUTYRATE,합성향료(Allyl 2-ethylbutyrate),,B1003688000000,식품첨가물,"사용기준 못찾음, 별도 확인 필요",,"기타, 별도 확인 필요",
10543,ALLYL 2-FUROATE,합성향료(Allyl 2-furoate),,B1003689000000,식품첨가물,"사용기준 못찾음, 별도 확인 필요",,"기타, 별도 확인 필요",
10544,ALLYL ANTHRANILATE,합성향료(Allyl anthranilate),,B1003691000000,식품첨가물,"사용기준 못찾음, 별도 확인 필요",,"기타, 별도 확인 필요",
10545,ALLYL BUTYRATE,합성향료(Allyl butyrate),,B1003692000000,식품첨가물,"사용기준 못찾음, 별도 확인 필요",,"기타, 별도 확인 필요",
10546,ALLYL CINNAMATE,합성향료(Allyl cinnamate),,B1003693000000,식품첨가물,"사용기준 못찾음, 별도 확인 필요",,"기타, 별도 확인 필요",
10547,ALLYL CROTONATE,합성향료(Allyl crotonate),,B1003694000000,식품첨가물,"사용기준 못찾음, 별도 확인 필요",,"기타, 별도 확인 필요",
10548,ALLYL CYCLOHEXANE ACETATE,합성향료(Allyl cyclohexaneacetate),,B1003695000000,식품첨가물,"사용기준 못찾음, 별도 확인 필요",,"기타, 별도 확인 필요",
10549,,합성향료(Allyl cyclohexanepropionate),,B1003698000000,식품첨가물,"사용기준 못찾음, 별도 확인 필요",,"기타, 별도 확인 필요",
10550,ALLYL CYCLOHEXANE VALERATE,합성향료(Allyl cyclohexanevalerate),,B1003699000000,식품첨가물,"사용기준 못찾음, 별도 확인 필요",,"기타, 별도 확인 필요",
10551,ALLYL DISULFIDE,합성향료(Allyl disulfide),,B1003700000000,식품첨가물,"사용기준 못찾음, 별도 확인 필요",,"기타, 별도 확인 필요",
10552,ALLYL HEPTANOATE,합성향료(Allyl heptanoate),,B1003701000000,식품첨가물,"사용기준 못찾음, 별도 확인 필요",,"기타, 별도 확인 필요",
10553,ALLYL HEXANOATE,합성향료(Allyl hexanoate),,B1003702000000,식품첨가물,"사용기준 못찾음, 별도 확인 필요",,"기타, 별도 확인 필요",
10554,,합성향료(Allyl isothiocyanate),,B1003703000000,식품첨가물,"사용기준 못찾음, 별도 확인 필요",,"기타, 별도 확인 필요",
10555,ALLYL ISOVALERATE,합성향료(Allyl isovalerate),,B1003704000000,식품첨가물,"사용기준 못찾음, 별도 확인 필요",,"기타, 별도 확인 필요",
10556,ALLYL MERCAPTAN,합성향료(Allyl mercaptan),,B1003705000000,식품첨가물,"사용기준 못찾음, 별도 확인 필요",,"기타, 별도 확인 필요",
10557,ALLYL METHYL DISULFIDE,합성향료(Allyl methyl disulfide),,B1003706000000,식품첨가물,"사용기준 못찾음, 별도 확인 필요",,"기타, 별도 확인 필요",
10558,ALLYL OCTANOATE,합성향료(Allyl octanoate),,B1003709000000,식품첨가물,"사용기준 못찾음, 별도 확인 필요",,"기타, 별도 확인 필요",
10559,ALLYL PHENOXYACETATE,합성향료(Allyl phenoxyacetate),,B1003710000000,식품첨가물,"사용기준 못찾음, 별도 확인 필요",,"기타, 별도 확인 필요",
10560,ALLYL PHENYLACETATE,합성향료(Allyl phenylacetate),,B1003711000000,식품첨가물,"사용기준 못찾음, 별도 확인 필요",,"기타, 별도 확인 필요",
10561,ALLYL PROPIONATE,합성향료(Allyl propionate),,B1003712000000,식품첨가물,"사용기준 못찾음, 별도 확인 필요",,"기타, 별도 확인 필요",
10562,ALLYL PROPYL DISULFIDE,합성향료(Allyl propyl disulfide),,B1003713000000,식품첨가물,"사용기준 못찾음, 별도 확인 필요",,"기타, 별도 확인 필요",
10563,ALLYL SULFIDE,합성향료(Allyl sulfide),,B1003715000000,식품첨가물,"사용기준 못찾음, 별도 확인 필요",,"기타, 별도 확인 필요",
10564,ALLYL THIOPROPIONATE,합성향료(Allyl thiopropionate),,B1003717000000,식품첨가물,"사용기준 못찾음, 별도 확인 필요",,"기타, 별도 확인 필요",
10565,ALLYL VALERATE,합성향료(Allyl valerate),,B1003719000000,식품첨가물,"사용기준 못찾음, 별도 확인 필요",,"기타, 별도 확인 필요",
10566,ALLYL Α-IONONE,합성향료(Allyl α-ionone),,B1003690000000,식품첨가물,"사용기준 못찾음, 별도 확인 필요",,"기타, 별도 확인 필요",
10567,AMMONIUM ISOVALERATE,합성향료(Ammonium isovalerate),,B1003724000000,식품첨가물,"사용기준 못찾음, 별도 확인 필요",,"기타, 별도 확인 필요",
10568,AMMONIUM SULFIDE,합성향료(Ammonium sulfide),,B1003725000000,식품첨가물,"사용기준 못찾음, 별도 확인 필요",,"기타, 별도 확인 필요",
10569,AMYL 2-FUROATE,합성향료(Amyl 2-furoate),,B1003726000000,식품첨가물,"사용기준 못찾음, 별도 확인 필요",,"기타, 별도 확인 필요",
10570,AMYL ALCOHOL,합성향료(Amyl alcohol),,B1003727000000,식품첨가물,"사용기준 못찾음, 별도 확인 필요",,"기타, 별도 확인 필요",
10571,,합성향료(Amyl lactate),,B1003759000000,식품첨가물,"사용기준 못찾음, 별도 확인 필요",,"기타, 별도 확인 필요",
10572,,합성향료(Amyl phenylacetate),,B1006145000000,식품첨가물,"사용기준 못찾음, 별도 확인 필요",,"기타, 별도 확인 필요",
10573,,합성향료(Amyl propionate),,B1003751000000,식품첨가물,"사용기준 못찾음, 별도 확인 필요",,"기타, 별도 확인 필요",
10574,Amyl salicylate,합성향료(Amyl salicylate),,B1003755000000,식품첨가물,"사용기준 못찾음, 별도 확인 필요",,"기타, 별도 확인 필요",
10575,AMYL VALERATE,합성향료(Amyl valerate),,B1003756000000,식품첨가물,"사용기준 못찾음, 별도 확인 필요",,"기타, 별도 확인 필요",
10576,ANISOLE,합성향료(Anisole),,B1003743000000,식품첨가물,"사용기준 못찾음, 별도 확인 필요",,"기타, 별도 확인 필요",
10577,ANISYL ACETATE,합성향료(Anisyl acetate),,B1003744000000,식품첨가물,"사용기준 못찾음, 별도 확인 필요",,"기타, 별도 확인 필요",
10578,ANISYL ALCOHOL,합성향료(Anisyl alcohol),,B1003745000000,식품첨가물,"사용기준 못찾음, 별도 확인 필요",,"기타, 별도 확인 필요",
10579,ANISYL BUTYRATE,합성향료(Anisyl butyrate),,B1003746000000,식품첨가물,"사용기준 못찾음, 별도 확인 필요",,"기타, 별도 확인 필요",
10580,ANISYL FORMATE,합성향료(Anisyl formate),,B1003747000000,식품첨가물,"사용기준 못찾음, 별도 확인 필요",,"기타, 별도 확인 필요",
10581,ANISYL PROPIONATE,합성향료(Anisyl propionate),,B1003749000000,식품첨가물,"사용기준 못찾음, 별도 확인 필요",,"기타, 별도 확인 필요",
10582,BENZALDEHYDE GLYCERYL ACETAL,합성향료(BENZALDEHYDE GLYCERYL ACETAL),,B1003772000000,식품첨가물,"사용기준 못찾음, 별도 확인 필요",,"기타, 별도 확인 필요",
10583,BENZYL 2-METHOXYETHYL ACETAL,합성향료(BENZYL 2-METHOXYETHYL ACETAL),,B1003781000000,식품첨가물,"사용기준 못찾음, 별도 확인 필요",,"기타, 별도 확인 필요",
10584,BISABOLENE,합성향료(BISABOLENE),,B1003805000000,식품첨가물,"사용기준 못찾음, 별도 확인 필요",,"기타, 별도 확인 필요",
10585,,합성향료(Benzaldehyde diethyl acetal),,B1003883000000,식품첨가물,"사용기준 못찾음, 별도 확인 필요",,"기타, 별도 확인 필요",
10586,BENZALDEHYDE DIMETHYL ACETAL,합성향료(Benzaldehyde dimethyl acetal),,B1003771000000,식품첨가물,"사용기준 못찾음, 별도 확인 필요",,"기타, 별도 확인 필요",
10587,BENZALDEHYDE PROPYLENE GLYCOL ACETAL,합성향료(Benzaldehyde propylene glycol acetal),,B1003773000000,식품첨가물,"사용기준 못찾음, 별도 확인 필요",,"기타, 별도 확인 필요",
10588,BENZALDEHYDE2127,합성향료(Benzaldehyde),,B1003770000000,식품첨가물,"사용기준 못찾음, 별도 확인 필요",,"기타, 별도 확인 필요",
10589,BENZENETHIOL,합성향료(Benzenethiol),,B1003774000000,식품첨가물,"사용기준 못찾음, 별도 확인 필요",,"기타, 별도 확인 필요",
10590,BENZOIN,합성향료(Benzoin),,B1003776000000,식품첨가물,"사용기준 못찾음, 별도 확인 필요",,"기타, 별도 확인 필요",
10591,BENZOPHENONE,합성향료(Benzophenone),,B1003777000000,식품첨가물,"사용기준 못찾음, 별도 확인 필요",,"기타, 별도 확인 필요",
10592,BENZOTHIAZOLE,합성향료(Benzothiazole),,B1003778000000,식품첨가물,"사용기준 못찾음, 별도 확인 필요",,"기타, 별도 확인 필요",
10593,"BENZYL 2,3-DIMETHYLCROTONATE","합성향료(Benzyl 2,3-dimethylcrotonate)",,B1003780000000,식품첨가물,"사용기준 못찾음, 별도 확인 필요",,"기타, 별도 확인 필요",
10594,,합성향료(Benzyl acetate),,B1003782000000,식품첨가물,"사용기준 못찾음, 별도 확인 필요",,"기타, 별도 확인 필요",
10595,BENZYL ACETOACETATE,합성향료(Benzyl acetoacetate),,B1003783000000,식품첨가물,"사용기준 못찾음, 별도 확인 필요",,"기타, 별도 확인 필요",
10596,BENZYL ALCOHOL (2137),합성향료(Benzyl alcohol),,B1003784000000,식품첨가물,"사용기준 못찾음, 별도 확인 필요",,"기타, 별도 확인 필요",
10597,BENZYL BENZOATE,합성향료(Benzyl benzoate),,B1003785000000,식품첨가물,"사용기준 못찾음, 별도 확인 필요",,"기타, 별도 확인 필요",
10598,BENZYL BUTYRATE,합성향료(Benzyl butyrate),,B1003787000000,식품첨가물,"사용기준 못찾음, 별도 확인 필요",,"기타, 별도 확인 필요",
10599,BENZYL CINNAMATE,합성향료(Benzyl cinnamate),,B1003788000000,식품첨가물,"사용기준 못찾음, 별도 확인 필요",,"기타, 별도 확인 필요",
10600,BENZYL DISULFIDE,합성향료(Benzyl disulfide),,B1003789000000,식품첨가물,"사용기준 못찾음, 별도 확인 필요",,"기타, 별도 확인 필요",
10601,BENZYL FORMATE,합성향료(Benzyl formate),,B1003791000000,식품첨가물,"사용기준 못찾음, 별도 확인 필요",,"기타, 별도 확인 필요",
10602,,합성향료(Benzyl hexanoate),,B1003792000000,식품첨가물,"사용기준 못찾음, 별도 확인 필요",,"기타, 별도 확인 필요",
10603,BENZYL ISOBUTYRATE,합성향료(Benzyl isobutyrate),,B1003793000000,식품첨가물,"사용기준 못찾음, 별도 확인 필요",,"기타, 별도 확인 필요",
10604,BENZYL ISOVALERATE,합성향료(Benzyl isovalerate),,B1003794000000,식품첨가물,"사용기준 못찾음, 별도 확인 필요",,"기타, 별도 확인 필요",
10605,BENZYL MERCAPTAN,합성향료(Benzyl mercaptan),,B1003795000000,식품첨가물,"사용기준 못찾음, 별도 확인 필요",,"기타, 별도 확인 필요",
10606,BENZYL PHENYLACETATE,합성향료(Benzyl phenylacetate),,B1003797000000,식품첨가물,"사용기준 못찾음, 별도 확인 필요",,"기타, 별도 확인 필요",
10607,,합성향료(Benzyl propionate),,B1003798000000,식품첨가물,"사용기준 못찾음, 별도 확인 필요",,"기타, 별도 확인 필요",
10608,BENZYL SALICYLATE,합성향료(Benzyl salicylate),,B1003799000000,식품첨가물,"사용기준 못찾음, 별도 확인 필요",,"기타, 별도 확인 필요",
10609,,합성향료(Benzyl valerate),,B1003889000000,식품첨가물,"사용기준 못찾음, 별도 확인 필요",,"기타, 별도 확인 필요",
10610,BIPHENYL,합성향료(Biphenyl),,B1003802000000,식품첨가물,"사용기준 못찾음, 별도 확인 필요",,"기타, 별도 확인 필요",
10611,BIRCH TAR OIL,합성향료(Birch tar oil),,B1003803000000,식품첨가물,"사용기준 못찾음, 별도 확인 필요",,"기타, 별도 확인 필요",
10612,BIS(METHYLTHIO)METHANE,합성향료(Bis(methylthio)methane),,B1003804000000,식품첨가물,"사용기준 못찾음, 별도 확인 필요",,"기타, 별도 확인 필요",
10613,BORNEOL,합성향료(Borneol),,B1003806000000,식품첨가물,"사용기준 못찾음, 별도 확인 필요",,"기타, 별도 확인 필요",
10614,BORNYL ACETATE,합성향료(Bornyl acetate),,B1003807000000,식품첨가물,"사용기준 못찾음, 별도 확인 필요",,"기타, 별도 확인 필요",
10615,2-BUTANOL,합성향료(Butan-2-ol),,B1003814000000,식품첨가물,"사용기준 못찾음, 별도 확인 필요",,"기타, 별도 확인 필요",
10616,BUTAN-3-ONE-2-YL BUTANOATE,합성향료(Butan-3-one-2-yl butanoate),,B1003815000000,식품첨가물,"사용기준 못찾음, 별도 확인 필요",,"기타, 별도 확인 필요",
10617,Butanal diethyl acetal,합성향료(Butanal diethyl acetal),,B1003886000000,식품첨가물,"사용기준 못찾음, 별도 확인 필요",,"기타, 별도 확인 필요",
10618,,"합성향료(Butane-1,3-diol)",,B1003868000000,식품첨가물,"사용기준 못찾음, 별도 확인 필요",,"기타, 별도 확인 필요",
10619,"BUTANE-2,3-DIOL","합성향료(Butane-2,3-diol)",,B1003873000000,식품첨가물,"사용기준 못찾음, 별도 확인 필요",,"기타, 별도 확인 필요",
10620,BUTTER ACIDS,합성향료(Butter acids),,B1003823000000,식품첨가물,"사용기준 못찾음, 별도 확인 필요",,"기타, 별도 확인 필요",
10621,BUTTER ESTERS,합성향료(Butter esters),,B1003824000000,식품첨가물,"사용기준 못찾음, 별도 확인 필요",,"기타, 별도 확인 필요",
10622,BUTYL 10-UNDECENOATE,합성향료(Butyl 10-undecenoate),,B1003825000000,식품첨가물,"사용기준 못찾음, 별도 확인 필요",,"기타, 별도 확인 필요",
10623,,합성향료(Butyl acetate),,B1003827000000,식품첨가물,"사용기준 못찾음, 별도 확인 필요",,"기타, 별도 확인 필요",
10624,BUTYL ACETOACETATE,합성향료(Butyl acetoacetate),,B1003828000000,식품첨가물,"사용기준 못찾음, 별도 확인 필요",,"기타, 별도 확인 필요",
10625,BUTAN-1-OL,합성향료(Butyl alcohol),,B1003829000000,식품첨가물,"사용기준 못찾음, 별도 확인 필요",,"기타, 별도 확인 필요",
10626,,합성향료(Butyl butyrate),,B1003831000000,식품첨가물,"사용기준 못찾음, 별도 확인 필요",,"기타, 별도 확인 필요",
10627,BUTYL BUTYRYLLACTATE,합성향료(Butyl butyryllactate),,B1003832000000,식품첨가물,"사용기준 못찾음, 별도 확인 필요",,"기타, 별도 확인 필요",
10628,BUTYL 2-DECENOATE,합성향료(Butyl dec-2-enoate),,B1003834000000,식품첨가물,"사용기준 못찾음, 별도 확인 필요",,"기타, 별도 확인 필요",
10629,,합성향료(Butyl decanoate),,B1003894000000,식품첨가물,"사용기준 못찾음, 별도 확인 필요",,"기타, 별도 확인 필요",
10630,BUTYL ETHYL DISULFIDE,합성향료(Butyl ethyl disulfide),,B1003835000000,식품첨가물,"사용기준 못찾음, 별도 확인 필요",,"기타, 별도 확인 필요",
10631,BUTYL FORMATE,합성향료(Butyl formate),,B1003838000000,식품첨가물,"사용기준 못찾음, 별도 확인 필요",,"기타, 별도 확인 필요",
10632,BUTYL HEPTANOATE,합성향료(Butyl heptanoate),,B1003839000000,식품첨가물,"사용기준 못찾음, 별도 확인 필요",,"기타, 별도 확인 필요",
10633,BUTYL HEXANOATE,합성향료(Butyl hexanoate),,B1003840000000,식품첨가물,"사용기준 못찾음, 별도 확인 필요",,"기타, 별도 확인 필요",
10634,BUTYL ISOBUTYRATE,합성향료(Butyl isobutyrate),,B1003841000000,식품첨가물,"사용기준 못찾음, 별도 확인 필요",,"기타, 별도 확인 필요",
10635,BUTYL ISOTHIOCYANATE,합성향료(Butyl isothiocyanate),,B1003842000000,식품첨가물,"사용기준 못찾음, 별도 확인 필요",,"기타, 별도 확인 필요",
10636,BUTYL ISOVALERATE,합성향료(Butyl isovalerate),,B1003843000000,식품첨가물,"사용기준 못찾음, 별도 확인 필요",,"기타, 별도 확인 필요",
10637,BUTYL LACTATE,합성향료(Butyl lactate),,B1003844000000,식품첨가물,"사용기준 못찾음, 별도 확인 필요",,"기타, 별도 확인 필요",
10638,BUTYL LAURATE,합성향료(Butyl laurate),,B1003845000000,식품첨가물,"사용기준 못찾음, 별도 확인 필요",,"기타, 별도 확인 필요",
10639,BUTYL LEVULINATE,합성향료(Butyl levulinate),,B1003846000000,식품첨가물,"사용기준 못찾음, 별도 확인 필요",,"기타, 별도 확인 필요",
10640,BUTYL CAPRYLATE,합성향료(Butyl octanoate),,B1003878000000,식품첨가물,"사용기준 못찾음, 별도 확인 필요",,"기타, 별도 확인 필요",
10641,BUTYL PHENYLACETATE,합성향료(Butyl phenylacetate),,B1003847000000,식품첨가물,"사용기준 못찾음, 별도 확인 필요",,"기타, 별도 확인 필요",
10642,BUTYL PROPIONATE,합성향료(Butyl propionate),,B1003849000000,식품첨가물,"사용기준 못찾음, 별도 확인 필요",,"기타, 별도 확인 필요",
10643,BUTYL SALICYLATE,합성향료(Butyl salicylate),,B1003850000000,식품첨가물,"사용기준 못찾음, 별도 확인 필요",,"기타, 별도 확인 필요",
10644,BUTYL STEARATE,합성향료(Butyl stearate),,B1003851000000,식품첨가물,"사용기준 못찾음, 별도 확인 필요",,"기타, 별도 확인 필요",
10645,BUTYL SULFIDE,합성향료(Butyl sulfide),,B1003852000000,식품첨가물,"사용기준 못찾음, 별도 확인 필요",,"기타, 별도 확인 필요",
10646,BUTYL VALERATE,합성향료(Butyl valerate),,B1003853000000,식품첨가물,"사용기준 못찾음, 별도 확인 필요",,"기타, 별도 확인 필요",
10647,BUTYLAMINE,합성향료(Butylamine),,B1003858000000,식품첨가물,"사용기준 못찾음, 별도 확인 필요",,"기타, 별도 확인 필요",
10648,BUTYRALDEHYDE,합성향료(Butyraldehyde),,B1003863000000,식품첨가물,"사용기준 못찾음, 별도 확인 필요",,"기타, 별도 확인 필요",
10649,,합성향료(Butyric acid),,B1003865000000,식품첨가물,"사용기준 못찾음, 별도 확인 필요",,"기타, 별도 확인 필요",
10650,CIS AND TRANS-MENTHONE-8-THIOACETATE,합성향료(CIS AND TRANS-MENTHONE-8-THIOACETATE),,B1005040000000,식품첨가물,"사용기준 못찾음, 별도 확인 필요",,"기타, 별도 확인 필요",
10651,CIS-4-HYDROXY-6-DODECENOIC ACID LACTONE,합성향료(CIS-4-HYDROXY-6-DODECENOIC ACID LACTONE),,B1004725000000,식품첨가물,"사용기준 못찾음, 별도 확인 필요",,"기타, 별도 확인 필요",
10652,CAMPHENE,합성향료(Camphene),,B1003906000000,식품첨가물,"사용기준 못찾음, 별도 확인 필요",,"기타, 별도 확인 필요",
10653,CARVACROL,합성향료(Carvacrol),,B1003912000000,식품첨가물,"사용기준 못찾음, 별도 확인 필요",,"기타, 별도 확인 필요",
10654,CARVACRYL ETHYL ETHER,합성향료(Carvacryl ethyl ether),,B1003913000000,식품첨가물,"사용기준 못찾음, 별도 확인 필요",,"기타, 별도 확인 필요",
10655,CARVEOL,합성향료(Carveol),,B1003914000000,식품첨가물,"사용기준 못찾음, 별도 확인 필요",,"기타, 별도 확인 필요",
10656,CARVONE,합성향료(Carvone),,B1003916000000,식품첨가물,"사용기준 못찾음, 별도 확인 필요",,"기타, 별도 확인 필요",
10657,,"합성향료(Carvone-5,6-oxide)",,B1003920000000,식품첨가물,"사용기준 못찾음, 별도 확인 필요",,"기타, 별도 확인 필요",
10658,CARVYL ACETATE,합성향료(Carvyl acetate),,B1003921000000,식품첨가물,"사용기준 못찾음, 별도 확인 필요",,"기타, 별도 확인 필요",
10659,CARYOPHYLLENE ALCOHOL ACETATE,합성향료(Caryophyllene alcohol acetate),,B1003925000000,식품첨가물,"사용기준 못찾음, 별도 확인 필요",,"기타, 별도 확인 필요",
10660,CEDARWOOD OIL ALCOHOLS,합성향료(Cedarwood oil alcohols),,B1003927000000,식품첨가물,"사용기준 못찾음, 별도 확인 필요",,"기타, 별도 확인 필요",
10661,CEDARWOOD OIL TERPENES,합성향료(Cedarwood oil terpenes),,B1003928000000,식품첨가물,"사용기준 못찾음, 별도 확인 필요",,"기타, 별도 확인 필요",
10662,CEDRENOL,합성향료(Cedrenol),,B1003995000000,식품첨가물,"사용기준 못찾음, 별도 확인 필요",,"기타, 별도 확인 필요",
10663,CEDROL,합성향료(Cedrol),,B1003983000000,식품첨가물,"사용기준 못찾음, 별도 확인 필요",,"기타, 별도 확인 필요",
10664,CINNAMALDEHYDE ETHYLENE GLYCOL ACETAL,합성향료(Cinnamaldehyde ethylene glycol acetal),,B1003931000000,식품첨가물,"사용기준 못찾음, 별도 확인 필요",,"기타, 별도 확인 필요",
10665,,합성향료(Cinnamaldehyde propyleneglycol acetal),,B1006106000000,식품첨가물,"사용기준 못찾음, 별도 확인 필요",,"기타, 별도 확인 필요",
10666,,합성향료(Cinnamaldehyde),,B1003930000000,식품첨가물,"사용기준 못찾음, 별도 확인 필요",,"기타, 별도 확인 필요",
10667,,합성향료(Cinnamic acid),,B1003932000000,식품첨가물,"사용기준 못찾음, 별도 확인 필요",,"기타, 별도 확인 필요",
10668,,합성향료(Cinnamyl acetate),,B1003933000000,식품첨가물,"사용기준 못찾음, 별도 확인 필요",,"기타, 별도 확인 필요",
10669,CINNAMYL ALCOHOL,합성향료(Cinnamyl alcohol),,B1003934000000,식품첨가물,"사용기준 못찾음, 별도 확인 필요",,"기타, 별도 확인 필요",
10670,CINNAMYL BENZOATE,합성향료(Cinnamyl benzoate),,B1003935000000,식품첨가물,"사용기준 못찾음, 별도 확인 필요",,"기타, 별도 확인 필요",
10671,CINNAMYL BUTYRATE,합성향료(Cinnamyl butyrate),,B1003936000000,식품첨가물,"사용기준 못찾음, 별도 확인 필요",,"기타, 별도 확인 필요",
10672,CINNAMYL CINNAMATE,합성향료(Cinnamyl cinnamate),,B1003937000000,식품첨가물,"사용기준 못찾음, 별도 확인 필요",,"기타, 별도 확인 필요",
10673,CINNAMYL FORMATE,합성향료(Cinnamyl formate),,B1003938000000,식품첨가물,"사용기준 못찾음, 별도 확인 필요",,"기타, 별도 확인 필요",
10674,CINNAMYL ISOBUTYRATE,합성향료(Cinnamyl isobutyrate),,B1003939000000,식품첨가물,"사용기준 못찾음, 별도 확인 필요",,"기타, 별도 확인 필요",
10675,CINNAMYL ISOVALERATE,합성향료(Cinnamyl isovalerate),,B1003940000000,식품첨가물,"사용기준 못찾음, 별도 확인 필요",,"기타, 별도 확인 필요",
10676,CINNAMYL PROPIONATE,합성향료(Cinnamyl propionate),,B1003942000000,식품첨가물,"사용기준 못찾음, 별도 확인 필요",,"기타, 별도 확인 필요",
10677,CITRAL DIETHYL ACETAL,합성향료(Citral diethyl acetal),,B1003944000000,식품첨가물,"사용기준 못찾음, 별도 확인 필요",,"기타, 별도 확인 필요",
10678,CITRAL DIMETHYL ACETAL,합성향료(Citral dimethyl acetal),,B1003945000000,식품첨가물,"사용기준 못찾음, 별도 확인 필요",,"기타, 별도 확인 필요",
10679,CITRAL PROPYLENE GLYCOL ACETAL,합성향료(Citral propylene glycol acetal),,B1003946000000,식품첨가물,"사용기준 못찾음, 별도 확인 필요",,"기타, 별도 확인 필요",
10680,,합성향료(Citral),,B1003943000000,식품첨가물,"사용기준 못찾음, 별도 확인 필요",,"기타, 별도 확인 필요",
10681,,합성향료(Citronellal),,B1003947000000,식품첨가물,"사용기준 못찾음, 별도 확인 필요",,"기타, 별도 확인 필요",
10682,,합성향료(Citronellol),,B1003948000000,식품첨가물,"사용기준 못찾음, 별도 확인 필요",,"기타, 별도 확인 필요",
10683,,합성향료(Citronellyl acetate),,B1003950000000,식품첨가물,"사용기준 못찾음, 별도 확인 필요",,"기타, 별도 확인 필요",
10684,CITRONELLYL BUTYRATE,합성향료(Citronellyl butyrate),,B1003952000000,식품첨가물,"사용기준 못찾음, 별도 확인 필요",,"기타, 별도 확인 필요",
10685,,합성향료(Citronellyl formate),,B1003953000000,식품첨가물,"사용기준 못찾음, 별도 확인 필요",,"기타, 별도 확인 필요",
10686,,합성향료(Citronellyl hexanoate),,B1003991000000,식품첨가물,"사용기준 못찾음, 별도 확인 필요",,"기타, 별도 확인 필요",
10687,CITRONELLYL ISOBUTYRATE,합성향료(Citronellyl isobutyrate),,B1003954000000,식품첨가물,"사용기준 못찾음, 별도 확인 필요",,"기타, 별도 확인 필요",
10688,CITRONELLYL PHENYLACETATE,합성향료(Citronellyl phenylacetate),,B1003956000000,식품첨가물,"사용기준 못찾음, 별도 확인 필요",,"기타, 별도 확인 필요",
10689,CITRONELLYL PROPIONATE,합성향료(Citronellyl propionate),,B1003957000000,식품첨가물,"사용기준 못찾음, 별도 확인 필요",,"기타, 별도 확인 필요",
10690,,합성향료(Citronellyl tiglate),,B1003994000000,식품첨가물,"사용기준 못찾음, 별도 확인 필요",,"기타, 별도 확인 필요",
10691,CITRONELLYL VALERATE,합성향료(Citronellyl valerate),,B1003958000000,식품첨가물,"사용기준 못찾음, 별도 확인 필요",,"기타, 별도 확인 필요",
10692,CROTONIC ACID,합성향료(Crotonic acid),,B1003962000000,식품첨가물,"사용기준 못찾음, 별도 확인 필요",,"기타, 별도 확인 필요",
10693,CUMINALDEHYDE,합성향료(Cuminaldehyde),,B1003963000000,식품첨가물,"사용기준 못찾음, 별도 확인 필요",,"기타, 별도 확인 필요",
10694,CYCLAMEN ALDEHYDE,합성향료(Cyclamen aldehyde),,B1003964000000,식품첨가물,"사용기준 못찾음, 별도 확인 필요",,"기타, 별도 확인 필요",
10695,,합성향료(Cycloheptadec-9-en-1-one),,B1003965000000,식품첨가물,"사용기준 못찾음, 별도 확인 필요",,"기타, 별도 확인 필요",
10696,CYCLOHEXANEETHYL ACETATE,합성향료(Cyclohexaneethyl acetate),,B1003967000000,식품첨가물,"사용기준 못찾음, 별도 확인 필요",,"기타, 별도 확인 필요",
10697,CYCLOHEXANONE,합성향료(Cyclohexanone),,B1003968000000,식품첨가물,"사용기준 못찾음, 별도 확인 필요",,"기타, 별도 확인 필요",
10698,CYCLOHEXYL ACETATE,합성향료(Cyclohexyl acetate),,B1003969000000,식품첨가물,"사용기준 못찾음, 별도 확인 필요",,"기타, 별도 확인 필요",
10699,CYCLOHEXYL BUTYRATE,합성향료(Cyclohexyl butyrate),,B1003971000000,식품첨가물,"사용기준 못찾음, 별도 확인 필요",,"기타, 별도 확인 필요",
10700,CYCLOHEXYL ISOVALERATE,합성향료(Cyclohexyl isovalerate),,B1003974000000,식품첨가물,"사용기준 못찾음, 별도 확인 필요",,"기타, 별도 확인 필요",
10701,CYCLOHEXYL PROPIONATE,합성향료(Cyclohexyl propionate),,B1003975000000,식품첨가물,"사용기준 못찾음, 별도 확인 필요",,"기타, 별도 확인 필요",
10702,CYCLOHEXANEACETIC ACID,합성향료(Cyclohexylacetic acid),,B1003976000000,식품첨가물,"사용기준 못찾음, 별도 확인 필요",,"기타, 별도 확인 필요",
10703,CYCLOHEXYLMETHYL PYRAZINE,합성향료(Cyclohexylmethyl pyrazine),,B1003977000000,식품첨가물,"사용기준 못찾음, 별도 확인 필요",,"기타, 별도 확인 필요",
10704,CYCLOPENTANETHIOL,합성향료(Cyclopentanethiol),,B1003979000000,식품첨가물,"사용기준 못찾음, 별도 확인 필요",,"기타, 별도 확인 필요",
10705,CYCLOPENTANONE,합성향료(Cyclopentanone),,B1003980000000,식품첨가물,"사용기준 못찾음, 별도 확인 필요",,"기타, 별도 확인 필요",
10706,CYCLOTENE PROPIONATE,합성향료(Cyclotene propionate),,B1062505000000,식품첨가물,"사용기준 못찾음, 별도 확인 필요",,"기타, 별도 확인 필요",
10707,D-FENCHONE,합성향료(D-FENCHONE),,B1004498000000,식품첨가물,"사용기준 못찾음, 별도 확인 필요",,"기타, 별도 확인 필요",
10708,DELTA-HEXALACTONE,합성향료(DELTA-HEXALACTONE),,B1004616000000,식품첨가물,"사용기준 못찾음, 별도 확인 필요",,"기타, 별도 확인 필요",
10709,DELTA-OCTALACTONE,합성향료(DELTA-OCTALACTONE),,B1005589000000,식품첨가물,"사용기준 못찾음, 별도 확인 필요",,"기타, 별도 확인 필요",
10710,DIHYDROCARVYL ACETATE,합성향료(DIHYDROCARVYL ACETATE),,B1004068000000,식품첨가물,"사용기준 못찾음, 별도 확인 필요",,"기타, 별도 확인 필요",
10711,DIVANILLIN,합성향료(DIVANILLIN),,B1004173000000,식품첨가물,"사용기준 못찾음, 별도 확인 필요",,"기타, 별도 확인 필요",
10712,DL-ISOMENTHONE,합성향료(DL-ISOMENTHONE),,B1004886000000,식품첨가물,"사용기준 못찾음, 별도 확인 필요",,"기타, 별도 확인 필요",
10713,"DL-MENTHONE 1,2-GLYCEROL KETAL","합성향료(DL-MENTHONE 1,2-GLYCEROL KETAL)",,B1005038000000,식품첨가물,"사용기준 못찾음, 별도 확인 필요",,"기타, 별도 확인 필요",
10714,DAMASCENONE,합성향료(Damascenone),,B1004000000000,식품첨가물,"사용기준 못찾음, 별도 확인 필요",,"기타, 별도 확인 필요",
10715,DEC-2-ENAL,합성향료(Dec-2-enal),,B1004006000000,식품첨가물,"사용기준 못찾음, 별도 확인 필요",,"기타, 별도 확인 필요",
10716,DECANAL DIETHYL ACETAL,합성향료(Decanal diethyl acetal),,B1004251000000,식품첨가물,"사용기준 못찾음, 별도 확인 필요",,"기타, 별도 확인 필요",
10717,DECANAL DIMETHYL ACETAL,합성향료(Decanal dimethyl acetal),,B1004012000000,식품첨가물,"사용기준 못찾음, 별도 확인 필요",,"기타, 별도 확인 필요",
10718,DECANAL PROPYLENEGLYCOL ACETAL,합성향료(Decanal propyleneglycol acetal),,B1004223000000,식품첨가물,"사용기준 못찾음, 별도 확인 필요",,"기타, 별도 확인 필요",
10719,,합성향료(Decanal),,B1004011000000,식품첨가물,"사용기준 못찾음, 별도 확인 필요",,"기타, 별도 확인 필요",
10720,,합성향료(Decanoic acid),,B1004013000000,식품첨가물,"사용기준 못찾음, 별도 확인 필요",,"기타, 별도 확인 필요",
10721,DECYL ACETATE,합성향료(Decyl acetate),,B1004026000000,식품첨가물,"사용기준 못찾음, 별도 확인 필요",,"기타, 별도 확인 필요",
10722,DECYL BUTYRATE,합성향료(Decyl butyrate),,B1004027000000,식품첨가물,"사용기준 못찾음, 별도 확인 필요",,"기타, 별도 확인 필요",
10723,DEHYDROMENTHOFUROLACTONE,합성향료(Dehydromenthofurolactone),,B1004030000000,식품첨가물,"사용기준 못찾음, 별도 확인 필요",,"기타, 별도 확인 필요",
10724,DEHYDRONOOTKATONE,합성향료(Dehydronootkatone),,B1004033000000,식품첨가물,"사용기준 못찾음, 별도 확인 필요",,"기타, 별도 확인 필요",
10725,DIACETYL,합성향료(Diacetyl),,B1004036000000,식품첨가물,"사용기준 못찾음, 별도 확인 필요",,"기타, 별도 확인 필요",
10726,DIALLYL POLYSULFIDES,합성향료(Diallyl polysulfides),,B1004037000000,식품첨가물,"사용기준 못찾음, 별도 확인 필요",,"기타, 별도 확인 필요",
10727,DIALLYL TRISULFIDE,합성향료(Diallyl trisulfide),,B1004038000000,식품첨가물,"사용기준 못찾음, 별도 확인 필요",,"기타, 별도 확인 필요",
10728,DIBENZYL ETHER,합성향료(Dibenzyl ether),,B1004039000000,식품첨가물,"사용기준 못찾음, 별도 확인 필요",,"기타, 별도 확인 필요",
10729,DIBUTYL SEBACATE,합성향료(Dibutyl sebacate),,B1004040000000,식품첨가물,"사용기준 못찾음, 별도 확인 필요",,"기타, 별도 확인 필요",
10730,DICYCLOHEXYL DISULFIDE,합성향료(Dicyclohexyl disulfide),,B1004042000000,식품첨가물,"사용기준 못찾음, 별도 확인 필요",,"기타, 별도 확인 필요",
10731,DIETHYL MALATE,합성향료(Diethyl malate),,B1004044000000,식품첨가물,"사용기준 못찾음, 별도 확인 필요",,"기타, 별도 확인 필요",
10732,,합성향료(Diethyl maleate),,B1004198000000,식품첨가물,"사용기준 못찾음, 별도 확인 필요",,"기타, 별도 확인 필요",
10733,DIETHYL MALONATE,합성향료(Diethyl malonate),,B1004045000000,식품첨가물,"사용기준 못찾음, 별도 확인 필요",,"기타, 별도 확인 필요",
10734,DIETHYL SEBACATE,합성향료(Diethyl sebacate),,B1004046000000,식품첨가물,"사용기준 못찾음, 별도 확인 필요",,"기타, 별도 확인 필요",
10735,DIETHYL SUCCINATE,합성향료(Diethyl succinate),,B1004047000000,식품첨가물,"사용기준 못찾음, 별도 확인 필요",,"기타, 별도 확인 필요",
10736,DIETHYL SULFIDE,합성향료(Diethyl sulfide),,B1004048000000,식품첨가물,"사용기준 못찾음, 별도 확인 필요",,"기타, 별도 확인 필요",
10737,DIETHYL TARTRATE,합성향료(Diethyl tartrate),,B1004049000000,식품첨가물,"사용기준 못찾음, 별도 확인 필요",,"기타, 별도 확인 필요",
10738,DIETHYL TRISULFIDE,합성향료(Diethyl trisulfide),,B1004050000000,식품첨가물,"사용기준 못찾음, 별도 확인 필요",,"기타, 별도 확인 필요",
10739,DIFURFURYL ETHER,합성향료(Difurfuryl ether),,B1004058000000,식품첨가물,"사용기준 못찾음, 별도 확인 필요",,"기타, 별도 확인 필요",
10740,DIHYDRO-Β-IONONE,합성향료(Dihydro-β-ionone),,B1004065000000,식품첨가물,"사용기준 못찾음, 별도 확인 필요",,"기타, 별도 확인 필요",
10741,DIHYDROCARVEOL,합성향료(Dihydrocarveol),,B1004066000000,식품첨가물,"사용기준 못찾음, 별도 확인 필요",,"기타, 별도 확인 필요",
10742,DIHYDROCARVONE,합성향료(Dihydrocarvone),,B1004067000000,식품첨가물,"사용기준 못찾음, 별도 확인 필요",,"기타, 별도 확인 필요",
10743,BENZODIHYDROPYRONE,합성향료(Dihydrocoumarin),,B1004069000000,식품첨가물,"사용기준 못찾음, 별도 확인 필요",,"기타, 별도 확인 필요",
10744,DIHYDROJASMONE,합성향료(Dihydrojasmone),,B1004071000000,식품첨가물,"사용기준 못찾음, 별도 확인 필요",,"기타, 별도 확인 필요",
10745,DIHYDROMINTLACTONE,합성향료(Dihydromintlactone),,B1004072000000,식품첨가물,"사용기준 못찾음, 별도 확인 필요",,"기타, 별도 확인 필요",
10746,DIHYDROXYACETONE,합성향료(Dihydroxyacetone),,B1004075000000,식품첨가물,"사용기준 못찾음, 별도 확인 필요",,"기타, 별도 확인 필요",
10747,DIHYDROXYACETOPHENONE,합성향료(Dihydroxyacetophenone),,B1004076000000,식품첨가물,"사용기준 못찾음, 별도 확인 필요",,"기타, 별도 확인 필요",
10748,DIISOPROPYL DISULFIDE,합성향료(Diisopropyl disulfide),,B1004079000000,식품첨가물,"사용기준 못찾음, 별도 확인 필요",,"기타, 별도 확인 필요",
10749,DIMERCAPTOMETHANE,합성향료(Dimercaptomethane),,B1004081000000,식품첨가물,"사용기준 못찾음, 별도 확인 필요",,"기타, 별도 확인 필요",
10750,DIMETHYL ANTHRANILATE,합성향료(Dimethyl anthranilate),,B1004091000000,식품첨가물,"사용기준 못찾음, 별도 확인 필요",,"기타, 별도 확인 필요",
10751,DIMETHYL BENZYL CARBINYL BUTYRATE,합성향료(Dimethyl benzyl carbinyl butyrate),,B1004092000000,식품첨가물,"사용기준 못찾음, 별도 확인 필요",,"기타, 별도 확인 필요",
10752,DIMETHYL DISULFIDE,합성향료(Dimethyl disulfide),,B1004093000000,식품첨가물,"사용기준 못찾음, 별도 확인 필요",,"기타, 별도 확인 필요",
10753,Dimethyl Malonate,합성향료(Dimethyl malonate),,B1004188000000,식품첨가물,"사용기준 못찾음, 별도 확인 필요",,"기타, 별도 확인 필요",
10754,DIMETHYL METHOXY FURANONE,합성향료(Dimethyl methoxy furanone),,B1004095000000,식품첨가물,"사용기준 못찾음, 별도 확인 필요",,"기타, 별도 확인 필요",
10755,DIMETHYL PHENETHYL CARBINYL ACETATE,합성향료(Dimethyl phenethyl carbinyl acetate),,B1004097000000,식품첨가물,"사용기준 못찾음, 별도 확인 필요",,"기타, 별도 확인 필요",
10756,DIMETHYL PHENETHYL CARBINYL ISOBUTYRATE,합성향료(Dimethyl phenethyl carbinyl isobutyrate),,B1004098000000,식품첨가물,"사용기준 못찾음, 별도 확인 필요",,"기타, 별도 확인 필요",
10757,DIMETHYL SUCCINATE,합성향료(Dimethyl succinate),,B1004099000000,식품첨가물,"사용기준 못찾음, 별도 확인 필요",,"기타, 별도 확인 필요",
10758,DIMETHYL TRISULFIDE,합성향료(Dimethyl trisulfide),,B1004100000000,식품첨가물,"사용기준 못찾음, 별도 확인 필요",,"기타, 별도 확인 필요",
10759,DIOCTYL ADIPATE,합성향료(Dioctyl adipate),,B1062510000000,식품첨가물,"사용기준 못찾음, 별도 확인 필요",,"기타, 별도 확인 필요",
10760,DIPHENYL ETHER,합성향료(Diphenyl ether),,B1004165000000,식품첨가물,"사용기준 못찾음, 별도 확인 필요",,"기타, 별도 확인 필요",
10761,DIPHENYLMETHANE (D184),합성향료(Diphenylmethane),,B1004183000000,식품첨가물,"사용기준 못찾음, 별도 확인 필요",,"기타, 별도 확인 필요",
10762,DIPROPYL DISULFIDE,합성향료(Dipropyl disulfide),,B1004167000000,식품첨가물,"사용기준 못찾음, 별도 확인 필요",,"기타, 별도 확인 필요",
10763,DIPROPYL TRISULFIDE,합성향료(Dipropyl trisulfide),,B1004168000000,식품첨가물,"사용기준 못찾음, 별도 확인 필요",,"기타, 별도 확인 필요",
10764,Disodium succinate,합성향료(Disodium succinate),,B1062559000000,식품첨가물,"사용기준 못찾음, 별도 확인 필요",,사용가능,
10765,,합성향료(Dodecan-2-ol),,B1004231000000,식품첨가물,"사용기준 못찾음, 별도 확인 필요",,"기타, 별도 확인 필요",
10766,DODECYL ISOBUTYRATE,합성향료(Dodecyl isobutyrate),,B1004181000000,식품첨가물,"사용기준 못찾음, 별도 확인 필요",,"기타, 별도 확인 필요",
10767,EPSILON-DECALACTONE,합성향료(Epsilon-decalactone),,B1004276000000,식품첨가물,"사용기준 못찾음, 별도 확인 필요",,"기타, 별도 확인 필요",
10768,EPSILON-DODECALACTONE,합성향료(Epsilon-dodecalactone),,B1004277000000,식품첨가물,"사용기준 못찾음, 별도 확인 필요",,"기타, 별도 확인 필요",
10769,"ETHANE-1,1-DITHIOL","합성향료(Ethane-1,1-dithiol)",,B1004278000000,식품첨가물,"사용기준 못찾음, 별도 확인 필요",,"기타, 별도 확인 필요",
10770,"ETHANETHIOIC ACID,S-(2-METHYL-3-FURANYL) ESTER","합성향료(Ethanethioic acid,s-(2-methyl-3-furanyl) ester)",,B1004280000000,식품첨가물,"사용기준 못찾음, 별도 확인 필요",,"기타, 별도 확인 필요",
10771,ETHANETHIOL,합성향료(Ethanethiol),,B1004428000000,식품첨가물,"사용기준 못찾음, 별도 확인 필요",,"기타, 별도 확인 필요",
10772,ETHYL ALCOHOL,합성향료(Ethanol),,B1004281000000,식품첨가물,"사용기준 못찾음, 별도 확인 필요",,"기타, 별도 확인 필요",
10773,ETHYL (P-TOLYLOXY)ACETATE,합성향료(Ethyl (p-tolyloxy)acetate),,B1004287000000,식품첨가물,"사용기준 못찾음, 별도 확인 필요",,"기타, 별도 확인 필요",
10774,ETHYL 10-UNDECENOATE,합성향료(Ethyl 10-undecenoate),,B1004288000000,식품첨가물,"사용기준 못찾음, 별도 확인 필요",,"기타, 별도 확인 필요",
10775,"ETHYL 2,4,7-DECATRIENOATE","합성향료(Ethyl 2,4,7-decatrienoate)",,B1004291000000,식품첨가물,"사용기준 못찾음, 별도 확인 필요",,"기타, 별도 확인 필요",
10776,ETHYL 2-(METHYLTHIO)ACETATE,합성향료(Ethyl 2-(methylthio)acetate),,B1004290000000,식품첨가물,"사용기준 못찾음, 별도 확인 필요",,"기타, 별도 확인 필요",
10777,ETHYL 2-ACETOXYPROPIONATE,합성향료(Ethyl 2-acetoxypropionate),,B1004459000000,식품첨가물,"사용기준 못찾음, 별도 확인 필요",,"기타, 별도 확인 필요",
10778,ETHYL 2-ETHYL BUTYRATE,합성향료(Ethyl 2-ethylbutyrate),,B1004458000000,식품첨가물,"사용기준 못찾음, 별도 확인 필요",,"기타, 별도 확인 필요",
10779,ETHYL 2-MERCAPTOPROPIONATE,합성향료(Ethyl 2-mercaptopropionate),,B1004296000000,식품첨가물,"사용기준 못찾음, 별도 확인 필요",,"기타, 별도 확인 필요",
10780,ETHYL 2-METHYL-3-PENTENOATE,합성향료(Ethyl 2-methyl-3-pentenoate),,B1004298000000,식품첨가물,"사용기준 못찾음, 별도 확인 필요",,"기타, 별도 확인 필요",
10781,ETHYL 2-METHYL-4-PENTENOATE,합성향료(Ethyl 2-methyl-4-pentenoate),,B1004299000000,식품첨가물,"사용기준 못찾음, 별도 확인 필요",,"기타, 별도 확인 필요",
10782,ETHYL 2-METHYLBUTYRATE,합성향료(Ethyl 2-methylbutyrate),,B1004300000000,식품첨가물,"사용기준 못찾음, 별도 확인 필요",,"기타, 별도 확인 필요",
10783,ETHYL 2-METHYLPENTANOATE,합성향료(Ethyl 2-methylpentanoate),,B1004301000000,식품첨가물,"사용기준 못찾음, 별도 확인 필요",,"기타, 별도 확인 필요",
10784,ETHYL 2-NONYNOATE,합성향료(Ethyl 2-nonynoate),,B1004302000000,식품첨가물,"사용기준 못찾음, 별도 확인 필요",,"기타, 별도 확인 필요",
10785,ETHYL 3-(FURFURYLTHIO)PROPIONATE,합성향료(Ethyl 3-(furfurylthio)propionate),,B1004304000000,식품첨가물,"사용기준 못찾음, 별도 확인 필요",,"기타, 별도 확인 필요",
10786,ETHYL 3-(METHYLTHIO)BUTYRATE,합성향료(Ethyl 3-(methylthio)butyrate),,B1004305000000,식품첨가물,"사용기준 못찾음, 별도 확인 필요",,"기타, 별도 확인 필요",
10787,ETHYL 3-HEXENOATE,합성향료(Ethyl 3-hexenoate),,B1004307000000,식품첨가물,"사용기준 못찾음, 별도 확인 필요",,"기타, 별도 확인 필요",
10788,ETHYL 3-HYDROXYBUTYRATE,합성향료(Ethyl 3-hydroxybutyrate),,B1004308000000,식품첨가물,"사용기준 못찾음, 별도 확인 필요",,"기타, 별도 확인 필요",
10789,ETHYL 3-HYDROXYHEXANOATE,합성향료(Ethyl 3-hydroxyhexanoate),,B1004309000000,식품첨가물,"사용기준 못찾음, 별도 확인 필요",,"기타, 별도 확인 필요",
10790,ETHYL 3-MERCAPTOPROPIONATE,합성향료(Ethyl 3-mercaptopropionate),,B1004311000000,식품첨가물,"사용기준 못찾음, 별도 확인 필요",,"기타, 별도 확인 필요",
10791,ETHYL 3-METHYLTHIOPROPIONATE,합성향료(Ethyl 3-methylthiopropionate),,B1004313000000,식품첨가물,"사용기준 못찾음, 별도 확인 필요",,"기타, 별도 확인 필요",
10792,ETHYL 3-PHENYLPROPIONATE,합성향료(Ethyl 3-phenylpropionate),,B1004315000000,식품첨가물,"사용기준 못찾음, 별도 확인 필요",,"기타, 별도 확인 필요",
10793,Ethyl 4-methylpentanoate,합성향료(Ethyl 4-methylpentanoate),,B1004476000000,식품첨가물,"사용기준 못찾음, 별도 확인 필요",,"기타, 별도 확인 필요",
10794,ETHYL 5-HYDROXYDECANOATE,합성향료(Ethyl 5-hydroxydecanoate),,B1062516000000,식품첨가물,"사용기준 못찾음, 별도 확인 필요",,"기타, 별도 확인 필요",
10795,ETHYL ACETATE F2414,합성향료(Ethyl acetate),,B1004322000000,식품첨가물,"사용기준 못찾음, 별도 확인 필요",,"기타, 별도 확인 필요",
10796,,합성향료(Ethyl acetoacetate ethyleneglycol acetal),,B1006166000000,식품첨가물,"사용기준 못찾음, 별도 확인 필요",,"기타, 별도 확인 필요",
10797,ETHYLACETOACETATE PROPYLENE GLYCOL ACETAL,합성향료(Ethyl acetoacetate propylene glycol acetal),,B1004463000000,식품첨가물,"사용기준 못찾음, 별도 확인 필요",,"기타, 별도 확인 필요",
10798,,합성향료(Ethyl acetoacetate),,B1004323000000,식품첨가물,"사용기준 못찾음, 별도 확인 필요",,"기타, 별도 확인 필요",
10799,ETHYL ACRYLATE,합성향료(Ethyl acrylate),,B1004325000000,식품첨가물,"사용기준 못찾음, 별도 확인 필요",,"기타, 별도 확인 필요",
10800,ETHYL ALPHA-ETHYL-BETA-METHYL-BETA-PHENYLGLYCIDATE,합성향료(Ethyl alpha-ethyl-beta-methyl-beta-phenylglycidate),,B1062513000000,식품첨가물,"사용기준 못찾음, 별도 확인 필요",,"기타, 별도 확인 필요",
10801,ETHYL ANTHRANILATE,합성향료(Ethyl anthranilate),,B1004326000000,식품첨가물,"사용기준 못찾음, 별도 확인 필요",,"기타, 별도 확인 필요",
10802,ETHYL BENZOATE,합성향료(Ethyl benzoate),,B1004327000000,식품첨가물,"사용기준 못찾음, 별도 확인 필요",,"기타, 별도 확인 필요",
10803,ETHYLENE BRASSYLATE,합성향료(Ethyl brassylate),,B1004330000000,식품첨가물,"사용기준 못찾음, 별도 확인 필요",,"기타, 별도 확인 필요",
10804,,합성향료(Ethyl butyrate),,B1004331000000,식품첨가물,"사용기준 못찾음, 별도 확인 필요",,"기타, 별도 확인 필요",
10805,ETHYL CINNAMATE,합성향료(Ethyl cinnamate),,B1004332000000,식품첨가물,"사용기준 못찾음, 별도 확인 필요",,"기타, 별도 확인 필요",
10806,"ETHYL CIS-4,7-OCTADIENOATE","합성향료(Ethyl cis-4,7-octadienoate)",,B1004334000000,식품첨가물,"사용기준 못찾음, 별도 확인 필요",,"기타, 별도 확인 필요",
10807,ETHYL CYCLOHEXANEPROPIONATE,합성향료(Ethyl cyclohexanepropionate),,B1004338000000,식품첨가물,"사용기준 못찾음, 별도 확인 필요",,"기타, 별도 확인 필요",
10808,ETHYL DECANOATE,합성향료(Ethyl decanoate),,B1004339000000,식품첨가물,"사용기준 못찾음, 별도 확인 필요",,"기타, 별도 확인 필요",
10809,ETHYL DODECANOATE,합성향료(Ethyl dodecanoate),,B1004340000000,식품첨가물,"사용기준 못찾음, 별도 확인 필요",,"기타, 별도 확인 필요",
10810,ETHYL FORMATE,합성향료(Ethyl formate),,B1004341000000,식품첨가물,"사용기준 못찾음, 별도 확인 필요",,"기타, 별도 확인 필요",
10811,,합성향료(Ethyl heptanoate),,B1004343000000,식품첨가물,"사용기준 못찾음, 별도 확인 필요",,"기타, 별도 확인 필요",
10812,,합성향료(Ethyl hex-2-enoate),,B1004344000000,식품첨가물,"사용기준 못찾음, 별도 확인 필요",,"기타, 별도 확인 필요",
10813,ETHYL HEXADECANOATE,합성향료(Ethyl hexadecanoate),,B1004345000000,식품첨가물,"사용기준 못찾음, 별도 확인 필요",,"기타, 별도 확인 필요",
10814,ETHYL HEXANOATE,합성향료(Ethyl hexanoate),,B1004346000000,식품첨가물,"사용기준 못찾음, 별도 확인 필요",,"기타, 별도 확인 필요",
10815,ETHYL ISOBUTYRATE,합성향료(Ethyl isobutyrate),,B1004347000000,식품첨가물,"사용기준 못찾음, 별도 확인 필요",,"기타, 별도 확인 필요",
10816,,합성향료(Ethyl isovalerate),,B1004348000000,식품첨가물,"사용기준 못찾음, 별도 확인 필요",,"기타, 별도 확인 필요",
10817,ETHYL LACTATE,합성향료(Ethyl lactate),,B1004349000000,식품첨가물,"사용기준 못찾음, 별도 확인 필요",,"기타, 별도 확인 필요",
10818,ETHYL LEVULINATE PROPYLENEGLYCOL KETAL,합성향료(Ethyl levulinate propyleneglycol ketal),,B1062517000000,식품첨가물,"사용기준 못찾음, 별도 확인 필요",,"기타, 별도 확인 필요",
10819,ETHYL LEVULINATE,합성향료(Ethyl levulinate),,B1004350000000,식품첨가물,"사용기준 못찾음, 별도 확인 필요",,"기타, 별도 확인 필요",
10820,,"합성향료(Ethyl linoleate(Ethyl (Z,Z)-9,12-octadecadienoate))",,B1004439000000,식품첨가물,"사용기준 못찾음, 별도 확인 필요",,"기타, 별도 확인 필요",
10821,ETHYL MALTOL,합성향료(Ethyl maltol),,B1004351000000,식품첨가물,"사용기준 못찾음, 별도 확인 필요",,"기타, 별도 확인 필요",
10822,ETHYL METHYL DISULFIDE,합성향료(Ethyl methyl disulfide),,B1004352000000,식품첨가물,"사용기준 못찾음, 별도 확인 필요",,"기타, 별도 확인 필요",
10823,ETHYL METHYL-P-TOLYLGLYCIDATE,합성향료(Ethyl methyl-p-tolylglycidate),,B1004353000000,식품첨가물,"사용기준 못찾음, 별도 확인 필요",,"기타, 별도 확인 필요",
10824,ETHYL NONANOATE,합성향료(Ethyl nonanoate),,B1004357000000,식품첨가물,"사용기준 못찾음, 별도 확인 필요",,"기타, 별도 확인 필요",
10825,ETHYL OCTADECANOATE,합성향료(Ethyl octadecanoate),,B1004358000000,식품첨가물,"사용기준 못찾음, 별도 확인 필요",,"기타, 별도 확인 필요",
10826,,합성향료(Ethyl octanoate),,B1004359000000,식품첨가물,"사용기준 못찾음, 별도 확인 필요",,"기타, 별도 확인 필요",
10827,ETHYL OLEATE,합성향료(Ethyl oleate),,B1004360000000,식품첨가물,"사용기준 못찾음, 별도 확인 필요",,"기타, 별도 확인 필요",
10828,ETHYL PENTANOATE,합성향료(Ethyl pentanoate),,B1004362000000,식품첨가물,"사용기준 못찾음, 별도 확인 필요",,"기타, 별도 확인 필요",
10829,,합성향료(Ethyl phenylacetate),,B1004363000000,식품첨가물,"사용기준 못찾음, 별도 확인 필요",,"기타, 별도 확인 필요",
10830,ETHYL PROPIONATE FLAVOUR,합성향료(Ethyl propionate),,B1004364000000,식품첨가물,"사용기준 못찾음, 별도 확인 필요",,"기타, 별도 확인 필요",
10831,ETHYL PYRUVATE,합성향료(Ethyl pyruvate),,B1004367000000,식품첨가물,"사용기준 못찾음, 별도 확인 필요",,"기타, 별도 확인 필요",
10832,ETHYL SALICYLATE,합성향료(Ethyl salicylate),,B1004370000000,식품첨가물,"사용기준 못찾음, 별도 확인 필요",,"기타, 별도 확인 필요",
10833,ETHYL SORBATE,합성향료(Ethyl sorbate),,B1004371000000,식품첨가물,"사용기준 못찾음, 별도 확인 필요",,"기타, 별도 확인 필요",
10834,ETHYL MYRISTATE,합성향료(Ethyl tetradecanoate),,B1004372000000,식품첨가물,"사용기준 못찾음, 별도 확인 필요",,"기타, 별도 확인 필요",
10835,ETHYL THIOACETATE,합성향료(Ethyl thioacetate),,B1004373000000,식품첨가물,"사용기준 못찾음, 별도 확인 필요",,"기타, 별도 확인 필요",
10836,ETHYL TIGLATE,합성향료(Ethyl tiglate),,B1004374000000,식품첨가물,"사용기준 못찾음, 별도 확인 필요",,"기타, 별도 확인 필요",
10837,"ETHYL TRANS-2, CIS-4-DECADIENOATE","합성향료(Ethyl trans-2, cis-4-decadienoate)",,B1004375000000,식품첨가물,"사용기준 못찾음, 별도 확인 필요",,"기타, 별도 확인 필요",
10838,ETHYL TRANS-2-DECENOATE,합성향료(Ethyl trans-2-decenoate),,B1004377000000,식품첨가물,"사용기준 못찾음, 별도 확인 필요",,"기타, 별도 확인 필요",
10839,ETHYL TRANS-2-HEXENOATE,합성향료(Ethyl trans-2-hexenoate),,B1004378000000,식품첨가물,"사용기준 못찾음, 별도 확인 필요",,"기타, 별도 확인 필요",
10840,ETHYL TRANS-2-OCTENOATE,합성향료(Ethyl trans-2-octenoate),,B1004379000000,식품첨가물,"사용기준 못찾음, 별도 확인 필요",,"기타, 별도 확인 필요",
10841,ETHYL TRANS-4-DECENOATE,합성향료(Ethyl trans-4-decenoate),,B1004380000000,식품첨가물,"사용기준 못찾음, 별도 확인 필요",,"기타, 별도 확인 필요",
10842,ETHYL CROTONATE,합성향료(Ethyl trans-butenoate),,B1004381000000,식품첨가물,"사용기준 못찾음, 별도 확인 필요",,"기타, 별도 확인 필요",
10843,ETHYL UNDECANOATE,합성향료(Ethyl undecanoate),,B1004382000000,식품첨가물,"사용기준 못찾음, 별도 확인 필요",,"기타, 별도 확인 필요",
10844,ETHYL VANILLIN ISOBUTYRATE,합성향료(Ethyl vanillin isobutyrate),,B1004385000000,식품첨가물,"사용기준 못찾음, 별도 확인 필요",,"기타, 별도 확인 필요",
10845,ETHYL VANILLIN PROPYLENE GLYCOL ACETAL,합성향료(Ethyl vanillin propylene glycol acetal),,B1004386000000,식품첨가물,"사용기준 못찾음, 별도 확인 필요",,"기타, 별도 확인 필요",
10846,,합성향료(Ethyl vanillin),,B1004383000000,식품첨가물,"사용기준 못찾음, 별도 확인 필요",,"기타, 별도 확인 필요",
10847,ETHYL 3-PHENYLGLYCIDATE,합성향료(Ethyl β-phenylpropionate),,B1004329000000,식품첨가물,"사용기준 못찾음, 별도 확인 필요",,"기타, 별도 확인 필요",
10848,ETHYLAMINE,합성향료(Ethylamine),,B1004405000000,식품첨가물,"사용기준 못찾음, 별도 확인 필요",,"기타, 별도 확인 필요",
10849,ETHYLCYCLOPENTENOLONE,합성향료(Ethylcyclopentenolone),,B1004411000000,식품첨가물,"사용기준 못찾음, 별도 확인 필요",,"기타, 별도 확인 필요",
10850,,합성향료(Eucalyptol),,B1004422000000,식품첨가물,"사용기준 못찾음, 별도 확인 필요",,"기타, 별도 확인 필요",
10851,,합성향료(Eugenol),,B1004423000000,식품첨가물,"사용기준 못찾음, 별도 확인 필요",,"기타, 별도 확인 필요",
10852,EUGENYL ACETATE,합성향료(Eugenyl acetate),,B1004424000000,식품첨가물,"사용기준 못찾음, 별도 확인 필요",,"기타, 별도 확인 필요",
10853,EUGENYL BENZOATE,합성향료(Eugenyl benzoate),,B1004425000000,식품첨가물,"사용기준 못찾음, 별도 확인 필요",,"기타, 별도 확인 필요",
10854,FARNESOL,합성향료(Farnesol),,B1004496000000,식품첨가물,"사용기준 못찾음, 별도 확인 필요",,"기타, 별도 확인 필요",
10855,FENCHYL ALCOHOL,합성향료(Fenchol),,B1004497000000,식품첨가물,"사용기준 못찾음, 별도 확인 필요",,"기타, 별도 확인 필요",
10856,,합성향료(Formic acid),,B1004499000000,식품첨가물,"사용기준 못찾음, 별도 확인 필요",,"기타, 별도 확인 필요",
10857,"4-ACETOXY-2,5-DIMETHYL-3(2H)FURANONE",합성향료(Furaneol acetate),,B1004501000000,식품첨가물,"사용기준 못찾음, 별도 확인 필요",,"기타, 별도 확인 필요",
10858,FURFURAL,합성향료(Furfural),,B1004503000000,식품첨가물,"사용기준 못찾음, 별도 확인 필요",,"기타, 별도 확인 필요",
10859,FURFURYL 2-METHYL-3-FURUL DISULFIDE,합성향료(Furfuryl 2-methyl-3-furyl disulfide),,B1004504000000,식품첨가물,"사용기준 못찾음, 별도 확인 필요",,"기타, 별도 확인 필요",
10860,FURFURYL 3-METHYLBUTANOATE,합성향료(Furfuryl 3-methylbutanoate),,B1004505000000,식품첨가물,"사용기준 못찾음, 별도 확인 필요",,"기타, 별도 확인 필요",
10861,FURFURYL ACETATE,합성향료(Furfuryl acetate),,B1004506000000,식품첨가물,"사용기준 못찾음, 별도 확인 필요",,"기타, 별도 확인 필요",
10862,FURFURYL ALCOHOL,합성향료(Furfuryl alcohol),,B1004507000000,식품첨가물,"사용기준 못찾음, 별도 확인 필요",,"기타, 별도 확인 필요",
10863,FURFURYL BUTYRATE,합성향료(Furfuryl butyrate),,B1004508000000,식품첨가물,"사용기준 못찾음, 별도 확인 필요",,"기타, 별도 확인 필요",
10864,FURFURYL ISOPROPYL SULFIDE,합성향료(Furfuryl isopropyl sulfide),,B1004509000000,식품첨가물,"사용기준 못찾음, 별도 확인 필요",,"기타, 별도 확인 필요",
10865,FURFURYL MERCAPTAN,합성향료(Furfuryl mercaptan),,B1004510000000,식품첨가물,"사용기준 못찾음, 별도 확인 필요",,"기타, 별도 확인 필요",
10866,FURFURYL METHYL ETHER,합성향료(Furfuryl methyl ether),,B1004511000000,식품첨가물,"사용기준 못찾음, 별도 확인 필요",,"기타, 별도 확인 필요",
10867,FURFURYL METHYL SULFIDE,합성향료(Furfuryl methyl sulfide),,B1004512000000,식품첨가물,"사용기준 못찾음, 별도 확인 필요",,"기타, 별도 확인 필요",
10868,FURFURYL PENTANOATE,합성향료(Furfuryl pentanoate),,B1004514000000,식품첨가물,"사용기준 못찾음, 별도 확인 필요",,"기타, 별도 확인 필요",
10869,"FUSEL OIL, REFINED","합성향료(Fusel oil, refined)",,B1004527000000,식품첨가물,"사용기준 못찾음, 별도 확인 필요",,"기타, 별도 확인 필요",
10870,GERANYL ISOVALERATE,합성향료(GERANYL ISOVALERATE),,B1004542000000,식품첨가물,"사용기준 못찾음, 별도 확인 필요",,"기타, 별도 확인 필요",
10871,GERANIC ACID,합성향료(Geranic acid),,B1004531000000,식품첨가물,"사용기준 못찾음, 별도 확인 필요",,"기타, 별도 확인 필요",
10872,,합성향료(Geraniol),,B1004532000000,식품첨가물,"사용기준 못찾음, 별도 확인 필요",,"기타, 별도 확인 필요",
10873,,합성향료(Geranyl acetate),,B1004534000000,식품첨가물,"사용기준 못찾음, 별도 확인 필요",,"기타, 별도 확인 필요",
10874,GERANYL ACETOACETATE,합성향료(Geranyl acetoacetate),,B1004535000000,식품첨가물,"사용기준 못찾음, 별도 확인 필요",,"기타, 별도 확인 필요",
10875,GERANYL ACETONE,합성향료(Geranyl acetone),,B1004536000000,식품첨가물,"사용기준 못찾음, 별도 확인 필요",,"기타, 별도 확인 필요",
10876,GERANYL BENZOATE,합성향료(Geranyl benzoate),,B1004537000000,식품첨가물,"사용기준 못찾음, 별도 확인 필요",,"기타, 별도 확인 필요",
10877,GERANYL BUTYRATE,합성향료(Geranyl butyrate),,B1004538000000,식품첨가물,"사용기준 못찾음, 별도 확인 필요",,"기타, 별도 확인 필요",
10878,,합성향료(Geranyl formate),,B1004539000000,식품첨가물,"사용기준 못찾음, 별도 확인 필요",,"기타, 별도 확인 필요",
10879,GERANYL HEXANOATE,합성향료(Geranyl hexanoate),,B1004540000000,식품첨가물,"사용기준 못찾음, 별도 확인 필요",,"기타, 별도 확인 필요",
10880,GERANYL ISOBUTYRATE,합성향료(Geranyl isobutyrate),,B1004541000000,식품첨가물,"사용기준 못찾음, 별도 확인 필요",,"기타, 별도 확인 필요",
10881,GERANYL PHENYLACETATE,합성향료(Geranyl phenylacetate),,B1004543000000,식품첨가물,"사용기준 못찾음, 별도 확인 필요",,"기타, 별도 확인 필요",
10882,GERANYL PROPIONATE,합성향료(Geranyl propionate),,B1004544000000,식품첨가물,"사용기준 못찾음, 별도 확인 필요",,"기타, 별도 확인 필요",
10883,GERANYL TIGLATE,합성향료(Geranyl tiglate),,B1004545000000,식품첨가물,"사용기준 못찾음, 별도 확인 필요",,"기타, 별도 확인 필요",
10884,,"합성향료(Germacra-1(10),4(14),5-triene)",,B1004559000000,식품첨가물,"사용기준 못찾음, 별도 확인 필요",,"기타, 별도 확인 필요",
10885,GLUCOSE PENTAACETATE,합성향료(Glucose pentaacetate),,B1004547000000,식품첨가물,"사용기준 못찾음, 별도 확인 필요",,"기타, 별도 확인 필요",
10886,GLYCERYL 5-HYDROXYDECANOATE,합성향료(Glyceryl 5-hydroxydecanoate),,B1004548000000,식품첨가물,"사용기준 못찾음, 별도 확인 필요",,"기타, 별도 확인 필요",
10887,GLYCERYL 5-HYDROXYDODECANOATE,합성향료(Glyceryl 5-hydroxydodecanoate),,B1004549000000,식품첨가물,"사용기준 못찾음, 별도 확인 필요",,"기타, 별도 확인 필요",
10888,,합성향료(Glyceryl monooleate),,B1006177000000,식품첨가물,"사용기준 못찾음, 별도 확인 필요",,"기타, 별도 확인 필요",
10889,,합성향료(Glyceryl monostearate),,B1006178000000,식품첨가물,"사용기준 못찾음, 별도 확인 필요",,"기타, 별도 확인 필요",
10890,GLYCERYL TRIPROPIONATE,합성향료(Glyceryl tripropionate),,B1004551000000,식품첨가물,"사용기준 못찾음, 별도 확인 필요",,"기타, 별도 확인 필요",
10891,AMMONIATED GLYCYRRHIZIN,"합성향료(Glycyrrhinzin, ammoniated)",,B1004552000000,식품첨가물,"사용기준 못찾음, 별도 확인 필요",,"기타, 별도 확인 필요",
10892,GUAIACOL,합성향료(Guaiacol),,B1004553000000,식품첨가물,"사용기준 못찾음, 별도 확인 필요",,"기타, 별도 확인 필요",
10893,GUAIACYL ACETATE,합성향료(Guaiacyl acetate),,B1004554000000,식품첨가물,"사용기준 못찾음, 별도 확인 필요",,"기타, 별도 확인 필요",
10894,GUAIACYL PHENYLACETATE,합성향료(Guaiacyl phenylacetate),,B1004555000000,식품첨가물,"사용기준 못찾음, 별도 확인 필요",,"기타, 별도 확인 필요",
10895,GUAIOL ACETATE,합성향료(Guaiol acetate),,B1004557000000,식품첨가물,"사용기준 못찾음, 별도 확인 필요",,"기타, 별도 확인 필요",
10896,HEPT-2(TRANS)-ENAL,합성향료(HEPT-2(TRANS)-ENAL),,B1004563000000,식품첨가물,"사용기준 못찾음, 별도 확인 필요",,"기타, 별도 확인 필요",
10897,HYDROXYCITRONELLOL,합성향료(HYDROXYCITRONELLOL),,B1004737000000,식품첨가물,"사용기준 못찾음, 별도 확인 필요",,"기타, 별도 확인 필요",
10898,HEPTANAL,합성향료(Heptanal),,B1004571000000,식품첨가물,"사용기준 못찾음, 별도 확인 필요",,"기타, 별도 확인 필요",
10899,HEPTANOIC ACID,합성향료(Heptanoic acid),,B1004576000000,식품첨가물,"사용기준 못찾음, 별도 확인 필요",,"기타, 별도 확인 필요",
10900,HEPTYL ACETATE,합성향료(Heptyl acetate),,B1004593000000,식품첨가물,"사용기준 못찾음, 별도 확인 필요",,"기타, 별도 확인 필요",
10901,HEPTYL ALCOHOL,합성향료(Heptyl alcohol),,B1004594000000,식품첨가물,"사용기준 못찾음, 별도 확인 필요",,"기타, 별도 확인 필요",
10902,HEPTYL BUTYRATE,합성향료(Heptyl butyrate),,B1004595000000,식품첨가물,"사용기준 못찾음, 별도 확인 필요",,"기타, 별도 확인 필요",
10903,HEPTYL FORMATE,합성향료(Heptyl formate),,B1004597000000,식품첨가물,"사용기준 못찾음, 별도 확인 필요",,"기타, 별도 확인 필요",
10904,HEPTYL ISOBUTYRATE,합성향료(Heptyl isobutyrate),,B1004598000000,식품첨가물,"사용기준 못찾음, 별도 확인 필요",,"기타, 별도 확인 필요",
10905,HEX-2-ENYL ACETATE,합성향료(Hex-2-enyl acetate),,B1004603000000,식품첨가물,"사용기준 못찾음, 별도 확인 필요",,"기타, 별도 확인 필요",
10906,,"합성향료(Hexadecano-1,16-lactone)",,B1004749000000,식품첨가물,"사용기준 못찾음, 별도 확인 필요",,"기타, 별도 확인 필요",
10907,HEXANAL DIETHYL ACETAL,합성향료(Hexanal diethyl acetal),,B1004773000000,식품첨가물,"사용기준 못찾음, 별도 확인 필요",,"기타, 별도 확인 필요",
10908,HEXANAL,합성향료(Hexanal),,B1004617000000,식품첨가물,"사용기준 못찾음, 별도 확인 필요",,"기타, 별도 확인 필요",
10909,HEXANOIC ACID(CAPROIC ACID),합성향료(Hexanoic acid),,B1004622000000,식품첨가물,"사용기준 못찾음, 별도 확인 필요",,"기타, 별도 확인 필요",
10910,HEXYL 2-FUROATE,합성향료(Hexyl 2-furoate),,B1004668000000,식품첨가물,"사용기준 못찾음, 별도 확인 필요",,"기타, 별도 확인 필요",
10911,HEXYL 2-METHYLBUTYRATE,합성향료(Hexyl 2-methylbutyrate),,B1004670000000,식품첨가물,"사용기준 못찾음, 별도 확인 필요",,"기타, 별도 확인 필요",
10912,HEXYL ISOVALERATE,합성향료(Hexyl 3-methylbutanoate),,B1004672000000,식품첨가물,"사용기준 못찾음, 별도 확인 필요",,"기타, 별도 확인 필요",
10913,HEXYL ACETATE,합성향료(Hexyl acetate),,B1004673000000,식품첨가물,"사용기준 못찾음, 별도 확인 필요",,"기타, 별도 확인 필요",
10914,1-HEXANOL,합성향료(Hexyl alcohol),,B1004674000000,식품첨가물,"사용기준 못찾음, 별도 확인 필요",,"기타, 별도 확인 필요",
10915,HEXYL BENZOATE,합성향료(Hexyl benzoate),,B1004675000000,식품첨가물,"사용기준 못찾음, 별도 확인 필요",,"기타, 별도 확인 필요",
10916,HEXYL BUTYRATE,합성향료(Hexyl butyrate),,B1004676000000,식품첨가물,"사용기준 못찾음, 별도 확인 필요",,"기타, 별도 확인 필요",
10917,HEXYL FORMATE,합성향료(Hexyl formate),,B1004677000000,식품첨가물,"사용기준 못찾음, 별도 확인 필요",,"기타, 별도 확인 필요",
10918,HEXYL HEXANOATE,합성향료(Hexyl hexanoate),,B1004678000000,식품첨가물,"사용기준 못찾음, 별도 확인 필요",,"기타, 별도 확인 필요",
10919,HEXYL ISOBUTYRATE,합성향료(Hexyl isobutyrate),,B1004679000000,식품첨가물,"사용기준 못찾음, 별도 확인 필요",,"기타, 별도 확인 필요",
10920,HEXYL OCTANOATE,합성향료(Hexyl octanoate),,B1004680000000,식품첨가물,"사용기준 못찾음, 별도 확인 필요",,"기타, 별도 확인 필요",
10921,HEXYL PHENYLACETATE,합성향료(Hexyl phenylacetate),,B1004681000000,식품첨가물,"사용기준 못찾음, 별도 확인 필요",,"기타, 별도 확인 필요",
10922,HEXYL PROPIONATE,합성향료(Hexyl propionate),,B1004682000000,식품첨가물,"사용기준 못찾음, 별도 확인 필요",,"기타, 별도 확인 필요",
10923,2-PHENYLPROPIONALDEHYDE DIMETHYL ACETAL,합성향료(Hydratropic aldehyde dimethyl acetal),,B1004694000000,식품첨가물,"사용기준 못찾음, 별도 확인 필요",,"기타, 별도 확인 필요",
10924,HYDROGEN SULFIDE,합성향료(Hydrogen sulfide),,B1004695000000,식품첨가물,"사용기준 못찾음, 별도 확인 필요",,"기타, 별도 확인 필요",
10925,HYDROXYCITRONELLAL DIETHYL ACETAL,합성향료(Hydroxycitronellal diethyl acetal),,B1004735000000,식품첨가물,"사용기준 못찾음, 별도 확인 필요",,"기타, 별도 확인 필요",
10926,,합성향료(Hydroxycitronellal),,B1004734000000,식품첨가물,"사용기준 못찾음, 별도 확인 필요",,"기타, 별도 확인 필요",
10927,HYDROXYNONANOIC ACID Δ-LACTONE,합성향료(Hydroxynonanoic acid delta-lactone),,B1004742000000,식품첨가물,"사용기준 못찾음, 별도 확인 필요",,"기타, 별도 확인 필요",
10928,ISOAMYL CINNAMATE,합성향료(ISOAMYL CINNAMATE),,B1004830000000,식품첨가물,"사용기준 못찾음, 별도 확인 필요",,"기타, 별도 확인 필요",
10929,ISOAMYL LAURATE,합성향료(ISOAMYL LAURATE),,B1004836000000,식품첨가물,"사용기준 못찾음, 별도 확인 필요",,"기타, 별도 확인 필요",
10930,ISOAMYL SALICYLATE,합성향료(ISOAMYL SALICYLATE),,B1004842000000,식품첨가물,"사용기준 못찾음, 별도 확인 필요",,"기타, 별도 확인 필요",
10931,ISOPENTYL ACETOACETATE,합성향료(ISOPENTYL ACETOACETATE),,B1004892000000,식품첨가물,"사용기준 못찾음, 별도 확인 필요",,"기타, 별도 확인 필요",
10932,INDOLE,합성향료(Indole),,B1004813000000,식품첨가물,"사용기준 못찾음, 별도 확인 필요",,"기타, 별도 확인 필요",
10933,ISOAMBRETTOLIDE,합성향료(Isoambrettolide),,B1004822000000,식품첨가물,"사용기준 못찾음, 별도 확인 필요",,"기타, 별도 확인 필요",
10934,ISOAMYL 2-METHYLBUTYRATE(3-METHYLBUTYL 2-METHYLBUTANOATE),합성향료(Isoamyl 2-methylbutyrate),,B1004824000000,식품첨가물,"사용기준 못찾음, 별도 확인 필요",,"기타, 별도 확인 필요",
10935,,합성향료(Isoamyl acetate),,B1004825000000,식품첨가물,"사용기준 못찾음, 별도 확인 필요",,"기타, 별도 확인 필요",
10936,ISOAMYL ACETOACETATE,합성향료(Isoamyl acetoacetate),,B1004826000000,식품첨가물,"사용기준 못찾음, 별도 확인 필요",,"기타, 별도 확인 필요",
10937,ISOAMYL ALCOHOL,합성향료(Isoamyl alcohol),,B1004827000000,식품첨가물,"사용기준 못찾음, 별도 확인 필요",,"기타, 별도 확인 필요",
10938,ISOAMYL BENZOATE,합성향료(Isoamyl benzoate),,B1004828000000,식품첨가물,"사용기준 못찾음, 별도 확인 필요",,"기타, 별도 확인 필요",
10939,,합성향료(Isoamyl butyrate),,B1004829000000,식품첨가물,"사용기준 못찾음, 별도 확인 필요",,"기타, 별도 확인 필요",
10940,ISOAMYL DECANOATE,합성향료(Isoamyl decanoate(3-methylbutyl decanoate)),,B1004952000000,식품첨가물,"사용기준 못찾음, 별도 확인 필요",,"기타, 별도 확인 필요",
10941,,합성향료(Isoamyl formate),,B1004831000000,식품첨가물,"사용기준 못찾음, 별도 확인 필요",,"기타, 별도 확인 필요",
10942,ISOAMYL HEXANOATE,합성향료(Isoamyl hexanoate),,B1004833000000,식품첨가물,"사용기준 못찾음, 별도 확인 필요",,"기타, 별도 확인 필요",
10943,ISOAMYL ISOBUTYRATE,합성향료(Isoamyl isobutyrate),,B1004834000000,식품첨가물,"사용기준 못찾음, 별도 확인 필요",,"기타, 별도 확인 필요",
10944,,합성향료(Isoamyl isovalerate),,B1004835000000,식품첨가물,"사용기준 못찾음, 별도 확인 필요",,"기타, 별도 확인 필요",
10945,ISOAMYL NONANOATE,합성향료(Isoamyl nonanoate),,B1004837000000,식품첨가물,"사용기준 못찾음, 별도 확인 필요",,"기타, 별도 확인 필요",
10946,ISOAMYL OCTANOATE,합성향료(Isoamyl octanoate),,B1004838000000,식품첨가물,"사용기준 못찾음, 별도 확인 필요",,"기타, 별도 확인 필요",
10947,ISOAMYL PHENYLACETATE,합성향료(Isoamyl phenylacetate),,B1004839000000,식품첨가물,"사용기준 못찾음, 별도 확인 필요",,"기타, 별도 확인 필요",
10948,,합성향료(Isoamyl propionate),,B1004840000000,식품첨가물,"사용기준 못찾음, 별도 확인 필요",,"기타, 별도 확인 필요",
10949,ISOBORNEOL,합성향료(Isoborneol),,B1004843000000,식품첨가물,"사용기준 못찾음, 별도 확인 필요",,"기타, 별도 확인 필요",
10950,ISOBORNYL ACETATE,합성향료(Isobornyl acetate),,B1004845000000,식품첨가물,"사용기준 못찾음, 별도 확인 필요",,"기타, 별도 확인 필요",
10951,ISOBORNYL FORMATE,합성향료(Isobornyl formate),,B1004846000000,식품첨가물,"사용기준 못찾음, 별도 확인 필요",,"기타, 별도 확인 필요",
10952,ISOBORNYL ISOVALERATE,합성향료(Isobornyl isovalerate),,B1004848000000,식품첨가물,"사용기준 못찾음, 별도 확인 필요",,"기타, 별도 확인 필요",
10953,ISOBUTANAL DIETHYL ACETAL,합성향료(Isobutanal diethyl acetal),,B1004948000000,식품첨가물,"사용기준 못찾음, 별도 확인 필요",,"기타, 별도 확인 필요",
10954,ISOBUTYL 2-BUTENOATE,합성향료(Isobutyl 2-butenoate),,B1004850000000,식품첨가물,"사용기준 못찾음, 별도 확인 필요",,"기타, 별도 확인 필요",
10955,ISOBUTYL 2-METHYLBUTYRATE,합성향료(Isobutyl 2-methylbutyrate),,B1004954000000,식품첨가물,"사용기준 못찾음, 별도 확인 필요",,"기타, 별도 확인 필요",
10956,ISOBUTYL ACETATE,합성향료(Isobutyl acetate),,B1004852000000,식품첨가물,"사용기준 못찾음, 별도 확인 필요",,"기타, 별도 확인 필요",
10957,ISOBUTANOL,합성향료(Isobutyl alcohol),,B1004854000000,식품첨가물,"사용기준 못찾음, 별도 확인 필요",,"기타, 별도 확인 필요",
10958,ISOBUTYL ANGELATE,합성향료(Isobutyl angelate),,B1004855000000,식품첨가물,"사용기준 못찾음, 별도 확인 필요",,"기타, 별도 확인 필요",
10959,ISOBUTYL ANTHRANILATE,합성향료(Isobutyl anthranilate),,B1004856000000,식품첨가물,"사용기준 못찾음, 별도 확인 필요",,"기타, 별도 확인 필요",
10960,ISOBUTYL BENZOATE,합성향료(Isobutyl benzoate),,B1004857000000,식품첨가물,"사용기준 못찾음, 별도 확인 필요",,"기타, 별도 확인 필요",
10961,ISOBUTYL BUTYRATE,합성향료(Isobutyl butyrate),,B1004858000000,식품첨가물,"사용기준 못찾음, 별도 확인 필요",,"기타, 별도 확인 필요",
10962,ISOBUTYL CINNAMATE,합성향료(Isobutyl cinnamate),,B1004859000000,식품첨가물,"사용기준 못찾음, 별도 확인 필요",,"기타, 별도 확인 필요",
10963,ISOBUTYL FORMATE,합성향료(Isobutyl formate),,B1004860000000,식품첨가물,"사용기준 못찾음, 별도 확인 필요",,"기타, 별도 확인 필요",
10964,ISOBUTYL HEXANOATE,합성향료(Isobutyl hexanoate),,B1004863000000,식품첨가물,"사용기준 못찾음, 별도 확인 필요",,"기타, 별도 확인 필요",
10965,ISOBUTYL ISOBUTYRATE,합성향료(Isobutyl isobutyrate),,B1004864000000,식품첨가물,"사용기준 못찾음, 별도 확인 필요",,"기타, 별도 확인 필요",
10966,ISOBUTYL OCTANOATE,합성향료(Isobutyl octanoate),,B1004958000000,식품첨가물,"사용기준 못찾음, 별도 확인 필요",,"기타, 별도 확인 필요",
10967,,합성향료(Isobutyl phenylacetate),,B1004866000000,식품첨가물,"사용기준 못찾음, 별도 확인 필요",,"기타, 별도 확인 필요",
10968,ISOBUTYL PROPIONATE,합성향료(Isobutyl propionate),,B1004867000000,식품첨가물,"사용기준 못찾음, 별도 확인 필요",,"기타, 별도 확인 필요",
10969,ISOBUTYL SALICYLATE,합성향료(Isobutyl salicylate),,B1004868000000,식품첨가물,"사용기준 못찾음, 별도 확인 필요",,"기타, 별도 확인 필요",
10970,ISOBUTYL VALERATE,합성향료(Isobutyl valerate),,B1004964000000,식품첨가물,"사용기준 못찾음, 별도 확인 필요",,"기타, 별도 확인 필요",
10971,ISOBUTYRALDEHYDE,합성향료(Isobutyraldehyde),,B1004876000000,식품첨가물,"사용기준 못찾음, 별도 확인 필요",,"기타, 별도 확인 필요",
10972,ISOBUTYRIC ACID,합성향료(Isobutyric acid),,B1004877000000,식품첨가물,"사용기준 못찾음, 별도 확인 필요",,"기타, 별도 확인 필요",
10973,,합성향료(Isodihydrocarveol),,B1004968000000,식품첨가물,"사용기준 못찾음, 별도 확인 필요",,"기타, 별도 확인 필요",
10974,,합성향료(Isoeugenol),,B1004878000000,식품첨가물,"사용기준 못찾음, 별도 확인 필요",,"기타, 별도 확인 필요",
10975,ISOEUGENYL ACETATE,합성향료(Isoeugenyl acetate),,B1004879000000,식품첨가물,"사용기준 못찾음, 별도 확인 필요",,"기타, 별도 확인 필요",
10976,ISOEUGENYL BENZYL ETHER,합성향료(Isoeugenyl benzyl ether),,B1004880000000,식품첨가물,"사용기준 못찾음, 별도 확인 필요",,"기타, 별도 확인 필요",
10977,ISOEUGENYL METHYL ETHER,합성향료(Isoeugenyl methyl ether),,B1004883000000,식품첨가물,"사용기준 못찾음, 별도 확인 필요",,"기타, 별도 확인 필요",
10978,ISOEUGENYL PHENYLACETATE,합성향료(Isoeugenyl phenylacetate),,B1004884000000,식품첨가물,"사용기준 못찾음, 별도 확인 필요",,"기타, 별도 확인 필요",
10979,ISOPENTYL AMINE,합성향료(Isopentyl amine),,B1004893000000,식품첨가물,"사용기준 못찾음, 별도 확인 필요",,"기타, 별도 확인 필요",
10980,Isopentyl valerate,합성향료(Isopentyl valerate),,B1004949000000,식품첨가물,"사용기준 못찾음, 별도 확인 필요",,"기타, 별도 확인 필요",
10981,ISOPHORONE,합성향료(Isophorone),,B1004895000000,식품첨가물,"사용기준 못찾음, 별도 확인 필요",,"기타, 별도 확인 필요",
10982,ISOPROPYL 2-METHYLBUTYRATE,합성향료(Isopropyl 2-methylbutyrate),,B1004900000000,식품첨가물,"사용기준 못찾음, 별도 확인 필요",,"기타, 별도 확인 필요",
10983,ISOPROPYL ACETATE,합성향료(Isopropyl acetate),,B1004901000000,식품첨가물,"사용기준 못찾음, 별도 확인 필요",,"기타, 별도 확인 필요",
10984,,합성향료(Isopropyl alcohol),,B1004902000000,식품첨가물,"사용기준 못찾음, 별도 확인 필요",,"기타, 별도 확인 필요",
10985,ISOPROPYL BUTYRATE,합성향료(Isopropyl butyrate),,B1004904000000,식품첨가물,"사용기준 못찾음, 별도 확인 필요",,"기타, 별도 확인 필요",
10986,ISOPROPYL CINNAMATE,합성향료(Isopropyl cinnamate),,B1004905000000,식품첨가물,"사용기준 못찾음, 별도 확인 필요",,"기타, 별도 확인 필요",
10987,ISOPROPYL FORMATE,합성향료(Isopropyl formate),,B1004906000000,식품첨가물,"사용기준 못찾음, 별도 확인 필요",,"기타, 별도 확인 필요",
10988,ISOPROPYL HEXANOATE,합성향료(Isopropyl hexanoate),,B1004907000000,식품첨가물,"사용기준 못찾음, 별도 확인 필요",,"기타, 별도 확인 필요",
10989,ISOPROPYL ISOBUTYRATE,합성향료(Isopropyl isobutyrate),,B1004908000000,식품첨가물,"사용기준 못찾음, 별도 확인 필요",,"기타, 별도 확인 필요",
10990,ISOPROPYL ISOVALERATE,합성향료(Isopropyl isovalerate),,B1004909000000,식품첨가물,"사용기준 못찾음, 별도 확인 필요",,"기타, 별도 확인 필요",
10991,ISOPROPYL MYRISTATE,합성향료(Isopropyl myristate),,B1004910000000,식품첨가물,"사용기준 못찾음, 별도 확인 필요",,"기타, 별도 확인 필요",
10992,ISOPROPYL PHENYLACETATE,합성향료(Isopropyl phenylacetate),,B1004912000000,식품첨가물,"사용기준 못찾음, 별도 확인 필요",,"기타, 별도 확인 필요",
10993,ISOPROPYL PROPIONATE,합성향료(Isopropyl propionate),,B1004913000000,식품첨가물,"사용기준 못찾음, 별도 확인 필요",,"기타, 별도 확인 필요",
10994,ISOPROPYLMETHOXYPYRAZINE,합성향료(Isopropylmethoxypyrazine),,B1004923000000,식품첨가물,"사용기준 못찾음, 별도 확인 필요",,"기타, 별도 확인 필요",
10995,ISOPULEGOL,합성향료(Isopulegol),,B1004928000000,식품첨가물,"사용기준 못찾음, 별도 확인 필요",,"기타, 별도 확인 필요",
10996,ISOPULEGONE,합성향료(Isopulegone),,B1004929000000,식품첨가물,"사용기준 못찾음, 별도 확인 필요",,"기타, 별도 확인 필요",
10997,ISOQUERCETIN,"합성향료(Isoquercitrin, enzymatically modified)",,B1004931000000,식품첨가물,"사용기준 못찾음, 별도 확인 필요",,"기타, 별도 확인 필요",
10998,ISOVALERALDEHYDE DIETHYL ACETAL,합성향료(Isovaleraldehyde diethyl acetal),,B1004955000000,식품첨가물,"사용기준 못찾음, 별도 확인 필요",,"기타, 별도 확인 필요",
10999,ISOVALERIC ACID,합성향료(Isovaleric acid),,B1004933000000,식품첨가물,"사용기준 못찾음, 별도 확인 필요",,"기타, 별도 확인 필요",
11000,L-BORNYL ACETATE,합성향료(L-Bornyl acetate),,B1003808000000,식품첨가물,"사용기준 못찾음, 별도 확인 필요",,"기타, 별도 확인 필요",
11001,,합성향료(L-Cysteine monohydrochloride),,B1006108000000,식품첨가물,"사용기준 못찾음, 별도 확인 필요",,"기타, 별도 확인 필요",
11002,L-MENTHYL LACTATE,합성향료(L-MENTHYL LACTATE),,B1005045000000,식품첨가물,"사용기준 못찾음, 별도 확인 필요",,"기타, 별도 확인 필요",
11003,L-MENTHYL METHYL ETHER,합성향료(L-Menthyl methyl ether),,B1005046000000,식품첨가물,"사용기준 못찾음, 별도 확인 필요",,"기타, 별도 확인 필요",
11004,L-MONOMENTHYL GLUTARATE,합성향료(L-Monomenthyl glutarate),,B1005379000000,식품첨가물,"사용기준 못찾음, 별도 확인 필요",,"기타, 별도 확인 필요",
11005,LINALOOL OXIDE,합성향료(LINALOOL OXIDE),,B1004991000000,식품첨가물,"사용기준 못찾음, 별도 확인 필요",,"기타, 별도 확인 필요",
11006,LINALYL ISOBUTYRATE,합성향료(LINALYL ISOBUTYRATE),,B1004999000000,식품첨가물,"사용기준 못찾음, 별도 확인 필요",,"기타, 별도 확인 필요",
11007,,합성향료(Lauric acid),,B1005012000000,식품첨가물,"사용기준 못찾음, 별도 확인 필요",,"기타, 별도 확인 필요",
11008,LAURIC ALDEHYDE,합성향료(Lauric aldehyde),,B1004984000000,식품첨가물,"사용기준 못찾음, 별도 확인 필요",,"기타, 별도 확인 필요",
11009,LAURYL ACETATE,합성향료(Lauryl acetate),,B1004985000000,식품첨가물,"사용기준 못찾음, 별도 확인 필요",,"기타, 별도 확인 필요",
11010,LAURYL ALCOHOL,합성향료(Lauryl alcohol),,B1004986000000,식품첨가물,"사용기준 못찾음, 별도 확인 필요",,"기타, 별도 확인 필요",
11011,LEVULINIC ACID,합성향료(Levulinic acid),,B1004987000000,식품첨가물,"사용기준 못찾음, 별도 확인 필요",,"기타, 별도 확인 필요",
11012,LINALOOL (2635),합성향료(Linalool),,B1004990000000,식품첨가물,"사용기준 못찾음, 별도 확인 필요",,"기타, 별도 확인 필요",
11013,,합성향료(Linalyl acetate),,B1004992000000,식품첨가물,"사용기준 못찾음, 별도 확인 필요",,"기타, 별도 확인 필요",
11014,LINALYL ANTHRANILATE,합성향료(Linalyl anthranilate),,B1004993000000,식품첨가물,"사용기준 못찾음, 별도 확인 필요",,"기타, 별도 확인 필요",
11015,LINALYL BUTYRATE,합성향료(Linalyl butyrate),,B1004995000000,식품첨가물,"사용기준 못찾음, 별도 확인 필요",,"기타, 별도 확인 필요",
11016,LINALYL CINNAMATE,합성향료(Linalyl cinnamate),,B1004996000000,식품첨가물,"사용기준 못찾음, 별도 확인 필요",,"기타, 별도 확인 필요",
11017,LINALYL FORMATE,합성향료(Linalyl formate),,B1004997000000,식품첨가물,"사용기준 못찾음, 별도 확인 필요",,"기타, 별도 확인 필요",
11018,LINALYL PROPIONATE,합성향료(Linalyl propionate),,B1005003000000,식품첨가물,"사용기준 못찾음, 별도 확인 필요",,"기타, 별도 확인 필요",
11019,M-CRESOL,합성향료(M-Cresol),,B1003961000000,식품첨가물,"사용기준 못찾음, 별도 확인 필요",,"기타, 별도 확인 필요",
11020,M-DIMETHOXYBENZENE,합성향료(M-Dimethoxybenzene),,B1004083000000,식품첨가물,"사용기준 못찾음, 별도 확인 필요",,"기타, 별도 확인 필요",
11021,MENTHONE,합성향료(MENTHONE),,B1005037000000,식품첨가물,"사용기준 못찾음, 별도 확인 필요",,"기타, 별도 확인 필요",
11022,METHYL DIHYDROJASMONATE,합성향료(METHYL DIHYDROJASMONATE),,B1005144000000,식품첨가물,"사용기준 못찾음, 별도 확인 필요",,"기타, 별도 확인 필요",
11023,METHYL LINOLEATE AND METHYL LINOLENATE (MIXTURE),합성향료(METHYL LINOLEATE AND METHYL LINOLENATE (MIXTURE)),,B1005158000000,식품첨가물,"사용기준 못찾음, 별도 확인 필요",,"기타, 별도 확인 필요",
11024,MINTLACTONE,합성향료(MINTLACTONE),,B1005378000000,식품첨가물,"사용기준 못찾음, 별도 확인 필요",,"기타, 별도 확인 필요",
11025,MONOMENTHYL SUCCINATE,합성향료(MONOMENTHYL SUCCINATE),,B1005380000000,식품첨가물,"사용기준 못찾음, 별도 확인 필요",,"기타, 별도 확인 필요",
11026,MALTOL PROPIONATE,합성향료(Maltol propionate),,B1005014000000,식품첨가물,"사용기준 못찾음, 별도 확인 필요",,"기타, 별도 확인 필요",
11027,MALTOL 2656,합성향료(Maltol),,B1005013000000,식품첨가물,"사용기준 못찾음, 별도 확인 필요",,"기타, 별도 확인 필요",
11028,MALTYL ISOBUTYRATE,합성향료(Maltyl isobutyrate),,B1005015000000,식품첨가물,"사용기준 못찾음, 별도 확인 필요",,"기타, 별도 확인 필요",
11029,,"합성향료(Megastigma-4,6,8-trien-3-one)",,B1005467000000,식품첨가물,"사용기준 못찾음, 별도 확인 필요",,"기타, 별도 확인 필요",
11030,MENTHYL ACETATE,합성향료(Menthyl acetate),,B1005043000000,식품첨가물,"사용기준 못찾음, 별도 확인 필요",,"기타, 별도 확인 필요",
11031,MENTHYL ISOVALERATE,합성향료(Menthyl isovalerate),,B1005044000000,식품첨가물,"사용기준 못찾음, 별도 확인 필요",,"기타, 별도 확인 필요",
11032,METHIONAL DIETHYL ACETAL,합성향료(Methional diethyl acetal),,B1062527000000,식품첨가물,"사용기준 못찾음, 별도 확인 필요",,"기타, 별도 확인 필요",
11033,METHIONYL BUTYRATE,합성향료(Methionyl butyrate),,B1005070000000,식품첨가물,"사용기준 못찾음, 별도 확인 필요",,"기타, 별도 확인 필요",
11034,METHOXYPYRAZINE,합성향료(Methoxypyrazine),,B1005095000000,식품첨가물,"사용기준 못찾음, 별도 확인 필요",,"기타, 별도 확인 필요",
11035,METHYL (E)-2-(Z)-4-DECADIENOATE,합성향료(Methyl (E)-2-(Z)-4-decadienoate),,B1005096000000,식품첨가물,"사용기준 못찾음, 별도 확인 필요",,"기타, 별도 확인 필요",
11036,METHYL (METHYLTHIO) ACETATE,합성향료(Methyl (methylthio) acetate),,B1005097000000,식품첨가물,"사용기준 못찾음, 별도 확인 필요",,"기타, 별도 확인 필요",
11037,METHYL 1-ACETOXYCYCLOHEXYL KETONE,합성향료(Methyl 1-acetoxycyclohexyl ketone),,B1005099000000,식품첨가물,"사용기준 못찾음, 별도 확인 필요",,"기타, 별도 확인 필요",
11038,METHYL 1-PROPENYL DISULFIDE,합성향료(Methyl 1-propenyl disulfide),,B1005100000000,식품첨가물,"사용기준 못찾음, 별도 확인 필요",,"기타, 별도 확인 필요",
11039,METHYL 10-UNDECENOATE,합성향료(Methyl 10-undecenoate),,B1005098000000,식품첨가물,"사용기준 못찾음, 별도 확인 필요",,"기타, 별도 확인 필요",
11040,METHYL 2-FUROATE,합성향료(Methyl 2-furoate),,B1005101000000,식품첨가물,"사용기준 못찾음, 별도 확인 필요",,"기타, 별도 확인 필요",
11041,METHYL 2-METHYL-2-PROPENOATE,합성향료(Methyl 2-methyl-2-propenoate),,B1005103000000,식품첨가물,"사용기준 못찾음, 별도 확인 필요",,"기타, 별도 확인 필요",
11042,METHYL 2-METHYL-3-FURYL DISULFIDE,합성향료(Methyl 2-methyl-3-furyl disulfide),,B1005104000000,식품첨가물,"사용기준 못찾음, 별도 확인 필요",,"기타, 별도 확인 필요",
11043,METHYL 2-METHYLBUTYRATE,합성향료(Methyl 2-methylbutyrate),,B1005106000000,식품첨가물,"사용기준 못찾음, 별도 확인 필요",,"기타, 별도 확인 필요",
11044,METHYL 2-NONENOATE,합성향료(Methyl 2-nonenoate),,B1005108000000,식품첨가물,"사용기준 못찾음, 별도 확인 필요",,"기타, 별도 확인 필요",
11045,,합성향료(Methyl 2-nonenonate),,B1005109000000,식품첨가물,"사용기준 못찾음, 별도 확인 필요",,"기타, 별도 확인 필요",
11046,METHYL 2-PYRROLYL KETONE,합성향료(Methyl 2-pyrrolyl ketone),,B1005111000000,식품첨가물,"사용기준 못찾음, 별도 확인 필요",,"기타, 별도 확인 필요",
11047,METHYL 3-(METHYLTHIO)BUTANOATE,합성향료(Methyl 3-(methylthio)butanoate),,B1005113000000,식품첨가물,"사용기준 못찾음, 별도 확인 필요",,"기타, 별도 확인 필요",
11048,METHYL 3-HEXENOATE,합성향료(Methyl 3-hexenoate),,B1005115000000,식품첨가물,"사용기준 못찾음, 별도 확인 필요",,"기타, 별도 확인 필요",
11049,METHYL 3-HYDROXYHEXANOATE,합성향료(Methyl 3-hydroxyhexanoate),,B1005116000000,식품첨가물,"사용기준 못찾음, 별도 확인 필요",,"기타, 별도 확인 필요",
11050,METHYL 3-METHYLTHIOPROPIONATE,합성향료(Methyl 3-methylthiopropionate),,B1005119000000,식품첨가물,"사용기준 못찾음, 별도 확인 필요",,"기타, 별도 확인 필요",
11051,METHYL 3-NONENOATE,합성향료(Methyl 3-nonenoate),,B1005120000000,식품첨가물,"사용기준 못찾음, 별도 확인 필요",,"기타, 별도 확인 필요",
11052,METHYL 4-METHYLVALERATE,합성향료(Methyl 4-methylvalerate),,B1005124000000,식품첨가물,"사용기준 못찾음, 별도 확인 필요",,"기타, 별도 확인 필요",
11053,"METHYL N,N-DIMETHYLANTHRANILATE","합성향료(Methyl N,N-dimethylanthranilate)",,B1005161000000,식품첨가물,"사용기준 못찾음, 별도 확인 필요",,"기타, 별도 확인 필요",
11054,METHYL N-ACETYLANTHRANILATE,합성향료(Methyl N-acetylanthranilate),,B1005162000000,식품첨가물,"사용기준 못찾음, 별도 확인 필요",,"기타, 별도 확인 필요",
11055,METHYL N-FORMYLANTHRANILATE,합성향료(Methyl N-formylanthranilate),,B1005163000000,식품첨가물,"사용기준 못찾음, 별도 확인 필요",,"기타, 별도 확인 필요",
11056,METHYL N-METHYLANTHRANILATE,합성향료(Methyl N-methylanthranilate),,B1005165000000,식품첨가물,"사용기준 못찾음, 별도 확인 필요",,"기타, 별도 확인 필요",
11057,METHYL ACETATE,합성향료(Methyl acetate),,B1005128000000,식품첨가물,"사용기준 못찾음, 별도 확인 필요",,"기타, 별도 확인 필요",
11058,METHYL ANISATE,합성향료(Methyl anisate),,B1005129000000,식품첨가물,"사용기준 못찾음, 별도 확인 필요",,"기타, 별도 확인 필요",
11059,,합성향료(Methyl anthranilate),,B1005130000000,식품첨가물,"사용기준 못찾음, 별도 확인 필요",,"기타, 별도 확인 필요",
11060,METHYL BENZOATE,합성향료(Methyl benzoate),,B1005131000000,식품첨가물,"사용기준 못찾음, 별도 확인 필요",,"기타, 별도 확인 필요",
11061,,합성향료(Methyl benzyl disulfide),,B1005133000000,식품첨가물,"사용기준 못찾음, 별도 확인 필요",,"기타, 별도 확인 필요",
11062,METHYL BUTYRATE,합성향료(Methyl butyrate),,B1005136000000,식품첨가물,"사용기준 못찾음, 별도 확인 필요",,"기타, 별도 확인 필요",
11063,METHYL CAPROATE,합성향료(Methyl caproate),,B1005137000000,식품첨가물,"사용기준 못찾음, 별도 확인 필요",,"기타, 별도 확인 필요",
11064,METHYL CINNAMATE,합성향료(Methyl cinnamate),,B1005138000000,식품첨가물,"사용기준 못찾음, 별도 확인 필요",,"기타, 별도 확인 필요",
11065,,합성향료(Methyl cyclohexanecarboxylate),,B1005142000000,식품첨가물,"사용기준 못찾음, 별도 확인 필요",,"기타, 별도 확인 필요",
11066,METHYL DECANOATE,합성향료(Methyl decanoate),,B1005398000000,식품첨가물,"사용기준 못찾음, 별도 확인 필요",,"기타, 별도 확인 필요",
11067,METHYL DISULFIDE,합성향료(Methyl disulfide),,B1005145000000,식품첨가물,"사용기준 못찾음, 별도 확인 필요",,"기타, 별도 확인 필요",
11068,METHYL FURFURYL DISULFIDE,합성향료(Methyl furfuryl disulfide),,B1005148000000,식품첨가물,"사용기준 못찾음, 별도 확인 필요",,"기타, 별도 확인 필요",
11069,METHYL HEPTANOATE,합성향료(Methyl heptanoate),,B1005149000000,식품첨가물,"사용기준 못찾음, 별도 확인 필요",,"기타, 별도 확인 필요",
11070,METHYL 2-OCTYNOATE,합성향료(Methyl heptin carbonate),,B1005150000000,식품첨가물,"사용기준 못찾음, 별도 확인 필요",,"기타, 별도 확인 필요",
11071,METHYL HEX-2-ENOATE,합성향료(Methyl hex-2-enoate),,B1005151000000,식품첨가물,"사용기준 못찾음, 별도 확인 필요",,"기타, 별도 확인 필요",
11072,METHYL PALMITATE(METHYL HEXADECANOATE),합성향료(Methyl hexadecanoate),,B1005399000000,식품첨가물,"사용기준 못찾음, 별도 확인 필요",,"기타, 별도 확인 필요",
11073,METHYL ISOBUTYRATE,합성향료(Methyl isobutyrate),,B1005153000000,식품첨가물,"사용기준 못찾음, 별도 확인 필요",,"기타, 별도 확인 필요",
11074,METHYL ISOVALERATE,합성향료(Methyl isovalerate),,B1005155000000,식품첨가물,"사용기준 못찾음, 별도 확인 필요",,"기타, 별도 확인 필요",
11075,METHYL JASMONATE,합성향료(Methyl jasmonate),,B1005156000000,식품첨가물,"사용기준 못찾음, 별도 확인 필요",,"기타, 별도 확인 필요",
11076,METHYL LAURATE,합성향료(Methyl laurate),,B1005157000000,식품첨가물,"사용기준 못찾음, 별도 확인 필요",,"기타, 별도 확인 필요",
11077,METHYL MERCAPTAN,합성향료(Methyl mercaptan),,B1005159000000,식품첨가물,"사용기준 못찾음, 별도 확인 필요",,"기타, 별도 확인 필요",
11078,METHYL MYRISTATE,합성향료(Methyl myristate),,B1005160000000,식품첨가물,"사용기준 못찾음, 별도 확인 필요",,"기타, 별도 확인 필요",
11079,METHYL NONANOATE,합성향료(Methyl nonanoate),,B1005166000000,식품첨가물,"사용기준 못찾음, 별도 확인 필요",,"기타, 별도 확인 필요",
11080,METHYL O-METHOXYBENZOATE,합성향료(Methyl o-methoxybenzoate),,B1005169000000,식품첨가물,"사용기준 못찾음, 별도 확인 필요",,"기타, 별도 확인 필요",
11081,METHYL OCTANOATE,합성향료(Methyl octanoate),,B1005167000000,식품첨가물,"사용기준 못찾음, 별도 확인 필요",,"기타, 별도 확인 필요",
11082,METHYL OCTYN CARBONATE,합성향료(Methyl octyne carbonate),,B1005168000000,식품첨가물,"사용기준 못찾음, 별도 확인 필요",,"기타, 별도 확인 필요",
11083,METHYL P-HYDROXYBENZOATE,합성향료(Methyl p-hydroxybenzoate),,B1005174000000,식품첨가물,"사용기준 못찾음, 별도 확인 필요",,"기타, 별도 확인 필요",
11084,METHYL P-TERT-BUTYLPHENYLACETATE,합성향료(Methyl p-tert-butylphenylacetate),,B1005181000000,식품첨가물,"사용기준 못찾음, 별도 확인 필요",,"기타, 별도 확인 필요",
11085,METHYL PHENETHYL ETHER,합성향료(Methyl phenethyl ether),,B1005170000000,식품첨가물,"사용기준 못찾음, 별도 확인 필요",,"기타, 별도 확인 필요",
11086,METHYL PHENYLACETATE,합성향료(Methyl phenylacetate),,B1005173000000,식품첨가물,"사용기준 못찾음, 별도 확인 필요",,"기타, 별도 확인 필요",
11087,METHYL PROPIONATE,합성향료(Methyl propionate),,B1005176000000,식품첨가물,"사용기준 못찾음, 별도 확인 필요",,"기타, 별도 확인 필요",
11088,METHYL PROPYL DISULFIDE,합성향료(Methyl propyl disulfide),,B1005177000000,식품첨가물,"사용기준 못찾음, 별도 확인 필요",,"기타, 별도 확인 필요",
11089,METHYL PROPYL TRISULFIDE,합성향료(Methyl propyl trisulfide),,B1005178000000,식품첨가물,"사용기준 못찾음, 별도 확인 필요",,"기타, 별도 확인 필요",
11090,SYNTHETIC SWEET BIRCH OIL,합성향료(Methyl salicylate),,B1005182000000,식품첨가물,"사용기준 못찾음, 별도 확인 필요",,"기타, 별도 확인 필요",
11091,METHYL SORBATE,합성향료(Methyl sorbate),,B1005183000000,식품첨가물,"사용기준 못찾음, 별도 확인 필요",,"기타, 별도 확인 필요",
11092,DIMETHYL SULFIDE,합성향료(Methyl sulfide),,B1005184000000,식품첨가물,"사용기준 못찾음, 별도 확인 필요",,"기타, 별도 확인 필요",
11093,METHYL THIOBUTYRATE,합성향료(Methyl thiobutyrate),,B1005186000000,식품첨가물,"사용기준 못찾음, 별도 확인 필요",,"기타, 별도 확인 필요",
11094,METHYL TRANS-2-OCTENOATE,합성향료(Methyl trans-2-octenoate),,B1005188000000,식품첨가물,"사용기준 못찾음, 별도 확인 필요",,"기타, 별도 확인 필요",
11095,METHYL VALERATE,합성향료(Methyl valerate),,B1005189000000,식품첨가물,"사용기준 못찾음, 별도 확인 필요",,"기타, 별도 확인 필요",
11096,METHYL B-NAPHTHYL KETONE,합성향료(Methyl β-naphthyl ketone),,B1005134000000,식품첨가물,"사용기준 못찾음, 별도 확인 필요",,"기타, 별도 확인 필요",
11097,METHYL-DELTA-IONONE,합성향료(Methyl-delta-ionone),,B1005315000000,식품첨가물,"사용기준 못찾음, 별도 확인 필요",,"기타, 별도 확인 필요",
11098,METHYL-ALPHA-IONONE,합성향료(Methyl-α-ionone),,B1005285000000,식품첨가물,"사용기준 못찾음, 별도 확인 필요",,"기타, 별도 확인 필요",
11099,METHYL BETA-IONONE,합성향료(Methyl-β- ionone),,B1005295000000,식품첨가물,"사용기준 못찾음, 별도 확인 필요",,"기타, 별도 확인 필요",
11100,"METHYLBENZYL ACETATE (MIXED O,M,P)","합성향료(Methylbenzyl acetate (mixed o,m,p))",,B1005289000000,식품첨가물,"사용기준 못찾음, 별도 확인 필요",,"기타, 별도 확인 필요",
11101,METHYLCYCLOPENTENOLONE,합성향료(Methylcyclopentenolone),,B1005314000000,식품첨가물,"사용기준 못찾음, 별도 확인 필요",,"기타, 별도 확인 필요",
11102,METHYLPENTANAL,합성향료(Methylpentanal),,B1005332000000,식품첨가물,"사용기준 못찾음, 별도 확인 필요",,"기타, 별도 확인 필요",
11103,METHYLSULFINYLMETHANE,합성향료(Methylsulfinylmethane),,B1005342000000,식품첨가물,"사용기준 못찾음, 별도 확인 필요",,"기타, 별도 확인 필요",
11104,,합성향료(Methylthio 2-(acetyloxy)propionate),,B1005346000000,식품첨가물,"사용기준 못찾음, 별도 확인 필요",,"기타, 별도 확인 필요",
11105,METHYLTHIO-2-(PROPIONYLOXY)PROPIONATE,합성향료(Methylthio-2-(propionyloxy)propionate),,B1005366000000,식품첨가물,"사용기준 못찾음, 별도 확인 필요",,"기타, 별도 확인 필요",
11106,METHYLTHIOMETHYL BUTYRATE,합성향료(Methylthiomethyl butyrate),,B1005370000000,식품첨가물,"사용기준 못찾음, 별도 확인 필요",,"기타, 별도 확인 필요",
11107,"MINTURE OF 3,6-DIETHYL-1,2,4,5-TETRATHIANE AND 3,5-DIETHYL-1,2,4-TRITHIOLANE","합성향료(Minture of 3,6-Diethyl-1,2,4,5-tetrathiane and 3,5-diethyl-1,2,4-trithiolane)",,B1004051000000,식품첨가물,"사용기준 못찾음, 별도 확인 필요",,"기타, 별도 확인 필요",
11108,Mixture of methyl cyclohexadiene and methylene cyclohexene,합성향료(Mixture of methyl cyclohexadiene and methylene cyclohexene),,B1005478000000,식품첨가물,"사용기준 못찾음, 별도 확인 필요",,"기타, 별도 확인 필요",
11109,MYRCENE,합성향료(Myrcene),,B1005381000000,식품첨가물,"사용기준 못찾음, 별도 확인 필요",,"기타, 별도 확인 필요",
11110,MYRISTALDEHYDE,합성향료(Myristaldehyde),,B1005382000000,식품첨가물,"사용기준 못찾음, 별도 확인 필요",,"기타, 별도 확인 필요",
11111,,합성향료(Myristic acid),,B1005515000000,식품첨가물,"사용기준 못찾음, 별도 확인 필요",,"기타, 별도 확인 필요",
11112,MYRTENOL,합성향료(Myrtenol),,B1005383000000,식품첨가물,"사용기준 못찾음, 별도 확인 필요",,"기타, 별도 확인 필요",
11113,MYRTENYL ACETATE,합성향료(Myrtenyl acetate),,B1005384000000,식품첨가물,"사용기준 못찾음, 별도 확인 필요",,"기타, 별도 확인 필요",
11114,N-(4-HYDROXY-3-METHOXYLBENZYL) NONANAMIDE,합성향료(N-(4-Hydroxy-3-methoxylbenzyl) nonanamide),,B1004713000000,식품첨가물,"사용기준 못찾음, 별도 확인 필요",,"기타, 별도 확인 필요",
11115,"N-(HEPTAN-4-YL)BENZO[D][1,3]DIOXOLE-5-CARBOXAMIDE","합성향료(N-(Heptan-4-yl)benzo[D][1,3]dioxole-5-carboxamide)",,B1004570000000,식품첨가물,"사용기준 못찾음, 별도 확인 필요",,"기타, 별도 확인 필요",
11116,N-AMYL BUTYRATE,합성향료(N-Amyl butyrate),,B1003728000000,식품첨가물,"사용기준 못찾음, 별도 확인 필요",,"기타, 별도 확인 필요",
11117,N-AMYL FORMATE,합성향료(N-Amyl formate),,B1003729000000,식품첨가물,"사용기준 못찾음, 별도 확인 필요",,"기타, 별도 확인 필요",
11118,N-AMYL HEPTANOATE,합성향료(N-Amyl heptanoate),,B1003730000000,,"기타, 별도 확인 필요",,미확정,
11119,N-AMYL HEXANOATE,합성향료(N-Amyl hexanoate),,B1003731000000,식품첨가물,"사용기준 못찾음, 별도 확인 필요",,"기타, 별도 확인 필요",
11120,N-AMYL OCTANOATE,합성향료(N-Amyl octanoate),,B1003733000000,식품첨가물,"사용기준 못찾음, 별도 확인 필요",,"기타, 별도 확인 필요",
11121,N-BENZOYLANTHRANILIC ACID,합성향료(N-Benzoylanthranilic acid),,B1003779000000,식품첨가물,"사용기준 못찾음, 별도 확인 필요",,"기타, 별도 확인 필요",
11122,N-BUTYL 2-METHYLBUTYRATE,합성향료(N-Butyl 2-methylbutyrate),,B1003826000000,식품첨가물,"사용기준 못찾음, 별도 확인 필요",,"기타, 별도 확인 필요",
11123,N-ETHYL TRANS-2-CIS-6-NONADIENAMIDE,합성향료(N-Ethyl trans-2-cis-6-nonadienamide),,B1004376000000,식품첨가물,"사용기준 못찾음, 별도 확인 필요",,"기타, 별도 확인 필요",
11124,N-ETHYL-2-ISOPROPYL-5-METHYLCYCLOHEXANE CARBOXAMIDE,합성향료(N-Ethyl-2-isopropyl-5-methylcyclohexane carboxamide),,B1004396000000,식품첨가물,"사용기준 못찾음, 별도 확인 필요",,"기타, 별도 확인 필요",
11125,N-FURFURYLPYRROLE,합성향료(N-Furfurylpyrrole),,B1004520000000,식품첨가물,"사용기준 못찾음, 별도 확인 필요",,"기타, 별도 확인 필요",
11126,N-GLUCONYL ETHANOLAMINE,합성향료(N-Gluconyl ethanolamine),,B1004560000000,식품첨가물,"사용기준 못찾음, 별도 확인 필요",,"기타, 별도 확인 필요",
11127,,합성향료(N-Isobutyldeca-trans-2-trans-4-dienamide),,B1004873000000,식품첨가물,"사용기준 못찾음, 별도 확인 필요",,"기타, 별도 확인 필요",
11128,N-LACTOYL ETHANOLAMINE(L024),합성향료(N-Lactoyl ethanolamine),,B1005007000000,식품첨가물,"사용기준 못찾음, 별도 확인 필요",,"기타, 별도 확인 필요",
11129,N-[(ETHOXYCARBONYL)METHYL)-P-MENTHANE-3-CARBOXAMIDE,합성향료(N-[(Ethoxycarbonyl)methyl)-p-menthane-3-carboxamide),,B1004485000000,식품첨가물,"사용기준 못찾음, 별도 확인 필요",,"기타, 별도 확인 필요",
11130,,"합성향료(N-[2-(3,4-Dimethoxyphenyl)ethyl]-3,4-dimethoxycinnamic acid amide)",,B1004262000000,식품첨가물,"사용기준 못찾음, 별도 확인 필요",,"기타, 별도 확인 필요",
11131,,합성향료(N-ethyl-5-methyl-2-(1-methylethenyl)cyclohexanecarboxamide),,B1006116000000,식품첨가물,"사용기준 못찾음, 별도 확인 필요",,"기타, 별도 확인 필요",
11132,NEOHESPERIDINE DC,합성향료(Neohesperidine dihydrochalcone),,B1005521000000,식품첨가물,"사용기준 못찾음, 별도 확인 필요",,"기타, 별도 확인 필요",
11133,NEROL OXIDE,합성향료(Nerol oxide),,B1005523000000,식품첨가물,"사용기준 못찾음, 별도 확인 필요",,"기타, 별도 확인 필요",
11134,NEROL,합성향료(Nerol),,B1005522000000,식품첨가물,"사용기준 못찾음, 별도 확인 필요",,"기타, 별도 확인 필요",
11135,NEROLIDOL,합성향료(Nerolidol),,B1005524000000,식품첨가물,"사용기준 못찾음, 별도 확인 필요",,"기타, 별도 확인 필요",
11136,NERYL ACETATE,합성향료(Neryl acetate),,B1005525000000,식품첨가물,"사용기준 못찾음, 별도 확인 필요",,"기타, 별도 확인 필요",
11137,NERYL BUTYRATE,합성향료(Neryl butyrate),,B1005526000000,식품첨가물,"사용기준 못찾음, 별도 확인 필요",,"기타, 별도 확인 필요",
11138,NERYL FORMATE,합성향료(Neryl formate),,B1005527000000,식품첨가물,"사용기준 못찾음, 별도 확인 필요",,"기타, 별도 확인 필요",
11139,NERYL ISOBUTYRATE,합성향료(Neryl isobutyrate),,B1005528000000,식품첨가물,"사용기준 못찾음, 별도 확인 필요",,"기타, 별도 확인 필요",
11140,NERYL PROPIONATE,합성향료(Neryl propionate),,B1005530000000,식품첨가물,"사용기준 못찾음, 별도 확인 필요",,"기타, 별도 확인 필요",
11141,NON-2-ENAL,합성향료(Non-2-enal),,B1005531000000,식품첨가물,"사용기준 못찾음, 별도 확인 필요",,"기타, 별도 확인 필요",
11142,,합성향료(Non-3-enyl acetate),,B1005571000000,식품첨가물,"사용기준 못찾음, 별도 확인 필요",,"기타, 별도 확인 필요",
11143,,합성향료(Non-6-enyl acetate),,B1005578000000,식품첨가물,"사용기준 못찾음, 별도 확인 필요",,"기타, 별도 확인 필요",
11144,NONA-2-TRANS-6-CIS-DIENAL,합성향료(Nona-2-trans-6-cis-dienal),,B1005533000000,식품첨가물,"사용기준 못찾음, 별도 확인 필요",,"기타, 별도 확인 필요",
11145,NONANAL PROPYLENEGLYCOL ACETAL,합성향료(Nonanal propyleneglycol acetal),,B1005577000000,식품첨가물,"사용기준 못찾음, 별도 확인 필요",,"기타, 별도 확인 필요",
11146,NONANAL,합성향료(Nonanal),,B1005545000000,식품첨가물,"사용기준 못찾음, 별도 확인 필요",,"기타, 별도 확인 필요",
11147,NONANOIC ACID,합성향료(Nonanoic acid),,B1005550000000,식품첨가물,"사용기준 못찾음, 별도 확인 필요",,"기타, 별도 확인 필요",
11148,NONYL ACETATE,합성향료(Nonyl acetate),,B1005562000000,식품첨가물,"사용기준 못찾음, 별도 확인 필요",,"기타, 별도 확인 필요",
11149,NONYL ALCOHOL,합성향료(Nonyl alcohol),,B1005563000000,식품첨가물,"사용기준 못찾음, 별도 확인 필요",,"기타, 별도 확인 필요",
11150,NONYL ISOVALERATE,합성향료(Nonyl isovalerate),,B1005564000000,식품첨가물,"사용기준 못찾음, 별도 확인 필요",,"기타, 별도 확인 필요",
11151,NOOTKATONE,합성향료(Nootkatone),,B1005566000000,식품첨가물,"사용기준 못찾음, 별도 확인 필요",,"기타, 별도 확인 필요",
11152,O-ANISALDEHYDE,합성향료(O-Anisaldehyde),,B1003742000000,식품첨가물,"사용기준 못찾음, 별도 확인 필요",,"기타, 별도 확인 필요",
11153,OCIMENE,합성향료(Ocimene),,B1005580000000,식품첨가물,"사용기준 못찾음, 별도 확인 필요",,"기타, 별도 확인 필요",
11154,OCTAHYDROCOUMARIN,합성향료(Octahydrocoumarin),,B1005587000000,식품첨가물,"사용기준 못찾음, 별도 확인 필요",,"기타, 별도 확인 필요",
11155,OCTAN-3-YL FORMATE,합성향료(Octan-3-yl formate),,B1005590000000,식품첨가물,"사용기준 못찾음, 별도 확인 필요",,"기타, 별도 확인 필요",
11156,OCTANAL DIETHYL ACETAL,합성향료(Octanal diethyl acetal),,B1005656000000,식품첨가물,"사용기준 못찾음, 별도 확인 필요",,"기타, 별도 확인 필요",
11157,OCTANAL DIMETHYL ACETAL,합성향료(Octanal dimethyl acetal),,B1005592000000,식품첨가물,"사용기준 못찾음, 별도 확인 필요",,"기타, 별도 확인 필요",
11158,OCTANAL PROPYLENE GLYCOL ACETAL,합성향료(Octanal propylene glycol acetal),,B1005659000000,식품첨가물,"사용기준 못찾음, 별도 확인 필요",,"기타, 별도 확인 필요",
11159,ALDEHYDE C8,합성향료(Octanal),,B1005591000000,식품첨가물,"사용기준 못찾음, 별도 확인 필요",,"기타, 별도 확인 필요",
11160,OCTANOIC ACID,합성향료(Octanoic acid),,B1005595000000,식품첨가물,"사용기준 못찾음, 별도 확인 필요",,"기타, 별도 확인 필요",
11161,OCTYL 2-FUROATE,합성향료(Octyl 2-furoate),,B1005620000000,식품첨가물,"사용기준 못찾음, 별도 확인 필요",,"기타, 별도 확인 필요",
11162,OCTYL ACETATE,합성향료(Octyl acetate),,B1005622000000,식품첨가물,"사용기준 못찾음, 별도 확인 필요",,"기타, 별도 확인 필요",
11163,OCTYL BUTYRATE,합성향료(Octyl butyrate),,B1005624000000,식품첨가물,"사용기준 못찾음, 별도 확인 필요",,"기타, 별도 확인 필요",
11164,OCTYL FORMATE,합성향료(Octyl formate),,B1005625000000,식품첨가물,"사용기준 못찾음, 별도 확인 필요",,"기타, 별도 확인 필요",
11165,OCTYL ISOBUTYRATE,합성향료(Octyl isobutyrate),,B1005627000000,식품첨가물,"사용기준 못찾음, 별도 확인 필요",,"기타, 별도 확인 필요",
11166,OCTYL ISOVALERATE,합성향료(Octyl isovalerate),,B1005628000000,식품첨가물,"사용기준 못찾음, 별도 확인 필요",,"기타, 별도 확인 필요",
11167,OCTYL OCTANOATE,합성향료(Octyl octanoate),,B1005629000000,식품첨가물,"사용기준 못찾음, 별도 확인 필요",,"기타, 별도 확인 필요",
11168,OCTYL PROPIONATE,합성향료(Octyl propionate),,B1005631000000,식품첨가물,"사용기준 못찾음, 별도 확인 필요",,"기타, 별도 확인 필요",
11169,,합성향료(Oleic acid),,B1005661000000,식품첨가물,"사용기준 못찾음, 별도 확인 필요",,"기타, 별도 확인 필요",
11170,PHENETHYL ISOVALERATE,합성향료(PHENETHYL ISOVALERATE),,B1005700000000,식품첨가물,"사용기준 못찾음, 별도 확인 필요",,"기타, 별도 확인 필요",
11171,PHENETHYL TIGLATE,합성향료(PHENETHYL TIGLATE),,B1005707000000,식품첨가물,"사용기준 못찾음, 별도 확인 필요",,"기타, 별도 확인 필요",
11172,,합성향료(Palmitic acid),,B1005888000000,식품첨가물,"사용기준 못찾음, 별도 확인 필요",,"기타, 별도 확인 필요",
11173,,합성향료(Patchoulol),,B1005870000000,식품첨가물,"사용기준 못찾음, 별도 확인 필요",,"기타, 별도 확인 필요",
11174,PENT-2-ENYL HEXANOATE,합성향료(Pent-2-enyl hexanoate),,B1005663000000,식품첨가물,"사용기준 못찾음, 별도 확인 필요",,"기타, 별도 확인 필요",
11175,PENTADECANOIC ACID,합성향료(Pentadecanoic acid),,B1005861000000,식품첨가물,"사용기준 못찾음, 별도 확인 필요",,"기타, 별도 확인 필요",
11176,PENTYL 2-FURYL KETONE,합성향료(Pentyl 2-furyl ketone),,B1005680000000,식품첨가물,"사용기준 못찾음, 별도 확인 필요",,"기타, 별도 확인 필요",
11177,PENTYL 2-METHYLPROPANOATE,합성향료(Pentyl 2-methylpropanoate),,B1005865000000,식품첨가물,"사용기준 못찾음, 별도 확인 필요",,"기타, 별도 확인 필요",
11178,PENTYL ACETATE (P196),합성향료(Pentyl acetate),,B1005857000000,식품첨가물,"사용기준 못찾음, 별도 확인 필요",,"기타, 별도 확인 필요",
11179,PHENETHYL 2-FUROATE,합성향료(Phenethyl 2-furoate),,B1005687000000,식품첨가물,"사용기준 못찾음, 별도 확인 필요",,"기타, 별도 확인 필요",
11180,PHENETHYL 2-METHYLBUTYRATE,합성향료(Phenethyl 2-methylbutyrate),,B1005688000000,식품첨가물,"사용기준 못찾음, 별도 확인 필요",,"기타, 별도 확인 필요",
11181,PHENETHYL ACETATE,합성향료(Phenethyl acetate),,B1005689000000,식품첨가물,"사용기준 못찾음, 별도 확인 필요",,"기타, 별도 확인 필요",
11182,PHENETHYL ALCOHOL,합성향료(Phenethyl alcohol),,B1005690000000,식품첨가물,"사용기준 못찾음, 별도 확인 필요",,"기타, 별도 확인 필요",
11183,PHENETHYL ANTHRANILATE,합성향료(Phenethyl anthranilate),,B1005692000000,식품첨가물,"사용기준 못찾음, 별도 확인 필요",,"기타, 별도 확인 필요",
11184,PHENETHYL BENZOATE,합성향료(Phenethyl benzoate),,B1005693000000,식품첨가물,"사용기준 못찾음, 별도 확인 필요",,"기타, 별도 확인 필요",
11185,PHENETHYL BUTYRATE,합성향료(Phenethyl butyrate),,B1005694000000,식품첨가물,"사용기준 못찾음, 별도 확인 필요",,"기타, 별도 확인 필요",
11186,PHENETHYL CINNAMATE,합성향료(Phenethyl cinnamate),,B1005695000000,식품첨가물,"사용기준 못찾음, 별도 확인 필요",,"기타, 별도 확인 필요",
11187,PHENETHYL FORMATE,합성향료(Phenethyl formate),,B1005696000000,식품첨가물,"사용기준 못찾음, 별도 확인 필요",,"기타, 별도 확인 필요",
11188,PHENETHYL HEXANOATE,합성향료(Phenethyl hexanoate),,B1005697000000,식품첨가물,"사용기준 못찾음, 별도 확인 필요",,"기타, 별도 확인 필요",
11189,PHENETHYL ISOBUTYRATE,합성향료(Phenethyl isobutyrate),,B1005698000000,식품첨가물,"사용기준 못찾음, 별도 확인 필요",,"기타, 별도 확인 필요",
11190,PHENETHYL ISOTHIOCYANATE,합성향료(Phenethyl isothiocyanate),,B1005699000000,식품첨가물,"사용기준 못찾음, 별도 확인 필요",,"기타, 별도 확인 필요",
11191,PHENETHYL OCTANOATE,합성향료(Phenethyl octanoate),,B1005702000000,식품첨가물,"사용기준 못찾음, 별도 확인 필요",,"기타, 별도 확인 필요",
11192,PHENETHYL PHENYLACETATE,합성향료(Phenethyl phenylacetate),,B1005703000000,식품첨가물,"사용기준 못찾음, 별도 확인 필요",,"기타, 별도 확인 필요",
11193,PHENETHYL PROPIONATE,합성향료(Phenethyl propionate),,B1005704000000,식품첨가물,"사용기준 못찾음, 별도 확인 필요",,"기타, 별도 확인 필요",
11194,PHENETHYL SALICYLATE,합성향료(Phenethyl salicylate),,B1005705000000,식품첨가물,"사용기준 못찾음, 별도 확인 필요",,"기타, 별도 확인 필요",
11195,,합성향료(Phenethyl valerate),,B1005872000000,식품첨가물,"사용기준 못찾음, 별도 확인 필요",,"기타, 별도 확인 필요",
11196,PHENOL,합성향료(Phenol),,B1005708000000,식품첨가물,"사용기준 못찾음, 별도 확인 필요",,"기타, 별도 확인 필요",
11197,PHENYL ACETATE,합성향료(Phenyl acetate),,B1005711000000,식품첨가물,"사용기준 못찾음, 별도 확인 필요",,"기타, 별도 확인 필요",
11198,PHENYL DISULFIDE,합성향료(Phenyl disulfide),,B1005712000000,식품첨가물,"사용기준 못찾음, 별도 확인 필요",,"기타, 별도 확인 필요",
11199,PHENYLACETALDEHYDE DIISOBUTYL ACETAL,합성향료(Phenylacetaldehyde diisobutyl acetal),,B1005731000000,식품첨가물,"사용기준 못찾음, 별도 확인 필요",,"기타, 별도 확인 필요",
11200,PHENYLACETALDEHYDE DIMETHYL ACETAL,합성향료(Phenylacetaldehyde dimethyl acetal),,B1005732000000,식품첨가물,"사용기준 못찾음, 별도 확인 필요",,"기타, 별도 확인 필요",
11201,PHENYLACETALDEHYDE GLYCERYL ACETAL,합성향료(Phenylacetaldehyde glyceryl acetal),,B1005733000000,식품첨가물,"사용기준 못찾음, 별도 확인 필요",,"기타, 별도 확인 필요",
11202,PHENYLACETALDEHYDE,합성향료(Phenylacetaldehyde),,B1005729000000,식품첨가물,"사용기준 못찾음, 별도 확인 필요",,"기타, 별도 확인 필요",
11203,PHENYLACETIC ACID,합성향료(Phenylacetic acid),,B1005734000000,식품첨가물,"사용기준 못찾음, 별도 확인 필요",,"기타, 별도 확인 필요",
11204,PHYTOL,합성향료(Phytol),,B1005753000000,식품첨가물,"사용기준 못찾음, 별도 확인 필요",,"기타, 별도 확인 필요",
11205,PHYTYL ACETATE,합성향료(Phytyl acetate),,B1005754000000,식품첨가물,"사용기준 못찾음, 별도 확인 필요",,"기타, 별도 확인 필요",
11206,PINE TAR OIL,합성향료(Pine tar oil),,B1005756000000,식품첨가물,"사용기준 못찾음, 별도 확인 필요",,"기타, 별도 확인 필요",
11207,PIPERIDINE,합성향료(Piperidine),,B1005761000000,식품첨가물,"사용기준 못찾음, 별도 확인 필요",,"기타, 별도 확인 필요",
11208,PIPERINE,합성향료(Piperine),,B1005762000000,식품첨가물,"사용기준 못찾음, 별도 확인 필요",,"기타, 별도 확인 필요",
11209,PIPERITONE,합성향료(Piperitone),,B1005764000000,식품첨가물,"사용기준 못찾음, 별도 확인 필요",,"기타, 별도 확인 필요",
11210,,합성향료(Piperonal),,B1005766000000,식품첨가물,"사용기준 못찾음, 별도 확인 필요",,"기타, 별도 확인 필요",
11211,PIPERONYL ACETATE,합성향료(Piperonyl acetate),,B1005767000000,식품첨가물,"사용기준 못찾음, 별도 확인 필요",,"기타, 별도 확인 필요",
11212,PIPERONYL ACETONE,합성향료(Piperonyl acetone),,B1005768000000,식품첨가물,"사용기준 못찾음, 별도 확인 필요",,"기타, 별도 확인 필요",
11213,PIPERONYL ISOBUTYRATE,합성향료(Piperonyl isobutyrate),,B1005769000000,식품첨가물,"사용기준 못찾음, 별도 확인 필요",,"기타, 별도 확인 필요",
11214,POTASSIUM ACETATE,합성향료(Potassium acetate),,B1005772000000,식품첨가물,"사용기준 못찾음, 별도 확인 필요",,"기타, 별도 확인 필요",
11215,PRENYL ACETATE,합성향료(Prenyl acetate),,B1005774000000,식품첨가물,"사용기준 못찾음, 별도 확인 필요",,"기타, 별도 확인 필요",
11216,PREMYL CAPROATE,합성향료(Prenyl caproate),,B1005773000000,식품첨가물,"사용기준 못찾음, 별도 확인 필요",,"기타, 별도 확인 필요",
11217,PRENYL ISOBUTYRATE,합성향료(Prenyl isobutyrate),,B1005777000000,식품첨가물,"사용기준 못찾음, 별도 확인 필요",,"기타, 별도 확인 필요",
11218,PRENYLTHIOL,합성향료(Prenylthiol),,B1005779000000,식품첨가물,"사용기준 못찾음, 별도 확인 필요",,"기타, 별도 확인 필요",
11219,PROPANETHIOL,합성향료(Propanethiol),,B1005782000000,식품첨가물,"사용기준 못찾음, 별도 확인 필요",,"기타, 별도 확인 필요",
11220,PROPENYLGUAETHOL,합성향료(Propenylguaethol),,B1005786000000,식품첨가물,"사용기준 못찾음, 별도 확인 필요",,"기타, 별도 확인 필요",
11221,PROPIONALDEHYDE,합성향료(Propionaldehyde),,B1005788000000,식품첨가물,"사용기준 못찾음, 별도 확인 필요",,"기타, 별도 확인 필요",
11222,PROPIONIC ACID,합성향료(Propionic acid),,B1005789000000,식품첨가물,"사용기준 못찾음, 별도 확인 필요",,"기타, 별도 확인 필요",
11223,"PROPYL 2,4-DECADIENOATE","합성향료(Propyl 2,4-decadienoate)",,B1005795000000,식품첨가물,"사용기준 못찾음, 별도 확인 필요",,"기타, 별도 확인 필요",
11224,PROPYL 2-FUROATE,합성향료(Propyl 2-furoate),,B1005797000000,식품첨가물,"사용기준 못찾음, 별도 확인 필요",,"기타, 별도 확인 필요",
11225,,합성향료(Propyl 2-methylbutyrate),,B1005878000000,식품첨가물,"사용기준 못찾음, 별도 확인 필요",,"기타, 별도 확인 필요",
11226,PROPYL ACETATE,합성향료(Propyl acetate),,B1005800000000,식품첨가물,"사용기준 못찾음, 별도 확인 필요",,"기타, 별도 확인 필요",
11227,PROPAN-1-OL,합성향료(Propyl alcohol),,B1005801000000,식품첨가물,"사용기준 못찾음, 별도 확인 필요",,"기타, 별도 확인 필요",
11228,PROPYL BUTYRATE,합성향료(Propyl butyrate),,B1005804000000,식품첨가물,"사용기준 못찾음, 별도 확인 필요",,"기타, 별도 확인 필요",
11229,,합성향료(Propyl cinnamate),,B1005805000000,식품첨가물,"사용기준 못찾음, 별도 확인 필요",,"기타, 별도 확인 필요",
11230,,합성향료(Propyl decanoate),,B1005877000000,식품첨가물,"사용기준 못찾음, 별도 확인 필요",,"기타, 별도 확인 필요",
11231,PROPYL DISULFIDE,합성향료(Propyl disulfide),,B1005806000000,식품첨가물,"사용기준 못찾음, 별도 확인 필요",,"기타, 별도 확인 필요",
11232,PROPYL FORMATE,합성향료(Propyl formate),,B1005807000000,식품첨가물,"사용기준 못찾음, 별도 확인 필요",,"기타, 별도 확인 필요",
11233,PROPYL HEXANOATE,합성향료(Propyl hexanoate),,B1005810000000,식품첨가물,"사용기준 못찾음, 별도 확인 필요",,"기타, 별도 확인 필요",
11234,PROPYL ISOBUTYRATE,합성향료(Propyl isobutyrate),,B1005811000000,식품첨가물,"사용기준 못찾음, 별도 확인 필요",,"기타, 별도 확인 필요",
11235,PROPYL ISOVALERATE,합성향료(Propyl isovalerate),,B1005812000000,식품첨가물,"사용기준 못찾음, 별도 확인 필요",,"기타, 별도 확인 필요",
11236,Propyl octanoate,합성향료(Propyl octanoate),,B1005856000000,식품첨가물,"사용기준 못찾음, 별도 확인 필요",,"기타, 별도 확인 필요",
11237,PROPYL P-HYDROXYBENZOATE,합성향료(Propyl p-hydroxybenzoate),,B1005814000000,식품첨가물,"사용기준 못찾음, 별도 확인 필요",,"기타, 별도 확인 필요",
11238,PROPYL PROPIONATE,합성향료(Propyl propionate),,B1005815000000,식품첨가물,"사용기준 못찾음, 별도 확인 필요",,"기타, 별도 확인 필요",
11239,PROPYL VALERATE,합성향료(Propyl valerate),,B1005847000000,식품첨가물,"사용기준 못찾음, 별도 확인 필요",,"기타, 별도 확인 필요",
11240,PROPYLENE GLYCOL STEARATE,합성향료(Propylene glycol stearate),,B1005820000000,식품첨가물,"사용기준 못찾음, 별도 확인 필요",,"기타, 별도 확인 필요",
11241,PROPYLENEGLYCOL DIACETATE,합성향료(Propyleneglycol diacetate),,B1062541000000,식품첨가물,"사용기준 못찾음, 별도 확인 필요",,"기타, 별도 확인 필요",
11242,PROPYLENEGLYCOL MONO-2-METHYLBUTYRATE,합성향료(Propyleneglycol mono-2-methylbutyrate),,B1062547000000,식품첨가물,"사용기준 못찾음, 별도 확인 필요",,"기타, 별도 확인 필요",
11243,,합성향료(Pyrazine),,B1005828000000,식품첨가물,"사용기준 못찾음, 별도 확인 필요",,"기타, 별도 확인 필요",
11244,PYRAZINEETHANETHIOL,합성향료(Pyrazineethanethiol),,B1005829000000,식품첨가물,"사용기준 못찾음, 별도 확인 필요",,"기타, 별도 확인 필요",
11245,PYRAZINYL METHYL SULFIDE,합성향료(Pyrazinyl methyl sulfide),,B1005830000000,식품첨가물,"사용기준 못찾음, 별도 확인 필요",,"기타, 별도 확인 필요",
11246,PYRIDINE,합성향료(Pyridine),,B1005831000000,식품첨가물,"사용기준 못찾음, 별도 확인 필요",,"기타, 별도 확인 필요",
11247,PYROLIGNEOUS ACID EXTRACT,합성향료(Pyroligneous acid extract),,B1005834000000,식품첨가물,"사용기준 못찾음, 별도 확인 필요",,"기타, 별도 확인 필요",
11248,,합성향료(Pyroligneous acid),,B1005833000000,식품첨가물,"사용기준 못찾음, 별도 확인 필요",,"기타, 별도 확인 필요",
11249,PYRROLIDINE,합성향료(Pyrrolidine),,B1005836000000,식품첨가물,"사용기준 못찾음, 별도 확인 필요",,"기타, 별도 확인 필요",
11250,PYRUVALDEHYDE,합성향료(Pyruvaldehyde),,B1005838000000,식품첨가물,"사용기준 못찾음, 별도 확인 필요",,"기타, 별도 확인 필요",
11251,PYRUVIC ACID,합성향료(Pyruvic acid),,B1005839000000,식품첨가물,"사용기준 못찾음, 별도 확인 필요",,"기타, 별도 확인 필요",
11252,QUININE BISULFATE,합성향료(Quinine bisulfate),,B1005889000000,식품첨가물,"사용기준 못찾음, 별도 확인 필요",,"기타, 별도 확인 필요",
11253,QUININE HYDROCHLORIDE,합성향료(Quinine hydrochloride),,B1005890000000,식품첨가물,"사용기준 못찾음, 별도 확인 필요",,"기타, 별도 확인 필요",
11254,,합성향료(Quinine sulphate),,B1005891000000,식품첨가물,"사용기준 못찾음, 별도 확인 필요",,"기타, 별도 확인 필요",
11255,RESORCINOL,합성향료(Resorcinol),,B1005893000000,식품첨가물,"사용기준 못찾음, 별도 확인 필요",,"기타, 별도 확인 필요",
11256,RHODINOL,합성향료(Rhodinol),,B1005894000000,식품첨가물,"사용기준 못찾음, 별도 확인 필요",,"기타, 별도 확인 필요",
11257,RHODINYL ACETATE,합성향료(Rhodinyl acetate),,B1005895000000,식품첨가물,"사용기준 못찾음, 별도 확인 필요",,"기타, 별도 확인 필요",
11258,RHODINYL ISOBUTYRATE,합성향료(Rhodinyl isobutyrate),,B1005898000000,식품첨가물,"사용기준 못찾음, 별도 확인 필요",,"기타, 별도 확인 필요",
11259,ETHYL OXYHYDRATE,합성향료(Rum ether),,B1005902000000,식품첨가물,"사용기준 못찾음, 별도 확인 필요",,"기타, 별도 확인 필요",
11260,S- METHYLMETHIONINESULPHONIUM CHLORIDE,합성향료(S- Methylmethioninesulphonium chloride),,B1005325000000,식품첨가물,"사용기준 못찾음, 별도 확인 필요",,"기타, 별도 확인 필요",
11261,S-FURFURYL THIOACETATE,합성향료(S-Furfuryl thioacetate),,B1004516000000,식품첨가물,"사용기준 못찾음, 별도 확인 필요",,"기타, 별도 확인 필요",
11262,S-FURFURYL THIOFORMATE,합성향료(S-Furfuryl thioformate),,B1004517000000,식품첨가물,"사용기준 못찾음, 별도 확인 필요",,"기타, 별도 확인 필요",
11263,S-FURFURYL THIOPROPIONATE,합성향료(S-Furfuryl thiopropionate),,B1004518000000,식품첨가물,"사용기준 못찾음, 별도 확인 필요",,"기타, 별도 확인 필요",
11264,S-METHYL 2-METHYLBUTANETHIOATE,합성향료(S-Methyl 2-methylbutanethioate),,B1005105000000,식품첨가물,"사용기준 못찾음, 별도 확인 필요",,"기타, 별도 확인 필요",
11265,S-METHYL THIOACETATE,합성향료(S-Methyl thioacetate),,B1005185000000,식품첨가물,"사용기준 못찾음, 별도 확인 필요",,"기타, 별도 확인 필요",
11266,S-METHYL THIOFUROATE,합성향료(S-Methyl thiofuroate),,B1005187000000,식품첨가물,"사용기준 못찾음, 별도 확인 필요",,"기타, 별도 확인 필요",
11267,SABINENE,합성향료(Sabinene),,B1005920000000,식품첨가물,"사용기준 못찾음, 별도 확인 필요",,"기타, 별도 확인 필요",
11268,SALICYLALDEHYDE,합성향료(Salicylaldehyde),,B1005903000000,식품첨가물,"사용기준 못찾음, 별도 확인 필요",,"기타, 별도 확인 필요",
11269,SCLAREOLIDE,합성향료(Sclareolide),,B1005907000000,식품첨가물,"사용기준 못찾음, 별도 확인 필요",,"기타, 별도 확인 필요",
11270,SKATOLE,합성향료(Skatole),,B1005909000000,식품첨가물,"사용기준 못찾음, 별도 확인 필요",,"기타, 별도 확인 필요",
11271,SODIUM 2-(4-METHOXYPHENOXY)PROPANOATE,합성향료(Sodium 2-(4-methoxyphenoxy)propanoate),,B1005910000000,식품첨가물,"사용기준 못찾음, 별도 확인 필요",,"기타, 별도 확인 필요",
11272,SODIUM 3-METHOXY-4-HYDROXYCINNAMATE,합성향료(Sodium 3-methoxy-4-hydroxycinnamate),,B1005912000000,식품첨가물,"사용기준 못찾음, 별도 확인 필요",,"기타, 별도 확인 필요",
11273,"SPIRO[2,4-DITHIA-1-METHYL-8-OXABICYCLO(3.3.0)OCTANE-3,3'-(1'-OXA-2'-METHYL)-CYCLOPENTANE]","합성향료(Spiro[2,4-dithia-1-methyl-8-oxabicyclo(3.3.0)octane-3,3-(1-oxa-2-methyl)-cyclopentane])",,B1005915000000,식품첨가물,"사용기준 못찾음, 별도 확인 필요",,"기타, 별도 확인 필요",
11274,,합성향료(Stearic acid),,B1005922000000,식품첨가물,"사용기준 못찾음, 별도 확인 필요",,"기타, 별도 확인 필요",
11275,SUCROSE OCTAACETATE,합성향료(Sucrose octaacetate),,B1005917000000,식품첨가물,"사용기준 못찾음, 별도 확인 필요",,"기타, 별도 확인 필요",
11276,SULFURYL DECANOATE,합성향료(Sulfuryl decanoate),,B1005507000000,식품첨가물,"사용기준 못찾음, 별도 확인 필요",,"기타, 별도 확인 필요",
11277,SULFURYL HEXANOATE,합성향료(Sulfuryl hexanoate),,B1005504000000,식품첨가물,"사용기준 못찾음, 별도 확인 필요",,"기타, 별도 확인 필요",
11278,THYMOL,합성향료(THYMOL),,B1005962000000,식품첨가물,"사용기준 못찾음, 별도 확인 필요",,"기타, 별도 확인 필요",
11279,TRANS-ANETHOLE,합성향료(TRANS-ANETHOLE),,B1003741000000,식품첨가물,"사용기준 못찾음, 별도 확인 필요",,"기타, 별도 확인 필요",
11280,TERPINOLENE,합성향료(Terpinolene),,B1005926000000,식품첨가물,"사용기준 못찾음, 별도 확인 필요",,"기타, 별도 확인 필요",
11281,TERPINYL ACETATE,합성향료(Terpinyl acetate),,B1005927000000,식품첨가물,"사용기준 못찾음, 별도 확인 필요",,"기타, 별도 확인 필요",
11282,TERPINYL BUTYRATE,합성향료(Terpinyl butyrate),,B1005929000000,식품첨가물,"사용기준 못찾음, 별도 확인 필요",,"기타, 별도 확인 필요",
11283,TETRAHYDRO-4-METHYL-2-(2-METHYLPROPEN-1-YL)PYRAN,합성향료(Tetrahydro-4-methyl-2-(2-methylpropen-1-yl)pyran),,B1005938000000,식품첨가물,"사용기준 못찾음, 별도 확인 필요",,"기타, 별도 확인 필요",
11284,TETRAHYDROFURFURYL ACETATE,합성향료(Tetrahydrofurfuryl acetate),,B1005940000000,식품첨가물,"사용기준 못찾음, 별도 확인 필요",,"기타, 별도 확인 필요",
11285,TETRAHYDROFURFURYL ALCOHOL,합성향료(Tetrahydrofurfuryl alcohol),,B1005941000000,식품첨가물,"사용기준 못찾음, 별도 확인 필요",,"기타, 별도 확인 필요",
11286,TETRAHYDROFURFURYL PROPIONATE,합성향료(Tetrahydrofurfuryl propionate),,B1005944000000,식품첨가물,"사용기준 못찾음, 별도 확인 필요",,"기타, 별도 확인 필요",
11287,TETRAHYDROLINALOOL,합성향료(Tetrahydrolinalool),,B1005945000000,식품첨가물,"사용기준 못찾음, 별도 확인 필요",,"기타, 별도 확인 필요",
11288,THEASPIRANE,합성향료(Theaspirane),,B1005952000000,식품첨가물,"사용기준 못찾음, 별도 확인 필요",,"기타, 별도 확인 필요",
11289,,합성향료(Thiamine hydrochloride),,B1005953000000,식품첨가물,"사용기준 못찾음, 별도 확인 필요",,"기타, 별도 확인 필요",
11290,THIAZOLE,합성향료(Thiazole),,B1005954000000,식품첨가물,"사용기준 못찾음, 별도 확인 필요",,"기타, 별도 확인 필요",
11291,THIOACETIC ACID,합성향료(Thioacetic acid),,B1005957000000,식품첨가물,"사용기준 못찾음, 별도 확인 필요",,"기타, 별도 확인 필요",
11292,THIOGERANIOL,합성향료(Thiogeraniol),,B1005959000000,식품첨가물,"사용기준 못찾음, 별도 확인 필요",,"기타, 별도 확인 필요",
11293,"TOLUALDEHYDES (MIXED O,M,P)","합성향료(Tolualdehydes (mixed o,m,p))",,B1005964000000,식품첨가물,"사용기준 못찾음, 별도 확인 필요",,"기타, 별도 확인 필요",
11294,TRANS-Α-DAMASCONE,합성향료(Trans-α-Damascone),,B1004004000000,식품첨가물,"사용기준 못찾음, 별도 확인 필요",,"기타, 별도 확인 필요",
11295,TRIBUTYL ACETYLCITRATE,합성향료(Tributyl acetylcitrate),,B1005978000000,식품첨가물,"사용기준 못찾음, 별도 확인 필요",,"기타, 별도 확인 필요",
11296,TRIBUTYRIN,합성향료(Tributyrin),,B1005979000000,식품첨가물,"사용기준 못찾음, 별도 확인 필요",,"기타, 별도 확인 필요",
11297,TRIDECANAL,합성향료(Tridecanal),,B1006041000000,식품첨가물,"사용기준 못찾음, 별도 확인 필요",,"기타, 별도 확인 필요",
11298,ETHYL CITRATE,합성향료(Triethyl citrate),,B1005984000000,식품첨가물,"사용기준 못찾음, 별도 확인 필요",,"기타, 별도 확인 필요",
11299,TRIETHYLAMINE,합성향료(Triethylamine),,B1005985000000,식품첨가물,"사용기준 못찾음, 별도 확인 필요",,"기타, 별도 확인 필요",
11300,TRIMETHYLAMINE,합성향료(Trimethylamine),,B1006002000000,식품첨가물,"사용기준 못찾음, 별도 확인 필요",,"기타, 별도 확인 필요",
11301,TRIMETHYLOXAZOLE,합성향료(Trimethyloxazole),,B1006045000000,식품첨가물,"사용기준 못찾음, 별도 확인 필요",,"기타, 별도 확인 필요",
11302,TRITHIOACETONE,합성향료(Trithioacetone),,B1006020000000,식품첨가물,"사용기준 못찾음, 별도 확인 필요",,"기타, 별도 확인 필요",
11303,TUBEROSE LACTONE,합성향료(Tuberose lactone),,B1006021000000,식품첨가물,"사용기준 못찾음, 별도 확인 필요",,"기타, 별도 확인 필요",
11304,TYRAMINE,합성향료(Tyramine),,B1006022000000,식품첨가물,"사용기준 못찾음, 별도 확인 필요",,"기타, 별도 확인 필요",
11305,UNDECANAL,합성향료(Undecanal),,B1006051000000,식품첨가물,"사용기준 못찾음, 별도 확인 필요",,"기타, 별도 확인 필요",
11306,UNDECANOIC ACID,합성향료(Undecanoic acid),,B1006052000000,식품첨가물,"사용기준 못찾음, 별도 확인 필요",,"기타, 별도 확인 필요",
11307,UNDECENAL,합성향료(Undecenal),,B1006063000000,식품첨가물,"사용기준 못찾음, 별도 확인 필요",,"기타, 별도 확인 필요",
11308,UNDECYL ALCOHOL,합성향료(Undecyl alcohol),,B1006065000000,식품첨가물,"사용기준 못찾음, 별도 확인 필요",,"기타, 별도 확인 필요",
11309,VANILLIN ISOBUTYRATE,합성향료(VANILLIN ISOBUTYRATE),,B1006076000000,식품첨가물,"사용기준 못찾음, 별도 확인 필요",,"기타, 별도 확인 필요",
11310,VALENCENE,합성향료(Valencene),,B1006069000000,식품첨가물,"사용기준 못찾음, 별도 확인 필요",,"기타, 별도 확인 필요",
11311,VALERALDEHYDE PROPYLENE GLYCOL ACETAL,합성향료(Valeraldehyde propylene glycol acetal),,B1006092000000,식품첨가물,"사용기준 못찾음, 별도 확인 필요",,"기타, 별도 확인 필요",
11312,VALERALDEHYDE,합성향료(Valeraldehyde),,B1006070000000,식품첨가물,"사용기준 못찾음, 별도 확인 필요",,"기타, 별도 확인 필요",
11313,VALERIC ACID,합성향료(Valeric acid),,B1006071000000,식품첨가물,"사용기준 못찾음, 별도 확인 필요",,"기타, 별도 확인 필요",
11314,"VANILLIN 3-(L-MENTHOXY)PROPANE-1,2-DIOL ACETAL","합성향료(Vanillin 3-(l-menthoxy)propane-1,2-diol acetal)",,B1006074000000,식품첨가물,"사용기준 못찾음, 별도 확인 필요",,"기타, 별도 확인 필요",
11315,VANILLIN PROPYLENE GLYCOL ACETAL,합성향료(Vanillin propylene glycol acetal),,B1006077000000,식품첨가물,"사용기준 못찾음, 별도 확인 필요",,"기타, 별도 확인 필요",
11316,,합성향료(Vanillin),,B1006073000000,식품첨가물,"사용기준 못찾음, 별도 확인 필요",,"기타, 별도 확인 필요",
11317,VANILLYL ACETATE,합성향료(Vanillyl acetate),,B1006078000000,식품첨가물,"사용기준 못찾음, 별도 확인 필요",,"기타, 별도 확인 필요",
11318,VANILLYL ALCOHOL,합성향료(Vanillyl alcohol),,B1006079000000,식품첨가물,"사용기준 못찾음, 별도 확인 필요",,"기타, 별도 확인 필요",
11319,VANILLYL BUTYL ETHER,합성향료(Vanillyl butyl ether),,B1006080000000,식품첨가물,"사용기준 못찾음, 별도 확인 필요",,"기타, 별도 확인 필요",
11320,VANILLYL ETHYL ETHER,합성향료(Vanillyl ethyl ether),,B1006081000000,식품첨가물,"사용기준 못찾음, 별도 확인 필요",,"기타, 별도 확인 필요",
11321,VERATRALDEHYDE,합성향료(Veratraldehyde),,B1006083000000,식품첨가물,"사용기준 못찾음, 별도 확인 필요",,"기타, 별도 확인 필요",
11322,YUZUNONE,합성향료(Yuzunone),,B1006128000000,식품첨가물,"사용기준 못찾음, 별도 확인 필요",,"기타, 별도 확인 필요",
11323,ZINGERONE,합성향료(ZINGERONE),,B1006096000000,식품첨가물,"사용기준 못찾음, 별도 확인 필요",,"기타, 별도 확인 필요",
11324,ACETYLPYRIDINE,합성향료(acetylpyridine),,B1003681000000,식품첨가물,"사용기준 못찾음, 별도 확인 필요",,"기타, 별도 확인 필요",
11325,BIS(2-METHYL-3-FURYL) DISULFIDE,합성향료(bis(2-Methyl-3-furyl) disulfide),,B1005247000000,식품첨가물,"사용기준 못찾음, 별도 확인 필요",,"기타, 별도 확인 필요",
11326,CIS- AND TRANS-2-HEPTYLCYCLOPROPANECARBOXYLIC ACID,합성향료(cis- and trans-2-Heptylcyclopropanecarboxylic acid),,B1004600000000,식품첨가물,"사용기준 못찾음, 별도 확인 필요",,"기타, 별도 확인 필요",
11327,"CIS-1-(2,6,6-TRIMETHYL-2-CYCLOHEXEN-1-YL)BUT-2-EN-1-ONE","합성향료(cis-1-(2,6,6-Trimethyl-2-cyclohexen-1-yl)but-2-en-1-one)",,B1005995000000,식품첨가물,"사용기준 못찾음, 별도 확인 필요",,"기타, 별도 확인 필요",
11328,CIS-2-HEXENOL,합성향료(cis-2-Hexenol),,B1004639000000,식품첨가물,"사용기준 못찾음, 별도 확인 필요",,"기타, 별도 확인 필요",
11329,CIS-2-NONEN-1-OL,합성향료(cis-2-Nonen-1-ol),,B1005556000000,식품첨가물,"사용기준 못찾음, 별도 확인 필요",,"기타, 별도 확인 필요",
11330,CIS-3 AND TRANS-2-HEXENYL PROPIONATE,합성향료(cis-3- and trans-2-Hexenyl propionate),,B1004660000000,식품첨가물,"사용기준 못찾음, 별도 확인 필요",,"기타, 별도 확인 필요",
11331,CIS-3-HECENYL ANTHRANILATE,합성향료(cis-3-Hecenyl anthranilate),,B1004562000000,식품첨가물,"사용기준 못찾음, 별도 확인 필요",,"기타, 별도 확인 필요",
11332,CIS-3-HEXEN-1-OL,합성향료(cis-3-Hexen-1-ol),,B1004626000000,식품첨가물,"사용기준 못찾음, 별도 확인 필요",,"기타, 별도 확인 필요",
11333,CIS-3-HEXENAL,합성향료(cis-3-Hexenal),,B1004632000000,식품첨가물,"사용기준 못찾음, 별도 확인 필요",,"기타, 별도 확인 필요",
11334,CIS-3-HEXEN-1-YL ACETATE,합성향료(cis-3-Hexenyl acetate),,B1004644000000,식품첨가물,"사용기준 못찾음, 별도 확인 필요",,"기타, 별도 확인 필요",
11335,CIS-3-HEXENYL BENZOATE,합성향료(cis-3-Hexenyl benzoate),,B1004645000000,식품첨가물,"사용기준 못찾음, 별도 확인 필요",,"기타, 별도 확인 필요",
11336,CIS-3-HEXENYL BUTYRATE,합성향료(cis-3-Hexenyl butyrate),,B1004646000000,식품첨가물,"사용기준 못찾음, 별도 확인 필요",,"기타, 별도 확인 필요",
11337,CIS-3-HEXENYL CIS-3-HEXENOATE,합성향료(cis-3-Hexenyl cis-3-hexenoate),,B1004648000000,식품첨가물,"사용기준 못찾음, 별도 확인 필요",,"기타, 별도 확인 필요",
11338,CIS-3-HEXENYL FORMATE,합성향료(cis-3-Hexenyl formate),,B1004649000000,식품첨가물,"사용기준 못찾음, 별도 확인 필요",,"기타, 별도 확인 필요",
11339,CIS-3-HEXENYL HEXANOATE,합성향료(cis-3-Hexenyl hexanoate),,B1004653000000,식품첨가물,"사용기준 못찾음, 별도 확인 필요",,"기타, 별도 확인 필요",
11340,CIS-3-HEXENYL LACTATE,합성향료(cis-3-Hexenyl lactate),,B1004657000000,식품첨가물,"사용기준 못찾음, 별도 확인 필요",,"기타, 별도 확인 필요",
11341,CIS-3-HEXENYL HEPTANOATE,합성향료(cis-3-Hexenyl octanoate(Hex-3-enyl octanoate)),,B1004798000000,식품첨가물,"사용기준 못찾음, 별도 확인 필요",,"기타, 별도 확인 필요",
11342,CIS-3-HEXENYL PYRUVATE,합성향료(cis-3-Hexenyl pyruvate),,B1004663000000,식품첨가물,"사용기준 못찾음, 별도 확인 필요",,"기타, 별도 확인 필요",
11343,CIS-3-HEXENYL SALICYLATE,합성향료(cis-3-Hexenyl salicylate(Hex-3-enyl salicylate)),,B1004799000000,식품첨가물,"사용기준 못찾음, 별도 확인 필요",,"기타, 별도 확인 필요",
11344,,합성향료(cis-3-Nonen-1-ol),,B1005570000000,식품첨가물,"사용기준 못찾음, 별도 확인 필요",,"기타, 별도 확인 필요",
11345,CIS-3-OCTEN-1-OL,합성향료(cis-3-Octen-1-ol),,B1005601000000,식품첨가물,"사용기준 못찾음, 별도 확인 필요",,"기타, 별도 확인 필요",
11346,CIS-4-HEPTENAL,합성향료(cis-4-Heptenal),,B1004586000000,식품첨가물,"사용기준 못찾음, 별도 확인 필요",,"기타, 별도 확인 필요",
11347,,합성향료(cis-5-Octen-1-ol),,B1005602000000,식품첨가물,"사용기준 못찾음, 별도 확인 필요",,"기타, 별도 확인 필요",
11348,CIS-6-NONEN-1-OL,합성향료(cis-6-Nonen-1-ol),,B1005555000000,식품첨가물,"사용기준 못찾음, 별도 확인 필요",,"기타, 별도 확인 필요",
11349,CIS-6-NONENAL,합성향료(cis-6-Nonenal),,B1005558000000,식품첨가물,"사용기준 못찾음, 별도 확인 필요",,"기타, 별도 확인 필요",
11350,CIS-HEXENYL ISOBUTYRATE,합성향료(cis-Hexenyl isobutyrate),,B1004655000000,식품첨가물,"사용기준 못찾음, 별도 확인 필요",,"기타, 별도 확인 필요",
11351,CIS-HEXENYL PROPIONATE,합성향료(cis-Hexenyl propionate),,B1004662000000,식품첨가물,"사용기준 못찾음, 별도 확인 필요",,"기타, 별도 확인 필요",
11352,CIS-HEXENYL TIGLATE,합성향료(cis-Hexenyl tiglate),,B1004664000000,식품첨가물,"사용기준 못찾음, 별도 확인 필요",,"기타, 별도 확인 필요",
11353,CIS-HEXENYL VALERATE,합성향료(cis-Hexenyl valerate),,B1004666000000,식품첨가물,"사용기준 못찾음, 별도 확인 필요",,"기타, 별도 확인 필요",
11354,D-CAMPHOR,합성향료(d-Camphor),,B1003909000000,식품첨가물,"사용기준 못찾음, 별도 확인 필요",,"기타, 별도 확인 필요",
11355,D-CARVONE,합성향료(d-Carvone),,B1003917000000,식품첨가물,"사용기준 못찾음, 별도 확인 필요",,"기타, 별도 확인 필요",
11356,D-LIMONENE,합성향료(d-Limonene),,B1004988000000,식품첨가물,"사용기준 못찾음, 별도 확인 필요",,"기타, 별도 확인 필요",
11357,D-NEO-MENTHOL,합성향료(d-neo-Menthol),,B1005033000000,식품첨가물,"사용기준 못찾음, 별도 확인 필요",,"기타, 별도 확인 필요",
11358,δ-3-CARENE,합성향료(delta-3-Carene),,B1003911000000,식품첨가물,"사용기준 못찾음, 별도 확인 필요",,"기타, 별도 확인 필요",
11359,DELTA-DAMASCONE,합성향료(delta-Damascone),,B1004002000000,식품첨가물,"사용기준 못찾음, 별도 확인 필요",,"기타, 별도 확인 필요",
11360,DELTA-DECALACTONE,합성향료(delta-Decalactone),,B1004010000000,식품첨가물,"사용기준 못찾음, 별도 확인 필요",,"기타, 별도 확인 필요",
11361,DELTA-DODECALACTONE,합성향료(delta-Dodecalactone),,B1004177000000,식품첨가물,"사용기준 못찾음, 별도 확인 필요",,"기타, 별도 확인 필요",
11362,DELTA-TETRADECALACTONE,합성향료(delta-Tetradecalactone),,B1005936000000,식품첨가물,"사용기준 못찾음, 별도 확인 필요",,"기타, 별도 확인 필요",
11363,,합성향료(dl-Camphor),,B1006150000000,식품첨가물,"사용기준 못찾음, 별도 확인 필요",,"기타, 별도 확인 필요",
11364,,합성향료(dl-Menthol),,B1006098000000,식품첨가물,"사용기준 못찾음, 별도 확인 필요",,"기타, 별도 확인 필요",
11365,ERYTHRO AND THREO-3-MERCAPTO-2-METHYLBUAN-1-OL,합성향료(erythro and threo-3-Mercapto-2-methylbuan-1-ol),,B1005050000000,식품첨가물,"사용기준 못찾음, 별도 확인 필요",,"기타, 별도 확인 필요",
11366,GAMMA-OCTADECALACTONE,합성향료(gamma-Octadecalactone),,B1062539000000,식품첨가물,"사용기준 못찾음, 별도 확인 필요",,"기타, 별도 확인 필요",
11367,L-CARVONE,합성향료(l-Carvone),,B1003918000000,식품첨가물,"사용기준 못찾음, 별도 확인 필요",,"기타, 별도 확인 필요",
11368,L-LIMONENE,합성향료(l-Limonene),,B1004989000000,식품첨가물,"사용기준 못찾음, 별도 확인 필요",,"기타, 별도 확인 필요",
11369,ㅣ-MENTHOL,합성향료(l-Menthol),,B1006097000000,식품첨가물,"사용기준 못찾음, 별도 확인 필요",,"기타, 별도 확인 필요",
11370,LINOLEIC ACID AND LINOLENIC ACID (MIXTURE),합성향료(linoleic acid and linolenic acid (mixture)),,B1005004000000,식품첨가물,"사용기준 못찾음, 별도 확인 필요",,"기타, 별도 확인 필요",
11371,,"합성향료(mixture of 2,4-, 3,5- and 3,6-Dimethyl-3-cyclohexenylcarbaldehyde)",,B1006157000000,식품첨가물,"사용기준 못찾음, 별도 확인 필요",,"기타, 별도 확인 필요",
11372,O-(ETHOXYMETHYL)PHENOL,합성향료(o-(Ethoxymethyl)phenol),,B1004285000000,식품첨가물,"사용기준 못찾음, 별도 확인 필요",,"기타, 별도 확인 필요",
11373,O-(METHYLTHIO)PHENOL,합성향료(o-(Methylthio)phenol),,B1005361000000,식품첨가물,"사용기준 못찾음, 별도 확인 필요",,"기타, 별도 확인 필요",
11374,O-CRESOL,합성향료(o-Cresol),,B1003960000000,식품첨가물,"사용기준 못찾음, 별도 확인 필요",,"기타, 별도 확인 필요",
11375,O-METHYLANISOLE,합성향료(o-Methylanisole),,B1005286000000,식품첨가물,"사용기준 못찾음, 별도 확인 필요",,"기타, 별도 확인 필요",
11376,O-PROPYLPHENOL,합성향료(o-Propylphenol),,B1005823000000,식품첨가물,"사용기준 못찾음, 별도 확인 필요",,"기타, 별도 확인 필요",
11377,O-TOLUENETHIOL,합성향료(o-Toluenethiol),,B1005965000000,식품첨가물,"사용기준 못찾음, 별도 확인 필요",,"기타, 별도 확인 필요",
11378,O-6-HEXADECENLACTONE,합성향료(omega-6-Hexadecenlactone),,B1004606000000,식품첨가물,"사용기준 못찾음, 별도 확인 필요",,"기타, 별도 확인 필요",
11379,OMEGA-PENTADECALACTONE,합성향료(omega-Pentadecalactone),,B1005664000000,식품첨가물,"사용기준 못찾음, 별도 확인 필요",,"기타, 별도 확인 필요",
11380,,"합성향료(p-1(7)8-Menthadien-2-yl acetate, cis and trans isomers)",,B1005025000000,식품첨가물,"사용기준 못찾음, 별도 확인 필요",,"기타, 별도 확인 필요",
11381,P-CRESOL,합성향료(p-Cresol),,B1003959000000,식품첨가물,"사용기준 못찾음, 별도 확인 필요",,"기타, 별도 확인 필요",
11382,P-CYMENE,합성향료(p-Cymene),,B1003982000000,식품첨가물,"사용기준 못찾음, 별도 확인 필요",,"기타, 별도 확인 필요",
11383,DIMETHYL HYDROQUINON,합성향료(p-Dimethoxybenzene),,B1004084000000,식품첨가물,"사용기준 못찾음, 별도 확인 필요",,"기타, 별도 확인 필요",
11384,P-ETHOXYBENZALDEHYDE,합성향료(p-Ethoxybenzaldehyde),,B1004284000000,식품첨가물,"사용기준 못찾음, 별도 확인 필요",,"기타, 별도 확인 필요",
11385,P-ETHYLPHENOL,합성향료(p-Ethylphenol),,B1004418000000,식품첨가물,"사용기준 못찾음, 별도 확인 필요",,"기타, 별도 확인 필요",
11386,P-ISOPROPYLBENZYL ALCOHOL,합성향료(p-Isopropylbenzyl alcohol),,B1004922000000,식품첨가물,"사용기준 못찾음, 별도 확인 필요",,"기타, 별도 확인 필요",
11387,P-MENTH-3-EN-1-OL,합성향료(p-Menth-3-en-1-ol),,B1005018000000,식품첨가물,"사용기준 못찾음, 별도 확인 필요",,"기타, 별도 확인 필요",
11388,BETA-TERPINEOL,합성향료(p-Menth-8-en-1-ol),,B1005019000000,식품첨가물,"사용기준 못찾음, 별도 확인 필요",,"기타, 별도 확인 필요",
11389,"P-MENTHA-1,4(8)-DIEN-3-ONE","합성향료(p-Mentha-1,4(8)-dien-3-one)",,B1005020000000,식품첨가물,"사용기준 못찾음, 별도 확인 필요",,"기타, 별도 확인 필요",
11390,"P-MENTHA-1,8-DIEN-7-AL","합성향료(p-Mentha-1,8-dien-7-al)",,B1005021000000,식품첨가물,"사용기준 못찾음, 별도 확인 필요",,사용불가,
11391,"P-MENTHA-1,8-DIEN-7-OL","합성향료(p-Mentha-1,8-dien-7-ol)",,B1005022000000,식품첨가물,"사용기준 못찾음, 별도 확인 필요",,"기타, 별도 확인 필요",
11392,P-MENTHA-8-THIOL-3-ONE,합성향료(p-Mentha-8-thiol-3-one),,B1005024000000,식품첨가물,"사용기준 못찾음, 별도 확인 필요",,"기타, 별도 확인 필요",
11393,"P-MENTHANE-3,8-DIOL","합성향료(p-Menthane-3,8-diol)",,B1005029000000,식품첨가물,"사용기준 못찾음, 별도 확인 필요",,"기타, 별도 확인 필요",
11394,P-METHOXYBENZALDEHYDE,합성향료(p-Methoxybenzaldehyde),,B1005085000000,식품첨가물,"사용기준 못찾음, 별도 확인 필요",,"기타, 별도 확인 필요",
11395,P-METHOXYCINNAMALDEHYDE,합성향료(p-Methoxycinnamaldehyde),,B1005090000000,식품첨가물,"사용기준 못찾음, 별도 확인 필요",,"기타, 별도 확인 필요",
11396,,합성향료(p-Methyl acetophenone),,B1006131000000,식품첨가물,"사용기준 못찾음, 별도 확인 필요",,"기타, 별도 확인 필요",
11397,P-METHYLANISOLE,합성향료(p-Methylanisole),,B1005287000000,식품첨가물,"사용기준 못찾음, 별도 확인 필요",,"기타, 별도 확인 필요",
11398,P-PROPYL ANISOLE,합성향료(p-Propyl anisole),,B1005802000000,식품첨가물,"사용기준 못찾음, 별도 확인 필요",,"기타, 별도 확인 필요",
11399,P-TOLYL 3-METHYLBUTYRATE,합성향료(p-Tolyl 3-methylbutyrate),,B1005967000000,식품첨가물,"사용기준 못찾음, 별도 확인 필요",,"기타, 별도 확인 필요",
11400,P-TOLYL ACETATE,합성향료(p-Tolyl acetate),,B1005969000000,식품첨가물,"사용기준 못찾음, 별도 확인 필요",,"기타, 별도 확인 필요",
11401,P-TOLYL PHENYLACETATE,합성향료(p-Tolyl phenylacetate),,B1005974000000,식품첨가물,"사용기준 못찾음, 별도 확인 필요",,"기타, 별도 확인 필요",
11402,P-TOLYLACETALDEHYDE,합성향료(p-Tolylacetaldehyde),,B1005977000000,식품첨가물,"사용기준 못찾음, 별도 확인 필요",,"기타, 별도 확인 필요",
11403,P-VINYLPHENOL,합성향료(p-Vinylphenol),,B1006089000000,식품첨가물,"사용기준 못찾음, 별도 확인 필요",,"기타, 별도 확인 필요",
11404,"P-Α,Α-TRIMETHYLBENZYL ALCOHOL","합성향료(p-α,α-Trimethylbenzyl alcohol)",,B1006003000000,식품첨가물,"사용기준 못찾음, 별도 확인 필요",,"기타, 별도 확인 필요",
11405,P-Α-DIMETHYLBENZYL ALCOHOL,합성향료(p-α-Dimethylbenzyl alcohol),,B1004143000000,식품첨가물,"사용기준 못찾음, 별도 확인 필요",,"기타, 별도 확인 필요",
11406,P-Α-DIMETHYLSTYRENE,합성향료(p-α-Dimethylstyrene),,B1004160000000,식품첨가물,"사용기준 못찾음, 별도 확인 필요",,"기타, 별도 확인 필요",
11407,PROPYL FURFURYL DISULFIDE,합성향료(propyl furfuryl disulfide),,B1005808000000,식품첨가물,"사용기준 못찾음, 별도 확인 필요",,"기타, 별도 확인 필요",
11408,SEC-BUTYL ETHYL ETHER,합성향료(sec-Butyl ethyl ether),,B1003836000000,식품첨가물,"사용기준 못찾음, 별도 확인 필요",,"기타, 별도 확인 필요",
11409,"TRANS,TRANS-2,4-DODECADIENAL","합성향료(trans,trans-2,4-Dodecadienal)",,B1004175000000,식품첨가물,"사용기준 못찾음, 별도 확인 필요",,"기타, 별도 확인 필요",
11410,"TRANS,TRANS-2,4-OCTADIENAL","합성향료(trans,trans-2,4-Octadienal)",,B1005586000000,식품첨가물,"사용기준 못찾음, 별도 확인 필요",,"기타, 별도 확인 필요",
11411,TRANS-2-DODECENAL,합성향료(trans-2-Dodecenal),,B1004178000000,식품첨가물,"사용기준 못찾음, 별도 확인 필요",,"기타, 별도 확인 필요",
11412,TRANS-2-HEXENAL PROPYLENE GLYCOL ACETAL,합성향료(trans-2-Hexenal propylene glycol acetal),,B1004805000000,식품첨가물,"사용기준 못찾음, 별도 확인 필요",,"기타, 별도 확인 필요",
11413,TRANS-2-HEXENOIC ACID,합성향료(trans-2-Hexenoic acid),,B1004637000000,식품첨가물,"사용기준 못찾음, 별도 확인 필요",,"기타, 별도 확인 필요",
11414,TRANS-2-HEXENYL BUTYRATE,합성향료(trans-2-Hexenyl butyrate),,B1004647000000,식품첨가물,"사용기준 못찾음, 별도 확인 필요",,"기타, 별도 확인 필요",
11415,TRANS-2-METHYL-2-BUTENOIC ACID,합성향료(trans-2-Methyl-2-butenoic acid),,B1005215000000,식품첨가물,"사용기준 못찾음, 별도 확인 필요",,"기타, 별도 확인 필요",
11416,TRANS-2-NONENOL,합성향료(trans-2-Nonenol),,B1005561000000,식품첨가물,"사용기준 못찾음, 별도 확인 필요",,"기타, 별도 확인 필요",
11417,TRANS-2-TRIDECENAL,합성향료(trans-2-Tridecenal),,B1005983000000,식품첨가물,"사용기준 못찾음, 별도 확인 필요",,"기타, 별도 확인 필요",
11418,TRANS-3-HEPTENYL ACETATE,합성향료(trans-3-Heptenyl acetate),,B1004591000000,식품첨가물,"사용기준 못찾음, 별도 확인 필요",,"기타, 별도 확인 필요",
11419,,합성향료(trans-3-Hexenyl acetate),,B1004775000000,식품첨가물,"사용기준 못찾음, 별도 확인 필요",,"기타, 별도 확인 필요",
11420,TRANS-3-HEXENOL,합성향료(trans-3-hexenol),,B1004763000000,식품첨가물,"사용기준 못찾음, 별도 확인 필요",,"기타, 별도 확인 필요",
11421,TRANS-4-HEPTENAL,합성향료(trans-4-Heptenal),,B1004587000000,식품첨가물,"사용기준 못찾음, 별도 확인 필요",,"기타, 별도 확인 필요",
11422,TRANS-4-HEXENAL,합성향료(trans-4-Hexenal),,B1004635000000,식품첨가물,"사용기준 못찾음, 별도 확인 필요",,"기타, 별도 확인 필요",
11423,"α,α-DIMETHYLPHENETHYL ACETATE","합성향료(α,α-Dimethylphenethyl acetate)",,B1004149000000,식품첨가물,"사용기준 못찾음, 별도 확인 필요",,"기타, 별도 확인 필요",
11424,"α,α-DIMETHYLPHENETHYL ALCOHOL","합성향료(α,α-Dimethylphenethyl alcohol)",,B1004150000000,식품첨가물,"사용기준 못찾음, 별도 확인 필요",,"기타, 별도 확인 필요",
11425,"α,α-DIMETHYLPHENETHYL BUTYRATE","합성향료(α,α-Dimethylphenethyl butyrate)",,B1004151000000,식품첨가물,"사용기준 못찾음, 별도 확인 필요",,"기타, 별도 확인 필요",
11426,"α,α-DIMETHYLPHENYLETHYL FORMATE","합성향료(α,α-Dimethylphenylethyl formate)",,B1004155000000,식품첨가물,"사용기준 못찾음, 별도 확인 필요",,"기타, 별도 확인 필요",
11427,ALPHA-AMYLCINNAMALDEHYDE,합성향료(α-Amylcinnamaldehyde *),,B1003735000000,식품첨가물,"사용기준 못찾음, 별도 확인 필요",,"기타, 별도 확인 필요",
11428,α-AMYLCINNAMYL ACETATE,합성향료(α-Amylcinnamyl acetate),,B1003737000000,식품첨가물,"사용기준 못찾음, 별도 확인 필요",,"기타, 별도 확인 필요",
11429,α-AMYLCINNAMYL ALCOHOL,합성향료(α-Amylcinnamyl alcohol),,B1003738000000,식품첨가물,"사용기준 못찾음, 별도 확인 필요",,"기타, 별도 확인 필요",
11430,ALPHA-DAMASCONE,합성향료(α-Damascone),,B1004003000000,식품첨가물,"사용기준 못찾음, 별도 확인 필요",,"기타, 별도 확인 필요",
11431,α-FARNESENE,합성향료(α-Farnesene),,B1004494000000,식품첨가물,"사용기준 못찾음, 별도 확인 필요",,"기타, 별도 확인 필요",
11432,α-HEXYLCINNAMALDEHYDE,합성향료(α-Hexylcinnamaldehyde),,B1004688000000,식품첨가물,"사용기준 못찾음, 별도 확인 필요",,"기타, 별도 확인 필요",
11433,α-ISOBUTYLPHENETHYL ALCOHOL,합성향료(α-ISOBUTYLPHENETHYL ALCOHOL),,B1004874000000,식품첨가물,"사용기준 못찾음, 별도 확인 필요",,"기타, 별도 확인 필요",
11434,,합성향료(α-Ionone),,B1004816000000,식품첨가물,"사용기준 못찾음, 별도 확인 필요",,"기타, 별도 확인 필요",
11435,,합성향료(α-Irone),,B1004821000000,식품첨가물,"사용기준 못찾음, 별도 확인 필요",,"기타, 별도 확인 필요",
11436,α-ISOMETHYL IONONE,합성향료(α-Isomethyl ionone),,B1004888000000,식품첨가물,"사용기준 못찾음, 별도 확인 필요",,"기타, 별도 확인 필요",
11437,α-METHYL-Β-HYDROXYPROPYL Α-METHYL-Β-MERCAPTOPROPYL SULFIDE,합성향료(α-Methyl-β-hydroxypropyl α-methyl-β-mercaptopropyl sulfide),,B1005296000000,식품첨가물,"사용기준 못찾음, 별도 확인 필요",,"기타, 별도 확인 필요",
11438,ALPHA-METHYLBENZYL ACETATE(STYRALLYL ACETATE),합성향료(α-Methylbenzyl acetate),,B1005288000000,식품첨가물,"사용기준 못찾음, 별도 확인 필요",,"기타, 별도 확인 필요",
11439,ALPHA-METHYLBENZYL ALCOHOL,합성향료(α-Methylbenzyl alcohol),,B1005290000000,식품첨가물,"사용기준 못찾음, 별도 확인 필요",,"기타, 별도 확인 필요",
11440,α-METHYLBENZYL BUTYRATE,합성향료(α-Methylbenzyl butyrate),,B1005291000000,식품첨가물,"사용기준 못찾음, 별도 확인 필요",,"기타, 별도 확인 필요",
11441,Α-METHYLBENZYL ISOBUTYRATE,합성향료(α-Methylbenzyl isobutyrate),,B1005293000000,식품첨가물,"사용기준 못찾음, 별도 확인 필요",,"기타, 별도 확인 필요",
11442,Α-METHYLBENZYL PROPIONATE,합성향료(α-Methylbenzyl propionate),,B1005294000000,식품첨가물,"사용기준 못찾음, 별도 확인 필요",,"기타, 별도 확인 필요",
11443,α-METHYLCINNAMALDEHYDE,합성향료(α-Methylcinnamaldehyde),,B1005306000000,식품첨가물,"사용기준 못찾음, 별도 확인 필요",,"기타, 별도 확인 필요",
11444,α-METHYLPHENETHYL BUTYRATE,합성향료(α-Methylphenethyl butyrate),,B1005335000000,식품첨가물,"사용기준 못찾음, 별도 확인 필요",,"기타, 별도 확인 필요",
11445,α-PHELLANDRENE,합성향료(α-PHELLANDRENE),,B1005686000000,식품첨가물,"사용기준 못찾음, 별도 확인 필요",,"기타, 별도 확인 필요",
11446,ALPHA-PINENE,합성향료(α-Pinene),,B1005758000000,식품첨가물,"사용기준 못찾음, 별도 확인 필요",,"기타, 별도 확인 필요",
11447,α-TERPINENE,합성향료(α-Terpinene),,B1005923000000,식품첨가물,"사용기준 못찾음, 별도 확인 필요",,"기타, 별도 확인 필요",
11448,ALPHA-TERPINEOL,합성향료(α-Terpineol),,B1005925000000,식품첨가물,"사용기준 못찾음, 별도 확인 필요",,"기타, 별도 확인 필요",
11449,,합성향료(β-Bourbonene),,B1003813000000,식품첨가물,"사용기준 못찾음, 별도 확인 필요",,"기타, 별도 확인 필요",
11450,β-CARYOPHYLLENE OXIDE,합성향료(β-Caryophyllene oxide),,B1003926000000,식품첨가물,"사용기준 못찾음, 별도 확인 필요",,"기타, 별도 확인 필요",
11451,Β-CARYOPHYLLENE,합성향료(β-Caryophyllene),,B1003923000000,식품첨가물,"사용기준 못찾음, 별도 확인 필요",,"기타, 별도 확인 필요",
11452,β-DAMASCONE,합성향료(β-Damascone),,B1004001000000,식품첨가물,"사용기준 못찾음, 별도 확인 필요",,"기타, 별도 확인 필요",
11453,,합성향료(β-Farnesene),,B1004495000000,식품첨가물,"사용기준 못찾음, 별도 확인 필요",,"기타, 별도 확인 필요",
11454,,합성향료(β-Ionone),,B1004817000000,식품첨가물,"사용기준 못찾음, 별도 확인 필요",,"기타, 별도 확인 필요",
11455,β-NAPHTHYL ETHYL ETHER,합성향료(β-Naphthyl ethyl ether),,B1005518000000,식품첨가물,"사용기준 못찾음, 별도 확인 필요",,"기타, 별도 확인 필요",
11456,β-NAPHTHYL METHYL ETHER,합성향료(β-Naphthyl methyl ether),,B1005519000000,식품첨가물,"사용기준 못찾음, 별도 확인 필요",,"기타, 별도 확인 필요",
11457,β-NAPHTYL ISOBUTYL ETHER,합성향료(β-Naphtyl isobutyl ether),,B1005520000000,식품첨가물,"사용기준 못찾음, 별도 확인 필요",,"기타, 별도 확인 필요",
11458,β-Phellandrene,합성향료(β-Phellandrene),,B1005852000000,식품첨가물,"사용기준 못찾음, 별도 확인 필요",,"기타, 별도 확인 필요",
11459,β-PINENE,합성향료(β-Pinene),,B1005759000000,식품첨가물,"사용기준 못찾음, 별도 확인 필요",,"기타, 별도 확인 필요",
11460,β-SINENSAL,합성향료(β-Sinensal),,B1005908000000,식품첨가물,"사용기준 못찾음, 별도 확인 필요",,"기타, 별도 확인 필요",
11461,GAMMA-DECALACTONE,합성향료(γ-Decalactone),,B1004009000000,식품첨가물,"사용기준 못찾음, 별도 확인 필요",,"기타, 별도 확인 필요",
11462,Γ-DODECALACTONE,합성향료(γ-Dodecalactone),,B1004176000000,식품첨가물,"사용기준 못찾음, 별도 확인 필요",,"기타, 별도 확인 필요",
11463,GAMMA-HEPTALACTONE,합성향료(γ-Heptalactone),,B1004567000000,식품첨가물,"사용기준 못찾음, 별도 확인 필요",,"기타, 별도 확인 필요",
11464,GAMMA-HEXALACTONE,합성향료(γ-Hexalactone),,B1004615000000,식품첨가물,"사용기준 못찾음, 별도 확인 필요",,"기타, 별도 확인 필요",
11465,γ-IONONE,합성향료(γ-Ionone),,B1004818000000,식품첨가물,"사용기준 못찾음, 별도 확인 필요",,"기타, 별도 확인 필요",
11466,GAMMA-METHYL DECALACTONE,합성향료(γ-Methyl decalactone),,B1005143000000,식품첨가물,"사용기준 못찾음, 별도 확인 필요",,"기타, 별도 확인 필요",
11467,,합성향료(γ-Nonalactone),,B1005543000000,식품첨가물,"사용기준 못찾음, 별도 확인 필요",,"기타, 별도 확인 필요",
11468,GAMMA-OCTALACTONE,합성향료(γ-Octalactone),,B1005588000000,식품첨가물,"사용기준 못찾음, 별도 확인 필요",,"기타, 별도 확인 필요",
11469,γ-TERPINENE,합성향료(γ-Terpinene),,B1005924000000,식품첨가물,"사용기준 못찾음, 별도 확인 필요",,"기타, 별도 확인 필요",
11470,GAMMA-UNDECALACTONE,합성향료(γ-Undecalactone *),,B1006050000000,식품첨가물,"사용기준 못찾음, 별도 확인 필요",,"기타, 별도 확인 필요",
11471,Γ-VALEROLACTONE,합성향료(γ-Valerolactone),,B1006072000000,식품첨가물,"사용기준 못찾음, 별도 확인 필요",,"기타, 별도 확인 필요",
11472,,합성허니듀향,,B4000255000000,식품첨가물,"사용기준 못찾음, 별도 확인 필요",,"기타, 별도 확인 필요",
11473,ARTIFICIAL HONEY BARBECUE FLAVOR,합성허니바베큐향,,B4000111000000,식품첨가물,"사용기준 못찾음, 별도 확인 필요",,"기타, 별도 확인 필요",
11474,ARTIFICIAL HONEY BUTTER FLAVOUR,합성허니버터향,,B4003757000000,식품첨가물,"사용기준 못찾음, 별도 확인 필요",,사용가능,
11475,,합성허니향,,B4000254000000,식품첨가물,"사용기준 못찾음, 별도 확인 필요",,"기타, 별도 확인 필요",
11476,,합성허브향,,B4000376000000,식품첨가물,"사용기준 못찾음, 별도 확인 필요",,"기타, 별도 확인 필요",
11477,,합성허클베리향,,B4000558000000,식품첨가물,"사용기준 못찾음, 별도 확인 필요",,"기타, 별도 확인 필요",
11478,ARTIFICIAL HAZELNUT CREAM FLAVOUR,합성헤이즐넛크림향,,B4000150000000,식품첨가물,"사용기준 못찾음, 별도 확인 필요",,"기타, 별도 확인 필요",
11479,ARTIFICIAL HAZELNUT FLAVOUR,합성헤이즐넛향,,B4000145000000,식품첨가물,"사용기준 못찾음, 별도 확인 필요",,"기타, 별도 확인 필요",
11480,,합성현미향,,B4000332000000,식품첨가물,"사용기준 못찾음, 별도 확인 필요",,"기타, 별도 확인 필요",
11481,,합성호두향,,B4000292000000,식품첨가물,"사용기준 못찾음, 별도 확인 필요",,"기타, 별도 확인 필요",
11482,,합성호밀향,,B4000372000000,식품첨가물,"사용기준 못찾음, 별도 확인 필요",,"기타, 별도 확인 필요",
11483,ARTIFICIAL PUMPKIN FLAVOUR,합성호박향,,B4000044000000,식품첨가물,"사용기준 못찾음, 별도 확인 필요",,"기타, 별도 확인 필요",
11484,ARTIFICIAL HOP FLAVOR,합성호프향,,B4003734000000,식품첨가물,"사용기준 못찾음, 별도 확인 필요",,"기타, 별도 확인 필요",
11485,,합성혼합베리향,,B4000702000000,식품첨가물,"사용기준 못찾음, 별도 확인 필요",,"기타, 별도 확인 필요",
11486,,합성홍삼향,,B4000214000000,식품첨가물,"사용기준 못찾음, 별도 확인 필요",,"기타, 별도 확인 필요",
11487,ARTIFICIAL BLACK TEA FLAVOUR,합성홍차향,,B4000051000000,식품첨가물,"사용기준 못찾음, 별도 확인 필요",,"기타, 별도 확인 필요",
11488,,합성홍화(잇꽃)향,,B4000241000000,식품첨가물,"사용기준 못찾음, 별도 확인 필요",,"기타, 별도 확인 필요",
11489,ARTIFICIAL WHITE CHOCOLATE FLAVOR,합성화이트초콜릿향,,B4000076000000,식품첨가물,"사용기준 못찾음, 별도 확인 필요",,"기타, 별도 확인 필요",
11490,,합성회향향,,B4000721000000,식품첨가물,"사용기준 못찾음, 별도 확인 필요",,"기타, 별도 확인 필요",
11491,ARTIFICIAL JAPANESE PAGODA TREE FLAVOR,합성회화나무향,,B4000063000000,식품첨가물,"사용기준 못찾음, 별도 확인 필요",,"기타, 별도 확인 필요",
11492,ARTIFICIAL YEAST FLAVOR,합성효모향,,B4003660000000,식품첨가물,"사용기준 못찾음, 별도 확인 필요",,사용가능,
11493,ARTIFICIAL PEPPER FLAVOR,합성후추향,,B4003672000000,식품첨가물,"사용기준 못찾음, 별도 확인 필요",,"기타, 별도 확인 필요",
11494,ARTIFICIAL SMOKE SALMON FLAVOUR,합성훈제연어향,,B4003751000000,식품첨가물,"사용기준 못찾음, 별도 확인 필요",,사용가능,
11495,,합성흑설탕향,,B4000370000000,식품첨가물,"사용기준 못찾음, 별도 확인 필요",,"기타, 별도 확인 필요",
11496,ARTIFICIAL WHITE PEACH FLAVOUR,합성흰복숭아향,,B4003797000000,식품첨가물,"사용기준 못찾음, 별도 확인 필요",,"기타, 별도 확인 필요",
11497,ARTIFICIAL WHITE TRUFFLE FLAVOR,합성흰서양송로향,,B4003705000000,식품첨가물,"사용기준 못찾음, 별도 확인 필요",,"기타, 별도 확인 필요",
11498,,합성히비스커스향,,B4000369000000,식품첨가물,"사용기준 못찾음, 별도 확인 필요",,"기타, 별도 확인 필요",
11499,,합성히코리스모크향,,B4000244000000,식품첨가물,"사용기준 못찾음, 별도 확인 필요",,"기타, 별도 확인 필요",
11500,,해당화,,A1002050000000,식품원료,원료이기에 사용기준 없음,,사용가능,
11501,,해당화꽃봉오리,,A1002050150000,식품원료,원료이기에 사용기준 없음,,사용가능,
11502,,해당화꽃잎,,A1002050170000,식품원료,원료이기에 사용기준 없음,,사용가능,
11503,,해당화농축,,A1002050000800,식품원료,원료이기에 사용기준 없음,,사용가능,
11504,Haddock,해덕대구,,A3000786000000,식품원료,원료이기에 사용기준 없음,,사용가능,
11505,SUNFLOWER,해바라기,,A1002051000000,식품원료,원료이기에 사용기준 없음,,사용가능,
11506,SUNFLOWER FLOWER,해바라기꽃,,A1002051140000,식품원료,원료이기에 사용기준 없음,,사용가능,
11507,,해바라기꽃잎,,A1002051170000,식품원료,원료이기에 사용기준 없음,,사용가능,
11508,SUNFLOWER,해바라기단백,,A1002051000008,식품원료,원료이기에 사용기준 없음,,사용가능,
11509,SUNFLOWER SEED,해바라기씨앗,"Sunflower Seeds, sunflower kernels",A1002051320000,식품원료,원료이기에 사용기준 없음,,사용가능,
11510,,해바라기씨앗분말,,A1002051320001,식품원료,원료이기에 사용기준 없음,,사용가능,
11511,SUNFLOWER SEED EXTRACT,해바라기씨앗추출물,,A1002051324500,식품원료,원료이기에 사용기준 없음,,사용가능,
11512,SUNFLOWER OIL,해바라기씨유,"Organic Sunflower Oil, SUNFLOWER SEED OIL",A1002051320006,식품원료,원료이기에 사용기준 없음,,사용가능,
11513,,해바라기유분말,,A1002051000092,식품원료,원료이기에 사용기준 없음,,사용가능,
11514,Sunflower leaves,해바라기잎,,A1002051380000,식품원료,원료이기에 사용기준 없음,,사용가능,
11515,SUNFLOWER DISC EXTRACT(외화획득용),해바라기집(외화획득용),,AZ000012000000,식품원료,원료이기에 사용기준 없음,,사용불가,
11516,,해삼,,A3000788000000,식품원료,원료이기에 사용기준 없음,,사용가능,
11517,,해삼분말,,A3000788000001,식품원료,원료이기에 사용기준 없음,,사용가능,
11518,,해삼창자,,A3000788230000,식품원료,원료이기에 사용기준 없음,,사용가능,
11519,,해삼추출물,,A3000788004500,식품원료,원료이기에 사용기준 없음,,사용가능,
11520,,해삼펩타이드,,A3000788000008,식품원료,원료이기에 사용기준 없음,,사용가능,
11521,,해수,,A6000127000000,식품원료,원료이기에 사용기준 없음,,사용가능,
11522,CONCENTRATED DEEP SEA MINERAL WATER,해양심층수농축수,,A6000135000000,식품원료,원료이기에 사용기준 없음,,사용가능,
11523,DESALTED DEEP SEAWATER,해양심층수미네랄탈염수,,A6000136000000,식품원료,원료이기에 사용기준 없음,,사용가능,
11524,,해조류(고시형),,C2000015000000,건강기능식품,"사용기준 못찾음, 별도 확인 필요",,"기타, 별도 확인 필요",
11525,,해조칼슘,,A6001437000000,식품원료,원료이기에 사용기준 없음,,사용가능,
11526,,해파리,,A3000789000000,식품원료,원료이기에 사용기준 없음,,사용가능,
11527,,핵꼬치,,A3000791000000,식품원료,원료이기에 사용기준 없음,,사용가능,
11528,,향기제비꽃꽃,,A1002059140000,식품원료,원료이기에 사용기준 없음,,"제한적사용가능, 별도 확인 필요",
11529,,향기제비꽃잎,,A1002059380000,식품원료,원료이기에 사용기준 없음,,사용가능,
11530,PARSELY ROOT,향나물,,A1002060380000,식품원료,원료이기에 사용기준 없음,,사용가능,
11531,FLAVOUR,향료,,B6000005000000,식품첨가물,"사용기준 찾음, 별도 확인 필요",향료,사용가능,
11532,CITRONELLA,향수비자나무,,A1001312000000,식품원료,원료이기에 사용기준 없음,,사용불가,
11533,CITRONELLA OIL,향수비자나무오일,,A1001312000020,식품원료,원료이기에 사용기준 없음,,사용불가,
11534,,향어,,A3000794000000,식품원료,원료이기에 사용기준 없음,,사용가능,
11535,,향유,,A1002062000000,식품원료,원료이기에 사용기준 없음,,사용가능,
11536,HONEYBUSH,허니부쉬(HONEYBUSH),,A1002064000000,식품원료,원료이기에 사용기준 없음,,사용가능,
11537,,허니부쉬잎,,A1002064380000,식품원료,원료이기에 사용기준 없음,,사용가능,
11538,,허브베니트잎,,A1005329380000,식품원료,원료이기에 사용기준 없음,,사용가능,
11539,KOREAN RAISIN TREE,헛개,,A1002065000000,식품원료,원료이기에 사용기준 없음,,사용가능,
11540,,헛개나무과병추출분말,,A1002065A54501,식품원료,원료이기에 사용기준 없음,,사용가능,
11541,,헛개나무분말,,A1002065000001,식품원료,원료이기에 사용기준 없음,,사용가능,
11542,,헛개나무열매,,A1002065230000,식품원료,원료이기에 사용기준 없음,,사용가능,
11543,,헛개나무열매분말,,A1002065230001,식품원료,원료이기에 사용기준 없음,,사용가능,
11544,헛개나무열매추출농축액(고형분30%이상),헛개나무열매추출농축액,,A1002065234614,식품원료,원료이기에 사용기준 없음,,사용가능,
11545,헛개나무열매추출물,헛개나무열매추출물,,A1002065234500,식품원료,원료이기에 사용기준 없음,,사용가능,
11546,헛개나무열매추출분말,헛개나무열매추출분말,,A1002065234501,식품원료,원료이기에 사용기준 없음,,사용가능,
11547,,헛개나무잎,,A1002065380000,식품원료,원료이기에 사용기준 없음,,사용가능,
11548,ORIENTAL RAISIN TREE LEAF EXTRACT,헛개나무잎추출물,,A1002065384500,식품원료,원료이기에 사용기준 없음,,사용가능,
11549,,헛개나무줄기,,A1002065490000,식품원료,원료이기에 사용기준 없음,,사용가능,
11550,,헛개나무추출물분말,,A1002065004501,식품원료,원료이기에 사용기준 없음,,사용가능,
11551,,헛개나무추출액,,A1002065004514,식품원료,원료이기에 사용기준 없음,,사용가능,
11552,,헤모힘 당귀등 혼합추출물(기능성원료인정제2006-17호),,C9000049000000,건강기능식품,"사용기준 못찾음, 별도 확인 필요",,"기타, 별도 확인 필요",
11553,HEMICELLULASE,헤미셀룰라아제,hemicellulases,B2000092000000,식품첨가물,II. 2. 1)의 규정에 따라 사용하여야 한다.,효소제,"기타, 별도 확인 필요",
11554,HESPERIDINE,헤스페리딘,,B2000155000000,식품첨가물,II. 2. 1)의 규정에 따라 사용하여야 한다.,영양강화제,"기타, 별도 확인 필요",
11555,ETHYL HEXANOATE,헥사논산에틸,,B1000312000000,식품첨가물,"사용기준 찾음, 별도 확인 필요",향료,"기타, 별도 확인 필요",
11556,HEXANE,헥산,,B2000093000000,식품첨가물,"사용기준 찾음, 별도 확인 필요",추출용제,"기타, 별도 확인 필요",
11557,HEME IRON,헴철,,B2000121000000,식품첨가물,II. 2. 1)의 규정에 따라 사용하여야 한다.,영양강화제,"기타, 별도 확인 필요",
11558,ETHYL HEPTANOATE,헵타논산에틸,,B1000380000000,식품첨가물,"사용기준 찾음, 별도 확인 필요",향료,"기타, 별도 확인 필요",
11559,BROWN RICE,현미,,A1002166000000,식품원료,원료이기에 사용기준 없음,,사용가능,
11560,,현미가루,Brown Rice Flour,A1002166000001,식품원료,원료이기에 사용기준 없음,,사용가능,
11561,,현미겨,,A1002166C50000,식품원료,원료이기에 사용기준 없음,,사용가능,
11562,,현미농축,,A1002166000800,식품원료,원료이기에 사용기준 없음,,사용가능,
11563,BROWN RICE PROTEIN CONCENTRATE,현미농축단백,,A1002166000808,식품원료,원료이기에 사용기준 없음,,사용가능,
11564,,현미농축액,,A1002166000814,식품원료,원료이기에 사용기준 없음,,사용가능,
11565,BROWN RICE PROTEIN POWDER,현미단백분말,,A1002166000045,식품원료,원료이기에 사용기준 없음,,사용가능,
11566,,현미발효분말,,A1002166011901,식품원료,원료이기에 사용기준 없음,,사용가능,
11567,,현미배아분말,,A1002166A40001,식품원료,원료이기에 사용기준 없음,,사용가능,
11568,BROWN RICE GERM OIL,현미배아유,,A1002166A40020,식품원료,원료이기에 사용기준 없음,,사용가능,
11569,,현미배아추출물분말,,A1002166A44501,식품원료,원료이기에 사용기준 없음,,사용가능,
11570,BROWN RICE SYRUP,현미시럽,,A1002166000013,식품원료,원료이기에 사용기준 없음,,사용가능,
11571,BROWN RICE SYRUP SOLIDS,현미시럽고형분,,A1002166000804,식품원료,원료이기에 사용기준 없음,,사용가능,
11572,,현미찹쌀,,A1002199000000,식품원료,원료이기에 사용기준 없음,,사용가능,
11573,,현미찹쌀가루,,A1002199000001,식품원료,원료이기에 사용기준 없음,,사용가능,
11574,,현미추출물,,A1002166004500,식품원료,원료이기에 사용기준 없음,,사용가능,
11575,,현미추출액,,A1002166004514,식품원료,원료이기에 사용기준 없음,,사용가능,
11576,BROWN RICE CRISP,현미튀밥,,A1002166003600,식품원료,원료이기에 사용기준 없음,,사용가능,
11577,,현미플레이크,,A1002166000051,식품원료,원료이기에 사용기준 없음,,사용가능,
11578,,현미피,,A1002166770000,식품원료,원료이기에 사용기준 없음,,사용가능,
11579,AMPELOPSIS GROSSEDENTATA LEAF (한시적 기준 및 규격),현치사포도 잎,AMPELOPSIS GROSSEDENTATA LEAF,A9000013380000,식품원료,원료이기에 사용기준 없음,,사용불가,
11580,,형개,,A1002069010000,식품원료,원료이기에 사용기준 없음,,사용가능,
11581,,형개꽃대,,A1002069C80000,식품원료,원료이기에 사용기준 없음,,사용가능,
11582,,호동열매,,A1005332230000,식품원료,원료이기에 사용기준 없음,,사용가능,
11583,WALNUT,호두,,A1002070000000,식품원료,원료이기에 사용기준 없음,,사용가능,
11584,,호두견과분말,,A1002070330001,식품원료,원료이기에 사용기준 없음,,사용가능,
11585,,호두농축액,,A1002070000814,식품원료,원료이기에 사용기준 없음,,사용가능,
11586,BLACK WALNUT HULLS POWDER,호두분말,,A1002070000001,식품원료,원료이기에 사용기준 없음,,사용가능,
11587,,호두분태,,A1002070000035,식품원료,원료이기에 사용기준 없음,,사용가능,
11588,WALNUT OIL,호두유,,A1002070000020,식품원료,원료이기에 사용기준 없음,,사용가능,
11589,,호두추출물,,A1002070004500,식품원료,원료이기에 사용기준 없음,,사용가능,
11590,,호두칩,,A1002070000048,식품원료,원료이기에 사용기준 없음,,사용가능,
11591,,호두페이스트,,A1002070000033,식품원료,원료이기에 사용기준 없음,,사용가능,
11592,Khorasan Wheat,호라산밀,,A1054175320000,식품원료,원료이기에 사용기준 없음,,사용가능,
11593,,호랑버들순,,A1005333880000,식품원료,원료이기에 사용기준 없음,,사용가능,
11594,FENUGREEK POWDER,호로파분말,,A1002072000001,식품원료,원료이기에 사용기준 없음,,"제한적사용가능, 별도 확인 필요",
11595,,호로파씨앗,,A1001879320000,식품원료,원료이기에 사용기준 없음,,"제한적사용가능, 별도 확인 필요",
11596,FENUGREEK SEED POWDER,호로파씨앗분말,,A1002072320001,식품원료,원료이기에 사용기준 없음,,"제한적사용가능, 별도 확인 필요",
11597,FENUGREEK SEED EXTRACT,호로파씨앗추출물,,A1002072324500,식품원료,원료이기에 사용기준 없음,,"제한적사용가능, 별도 확인 필요",
11598,,호로파씨추출분말,,A1001879324501,식품원료,원료이기에 사용기준 없음,,"제한적사용가능, 별도 확인 필요",
11599,,호로파열매,,A1001879230000,식품원료,원료이기에 사용기준 없음,,사용가능,
11600,FENUGREEK FRUIT POWDER,호로파열매분말,,A1002072230001,식품원료,원료이기에 사용기준 없음,,사용가능,
11601,,호로파열매추출물,,A1002072234500,식품원료,원료이기에 사용기준 없음,,사용가능,
11602,FENUGREEK OIL,호로파오일,,A1002072000020,식품원료,원료이기에 사용기준 없음,,"제한적사용가능, 별도 확인 필요",
11603,FENUGREEK LEAF,호로파잎,,A1002072380000,식품원료,원료이기에 사용기준 없음,,사용가능,
11604,FENUGREEK EXTRACT,호로파추출물,,A1002072004500,식품원료,원료이기에 사용기준 없음,,"제한적사용가능, 별도 확인 필요",
11605,FENUGREEK EXTRACT POWDER,호로파추출분말,,A1002072004501,식품원료,원료이기에 사용기준 없음,,"제한적사용가능, 별도 확인 필요",
11606,,호로파추출액,,A1001879004514,식품원료,원료이기에 사용기준 없음,,"제한적사용가능, 별도 확인 필요",
11607,hoary vervain,호리버베인잎,,A1002073380000,식품원료,원료이기에 사용기준 없음,,"제한적사용가능, 별도 확인 필요",
11608,BOTTLE GOURD,호리병박,,A1002074000000,식품원료,원료이기에 사용기준 없음,,사용가능,
11609,RYE,호밀,,A1002077000000,식품원료,원료이기에 사용기준 없음,,사용가능,
11610,CRUNCHED RYE,호밀가루,,A1002077320001,식품원료,원료이기에 사용기준 없음,,사용가능,
11611,RYE BRAN,호밀기울,,A1002077280000,식품원료,원료이기에 사용기준 없음,,사용가능,
11612,,호밀맥아,,A1002820000000,식품원료,원료이기에 사용기준 없음,,사용가능,
11613,RYE MALTED EXTRACT,호밀맥아추출물,,A1002820004500,식품원료,원료이기에 사용기준 없음,,사용가능,
11614,RYE MALT FLAKES,호밀맥아플레이크,,A1002820000051,식품원료,원료이기에 사용기준 없음,,사용가능,
11615,,호밀배아,,A1002077A40000,식품원료,원료이기에 사용기준 없음,,사용가능,
11616,RYE GERM EXTRACT,호밀배아추출물,,A1002077A44500,식품원료,원료이기에 사용기준 없음,,사용가능,
11617,RYE POWDER(FLOUR),호밀분말,Rye flour,A1002077000001,식품원료,원료이기에 사용기준 없음,,사용가능,
11618,RYE FIBER,호밀식이섬유,,A1002077000084,식품원료,원료이기에 사용기준 없음,,사용가능,
11619,,호밀씨앗,,A1002077320000,식품원료,원료이기에 사용기준 없음,,사용가능,
11620,RYE FLAKE,호밀플레이크,rye flakes,A1002077000051,식품원료,원료이기에 사용기준 없음,,사용가능,
11621,PUMPKIN,호박,,A1002078000000,식품원료,원료이기에 사용기준 없음,,사용가능,
11622,PUMPKIN POWDER,호박가루,,A1002078000001,식품원료,원료이기에 사용기준 없음,,사용가능,
11623,,호박고구마,,A1002319000000,식품원료,원료이기에 사용기준 없음,,사용가능,
11624,호박농축액,호박농축액,pumpkin concentrate,A1002078000814,식품원료,원료이기에 사용기준 없음,,사용가능,
11625,PUMPKIN PROTEIN,호박단백,,A1002078000008,식품원료,원료이기에 사용기준 없음,,사용가능,
11626,SUCCINIC ACID,호박산,,B1000313000000,식품첨가물,II. 2. 1)의 규정에 따라 사용하여야 한다.,산도조절제,"기타, 별도 확인 필요",
11627,DISODIUM SUCCINATE,호박산이나트륨,,B1000314000000,식품첨가물,II. 2. 1)의 규정에 따라 사용하여야 한다.,산도조절제,"기타, 별도 확인 필요",
11628,PUMPKIN SEED,호박씨앗,Pumpkin Seeds,A1002078320000,식품원료,원료이기에 사용기준 없음,,사용가능,
11629,PUMPKIN SEED POWDER,호박씨앗분말,,A1002078320001,식품원료,원료이기에 사용기준 없음,,사용가능,
11630,PUMPKIN SEED EXTRACT,호박씨앗추출물,,A1002078004500,식품원료,원료이기에 사용기준 없음,,사용가능,
11631,,호박씨앗추출분말,,A1002078324501,식품원료,원료이기에 사용기준 없음,,사용가능,
11632,PUMPKIN SEED OIL,호박씨유,,A1002078320020,식품원료,원료이기에 사용기준 없음,,사용가능,
11633,PUMPKIN LEAVES,호박잎,,A1002078380000,식품원료,원료이기에 사용기준 없음,,사용가능,
11634,PUMPKIN JUICE,호박주스,,A1002078000025,식품원료,원료이기에 사용기준 없음,,사용가능,
11635,PUMPKIN JUICE CONCENTRATE,호박주스농축,,A1002078000825,식품원료,원료이기에 사용기준 없음,,사용가능,
11636,,호박줄기,,A1002078490000,식품원료,원료이기에 사용기준 없음,,사용가능,
11637,,호박추출물,,A1002078234500,식품원료,원료이기에 사용기준 없음,,사용가능,
11638,,호박추출액,,A1002078004514,식품원료,원료이기에 사용기준 없음,,사용가능,
11639,PUMPKIN PULP,호박펄프,,A1054137000032,식품원료,원료이기에 사용기준 없음,,사용가능,
11640,PUMPKIN PASTE,호박페이스트,,A1002078000033,식품원료,원료이기에 사용기준 없음,,사용가능,
11641,PUMPKIN PUREE,호박퓌레,,A1002078000034,식품원료,원료이기에 사용기준 없음,,사용가능,
11642,,호박플레이크,,A1002078000051,식품원료,원료이기에 사용기준 없음,,사용가능,
11643,LAKE SALT,호수염,,P1000011000000,식품유형,"사용기준 못찾음, 별도 확인 필요",,"기타, 별도 확인 필요",
11644,JAPANSES KNOTWEED EXTRACT,호장근(어린줄기)추출물,,A1002081544500,식품원료,원료이기에 사용기준 없음,,사용가능,
11645,POLYGONUM CUSPIDATUM EXTRACT,호장근뿌리추출물,,A1054132614500,식품원료,원료이기에 사용기준 없음,,사용불가,
11646,,호장근줄기,,A1002081490000,식품원료,원료이기에 사용기준 없음,,사용가능,
11647,,호장근줄기추출물,,A1002081494500,식품원료,원료이기에 사용기준 없음,,사용가능,
11648,,호지차분말,,A1001736382201,식품원료,원료이기에 사용기준 없음,,사용가능,
11649,,호키알,,A3000175050000,식품원료,원료이기에 사용기준 없음,,사용가능,
11650,HOP,호프,,A1002082000000,식품원료,원료이기에 사용기준 없음,,사용가능,
11651,,호프꽃,,A1002082140000,식품원료,원료이기에 사용기준 없음,,사용가능,
11652,,호프열매오일,,A1002082230006,식품원료,원료이기에 사용기준 없음,,사용가능,
11653,HOP FRUIT EXTRACT,호프열매추출물,,A1054025234500,식품원료,원료이기에 사용기준 없음,,사용가능,
11654,Hop oil,호프오일,,A1002082000020,식품원료,원료이기에 사용기준 없음,,사용가능,
11655,,호프즙,,A1002082000026,식품원료,원료이기에 사용기준 없음,,사용가능,
11656,,호프추출물,,A1002082004500,식품원료,원료이기에 사용기준 없음,,사용가능,
11657,,호프펠렛,,A1002082000052,식품원료,원료이기에 사용기준 없음,,사용가능,
11658,PREGELATINIZED POTATO STARCH,호화감자전분,,A1000244009938,식품원료,원료이기에 사용기준 없음,,사용가능,
11659,알파소맥,호화밀,PREGELATINIZED WHEAT,A1000911009900,식품원료,원료이기에 사용기준 없음,,사용가능,
11660,PREGELATINIZED WHEAT FLOUR,호화밀가루,,A1000911009901,식품원료,원료이기에 사용기준 없음,,사용가능,
11661,WHEAT STARCH PRE-GELATINISED,호화밀전분,,A1000911009938,식품원료,원료이기에 사용기준 없음,,사용가능,
11662,,호화쌀,PREGELATINIZED RICE,A1001332009900,식품원료,원료이기에 사용기준 없음,,사용가능,
11663,PREGELATINIZED RICE POWDER,호화쌀가루,,A1001332009901,식품원료,원료이기에 사용기준 없음,,사용가능,
11664,,호화옥수수전분,PREGELATINIZED WAXY CORN,A1054147009938,식품원료,원료이기에 사용기준 없음,,사용가능,
11665,PREGELATINIZED WAXY CORN STARCH,호화찰옥수수전분,,A1002204009938,식품원료,원료이기에 사용기준 없음,,사용가능,
11666,,호화찹쌀가루,,A1002165009901,식품원료,원료이기에 사용기준 없음,,사용가능,
11667,,호화호밀분말,,A1054015009901,식품원료,원료이기에 사용기준 없음,,사용가능,
11668,,혹돔,,A3000967000000,식품원료,원료이기에 사용기준 없음,,사용가능,
11669,"HOLY BASIL, TULSI",홀리바질,"HOLY BASIL,TULSI",A1002084000000,식품원료,원료이기에 사용기준 없음,,사용가능,
11670,,홀리바질잎,,A1002084380000,식품원료,원료이기에 사용기준 없음,,사용가능,
11671,HOLY BASIL POWDER,홀리바질잎분말,,A1002084380001,식품원료,원료이기에 사용기준 없음,,사용가능,
11672,HOLY BASIL LEAF EXTRACT,홀리바질잎추출물,,A1002084384500,식품원료,원료이기에 사용기준 없음,,사용가능,
11673,홀리바질잎추출분말,홀리바질잎추출분말,HOLY BASIL LEAF POWDER,A1002084384501,식품원료,원료이기에 사용기준 없음,,사용가능,
11674,,홍가자미,,A3000796000000,식품원료,원료이기에 사용기준 없음,,사용가능,
11675,,홍게(붉은대게),,A3000434000000,식품원료,원료이기에 사용기준 없음,,사용가능,
11676,,홍게(붉은대게)내장,,A3000434060000,식품원료,원료이기에 사용기준 없음,,사용가능,
11677,,홍게(붉은대게)농축액,,A3000434000814,식품원료,원료이기에 사용기준 없음,,사용가능,
11678,,홍게(붉은대게)다리살,,A3000434130000,식품원료,원료이기에 사용기준 없음,,사용가능,
11679,,홍게(붉은대게)살,,A3000434080000,식품원료,원료이기에 사용기준 없음,,사용가능,
11680,,홍경천,,A1002085000000,식품원료,원료이기에 사용기준 없음,,사용불가,
11681,,홍경천뿌리추출물,,A1054032614500,식품원료,원료이기에 사용기준 없음,,사용불가,
11682,,홍경천추출물,,A1002085004500,식품원료,원료이기에 사용기준 없음,,사용불가,
11683,홍경천추출물,홍경천추출물(고시형),,C2000225000000,건강기능식품,"사용기준 못찾음, 별도 확인 필요",,"기타, 별도 확인 필요",
11684,,홍경천추출물분말가루,,A1002085004501,식품원료,원료이기에 사용기준 없음,,사용불가,
11685,RED CHILI,홍고추,,A1002238000000,식품원료,원료이기에 사용기준 없음,,사용가능,
11686,"HOT PEPPER(CAYENNE, CHILI PEPPER, RED PEPPER) POWDER",홍고추분말,"HOT PEPPER POWDER,CAYENNE PEPPER POWDER, CHILI PEPPER POWDER, RED PEPPER POWDER",A1002238000001,식품원료,원료이기에 사용기준 없음,,사용가능,
11687,,홍고추추출액,,A1002238014514,식품원료,원료이기에 사용기준 없음,,사용가능,
11688,,홍고추페이스트,,A1002238000033,식품원료,원료이기에 사용기준 없음,,사용가능,
11689,"RED HOT PEPPER(CHILI PEPPER, RED PEPPER) PUREE",홍고추퓌레,"RED HOT PEPPER PUREE,CHILI PEPPER PUREE,RED PEPPER PUREE",A1002238000034,식품원료,원료이기에 사용기준 없음,,사용가능,
11690,,홍국(고시형),,C2000166000000,건강기능식품,"사용기준 못찾음, 별도 확인 필요",,"기타, 별도 확인 필요",
11691,,홍국균(고시형),,C2000167000000,건강기능식품,"사용기준 못찾음, 별도 확인 필요",,"기타, 별도 확인 필요",
11692,,홍국분말(고시형),,C2000166000001,건강기능식품,"사용기준 못찾음, 별도 확인 필요",,"기타, 별도 확인 필요",
11693,MONASCUS COLOR,홍국색소,,B2000094000000,식품첨가물,"사용기준 찾음, 별도 확인 필요",착색료,"기타, 별도 확인 필요",
11694,,홍국색소분말,,B2000094000001,식품첨가물,"사용기준 못찾음, 별도 확인 필요",,"기타, 별도 확인 필요",
11695,,홍국쌀,,A1003051000000,식품원료,원료이기에 사용기준 없음,,사용가능,
11696,,홍국쌀분말,,A1003051000001,식품원료,원료이기에 사용기준 없음,,사용가능,
11697,,홍국추출물(고시형),,C2000166004500,건강기능식품,"사용기준 못찾음, 별도 확인 필요",,"기타, 별도 확인 필요",
11698,MONASCUS YELLOW,홍국황색소,,B2000095000000,식품첨가물,"사용기준 찾음, 별도 확인 필요",착색료,"기타, 별도 확인 필요",
11699,GREEN TIGER PRAWN,홍다리얼룩새우,,A3011936000000,식품원료,원료이기에 사용기준 없음,,사용가능,
11700,홍대실꼬리돔,홍대실꼬리돔,,A3000799000000,식품원료,원료이기에 사용기준 없음,,사용가능,
11701,,홍미,,A1002388000000,식품원료,원료이기에 사용기준 없음,,사용가능,
11702,RED RICE POWDER,홍미분말,,A1002388000001,식품원료,원료이기에 사용기준 없음,,사용가능,
11703,,홍미삼농축액,,A1002087610814,식품원료,원료이기에 사용기준 없음,,사용가능,
11704,,홍삼,,A1002087000000,식품원료,원료이기에 사용기준 없음,,사용가능,
11705,,홍삼농축액,,A1002087000814,식품원료,원료이기에 사용기준 없음,,사용가능,
11706,,홍삼농축액분말,,A1002087000801,식품원료,원료이기에 사용기준 없음,,사용가능,
11707,,홍삼분말,,A1002087004501,식품원료,원료이기에 사용기준 없음,,사용가능,
11708,,홍삼뿌리,,A1002087610000,식품원료,원료이기에 사용기준 없음,,사용가능,
11709,,홍삼엑기스,,A1002087000017,식품원료,원료이기에 사용기준 없음,,사용가능,
11710,,홍삼청,,A1002087000030,식품원료,원료이기에 사용기준 없음,,사용가능,
11711,RED GINSENG EXTRACT,홍삼추출물,,A1002087004500,식품원료,원료이기에 사용기준 없음,,사용가능,
11712,,홍삼추출분말,,A1002087014501,식품원료,원료이기에 사용기준 없음,,사용가능,
11713,,홍삼추출액,,A1002087004514,식품원료,원료이기에 사용기준 없음,,사용가능,
11714,,홍새우,,A3000912000000,식품원료,원료이기에 사용기준 없음,,사용가능,
11715,,홍새우살,,A3000912080000,식품원료,원료이기에 사용기준 없음,,사용가능,
11716,SNOW TEA,홍설차,,A1002088010000,식품원료,원료이기에 사용기준 없음,,"제한적사용가능, 별도 확인 필요",
11717,,홍어,,A3000805000000,식품원료,원료이기에 사용기준 없음,,사용가능,
11718,,홍옥사과,,A1002749000000,식품원료,원료이기에 사용기준 없음,,사용가능,
11719,MOONTAIL BULLSEYE,홍옥치,,A3011902000000,식품원료,원료이기에 사용기준 없음,,사용가능,
11720,BLACK TEA,홍차,,A1002373000000,식품원료,원료이기에 사용기준 없음,,사용가능,
11721,,홍차고형분,,A1002373000004,식품원료,원료이기에 사용기준 없음,,사용가능,
11722,BLACK TEA CONCENTRATE,홍차농축물,,A1002373000800,식품원료,원료이기에 사용기준 없음,,사용가능,
11723,,홍차농축분말,,A1002373000801,식품원료,원료이기에 사용기준 없음,,사용가능,
11724,BLACK TEA POWDER,홍차분말,,A1002373000001,식품원료,원료이기에 사용기준 없음,,사용가능,
11725,,홍차엑기스분말,,A1002373000018,식품원료,원료이기에 사용기준 없음,,사용가능,
11726,,홍차엽,,A1002373380000,식품원료,원료이기에 사용기준 없음,,사용가능,
11727,,홍차잎분말,,A1002373380001,식품원료,원료이기에 사용기준 없음,,사용가능,
11728,BLACK TEA EXTRACT,홍차추출물,,A1002373004500,식품원료,원료이기에 사용기준 없음,,사용가능,
11729,,홍차추출분말,,A1002373004501,식품원료,원료이기에 사용기준 없음,,사용가능,
11730,,홍차추출액,,A1002373004514,식품원료,원료이기에 사용기준 없음,,사용가능,
11731,BLACK TEA EXTRACT OIL,홍차추출오일,,A1002373004520,식품원료,원료이기에 사용기준 없음,,사용가능,
11732,,홍치,,A3000808000000,식품원료,원료이기에 사용기준 없음,,사용가능,
11733,,홍치어육,,A3000808080000,식품원료,원료이기에 사용기준 없음,,사용가능,
11734,LILIUM BROWNII FLOWER LEAVES,홍콩백합꽃잎,,A1054207170000,식품원료,원료이기에 사용기준 없음,,사용가능,
11735,LILIUM BROWNII,홍콩백합비늘줄기,,A1054207520000,식품원료,원료이기에 사용기준 없음,,사용가능,
11736,붉은파프리카,홍파프리카,,A1002273000000,식품원료,원료이기에 사용기준 없음,,사용가능,
11737,,홍피망,,A1002237000000,식품원료,원료이기에 사용기준 없음,,사용가능,
11738,,홍피망농축액,,A1002237000814,식품원료,원료이기에 사용기준 없음,,사용가능,
11739,,홍피망분말,,A1002237000001,식품원료,원료이기에 사용기준 없음,,사용가능,
11740,RED PEPPER EXTRACT,홍피망추출물,,A1002237004500,식품원료,원료이기에 사용기준 없음,,사용가능,
11741,,홍피망플레이크,,A1002237000051,식품원료,원료이기에 사용기준 없음,,사용가능,
11742,MUSSEL,홍합,,A3000809000000,식품원료,원료이기에 사용기준 없음,,사용가능,
11743,MUSSEL CONCENTRATE,홍합농축,,A3000809000800,식품원료,원료이기에 사용기준 없음,,사용가능,
11744,MUSSEL POWDER,홍합분말,,A3000809080001,식품원료,원료이기에 사용기준 없음,,사용가능,
11745,,홍합분해액,,A3000809002414,식품원료,원료이기에 사용기준 없음,,사용가능,
11746,,홍합살,,A3000809080000,식품원료,원료이기에 사용기준 없음,,사용가능,
11747,,홍합엑기스,,A3000809000017,식품원료,원료이기에 사용기준 없음,,사용가능,
11748,MUSSEL EXTRACT,홍합추출물,,A3000809004500,식품원료,원료이기에 사용기준 없음,,사용가능,
11749,MUSSEL EXTRACT POWDER,홍합추출분말,,A3000809004501,식품원료,원료이기에 사용기준 없음,,사용가능,
11750,GREEN LIPPED MUSSEL EXTRACT OIL,홍합추출오일,,A3000809004520,식품원료,원료이기에 사용기준 없음,,사용가능,
11751,CARTHAMUS RED,홍화적색소,,B2000096000000,식품첨가물,"사용기준 찾음, 별도 확인 필요",착색료,"기타, 별도 확인 필요",
11752,CARTHAMUS YELLOW,홍화황색소,,B2000097000000,식품첨가물,"사용기준 찾음, 별도 확인 필요",착색료,"기타, 별도 확인 필요",
11753,POLLEN,화분,,A1002092000000,식품원료,원료이기에 사용기준 없음,,사용가능,
11754,,화분분말,,A1002092000001,식품원료,원료이기에 사용기준 없음,,사용가능,
11755,,화분추출물,,A1002092004500,식품원료,원료이기에 사용기준 없음,,사용가능,
11756,POLLEN EXTRACT POWDER,화분추출물분말,,A1002092004501,식품원료,원료이기에 사용기준 없음,,사용가능,
11757,,화살꼴뚜기,,A3000810000000,식품원료,원료이기에 사용기준 없음,,사용가능,
11758,,화살나무잎추출물,,A1002093804500,식품원료,원료이기에 사용기준 없음,,사용가능,
11759,,화살치가자미,,A3000811000000,식품원료,원료이기에 사용기준 없음,,사용가능,
11760,WHITE DEAD NETTLE,화이트데드네틀,,A1002094000000,식품원료,원료이기에 사용기준 없음,,사용가능,
11761,WHITE DEAD NETTLE LEAF EXTRACT,화이트데드네틀잎추출물,,A1002094384500,식품원료,원료이기에 사용기준 없음,,사용가능,
11762,WHITE TOMATO POWDER,화이트토마토분말,,A1054124230001,식품원료,원료이기에 사용기준 없음,,사용가능,
11763,,환원유,,P0201010300000,식품유형,"사용기준 못찾음, 별도 확인 필요",,"기타, 별도 확인 필요",
11764,,환원유분말,,P1204277300001,식품유형,"사용기준 못찾음, 별도 확인 필요",,"기타, 별도 확인 필요",
11765,,환원저지방우유,,P0201020200000,식품유형,"사용기준 못찾음, 별도 확인 필요",,"기타, 별도 확인 필요",
11766,"IRON, REDUCED",환원철,Reduced Iron,B1000315000000,식품첨가물,II. 2. 1)의 규정에 따라 사용하여야 한다.,영양강화제,"기타, 별도 확인 필요",
11767,ACTIVE CARBON,활성탄,,B2000098000000,식품첨가물,"사용기준 찾음, 별도 확인 필요",여과보조제,"기타, 별도 확인 필요",
11768,DRY YEAST(ACTIVE),활성효모,,B2009144000000,식품첨가물,"사용기준 못찾음, 별도 확인 필요",,"기타, 별도 확인 필요",
11769,COLLICHTHYS LUCIDUS,황강달이,,A3000813000000,식품원료,원료이기에 사용기준 없음,,사용가능,
11770,SKULLCAP,황금,,A1002099000000,식품원료,원료이기에 사용기준 없음,,사용가능,
11771,,황금그물버섯,,A1002574B90000,식품원료,원료이기에 사용기준 없음,,사용가능,
11772,,황금농축액,,A1002099000814,식품원료,원료이기에 사용기준 없음,,사용가능,
11773,,황금분말,,A1002099610001,식품원료,원료이기에 사용기준 없음,,사용가능,
11774,,황금뿌리,,A1002099610000,식품원료,원료이기에 사용기준 없음,,사용가능,
11775,,황금뿔나팔버섯,,A1002102B90000,식품원료,원료이기에 사용기준 없음,,사용가능,
11776,SKULLCAP(Scutellaria baicalensis Georgi) EXTRACT,황금추출물,,A1002099004500,식품원료,원료이기에 사용기준 없음,,사용가능,
11777,SKULLCAP(Scutellariae baicalensis Labiatae) EXTRACT POWDER,황금추출물분말,,A1002099004501,식품원료,원료이기에 사용기준 없음,,사용가능,
11778,LARGE LEAVED LIME,황금플라티필로스피나무,,A1005337000000,식품원료,원료이기에 사용기준 없음,,사용가능,
11779,RADIX ASTRAGALI,황기,,A1002103000000,식품원료,원료이기에 사용기준 없음,,사용가능,
11780,,황기농축액,,A1002103000814,식품원료,원료이기에 사용기준 없음,,사용가능,
11781,,황기분말,,A1002103000001,식품원료,원료이기에 사용기준 없음,,사용가능,
11782,ASTRAGALUS MEMBRANACEUS BUNGE/ ROOT,황기뿌리,,A1002103610000,식품원료,원료이기에 사용기준 없음,,사용가능,
11783,ASTRAGALUS MEMBRANACEUS BUNGE ROOT EXTRACT,황기뿌리추출물,,A1054029614500,식품원료,원료이기에 사용기준 없음,,사용가능,
11784,,황기잎추출물,,A1002103384500,식품원료,원료이기에 사용기준 없음,,사용가능,
11785,,황기추출물,,A1002103004500,식품원료,원료이기에 사용기준 없음,,사용가능,
11786,,황기추출물 등 복합물(HT042)(기능성원료인정제2014-40호),,C9000631000000,건강기능식품,"사용기준 못찾음, 별도 확인 필요",,"기타, 별도 확인 필요",
11787,,황기추출분말,,A1002103004501,식품원료,원료이기에 사용기준 없음,,사용가능,
11788,,황기추출액,,A1002103004514,식품원료,원료이기에 사용기준 없음,,사용가능,
11789,YELLOWFIN TUNA,황다랑어,,A3000816000000,식품원료,원료이기에 사용기준 없음,,사용가능,
11790,YELLOWFIN TUNA SKIN,황다랑어껍질,,A3000816030000,식품원료,원료이기에 사용기준 없음,,사용가능,
11791,YELLOWFIN TUNA,황다랑어내장,,A3000816060000,식품원료,원료이기에 사용기준 없음,,사용가능,
11792,YELLOWFIN TUNA CONCENTRATED JUICE,황다랑어농축액,,A3011928000814,식품원료,원료이기에 사용기준 없음,,사용가능,
11793,YELLOWFIN TUNA OIL,황다랑어오일,,A3000816000020,식품원료,원료이기에 사용기준 없음,,사용가능,
11794,YELLOWFIN TUNA EXTRACT,황다랑어추출물,,A3000816004512,식품원료,원료이기에 사용기준 없음,,사용가능,
11795,YELLOW PORGY,황돔,,A3000817000000,식품원료,원료이기에 사용기준 없음,,사용가능,
11796,,황매퉁이,,A3000818000000,식품원료,원료이기에 사용기준 없음,,사용가능,
11797,,황맥아,,A1002885000000,식품원료,원료이기에 사용기준 없음,,사용가능,
11798,SULFURIC ACID,황산,,B1000316000000,식품첨가물,"사용기준 찾음, 별도 확인 필요",제조용제,"기타, 별도 확인 필요",
11799,SODIUM SULFATE,황산나트륨,,B1000317000000,식품첨가물,II. 2. 1)의 규정에 따라 사용하여야 한다.,산도조절제,"기타, 별도 확인 필요",
11800,CUPRIC SULFATE,황산동,,B1000318000000,식품첨가물,"사용기준 찾음, 별도 확인 필요",영양강화제,"기타, 별도 확인 필요",
11801,MAGNESIUM SULFATE,황산마그네슘,,B1000319000000,식품첨가물,II. 2. 1)의 규정에 따라 사용하여야 한다.,응고제,"기타, 별도 확인 필요",
11802,MANGANESE SULFATE,황산망간,,B1000340000000,식품첨가물,II. 2. 1)의 규정에 따라 사용하여야 한다.,영양강화제,"기타, 별도 확인 필요",
11803,ZINC SULFATE,황산아연,,B1000320000000,식품첨가물,"사용기준 찾음, 별도 확인 필요",영양강화제,"기타, 별도 확인 필요",
11804,ALUMINIUM AMMONIUM SULFATE,황산알루미늄암모늄,,B1000321000000,식품첨가물,"사용기준 찾음, 별도 확인 필요",산도조절제,"기타, 별도 확인 필요",
11805,ALUMINIUM POTASSIUM SULFATE,황산알루미늄칼륨,,B1000322000000,식품첨가물,"사용기준 찾음, 별도 확인 필요",산도조절제,"기타, 별도 확인 필요",
11806,AMMONIUM SULFATE,황산암모늄,,B1000323000000,식품첨가물,II. 2. 1)의 규정에 따라 사용하여야 한다.,팽창제,"기타, 별도 확인 필요",
11807,FERROUS SULFATE,황산제일철,IRON (Ⅱ) SULFATE,B1000324000000,식품첨가물,II. 2. 1)의 규정에 따라 사용하여야 한다.,영양강화제,"기타, 별도 확인 필요",
11808,POTASSIUM SULFATE,황산칼륨,,B1000381000000,식품첨가물,II. 2. 1)의 규정에 따라 사용하여야 한다.,산도조절제,"기타, 별도 확인 필요",
11809,CALCIUM SULFATE,황산칼슘,,B1000325000000,식품첨가물,II. 2. 1)의 규정에 따라 사용하여야 한다.,응고제,"기타, 별도 확인 필요",
11810,Chromium sulfate,황산크롬(선천성대사질환자용),,BZ000091000000,식품첨가물,"사용기준 못찾음, 별도 확인 필요",,사용불가,
11811,,황새치,,A3000821000000,식품원료,원료이기에 사용기준 없음,,사용가능,
11812,,황소비단그물버섯,,A1002108B90000,식품원료,원료이기에 사용기준 없음,,사용가능,
11813,,황어,,A3000824000000,식품원료,원료이기에 사용기준 없음,,사용가능,
11814,EMPEROR RED SNAPPER,황적퉁돔,,A3000826000000,식품원료,원료이기에 사용기준 없음,,사용가능,
11815,,황줄돔,,A3000830000000,식품원료,원료이기에 사용기준 없음,,사용가능,
11816,,황칠나무,,A1002111000000,식품원료,원료이기에 사용기준 없음,,"제한적사용가능, 별도 확인 필요",
11817,,황칠나무잎,,A1002111380000,식품원료,원료이기에 사용기준 없음,,"제한적사용가능, 별도 확인 필요",
11818,,황칠나무줄기,,A1002111490000,식품원료,원료이기에 사용기준 없음,,"제한적사용가능, 별도 확인 필요",
11819,,황태포,,A3000316002F50,식품원료,원료이기에 사용기준 없음,,사용가능,
11820,YELLOW PEPPER,황파프리카,,A1002442000000,식품원료,원료이기에 사용기준 없음,,사용가능,
11821,FENNEL,회향,,A1002113000000,식품원료,원료이기에 사용기준 없음,,사용가능,
11822,,회향농축액,,A1002113000814,식품원료,원료이기에 사용기준 없음,,사용가능,
11823,FENNEL POWDER,회향분말,,A1003160000001,식품원료,원료이기에 사용기준 없음,,사용가능,
11824,FENNEL SEED,회향씨앗,,A1003160320000,식품원료,원료이기에 사용기준 없음,,사용가능,
11825,FENNEL SEED POWDER,회향씨앗분말,,A1003160320001,식품원료,원료이기에 사용기준 없음,,사용가능,
11826,FENNEL SEED EXTRACT POWDER,회향씨앗추출분말,,A1003160324501,식품원료,원료이기에 사용기준 없음,,사용가능,
11827,FOENICULUM VULGARE (FENNEL) SEED,회향열매,,A1002113230000,식품원료,원료이기에 사용기준 없음,,사용가능,
11828,FENNEL OIL,회향오일,,A1002113000020,식품원료,원료이기에 사용기준 없음,,사용가능,
11829,,회향잎,,A1002113380000,식품원료,원료이기에 사용기준 없음,,사용가능,
11830,,회향줄기,,A1002113490000,식품원료,원료이기에 사용기준 없음,,사용가능,
11831,FENNEL EXTRACT,회향추출물,,A1002113004500,식품원료,원료이기에 사용기준 없음,,사용가능,
11832,,회화나무,,A1002114000000,식품원료,원료이기에 사용기준 없음,,"제한적사용가능, 별도 확인 필요",
11833,SOPHORA JAPONICA FLOWER EXTRACT,회화나무꽃추출물(외화획득용 등),,AZ000056000000,식품원료,원료이기에 사용기준 없음,,사용불가,
11834,,회화나무열매,,A1002114230000,식품원료,원료이기에 사용기준 없음,,"제한적사용가능, 별도 확인 필요",
11835,SOPHORA JAPONICA FRUITS POWDER,회화나무열매분말,,A1002114230001,식품원료,원료이기에 사용기준 없음,,"제한적사용가능, 별도 확인 필요",
11836,SOPHORAE JAPORNICA LINNE FRUITS EXTRACT,회화나무열매추출물,,A1002114234500,식품원료,원료이기에 사용기준 없음,,"제한적사용가능, 별도 확인 필요",
11837,,회화나무열매추출분말,,A1002114234501,식품원료,원료이기에 사용기준 없음,,"제한적사용가능, 별도 확인 필요",
11838,YEAST,효모,Deactivated Yeast,B2000099000000,식품첨가물,II. 2. 1)의 규정에 따라 사용하여야 한다.,팽창제,"기타, 별도 확인 필요",
11839,SACCHAROMYCES CEREVISIAE FERMENTATE POWDER,효모배양액분말,,A5001544007701,식품원료,원료이기에 사용기준 없음,,사용가능,
11840,,효모베타글루칸(기능성원료 인정 제2013-34호),,C9000460000000,건강기능식품,"사용기준 못찾음, 별도 확인 필요",,"기타, 별도 확인 필요",
11841,YEAST EXTRACT,효모추출물,,B2000100000000,식품첨가물,II. 2. 1)의 규정에 따라 사용하여야 한다.,향미증진제,"기타, 별도 확인 필요",
11842,,효모추출분말,,P1129210304501,식품유형,"사용기준 못찾음, 별도 확인 필요",,사용가능,
11843,ENZYMATICALLY DECOMPOSED LECITHIN,효소분해레시틴,,B2000101000000,식품첨가물,II. 2. 1)의 규정에 따라 사용하여야 한다.,유화제,"기타, 별도 확인 필요",
11844,ENZYMATICALLY DECOMPOSED APPLE EXTRACT,효소분해사과추출물,,B2000164000000,식품첨가물,II. 2. 1)의 규정에 따라 사용하여야 한다.,산화방지제,"기타, 별도 확인 필요",
11845,ENZYMATICALLY MODIFIED RUTIN,효소처리루틴,,B2000156000000,식품첨가물,II. 2. 1)의 규정에 따라 사용하여야 한다.,산화방지제,"기타, 별도 확인 필요",
11846,ENZYMATICALLY MODIFIED STEVIA,효소처리스테비아,,B2000174000000,식품첨가물,"사용기준 찾음, 별도 확인 필요",감미료,"기타, 별도 확인 필요",
11847,ENZYMATICALLY MODIFIED HESPERIDINE,효소처리헤스페리딘,,B2000194000000,식품첨가물,II. 2. 1)의 규정에 따라 사용하여야 한다.,영양강화제,"기타, 별도 확인 필요",
11848,,후박나무,,A1002117010000,식품원료,원료이기에 사용기준 없음,,사용불가,
11849,,후지사과,,A1002748000000,식품원료,원료이기에 사용기준 없음,,사용가능,
11850,BLACK PEPPER,후추,white pepper,A1002118000000,식품원료,원료이기에 사용기준 없음,,사용가능,
11851,PEPPER POWDER,후추가루,,A1002118230001,식품원료,원료이기에 사용기준 없음,,사용가능,
11852,PEPPER GRANULE,후추과립,,A1054101000043,식품원료,원료이기에 사용기준 없음,,사용가능,
11853,,후추농축액,,A1002118000814,식품원료,원료이기에 사용기준 없음,,사용가능,
11854,,후추분태,,A1002118230035,식품원료,원료이기에 사용기준 없음,,사용가능,
11855,BLACK(WHITE) PEPPERCORN,후추열매,"BLACK PEPPERCORN, WHITE PEPPERCORN",A1002118230000,식품원료,원료이기에 사용기준 없음,,사용가능,
11856,BLACK PEPPER OIL,후추오일,,A1002118230020,식품원료,원료이기에 사용기준 없음,,사용가능,
11857,PEPPER EXTRACT,후추추출물,,A1002118004500,식품원료,원료이기에 사용기준 없음,,사용가능,
11858,,후추추출물분말,,A1002118234501,식품원료,원료이기에 사용기준 없음,,사용가능,
11859,,후추플레이크,,A1002118230051,식품원료,원료이기에 사용기준 없음,,사용가능,
11860,훈연가다랑어,훈연가다랑어,,A3000021005100,식품원료,원료이기에 사용기준 없음,,사용가능,
11861,,훈연참다랑어,,A3001025005100,식품원료,원료이기에 사용기준 없음,,사용가능,
11862,SMOKED PAPRIKA POWDER,훈연파프리카분말,,A1002190005101,식품원료,원료이기에 사용기준 없음,,사용가능,
11863,훈제고등어,훈제고등어,,A3000092006700,식품원료,원료이기에 사용기준 없음,,사용가능,
11864,"HOT PEPPER(CAYENNE, CHILI PEPPER, RED PEPPER)",훈제고추,,A1000355006700,식품원료,원료이기에 사용기준 없음,,사용가능,
11865,"SMOKED HOT PEPPER(CAYENNE, CHILI PEPPER, RED PEPPER) POWDER",훈제고추분말,"SMOKED CAYENNE PEPPER POWDER, SMOKED CHILI PEPPER POWDER,SMOKED RED PEPPER POWDER",A1000355006701,식품원료,원료이기에 사용기준 없음,,사용가능,
11866,SMOKED GREEN TEA,훈제녹차,,A1001736006700,식품원료,원료이기에 사용기준 없음,,사용가능,
11867,SMOKED ROUND HERRING,훈제눈퉁멸,,A3000211000067,식품원료,원료이기에 사용기준 없음,,사용가능,
11868,SMOKED MALT,훈제맥아,,A1002268005100,식품원료,원료이기에 사용기준 없음,,사용가능,
11869,SMOKED SALT,훈제소금,,P1204276300000,식품유형,"사용기준 못찾음, 별도 확인 필요",,사용가능,
11870,,훈제연어,,A3000554005100,식품원료,원료이기에 사용기준 없음,,사용가능,
11871,SMOKED HERRING,훈제청어,,A3000708006700,식품원료,원료이기에 사용기준 없음,,사용가능,
11872,SMOKED PAPRIKA,훈제파프리카,,A1054023006700,식품원료,원료이기에 사용기준 없음,,사용가능,
11873,CHIPOTLE PEPPER,훈제할라피뇨,,A1002213006700,식품원료,원료이기에 사용기준 없음,,사용가능,
11874,SMOKED PEPPER,훈제후추,,A1054022006700,식품원료,원료이기에 사용기준 없음,,사용가능,
11875,WHORTLEBERRY COLOR,훠틀베리색소,,B2000616000000,식품첨가물,"사용기준 못찾음, 별도 확인 필요",,"기타, 별도 확인 필요",
11876,Black Carrot Extract,흑당근추출색소,,B2000634000000,식품첨가물,"사용기준 찾음, 별도 확인 필요",착색료,"기타, 별도 확인 필요",
11877,,흑돔가수분해단백질,,A3000837000208,식품원료,원료이기에 사용기준 없음,,사용가능,
11878,,흑마늘,,A1002387000000,식품원료,원료이기에 사용기준 없음,,사용가능,
11879,,흑마늘농축액,,A1002387000814,식품원료,원료이기에 사용기준 없음,,사용가능,
11880,,흑마늘분말,,A1002387000001,식품원료,원료이기에 사용기준 없음,,사용가능,
11881,,흑마늘추출물분말,,A1002387004501,식품원료,원료이기에 사용기준 없음,,사용가능,
11882,,흑마늘추출액,,A1002387004514,식품원료,원료이기에 사용기준 없음,,사용가능,
11883,BLACK RICE,흑미,,A1002167000000,식품원료,원료이기에 사용기준 없음,,사용가능,
11884,BLACK RICE POWDER,흑미가루,,A1002167000001,식품원료,원료이기에 사용기준 없음,,사용가능,
11885,,흑미찹쌀,,A1002250000000,식품원료,원료이기에 사용기준 없음,,사용가능,
11886,,흑미찹쌀가루,,A1002250000001,식품원료,원료이기에 사용기준 없음,,사용가능,
11887,BLACK RICE EXTRACT,흑미추출물,,A1002167004500,식품원료,원료이기에 사용기준 없음,,사용가능,
11888,,흑미플레이크,,A1002167000051,식품원료,원료이기에 사용기준 없음,,사용가능,
11889,,흑밀복,,A3000838000000,식품원료,원료이기에 사용기준 없음,,사용가능,
11890,KAEMPFERIA PARVIFLORA,흑산내 뿌리,,A1054202610000,식품원료,원료이기에 사용기준 없음,,"제한적사용가능, 별도 확인 필요",
11891,KAEMPFERIA PARVIFLORA POWDER,흑산내 뿌리 분말,,A1054202610001,식품원료,원료이기에 사용기준 없음,,"제한적사용가능, 별도 확인 필요",
11892,KAEMPFERIA PARVIFLORA POWDER EXTRACT,흑산내 뿌리 분말 추출물,,A1054202614501,식품원료,원료이기에 사용기준 없음,,"제한적사용가능, 별도 확인 필요",
11893,,흑삼농축액,,A1001583610800,식품원료,원료이기에 사용기준 없음,,사용가능,
11894,,흑설탕,,P1000014000000,식품유형,"사용기준 못찾음, 별도 확인 필요",,"기타, 별도 확인 필요",
11895,,흑설탕시럽,,P1000014000013,식품유형,"사용기준 못찾음, 별도 확인 필요",,"기타, 별도 확인 필요",
11896,,흑염소,,A2000027000000,식품원료,원료이기에 사용기준 없음,,사용가능,
11897,,흑염소추출물,,A2000027074500,식품원료,원료이기에 사용기준 없음,,사용가능,
11898,,흑점줄전갱이,,A3000843000000,식품원료,원료이기에 사용기준 없음,,사용가능,
11899,,흑조기,,A3000844000000,식품원료,원료이기에 사용기준 없음,,사용가능,
11900,,흑종초,,A1002123000000,식품원료,원료이기에 사용기준 없음,,사용불가,
11901,,흑호두나무견과,,A1002125330000,식품원료,원료이기에 사용기준 없음,,사용가능,
11902,,흑호두분말,,A1002125330001,식품원료,원료이기에 사용기준 없음,,사용가능,
11903,,흑홍삼농축액,,A1002422610817,식품원료,원료이기에 사용기준 없음,,사용가능,
11904,,희렴잎,,A1002126380000,식품원료,원료이기에 사용기준 없음,,사용가능,
11905,,흰강낭콩,,A1002132000000,식품원료,원료이기에 사용기준 없음,,사용가능,
11906,WHITE KIDNEY BEAN POWDER,흰강낭콩분말,,A1054072000001,식품원료,원료이기에 사용기준 없음,,사용가능,
11907,,흰강낭콩추출물,,A1002132004500,식품원료,원료이기에 사용기준 없음,,사용가능,
11908,WHITE BEAN PASTE,흰강낭콩페이스트,,A1002132000033,식품원료,원료이기에 사용기준 없음,,사용가능,
11909,WHITE SESAME,흰깨,,A1002217000000,식품원료,원료이기에 사용기준 없음,,사용가능,
11910,,흰꼴뚜기,,A3000848000000,식품원료,원료이기에 사용기준 없음,,사용가능,
11911,WHITE LEG SHRIMP,흰다리새우,,A3000849000000,식품원료,원료이기에 사용기준 없음,,사용가능,
11912,,흰다리새우내장,,A3000849060000,식품원료,원료이기에 사용기준 없음,,사용가능,
11913,,흰땃딸기열매,,A1002137230000,식품원료,원료이기에 사용기준 없음,,사용가능,
11914,Tremella fuciformis Berk,흰목이버섯,,A1002140000000,식품원료,원료이기에 사용기준 없음,,사용가능,
11915,,흰목이버섯추출분말,,A1002140004501,식품원료,원료이기에 사용기준 없음,,사용가능,
11916,WHITE JELLY FUNGI EXTRACT,흰목이버섯추출액,,A1002140004500,식품원료,원료이기에 사용기준 없음,,사용가능,
11917,,흰복숭아나무열매,,A1005389930000,식품원료,원료이기에 사용기준 없음,,사용가능,
11918,WHITE PEACH TREE FRUIT POWDER,흰복숭아나무열매분말,,A1005389930001,식품원료,원료이기에 사용기준 없음,,사용가능,
11919,WHITE PEACH JUICE CONCENTRATE,흰복숭아나무열매주스농축액,,A1005389930825,식품원료,원료이기에 사용기준 없음,,사용가능,
11920,WHITE PEACH JUICE POWDER,흰복숭아나무열매주스분말,,A1005389930069,식품원료,원료이기에 사용기준 없음,,사용가능,
11921,WHITE TRUFFLE,흰서양송로,White Truffles,A1002127000000,식품원료,원료이기에 사용기준 없음,,사용가능,
11922,WHITE TRUFFLE CONCENTRATE POWDER,흰서양송로농축분말,,A1053956B90801,식품원료,원료이기에 사용기준 없음,,사용가능,
11923,WHITE TRUFFLE CONCENTRATE,흰서양송로버섯농축액,,A1054152000814,식품원료,원료이기에 사용기준 없음,,사용가능,
11924,WHITE TRUFFLE OIL,흰서양송로오일,,A1002127000020,식품원료,원료이기에 사용기준 없음,,사용가능,
11925,WHITE TRUFFLE POWDER,흰서양송로자실체분말,,A1002127B90001,식품원료,원료이기에 사용기준 없음,,사용가능,
11926,WHITE TRUFFLE EXTRACT,흰서양송로추출물,,A1053972004500,식품원료,원료이기에 사용기준 없음,,사용가능,
11927,,흰송이,,A1002148B90000,식품원료,원료이기에 사용기준 없음,,사용가능,
11928,,흰전나무내피추출물,,A1003167854500,식품원료,원료이기에 사용기준 없음,,사용가능,
11929,,흰콩,,A1002197000000,식품원료,원료이기에 사용기준 없음,,사용가능,
11930,,흰팥,,A1002451000000,식품원료,원료이기에 사용기준 없음,,사용가능,
11931,HYDROXYBUTYL POLYESTER,히드록시부틸폴리에스테르,,D1000024000000,기구 및 용기포장,"사용기준 못찾음, 별도 확인 필요",,"기타, 별도 확인 필요",
11932,HYDROXYCITRONELLAL,히드록시시트로넬랄,,B1000326000000,식품첨가물,"사용기준 찾음, 별도 확인 필요",향료,"기타, 별도 확인 필요",
11933,HYDROXYCITRONELLAL DIMETHYLACETAL,히드록시시트로넬랄디메틸아세탈,,B1000327000000,식품첨가물,"사용기준 찾음, 별도 확인 필요",향료,"기타, 별도 확인 필요",
11934,HYDROXYBENZOIC ACID POLYESTER,히드록시안식향산폴리에스테르,,D1000046000000,기구 및 용기포장,"사용기준 못찾음, 별도 확인 필요",,사용가능,
11935,HYDROXY PROPYL METHYL CELLULOSE,히드록시프로필메틸셀룰로스,,B1003596000000,식품첨가물,II. 2. 1)의 규정에 따라 사용하여야 한다.,증점제,"기타, 별도 확인 필요",
11936,,히드록시프로필메틸셀룰로오스(기능성원료인정제2014-12호),,C9000476000000,건강기능식품,"사용기준 못찾음, 별도 확인 필요",,"기타, 별도 확인 필요",
11937,HYDROXYPROPYLCELLULOSE,히드록시프로필셀룰로스,,B1003599000000,식품첨가물,II. 2. 1)의 규정에 따라 사용하여야 한다.,증점제,"기타, 별도 확인 필요",
11938,HYDROXYPROPYL DISTARCH PHOSPHATE,히드록시프로필인산이전분,E1442,B1003567000000,식품첨가물,II. 2. 1)의 규정에 따라 사용하여야 한다.,,"기타, 별도 확인 필요",
11939,HYDROXYPROPYL STARCH,히드록시프로필전분,,B1003579000000,식품첨가물,II. 2. 1)의 규정에 따라 사용하여야 한다.,,"기타, 별도 확인 필요",
11940,,히메치,,A3000853000000,식품원료,원료이기에 사용기준 없음,,사용가능,
11941,HIBISCUS,히비스커스,,A1002152000000,식품원료,원료이기에 사용기준 없음,,사용가능,
11942,HIBISCUS(FLOWER),히비스커스꽃,HIBISCUS FLOWER,A1002152140000,식품원료,원료이기에 사용기준 없음,,사용가능,
11943,,히비스커스꽃잎,,A1002152170000,식품원료,원료이기에 사용기준 없음,,사용가능,
11944,HIBISCUS CONCENTRATE,히비스커스농축액,,A1002152000814,식품원료,원료이기에 사용기준 없음,,사용가능,
11945,HIBISCUS POWDER,히비스커스분말,,A1002152000001,식품원료,원료이기에 사용기준 없음,,사용가능,
11946,HIBISCUS JUICE,히비스커스주스,,A1053998000025,식품원료,원료이기에 사용기준 없음,,사용가능,
11947,HIBISCUS EXTRACT,히비스커스추출물,,A1002152004500,식품원료,원료이기에 사용기준 없음,,사용가능,
11948,HIBISCUS EXTRACT POWDER,히비스커스추출물분말,,A1002152174501,식품원료,원료이기에 사용기준 없음,,사용가능,
11949,,히비스커스추출분말,,A1002152004501,식품원료,원료이기에 사용기준 없음,,사용가능,
11950,HIBISCUS FLOWER POWDER,히비커스꽃 분말,,A1002152140001,식품원료,원료이기에 사용기준 없음,,사용가능,
11951,HYSSOP,히솝,,A1002153000000,식품원료,원료이기에 사용기준 없음,,사용가능,
11952,HYSSOP FLOWER,히솝꽃,,A1002153140000,식품원료,원료이기에 사용기준 없음,,사용가능,
11953,HYSSOP LEAF,히솝잎,,A1002153380000,식품원료,원료이기에 사용기준 없음,,사용가능,
11954,HYSSOP LEAF POWDER,히솝잎분말,,A1002153380001,식품원료,원료이기에 사용기준 없음,,사용가능,
11955,HYSSOP LEAF EXTRACT POWDER,히솝잎추출분말,,A1053980384501,식품원료,원료이기에 사용기준 없음,,사용가능,
11956,HYSSOP EXTRACT,히솝추출물,,A1002153004500,식품원료,원료이기에 사용기준 없음,,사용가능,
11957,HYALURONIC ACID,히알루론산,,B2000203000000,식품첨가물,II. 2. 1)의 규정에 따라 사용하여야 한다.,증점제,"기타, 별도 확인 필요",
11958,,히알루론산(기능성원료인정제2017-2호),,C9000952000000,건강기능식품,"사용기준 못찾음, 별도 확인 필요",,"기타, 별도 확인 필요",
11959,SODIUM HYALURONATE,히알루론산나트륨(고시형),,C2002421000000,건강기능식품,"사용기준 못찾음, 별도 확인 필요",,"기타, 별도 확인 필요",
11960,HICKORY BARK,히코리,,A1002644000000,식품원료,원료이기에 사용기준 없음,,사용불가,
11961,,힐사이리사,,A3000854000000,식품원료,원료이기에 사용기준 없음,,사용가능,
11962,,,emulsifier,,복합첨가물,종류확인,,,
11963,,,Margarine,,복합원료,세부성분확인,,,
11964,,,"vegetable oil, vegetable oils, vegetable fat, vegetable fats, vegetable oil and fat, vegetable oils and fats",,복합원료,종류확인,,,
11965,,,acidifier,,복합첨가물,종류확인,,,
11966,,,"Cheese Culture,Cheese Cultures",,복합원료,종류확인,,,
11967,,,"Enzymes, microbial enzyme, Enzyme",,복합첨가물,종류확인,,,
11968,,,"Spice, Spices, Spices & Herbs",,복합원료,종류확인,,,
11969,,,"Natural flavor, Natural flavors, natural flavouring, Natural Flavours, Artificial flavoring",,복합첨가물,종류확인. Vanilla flavor 등,,,
11970,,,"mozzarella cheese, Emmental cheese, Soft cheese, cheese, CHEESE CREAM",,복합원료,세부성분확인,,,
11971,,,Cultured Pasteurized Milk,,복합원료,세부성분확인,,,
11972,,,Vitamin A Palmitate,,복합첨가물,VITAMIN A IN OIL 인지 DRY FORMED VITAMIN A 인지 확인,,,
11973,,,"modified starch,modified potato starch,modified corn starch,modified starches,Modified Food Starch,food starch-modified",,복합첨가물,종류확인. Oxidized Starch(E1404) 등,,,
11974,,,cream,,복합원료,세부성분확인,,,
11975,,,flesh whipped cream,,복합원료,세부성분확인,,,
11976,,,thickener,,복합첨가물,종류확인,,,
11977,,,"breadcrumbs, breadcrumb",,복합원료,세부성분확인,,,
11978,,,binder,,복합원료,세부성분확인,,,
11979,,,batter,,복합원료,세부성분확인,,,
11980,,,sweet whey powder,,복합원료,세부성분확인,,,
11981,,,sodium citrate,,복합첨가물,Monosodium Citrate 과 Trisodium Citrate 중 어느것인지 확인,,,
11982,,,strained yogurt,,복합원료,세부성분확인,,,
11983,,,fresh cream,,복합원료,세부성분확인,,,
11984,,,yogurt culture,,복합원료,세부성분확인,,,
11985,,,sea salt,,복합원료,solar salt 인지 refined salt 인지 확인,,,
11986,,,Cake,,복합원료,세부성분확인,,,
11987,,,"Whipping Cream, cocoa cream",,복합원료,세부성분확인,,,
11988,,,Strawberry Filling,,복합원료,세부성분확인,,,
11989,,,Fruit & Vegetable Juices,,복합원료,세부성분확인,,,
11990,,,Color,,복합첨가물,종류확인,,,
11991,,,Enriched Bleached Flour,,복합원료,"세부성분확인, bleached flour 표백제성분 확인",,,
11992,,,Soy Lecithin,,첨가물,GMO 표시대상성분. 제조사용도증명서 제출시면제,,,레시틴용도 증명서
11993,,,Leavening,,복합첨가물,종류확인,,,
11994,,,"White Chocolate Curls, Dark Chocolate Curls, chocolate chunks",,복합원료,세부성분확인,,,
11995,,,Sugars,,복합원료,세부성분확인,,,
11996,,,glucose solids,,복합원료,dried glucose 인지 확인,,,
11997,,,Bacterial culture,,복합원료,세부성분확인,,,
11998,,,Smoke,,복합첨가물,smoke flavor 인지 확인,,,
11999,,,Salami,,복합원료,세부성분확인,,,
12000,,,Parmesan cheese,,복합원료,세부성분확인,,,
12001,,,cellulose,,복합첨가물,종류확인,,,
12002,,,Gelatin,,복합첨가물,축종확인,,,젤라틴증명서
12003,,,"Organic Steamed Chickpeas, Steamed Chickpeas",,복합원료,세부성분확인,,,
12004,,,"chocolate, dark chocolate, milk chocolate, white chocolate, white confectionery chunks",,복합원료,세부성분확인,,,
12005,,,"colored with beet concentrate, beet concentrate",,복합원료,"beet 학명확인, beet 100% 인지 확인",,,
12006,,,chocolate chip,,복합원료,세부성분확인,,,
12007,,,E500,,복합첨가물,종류확인 Sodium Bicarbonate 등,,,
12008,,,Enriched Wheat Flour,,복합원료,세부성분확인,,,
12009,,,Uncured Ham,,복합원료,세부성분확인,,,
12010,,,Sodium Phosphates,,복합첨가물,종류확인 MonoSodium Phosphate 등,,,
12011,,,Cultured Celery Juice,,복합원료,세부성분확인,,,
12012,,,Swiss Cheese,,복합원료,세부성분확인,,,
12013,,,Bechamel Mustard Sauce,,복합원료,세부성분확인,,,
12014,,,Dijon Mustard,,복합원료,세부성분확인,,,
12015,,,Sweet Cream,,복합원료,세부성분확인,,,
12016,,,Dough Conditioner,,복합원료,세부성분확인,,,
12017,,,GLYCEROL ESTER OF ROSIN,,복합첨가물,INS No.: 445 - Glycerol ester of wood rosin 인지 확인,,,
12018,,,mango filling,,복합원료,세부성분확인,,,
12019,,,acidity regulator,,복합원료,세부성분확인,,,
12020,,,gelling agent,,복합원료,세부성분확인,,,
12021,,,fat blend,,복합원료,세부성분확인,,,
12022,,,colour,,복합원료,세부성분확인,,,
12023,,,flour treatment agents,,복합원료,세부성분확인,,,
12024,,,"alpha-amylases, amylases",,복합첨가물,종류확인. 예)alpha-amylases (bacterial) 등,,,
12025,,,Vegetable Powders,,복합원료,종류확인,,,
12026,,,Seasoning,,복합원료,세부성분확인,,,
12027,,,release oil,,복합원료,세부성분확인,,,
12028,,,white chocolate coating,,복합원료,세부성분확인,,,
12029,,,chocolate flakes,,복합원료,세부성분확인,,,
12030,,,"vanilla flavouring,",,복합첨가물,natural 인지 artificial 인지 확인,,,
12031,,,Chocolate liquid,,복합원료,"cocoa mass인지 확인, 세부성분확인",,,
12032,,,bread improver,,복합원료,세부성분확인,,,
12033,,,bradley malta extract,,복합원료,학명자료확인,,,
12034,,,red bean,,복합원료,학명자료확인,,,
12035,,,browned onion,,복합원료,세부성분확인,,,
12036,,,grilled eggplant,,복합원료,세부성분확인,,,
12037,,,"xeres vinegar, distilled vinegar, cider vinegar, Red Wine Vinegar",,복합원료,세부성분확인,,,
12038,,,"curry,Curry Powder",,복합원료,세부성분확인,,,
12039,,,"peppers, pepper, Red Pepper",,복합원료,학명자료확인,,,
12040,,,cream powder,,복합원료,세부성분확인,,,
12041,,,aromatic extract,,복합원료,세부성분확인,,,
12042,,,Herbes de Provence,,복합원료,세부성분확인,,,
12043,,,"White wine, red wine, wine",,복합원료,세부성분확인,,,
12044,,,"FLAVORS,flavouring,flavourings",,복합첨가물,종류확인. Natural Vanilla flavor 등,,,
12045,,,E339,,복합첨가물,종류확인. mosodium phosphate 등,,,
12046,,,shrimp,,복합원료,학명자료확인,,,
12047,,,"antioxidants, antioxidant",,복합원료,종류확인,,,
12048,,,Rice Syrup,,복합원료,세부성분확인,,,
12049,,,Dark cane sugar,,복합원료,세부성분확인,,,
12050,,,Soy Sauce,,복합원료,세부성분확인,,,
12051,,,Mirin,,복합원료,세부성분확인,,,
12052,,,E141(ii),,복합첨가물,Sodium Copper Chlorophyllin 인지 Potassium Copper Chlorophyllin 인지 확인,,,
12053,,,Roasted Green Chiles,,복합원료,"세부성분확인, 학명자료확인",,,
12054,,,"sourdough, sour dough, dehydrated devitalized WHEAT sourdough, RYE sourdough, Wheat sourdough",,복합원료,세부성분확인,,,
12055,,,Butter Whey,,복합원료,세부성분확인,,,
12056,,,E450,,복합첨가물,종류확인. Sodium Acid Pyrophosphate 등,,,
12057,,,E452,,복합첨가물,종류확인. Sodium tetrapolyphosphate 등,,,
12058,,,E262,,복합첨가물,종류확인. Sodium Acetate 등,,,
12059,,,E451,,복합첨가물,종류확인. Sodium Polyphosphate 등,,,
12060,,,Spice extract,,복합원료,세부성분확인,,,
12061,,,E120,,복합첨가물,Carmine 인지 Cochineal Extract 인지 확인,,,
12062,,,E304,,복합첨가물,L-Ascorbyl Palmitate 인지 확인,,,
12063,,,"Golden flax,  Brown flax",,복합원료,학명자료확인. 제조사 열처리증명서 확인,,,
12064,,,E160a,,복합첨가물,beta-carotene 인지 carotene 인지 확인,,,
12065,,,Natural colour,,복합첨가물,종류확인,,,
12066,,,Stabiliser,,복합첨가물,종류확인,,,
12067,,,Cultures,,복합첨가물,종류확인 ex)Lactococcus lactis subsp. lactis,,,
12068,,,Carbonated Filtered Water,,복합원료,세부성분확인,,,
12069,,,E306,,첨가물,"d-Tocopherol Concentrate, Mixed 인지 확인",,,
12070,,,,,,,,,
12071,,,,,,,,,
12072,,,,,,,,,
12073,,,,,,,,,
12074,,,,,,,,,
12075,,,,,,,,,
12076,,,,,,,,,
12077,,,,,,,,,
12078,,,,,,,,,
12079,,,,,,,,,
12080,,,,,,,,,
12081,,,,,,,,,
12082,,,,,,,,,
12083,,,,,,,,,
12084,,,,,,,,,
12085,,,,,,,,,
12086,,,,,,,,,
12087,,,,,,,,,
12088,,,,,,,,,
12089,,,,,,,,,
12090,,,,,,,,,
12091,,,,,,,,,
12092,,,,,,,,,
12093,,,,,,,,,
12094,,,,,,,,,
12095,,,,,,,,,
12096,,,,,,,,,
12097,,,,,,,,,
12098,,,,,,,,,
12099,,,,,,,,,
12100,,,,,,,,,
12101,,,,,,,,,
12102,,,,,,,,,
12103,,,,,,,,,
12104,,,,,,,,,
12105,,,,,,,,,
12106,,,,,,,,,
12107,,,,,,,,,
12108,,,,,,,,,
12109,,,,,,,,,
12110,,,,,,,,,
12111,,,,,,,,,
12112,,,,,,,,,
12113,,,,,,,,,
12114,,,,,,,,,
12115,,,,,,,,,
12116,,,,,,,,,
12117,,,,,,,,,
12118,,,,,,,,,
12119,,,,,,,,,
12120,,,,,,,,,
12121,,,,,,,,,
12122,,,,,,,,,
12123,,,,,,,,,